mtllib materials.mtl
v -0.0582 -0.056275 0.015998
v -0.060405 -0.0559 0.016
v -0.062142 -0.056385 0.016
v -0.063821 -0.062142 0.015999
v -0.062304 -0.063727 0.015999
v -0.063727 -0.057903 0.015999
v -0.064342 -0.06001 0.015999
v -0.060197 -0.064342 0.015999
v -0.058065 -0.063821 0.015999
v -0.056275 -0.062006 0.015998
v -0.0559 -0.059801 0.016
v -0.056386 -0.058065 0.015999
v 0.060197 0.064342 0.015999
v 0.05964 0.064595 0.0163
v 0.058065 0.063821 0.015999
v 0.057746 0.063986 0.016299
v 0.056275 0.062006 0.015998
v 0.055904 0.061935 0.016299
v 0.0559 0.059801 0.016
v 0.055612 0.05964 0.0163
v 0.056386 0.058065 0.015999
v 0.05622 0.057746 0.016299
v 0.057633 0.056689 0.016
v 0.058271 0.055904 0.016299
v 0.059624 0.055855 0.015998
v 0.060567 0.055612 0.0163
v 0.062142 0.056386 0.015999
v 0.062461 0.05622 0.016299
v 0.063727 0.057903 0.015999
v 0.064303 0.058271 0.016299
v 0.064342 0.06001 0.015999
v 0.064595 0.060567 0.0163
v 0.063821 0.062142 0.015999
v 0.063986 0.062461 0.016299
v 0.062304 0.063727 0.015999
v 0.061935 0.064303 0.016299
v 0.059801 -0.0559 0.016
v 0.05964 -0.055612 0.0163
v 0.058065 -0.056386 0.015999
v 0.057746 -0.05622 0.016299
v 0.056274 -0.0582 0.016
v 0.055904 -0.058271 0.016299
v 0.0559 -0.060405 0.016
v 0.055612 -0.060567 0.0163
v 0.056386 -0.062142 0.015999
v 0.05622 -0.062461 0.016299
v 0.057903 -0.063727 0.015999
v 0.058271 -0.064303 0.016299
v 0.06001 -0.064342 0.015999
v 0.060567 -0.064595 0.0163
v 0.062142 -0.063821 0.015999
v 0.062461 -0.063986 0.016299
v 0.063727 -0.062304 0.015999
v 0.064303 -0.061935 0.016299
v 0.064342 -0.060197 0.015999
v 0.064595 -0.05964 0.0163
v 0.063821 -0.058065 0.015999
v 0.063986 -0.057746 0.016299
v 0.062006 -0.056275 0.015998
v 0.061935 -0.055904 0.016299
v -0.06001 0.064342 0.015999
v -0.060567 0.064595 0.0163
v -0.062142 0.063821 0.015999
v -0.062461 0.063986 0.016299
v -0.063727 0.062304 0.015999
v -0.064303 0.061935 0.016299
v -0.064342 0.060197 0.015999
v -0.064595 0.05964 0.0163
v -0.063821 0.058065 0.015999
v -0.063986 0.057746 0.016299
v -0.062006 0.056275 0.015998
v -0.061935 0.055904 0.016299
v -0.059801 0.0559 0.016
v -0.05964 0.055612 0.0163
v -0.058065 0.056386 0.015999
v -0.057746 0.05622 0.016299
v -0.056275 0.0582 0.015998
v -0.055904 0.058271 0.016299
v -0.0559 0.060405 0.016
v -0.055612 0.060567 0.0163
v -0.056385 0.062142 0.016
v -0.05622 0.062461 0.016299
v -0.057903 0.063727 0.015999
v -0.058271 0.064303 0.016299
v -0.060567 -0.055612 0.0163
v -0.062461 -0.05622 0.016299
v -0.064303 -0.058271 0.016299
v -0.064595 -0.060567 0.0163
v -0.063986 -0.062461 0.016299
v -0.061935 -0.064303 0.016299
v -0.05964 -0.064595 0.0163
v -0.057746 -0.063986 0.016299
v -0.055904 -0.061935 0.016299
v -0.055612 -0.05964 0.0163
v -0.05622 -0.057746 0.016299
v -0.058271 -0.055904 0.016299
v 0.053291 0.058391 0.0163
v 0.054288 0.056164 0.0163
v 0.055986 0.054413 0.0163
v 0.057709 0.053526 0.0163
v 0.059382 0.053116 0.0163
v 0.061815 0.053291 0.0163
v 0.064042 0.054288 0.0163
v 0.065466 0.055604 0.0163
v 0.066422 0.057036 0.0163
v 0.066997 0.058888 0.0163
v 0.067109 0.060607 0.0163
v 0.066514 0.062972 0.0163
v 0.065147 0.064992 0.0163
v 0.063603 0.066165 0.0163
v 0.062026 0.066859 0.0163
v 0.0596 0.067109 0.0163
v 0.057234 0.066515 0.0163
v 0.055604 0.065466 0.0163
v 0.054413 0.064221 0.0163
v 0.053526 0.062497 0.0163
v 0.053116 0.060824 0.0163
v 0.054288 -0.064042 0.0163
v 0.055604 -0.065466 0.0163
v 0.057036 -0.066422 0.0163
v 0.058888 -0.066997 0.0163
v 0.060607 -0.067109 0.0163
v 0.062972 -0.066514 0.0163
v 0.064992 -0.065147 0.0163
v 0.066165 -0.063603 0.0163
v 0.066859 -0.062026 0.0163
v 0.067109 -0.0596 0.0163
v 0.066515 -0.057234 0.0163
v 0.065466 -0.055604 0.0163
v 0.064221 -0.054413 0.0163
v 0.062497 -0.053525 0.0163
v 0.060824 -0.053116 0.0163
v 0.058391 -0.053291 0.0163
v 0.056164 -0.054288 0.0163
v 0.054413 -0.055986 0.0163
v 0.053526 -0.057709 0.0163
v 0.053116 -0.059382 0.0163
v 0.053291 -0.061815 0.0163
v -0.062972 0.066514 0.0163
v -0.064992 0.065147 0.0163
v -0.066165 0.063603 0.0163
v -0.066859 0.062026 0.0163
v -0.067109 0.0596 0.0163
v -0.066515 0.057234 0.0163
v -0.065466 0.055604 0.0163
v -0.064221 0.054413 0.0163
v -0.062497 0.053526 0.0163
v -0.060824 0.053116 0.0163
v -0.058391 0.053291 0.0163
v -0.056164 0.054288 0.0163
v -0.054413 0.055986 0.0163
v -0.053526 0.057709 0.0163
v -0.053116 0.059382 0.0163
v -0.053291 0.061816 0.0163
v -0.054288 0.064042 0.0163
v -0.055604 0.065466 0.0163
v -0.057036 0.066422 0.0163
v -0.058888 0.066997 0.0163
v -0.060607 0.067109 0.0163
v -0.061815 -0.053291 0.0163
v -0.064042 -0.054288 0.0163
v -0.065466 -0.055604 0.0163
v -0.066422 -0.057036 0.0163
v -0.066997 -0.058888 0.0163
v -0.067109 -0.060607 0.0163
v -0.066514 -0.062972 0.0163
v -0.065147 -0.064992 0.0163
v -0.063603 -0.066165 0.0163
v -0.062026 -0.066859 0.0163
v -0.0596 -0.067109 0.0163
v -0.057234 -0.066515 0.0163
v -0.055604 -0.065466 0.0163
v -0.054413 -0.064221 0.0163
v -0.053526 -0.062497 0.0163
v -0.053116 -0.060824 0.0163
v -0.053291 -0.058391 0.0163
v -0.054288 -0.056164 0.0163
v -0.055986 -0.054413 0.0163
v -0.057709 -0.053526 0.0163
v -0.059382 -0.053116 0.0163
v 0.059454 0.067098 0.024997
v 0.057101 0.066455 0.024997
v 0.055604 0.065466 0.025
v 0.054328 0.064103 0.024997
v 0.053526 0.062497 0.025
v 0.053102 0.060679 0.024997
v 0.053327 0.05825 0.024997
v 0.05437 0.056044 0.024997
v 0.056104 0.054328 0.024997
v 0.058321 0.053308 0.024997
v 0.060752 0.053108 0.024997
v 0.062497 0.053526 0.025
v 0.064163 0.05437 0.024997
v 0.065879 0.056104 0.024997
v 0.066898 0.058321 0.024997
v 0.067098 0.060752 0.024997
v 0.066455 0.063106 0.024997
v 0.065466 0.064603 0.025
v 0.064103 0.065879 0.024997
v 0.061886 0.066898 0.024997
v 0.060679 -0.053102 0.024997
v 0.05825 -0.053327 0.024997
v 0.056044 -0.05437 0.024997
v 0.054328 -0.056104 0.024997
v 0.053308 -0.058321 0.024997
v 0.053108 -0.060752 0.024997
v 0.053526 -0.062497 0.025
v 0.05437 -0.064163 0.024997
v 0.056104 -0.065879 0.024997
v 0.058321 -0.066898 0.024997
v 0.060752 -0.067098 0.024997
v 0.063106 -0.066455 0.024997
v 0.064603 -0.065466 0.025
v 0.065879 -0.064103 0.024997
v 0.066898 -0.061886 0.024997
v 0.067098 -0.059454 0.024997
v 0.066455 -0.057101 0.024997
v 0.065466 -0.055604 0.025
v 0.064103 -0.054328 0.024997
v 0.062497 -0.053525 0.025
v -0.060752 0.067098 0.024997
v -0.063106 0.066455 0.024997
v -0.064603 0.065466 0.025
v -0.065879 0.064103 0.024997
v -0.066898 0.061886 0.024997
v -0.067098 0.059454 0.024997
v -0.066455 0.057101 0.024997
v -0.065466 0.055604 0.025
v -0.064103 0.054328 0.024997
v -0.062497 0.053526 0.025
v -0.060679 0.053102 0.024997
v -0.05825 0.053327 0.024997
v -0.056044 0.05437 0.024997
v -0.054328 0.056104 0.024997
v -0.053308 0.058321 0.024997
v -0.053108 0.060752 0.024997
v -0.053526 0.062497 0.025
v -0.05437 0.064163 0.024997
v -0.056104 0.065879 0.024997
v -0.058321 0.066898 0.024997
v -0.060752 -0.053108 0.024997
v -0.062497 -0.053526 0.025
v -0.064163 -0.05437 0.024997
v -0.065879 -0.056104 0.024997
v -0.066898 -0.058321 0.024997
v -0.067098 -0.060752 0.024997
v -0.066455 -0.063106 0.024997
v -0.065466 -0.064603 0.025
v -0.064103 -0.065879 0.024997
v -0.061886 -0.066898 0.024997
v -0.059454 -0.067098 0.024997
v -0.057101 -0.066455 0.024997
v -0.055604 -0.065466 0.025
v -0.054328 -0.064103 0.024997
v -0.053526 -0.062497 0.025
v -0.053102 -0.060679 0.024997
v -0.053327 -0.05825 0.024997
v -0.05437 -0.056044 0.024997
v -0.056104 -0.054328 0.024997
v -0.058321 -0.053308 0.024997
v 0.059352 0.067389 0.025299
v 0.056279 0.066403 0.025299
v 0.054039 0.064211 0.025299
v 0.052819 0.061223 0.025299
v 0.053058 0.058098 0.0253
v 0.054169 0.055809 0.0253
v 0.055996 0.054039 0.0253
v 0.058318 0.053 0.025299
v 0.060718 0.052787 0.025292
v 0.063302 0.053514 0.025299
v 0.065852 0.055492 0.025299
v 0.067207 0.058318 0.025299
v 0.067389 0.060855 0.025299
v 0.066402 0.063928 0.025299
v 0.064211 0.066168 0.025299
v 0.061889 0.067207 0.025299
v 0.052504 0.058874 0.025312
v 0.052481 0.066238 0.025302
v 0.052333 0.063221 0.025402
v 0.05214 0.05987 0.025559
v 0.052144 0.063633 0.025677
v 0.047892 0.079681 0.025337
v 0.047495 0.079854 0.025594
v 0.04872 0.077546 0.025578
v 0.048295 0.079272 0.025302
v 0.050418 0.0743 0.025313
v 0.050165 0.074046 0.025604
v 0.051373 0.070643 0.025378
v 0.051198 0.070514 0.025689
v 0.052059 0.066977 0.025378
v 0.051873 0.066889 0.025677
v 0.059816 0.052141 0.025555
v 0.063202 0.052194 0.025523
v 0.058798 0.052489 0.025316
v 0.077585 0.048694 0.025597
v 0.079807 0.047707 0.025395
v 0.079292 0.048241 0.025309
v 0.079914 0.047439 0.025654
v 0.066862 0.052217 0.025311
v 0.066901 0.051887 0.025596
v 0.072715 0.051125 0.025301
v 0.070569 0.05139 0.025378
v 0.070567 0.051186 0.025686
v 0.074144 0.050328 0.025378
v 0.074164 0.050095 0.025724
v 0.058515 0.052271 0.025678
v 0.057246 0.052645 0.025641
v 0.056045 0.053223 0.025643
v 0.055512 0.053792 0.025369
v 0.054936 0.054002 0.025689
v 0.053986 0.054979 0.025602
v 0.053406 0.056114 0.025378
v 0.053215 0.056048 0.025684
v 0.05264 0.057259 0.025641
v 0.05737 0.052919 0.025312
v 0.052967 0.057252 0.025311
v 0.052268 0.058546 0.025644
v 0.054346 0.055071 0.025306
v 0.058098 -0.053058 0.0253
v 0.055809 -0.054169 0.0253
v 0.054039 -0.055996 0.0253
v 0.052999 -0.058318 0.0253
v 0.052788 -0.060719 0.025291
v 0.053804 -0.063928 0.025299
v 0.055996 -0.066168 0.0253
v 0.058318 -0.067207 0.025299
v 0.060855 -0.067389 0.025299
v 0.063928 -0.066402 0.025299
v 0.066168 -0.064211 0.025299
v 0.067207 -0.061889 0.025299
v 0.067389 -0.059352 0.025299
v 0.066403 -0.056279 0.025299
v 0.064211 -0.054039 0.025299
v 0.061223 -0.052819 0.025299
v 0.058835 -0.052516 0.025308
v 0.066238 -0.052481 0.025302
v 0.063221 -0.052333 0.025402
v 0.059852 -0.052138 0.025561
v 0.06367 -0.052144 0.025672
v 0.077683 -0.04883 0.025396
v 0.079807 -0.047684 0.025416
v 0.077515 -0.048714 0.025661
v 0.079917 -0.047431 0.025661
v 0.079383 -0.048199 0.025301
v 0.0743 -0.050418 0.025313
v 0.07412 -0.050142 0.025598
v 0.070643 -0.051373 0.025378
v 0.070517 -0.051197 0.02569
v 0.066977 -0.052059 0.025378
v 0.06689 -0.051873 0.025677
v 0.052142 -0.059801 0.025554
v 0.052194 -0.063202 0.025523
v 0.052489 -0.058797 0.025316
v 0.048752 -0.077471 0.025594
v 0.047707 -0.079807 0.025395
v 0.048953 -0.077677 0.025337
v 0.048184 -0.079428 0.025295
v 0.047441 -0.079917 0.025639
v 0.05199 -0.069218 0.025301
v 0.052069 -0.066902 0.025378
v 0.051871 -0.066907 0.025677
v 0.05139 -0.070569 0.025378
v 0.051192 -0.070541 0.025688
v 0.050471 -0.074152 0.025313
v 0.050142 -0.074133 0.025593
v 0.052272 -0.058514 0.025678
v 0.052648 -0.057238 0.025642
v 0.054012 -0.054938 0.025612
v 0.055053 -0.054165 0.025378
v 0.054957 -0.053988 0.025682
v 0.056068 -0.053218 0.025602
v 0.052901 -0.057392 0.025318
v 0.05369 -0.055835 0.025315
v 0.053225 -0.056044 0.025641
v 0.057304 -0.052871 0.025359
v 0.05726 -0.052639 0.025643
v 0.058548 -0.052269 0.025641
v 0.056099 -0.053588 0.025306
v -0.060855 0.067389 0.025299
v -0.063928 0.066402 0.025299
v -0.066168 0.064211 0.025299
v -0.067207 0.061889 0.025299
v -0.067389 0.059352 0.025299
v -0.066403 0.056279 0.025299
v -0.064211 0.054039 0.025299
v -0.061223 0.052819 0.025299
v -0.058098 0.053058 0.0253
v -0.055809 0.054169 0.0253
v -0.054039 0.055996 0.0253
v -0.053 0.058318 0.025299
v -0.052787 0.060718 0.025292
v -0.053804 0.063928 0.025299
v -0.055996 0.066168 0.0253
v -0.058318 0.067207 0.025299
v -0.077548 0.04872 0.025577
v -0.07997 0.047401 0.025594
v -0.079834 0.04749 0.025658
v -0.079681 0.047892 0.025337
v -0.079272 0.048295 0.025302
v -0.058874 0.052505 0.025312
v -0.064604 0.052546 0.025303
v -0.063221 0.052333 0.025402
v -0.059862 0.052138 0.025561
v -0.063632 0.052144 0.025677
v -0.072291 0.051253 0.025301
v -0.074215 0.050302 0.025378
v -0.074083 0.050139 0.025683
v -0.070643 0.051373 0.025378
v -0.070535 0.051194 0.025687
v -0.066977 0.052059 0.025378
v -0.066889 0.051873 0.025677
v -0.05214 0.059825 0.025555
v -0.052149 0.063717 0.025659
v -0.052313 0.06322 0.025418
v -0.052488 0.058798 0.025316
v -0.048752 0.077471 0.025594
v -0.047707 0.079807 0.025395
v -0.048242 0.079294 0.025308
v -0.047433 0.079923 0.025651
v -0.05199 0.069218 0.025301
v -0.052069 0.066902 0.025378
v -0.05187 0.066921 0.025675
v -0.05139 0.070569 0.025378
v -0.051192 0.070541 0.025688
v -0.050471 0.074152 0.025313
v -0.050142 0.074133 0.025593
v -0.052271 0.058518 0.025678
v -0.052647 0.057237 0.025644
v -0.053226 0.056042 0.025641
v -0.053792 0.055512 0.025369
v -0.054002 0.054936 0.025689
v -0.054983 0.053982 0.025603
v -0.056114 0.053406 0.025378
v -0.056048 0.053215 0.025682
v -0.057261 0.052638 0.025643
v -0.052919 0.05737 0.025312
v -0.057252 0.052967 0.025311
v -0.058546 0.052269 0.025643
v -0.055071 0.054346 0.025306
v -0.053058 -0.058098 0.0253
v -0.054169 -0.055809 0.0253
v -0.055996 -0.054039 0.0253
v -0.058318 -0.052999 0.0253
v -0.060718 -0.052787 0.025292
v -0.063928 -0.053804 0.025299
v -0.066168 -0.055996 0.0253
v -0.067207 -0.058318 0.025299
v -0.067389 -0.060855 0.025299
v -0.066402 -0.063928 0.025299
v -0.064211 -0.066168 0.025299
v -0.061889 -0.067207 0.025299
v -0.059352 -0.067389 0.025299
v -0.056279 -0.066403 0.025299
v -0.054039 -0.064211 0.025299
v -0.052819 -0.061223 0.025299
v -0.052504 -0.058874 0.025312
v -0.052481 -0.066238 0.025302
v -0.052333 -0.063221 0.025402
v -0.052139 -0.059843 0.025561
v -0.052144 -0.063632 0.025677
v -0.048707 -0.077528 0.025663
v -0.047544 -0.079863 0.025526
v -0.047428 -0.07992 0.025661
v -0.04883 -0.077683 0.025396
v -0.047934 -0.079653 0.025323
v -0.048423 -0.079309 0.025275
v -0.050418 -0.0743 0.025313
v -0.050165 -0.074046 0.025604
v -0.051373 -0.070643 0.025378
v -0.051198 -0.070514 0.025689
v -0.052059 -0.066977 0.025378
v -0.051873 -0.066889 0.025677
v -0.059865 -0.052141 0.025552
v -0.06364 -0.052146 0.025677
v -0.06322 -0.052313 0.025418
v -0.058798 -0.052489 0.025316
v -0.077591 -0.048693 0.025595
v -0.079868 -0.047487 0.025597
v -0.07937 -0.048258 0.025294
v -0.079728 -0.047872 0.025327
v -0.06688 -0.052213 0.025311
v -0.066928 -0.051885 0.025593
v -0.072507 -0.051189 0.025301
v -0.070569 -0.05139 0.025378
v -0.070522 -0.051195 0.025691
v -0.074144 -0.050328 0.025378
v -0.074117 -0.050129 0.025676
v -0.058516 -0.052269 0.025683
v -0.057238 -0.052648 0.025642
v -0.054963 -0.053996 0.025606
v -0.054165 -0.055053 0.025378
v -0.053994 -0.054945 0.025688
v -0.053218 -0.056068 0.025602
v -0.057374 -0.052919 0.025312
v -0.055807 -0.053716 0.02531
v -0.056044 -0.053225 0.025641
v -0.053116 -0.056853 0.025315
v -0.052639 -0.05726 0.025643
v -0.052269 -0.058548 0.025641
v 0.013993 -0.093962 0
v 0.005409 -0.094868 0
v 0 -0 0
v 0.085039 -0.042345 0
v 0.08168 -0.048509 0
v 0.071376 0.062692 -0
v 0.075811 0.05725 -0
v -0.089203 0.032675 -0
v -0.086546 0.039173 -0
v -0.05001 0.08077 -0
v -0.043909 0.084242 -0
v 0.034318 -0.088584 0
v 0.027682 -0.090876 0
v 0.066551 0.067792 -0
v 0.010512 0.094415 -0
v 0.017456 0.093381 -0
v -0.092271 -0.022604 0
v -0.093688 -0.015727 0
v 0.090349 -0.029356 0
v 0.087934 -0.035949 0
v 0.094983 -0.001755 0
v 0.094594 -0.008765 0
v -0.083417 0.045458 -0
v 0.091372 0.025998 -0
v 0.093043 0.019179 -0
v 0.077874 -0.054409 0
v 0.073643 -0.060012 0
v -0.085039 -0.042345 0
v -0.087934 -0.035949 0
v 0.079832 0.051494 -0
v -0.06901 -0.065287 0
v -0.073643 -0.060012 0
v -0.079832 0.051494 -0
v -0.075811 0.05725 -0
v 0.06901 -0.065287 0
v -0.055839 0.076856 -0
v 0.031021 0.089791 -0
v 0.037567 0.087255 -0
v 0.083417 0.045458 -0
v 0.020895 -0.092672 0
v -0.094594 -0.008765 0
v -0.094983 -0.001756 0
v 0.092271 -0.022603 0
v -0.037567 0.087255 -0
v -0.094853 0.005264 -0
v -0.004718 -0.094933 0
v -0.013994 -0.093962 0
v -0.031021 0.089791 -0
v -0.024305 0.091837 -0
v 0.086546 0.039173 -0
v 0.089203 0.032675 -0
v -0.094205 0.012255 -0
v -0.093043 0.019179 -0
v -0.058641 -0.07474 0
v -0.064 -0.070205 0
v -0.090349 -0.029356 0
v -0.052961 -0.078867 0
v 0.093688 -0.015727 0
v 0.05001 0.08077 -0
v 0.055839 0.076856 -0
v 0.058641 -0.07474 0
v 0.052961 -0.078866 0
v 0.061362 0.072522 -0
v 0.046992 -0.082562 0
v 0.00351 0.094934 -0
v -0.091372 0.025998 -0
v -0.034317 -0.088584 0
v -0.040766 -0.085807 0
v -0.071376 0.062692 -0
v 0.043909 0.084242 -0
v -0.046992 -0.082562 0
v -0.027682 -0.090876 0
v -0.00351 0.094934 -0
v -0.061362 0.072522 -0
v 0.040766 -0.085807 0
v -0.077874 -0.054409 0
v -0.08168 -0.048509 0
v -0.020895 -0.092672 0
v 0.094853 0.005264 -0
v -0.066551 0.067792 -0
v 0.094205 0.012255 -0
v 0.024305 0.091837 -0
v -0.017456 0.093381 -0
v -0.010512 0.094415 -0
v 0.064 -0.070205 0
v 0.052107 0.059801 0.062632
v 0.052127 0.062908 0.05621
v 0.051786 0.06726 0.04752
v 0.052049 0.065027 0.051876
v 0.049963 0.074453 0.034352
v 0.050747 0.072061 0.038522
v 0.05137 0.06969 0.042902
v 0.048826 0.077234 0.029779
v 0.065906 0.065476 0.025293
v 0.05558 0.074452 0.025291
v 0.074649 0.055295 0.025292
v 0.075967 0.04939 0.031742
v 0.072421 0.05067 0.037876
v 0.069004 0.051527 0.044099
v 0.074583 0.049942 0.034322
v 0.060002 0.052107 0.062245
v 0.064323 0.052115 0.053208
v 0.059097 0.052158 0.064151
v 0.058039 0.052357 0.06624
v 0.056894 0.052761 0.067803
v 0.055386 0.053623 0.069227
v 0.053946 0.054961 0.069462
v 0.052432 0.057754 0.066678
v 0.053097 0.056234 0.068492
v 0.052171 0.058907 0.06468
v 0.077322 -0.048762 0.029851
v 0.074564 -0.049937 0.034407
v 0.064882 -0.052052 0.052443
v 0.062835 -0.052153 0.056393
v 0.059991 -0.052106 0.062263
v 0.067379 -0.051783 0.047419
v 0.072014 -0.050785 0.038842
v 0.069766 -0.051349 0.042965
v 0.078923 -0.047983 0.026966
v 0.07244 -0.058065 0.025292
v 0.065476 -0.065906 0.025293
v 0.055295 -0.074649 0.025292
v 0.076595 -0.052548 0.025283
v 0.04939 -0.075967 0.031742
v 0.051527 -0.069004 0.044099
v 0.050688 -0.072359 0.037986
v 0.049921 -0.074627 0.03415
v 0.05211 -0.059621 0.063165
v 0.052097 -0.064534 0.052786
v 0.052205 -0.05881 0.064643
v 0.052484 -0.057636 0.066677
v 0.052922 -0.056585 0.068102
v 0.053492 -0.055592 0.069047
v 0.054205 -0.054684 0.069497
v 0.055364 -0.053635 0.069255
v 0.056393 -0.053013 0.068359
v 0.05838 -0.052291 0.065385
v 0.057804 -0.052386 0.066704
v -0.06726 0.051786 0.04752
v -0.065026 0.052049 0.051877
v -0.059702 0.052113 0.062852
v -0.069634 0.051373 0.043209
v -0.077234 0.048826 0.029779
v -0.074562 0.049948 0.034273
v -0.07337 0.050373 0.036207
v -0.065476 0.065906 0.025293
v -0.055295 0.074649 0.025292
v -0.07244 0.058065 0.025292
v -0.076675 0.052444 0.025282
v -0.04939 0.075967 0.031742
v -0.051376 0.069653 0.042981
v -0.050688 0.072359 0.037986
v -0.049921 0.074627 0.03415
v -0.052086 0.064558 0.052674
v -0.051672 0.068186 0.045682
v -0.052113 0.059586 0.063191
v -0.052504 0.057551 0.066956
v -0.052307 0.058289 0.065595
v -0.053083 0.056259 0.068436
v -0.053748 0.05523 0.069299
v -0.054713 0.054177 0.069496
v -0.05598 0.053229 0.068779
v -0.058327 0.052277 0.065793
v -0.057296 0.052612 0.067187
v -0.051786 -0.06726 0.04752
v -0.052053 -0.064994 0.0519
v -0.05211 -0.059963 0.062314
v -0.049963 -0.074453 0.034352
v -0.050747 -0.072061 0.038522
v -0.05137 -0.06969 0.042902
v -0.048826 -0.077234 0.029779
v -0.065906 -0.065476 0.025293
v -0.074649 -0.055295 0.025292
v -0.058065 -0.07244 0.025292
v -0.052444 -0.076675 0.025282
v -0.076976 -0.04894 0.030358
v -0.070087 -0.051301 0.041998
v -0.072582 -0.050648 0.037583
v -0.075254 -0.0497 0.033004
v -0.065311 -0.052039 0.051222
v -0.067844 -0.051729 0.046229
v -0.06031 -0.052118 0.061484
v -0.062978 -0.052156 0.056053
v -0.058405 -0.052278 0.065454
v -0.057362 -0.052586 0.067057
v -0.056584 -0.052922 0.06811
v -0.054686 -0.054204 0.069496
v -0.055592 -0.053492 0.069047
v -0.053643 -0.055351 0.069268
v -0.053013 -0.056393 0.068359
v -0.052291 -0.05838 0.065385
v -0.052386 -0.057804 0.066704
v 0.052991 -0.078779 0.017599
v 0.058622 -0.074679 0.017555
v 0.02423 0.091804 0.017503
v 0.00328 0.094875 0.017681
v -0.003673 0.094877 0.01748
v 0.094783 0.005529 0.017521
v 0.094101 0.012389 0.01781
v -0.013758 -0.093929 0.017681
v -0.006703 -0.094718 0.01743
v 0.092259 -0.022366 0.017681
v 0.093633 -0.015695 0.017555
v -0.020682 -0.092661 0.017518
v 0.051826 0.066438 0.049527
v 0.050914 0.071367 0.040174
v 0.052043 0.062971 0.056572
v 0.047369 0.079971 0.025645
v 0.048667 0.077437 0.02973
v 0.052044 0.059555 0.063706
v 0.049918 0.074622 0.034285
v 0.047971 0.079843 0.025105
v 0.048318 0.079476 0.025223
v 0.076766 0.052713 0.025118
v 0.079603 0.04813 0.025235
v 0.079874 0.047907 0.025114
v 0.052649 0.076812 0.025114
v 0.058147 0.072737 0.025117
v 0.063559 0.068097 0.025088
v 0.068204 0.063405 0.025116
v 0.072708 0.058182 0.025118
v 0.07008 0.0619 0.024089
v 0.059217 0.052053 0.064406
v 0.062885 0.052067 0.056702
v 0.07704 0.048902 0.03027
v 0.07149 0.05088 0.039948
v 0.067328 0.051793 0.047377
v 0.06657 0.051799 0.049302
v 0.059548 -0.052037 0.063738
v 0.079847 -0.047952 0.025115
v 0.079476 -0.048318 0.025223
v 0.048034 -0.079776 0.025148
v 0.052577 -0.076885 0.025095
v 0.07676 -0.052824 0.025032
v 0.072622 -0.058332 0.025091
v 0.068206 -0.063434 0.025094
v 0.063215 -0.068423 0.025082
v 0.058091 -0.072802 0.0251
v 0.052144 -0.062843 0.056393
v 0.052051 -0.058978 0.064923
v 0.048902 -0.07704 0.03027
v 0.050389 -0.073154 0.036979
v 0.051986 -0.064247 0.053994
v 0.051793 -0.067328 0.047377
v 0.051472 -0.068781 0.045006
v -0.059522 0.052038 0.063792
v -0.063168 0.052145 0.055858
v -0.066438 0.051826 0.049527
v -0.077437 0.048667 0.02973
v -0.072988 0.050451 0.037247
v -0.079848 0.047949 0.025117
v -0.079477 0.048316 0.025223
v -0.047907 0.079873 0.025115
v -0.052672 0.076793 0.025119
v -0.048128 0.079603 0.025236
v -0.07682 0.052674 0.025075
v -0.072728 0.058156 0.025119
v -0.074672 0.056283 0.024076
v -0.068248 0.063356 0.025117
v -0.070176 0.061795 0.024084
v -0.063336 0.068273 0.025112
v -0.058642 0.072387 0.025079
v -0.052144 0.062895 0.056327
v -0.052053 0.059217 0.064406
v -0.051982 0.064819 0.052749
v -0.048902 0.07704 0.03027
v -0.05039 0.073151 0.036985
v -0.051452 0.068855 0.044886
v -0.051826 -0.066438 0.049527
v -0.050914 -0.071367 0.040174
v -0.052144 -0.063174 0.055846
v -0.048666 -0.077438 0.02973
v -0.052037 -0.059548 0.063738
v -0.049918 -0.074622 0.034285
v -0.047951 -0.079847 0.025116
v -0.079566 -0.048377 0.025121
v -0.076661 -0.052919 0.025086
v -0.052413 -0.077048 0.025021
v -0.05805 -0.072846 0.025093
v -0.063169 -0.068471 0.025077
v -0.06809 -0.063585 0.025076
v -0.072656 -0.058295 0.025088
v -0.080008 -0.047356 0.025568
v -0.059611 -0.052099 0.063272
v -0.068487 -0.051559 0.045502
v -0.073708 -0.050186 0.036041
v -0.064247 -0.051986 0.053994
v -0.058669 -0.052145 0.065381
v 0.040344 -0.085033 0.022228
v 0.046642 -0.081948 0.021497
v 0.046432 -0.081181 0.024021
v 0.052567 -0.07828 0.021497
v 0.058204 -0.074184 0.021497
v 0.063524 -0.069683 0.021497
v 0.068497 -0.064801 0.021497
v 0.081072 -0.048148 0.021497
v 0.077295 -0.054004 0.021497
v 0.073096 -0.059565 0.021497
v 0.084254 -0.042005 0.022153
v 0.080446 -0.047629 0.024141
v 0.074659 0.056291 0.024089
v 0.079179 0.050938 0.022076
v 0.075247 0.056824 0.021497
v 0.070845 0.062226 0.021497
v 0.066056 0.067288 0.021497
v 0.060431 0.071324 0.02413
v 0.060906 0.071982 0.021497
v 0.055424 0.076284 0.021497
v 0.054954 0.075638 0.024139
v 0.049638 0.080169 0.021497
v 0.043479 0.083506 0.022146
v -0.060906 0.071982 0.021497
v -0.054954 0.075638 0.024139
v -0.055424 0.076284 0.021497
v -0.049416 0.080142 0.022095
v -0.043645 0.083424 0.022129
v -0.065868 0.067174 0.022343
v -0.070845 0.062226 0.021497
v -0.075247 0.056824 0.021497
v -0.082655 0.045123 0.022039
v -0.079076 0.051089 0.022101
v -0.090604 0.025604 0.022127
v -0.087832 0.031683 0.024512
v -0.088539 0.032432 0.021497
v -0.085621 0.039034 0.022315
v -0.077295 -0.054004 0.021497
v -0.080437 -0.047673 0.024093
v -0.081072 -0.048149 0.021497
v -0.084327 -0.041856 0.022157
v -0.073096 -0.059565 0.021497
v -0.068497 -0.064801 0.021497
v -0.063524 -0.069683 0.021497
v -0.058204 -0.074184 0.021497
v -0.052567 -0.07828 0.021497
v -0.046278 -0.081904 0.022405
v -0.001945 -0.094987 0.015635
v 0 -0.094846 0.018351
v 0.014148 -0.093888 0.01748
v 0.007005 -0.094587 0.018351
v 0.005859 -0.094841 0.015632
v -0.058444 -0.074821 0.017518
v -0.052734 -0.078937 0.017681
v 0.000102 -0.094149 0.02214
v 0.007063 -0.093828 0.022338
v 0.014017 -0.093102 0.022131
v 0.020596 -0.091829 0.022259
v 0.021044 -0.092587 0.01748
v 0.027274 -0.090068 0.022281
v 0.027861 -0.090762 0.017518
v 0.033943 -0.087813 0.022153
v 0.034506 -0.088438 0.017681
v 0.040893 -0.085691 0.01748
v 0.047096 -0.082431 0.017567
v 0.064056 -0.070092 0.01744
v 0.069118 -0.065074 0.017681
v 0.073708 -0.059852 0.01748
v 0.077927 -0.054245 0.01748
v 0.081735 -0.048304 0.017518
v 0.084995 -0.042251 0.017801
v 0.08697 -0.035878 0.022381
v 0.087936 -0.035823 0.01744
v 0.089555 -0.028991 0.02222
v 0.090355 -0.029118 0.017681
v 0.09139 -0.022404 0.022324
v 0.092867 -0.015483 0.022139
v 0.093694 -0.008826 0.022266
v 0.094538 -0.008778 0.017507
v 0.094083 -0.001956 0.022295
v 0.094935 -0.001701 0.01746
v 0.094007 0.005067 0.022157
v 0.093349 0.012033 0.022213
v 0.092189 0.018831 0.02234
v 0.092984 0.019221 0.01746
v 0.090557 0.025744 0.022153
v 0.091245 0.026198 0.017681
v 0.088429 0.032108 0.022388
v 0.089099 0.032811 0.01748
v 0.085695 0.038888 0.02229
v 0.086432 0.039302 0.01748
v 0.082641 0.045147 0.021972
v 0.083287 0.045564 0.017567
v 0.079745 0.051526 0.017599
v 0.075671 0.05735 0.01748
v 0.071197 0.062808 0.017518
v 0.066341 0.067903 0.017681
v 0.061204 0.072589 0.017481
v 0.055615 0.076935 0.017681
v 0.049806 0.080828 0.017518
v 0.043675 0.084288 0.017681
v 0.037253 0.086404 0.022336
v 0.037397 0.087273 0.01748
v 0.030679 0.088954 0.022328
v 0.030853 0.089783 0.017567
v 0.023959 0.091051 0.022133
v 0.017404 0.092491 0.022244
v 0.01743 0.093313 0.017699
v 0.010636 0.093492 0.022331
v 0.010453 0.094373 0.01746
v 0.003644 0.094034 0.022289
v -0.003417 0.094083 0.022153
v -0.010452 0.093519 0.022305
v -0.01067 0.094347 0.01748
v -0.017214 0.092511 0.022313
v -0.017646 0.093287 0.017518
v -0.024147 0.090998 0.022144
v -0.024346 0.091741 0.017801
v -0.030552 0.089009 0.022274
v -0.030986 0.089746 0.017507
v -0.03716 0.086428 0.0224
v -0.037546 0.087206 0.017504
v -0.043948 0.084159 0.017599
v -0.050123 0.08064 0.01748
v -0.055983 0.076667 0.017681
v -0.06144 0.072374 0.017567
v -0.066564 0.0677 0.017599
v -0.071446 0.062535 0.01748
v -0.075888 0.057052 0.017518
v -0.079898 0.051266 0.017681
v -0.083451 0.045289 0.01748
v -0.086578 0.038963 0.017518
v -0.089243 0.032403 0.017521
v -0.09139 0.025674 0.01769
v -0.092155 0.019059 0.022281
v -0.093026 0.019007 0.01748
v -0.093304 0.012265 0.022282
v -0.094174 0.012045 0.017518
v -0.094 0.005231 0.02215
v -0.094798 0.005033 0.017681
v -0.094094 -0.001778 0.022267
v -0.094929 -0.001919 0.01748
v -0.093696 -0.008658 0.02233
v -0.094517 -0.008964 0.017518
v -0.092833 -0.015684 0.022139
v -0.093583 -0.015941 0.017681
v -0.091384 -0.022432 0.022323
v -0.092182 -0.022751 0.01748
v -0.089596 -0.0289 0.022163
v -0.090214 -0.029552 0.017681
v -0.087047 -0.035704 0.022374
v -0.087804 -0.036116 0.017518
v -0.084877 -0.042519 0.017681
v -0.081552 -0.048625 0.01748
v -0.077734 -0.054501 0.017567
v -0.073533 -0.060073 0.017463
v -0.068741 -0.065467 0.01769
v -0.06381 -0.0703 0.017518
v -0.046824 -0.0826 0.01748
v -0.040497 -0.084958 0.022241
v -0.040531 -0.085844 0.017681
v -0.034097 -0.087752 0.022154
v -0.034275 -0.088536 0.017555
v -0.02745 -0.090018 0.022262
v -0.027556 -0.090866 0.01744
v -0.020804 -0.091767 0.022327
v -0.013835 -0.093124 0.022148
v -0.007047 -0.093823 0.022358
v 0.064299 0.042008 0.070032
v 0.060964 0.047122 0.06917
v 0.067472 0.036827 0.069801
v 0.042008 0.064299 0.070032
v 0.037148 0.067271 0.069857
v 0.047309 0.060864 0.069087
v 0.052102 0.05645 0.069975
v 0.056466 0.052086 0.069979
v 0.042008 -0.064299 0.070032
v 0.047122 -0.060964 0.06917
v 0.036671 -0.067504 0.069967
v 0.064299 -0.042008 0.070032
v 0.067387 -0.036883 0.069956
v 0.060864 -0.047309 0.069087
v 0.05645 -0.052102 0.069975
v 0.052085 -0.056466 0.069979
v -0.042008 0.064299 0.070032
v -0.047122 0.060964 0.06917
v -0.036805 0.067514 0.069715
v -0.067346 0.036975 0.069923
v -0.064299 0.042008 0.070032
v -0.060864 0.047309 0.069087
v -0.05645 0.052102 0.069975
v -0.052085 0.056466 0.069979
v -0.064299 -0.042008 0.070032
v -0.060964 -0.047122 0.06917
v -0.067539 -0.036699 0.06982
v -0.036744 -0.067448 0.070008
v -0.042008 -0.064299 0.070032
v -0.047309 -0.060864 0.069087
v -0.052102 -0.05645 0.069975
v -0.056466 -0.052085 0.069979
v 0.030886 -0.070335 0.069987
v 0.024901 -0.0727 0.069894
v 0.018696 -0.074453 0.070159
v 0.070343 -0.030861 0.07
v 0.072644 -0.024939 0.070032
v 0.076031 -0.000028 0.07237
v 0.076536 -0.006355 0.070051
v 0.074451 -0.018832 0.070061
v 0.075019 -0.012248 0.072466
v 0.074945 0.012849 0.072355
v 0.076543 0.006343 0.070032
v 0.070324 0.030916 0.069979
v 0.072668 0.024941 0.069952
v 0.074545 0.018794 0.069785
v 0.030852 0.07034 0.07002
v 0.024953 0.072646 0.070009
v 0.018912 0.074481 0.069904
v 0.012283 0.07504 0.072351
v 0.006453 0.076595 0.069821
v -0.000116 0.076035 0.072357
v -0.030852 0.070336 0.070032
v -0.024948 0.072646 0.070015
v -0.006486 0.076583 0.069846
v -0.012692 0.074947 0.072456
v -0.018878 0.074484 0.069918
v -0.070333 0.030905 0.069967
v -0.072644 0.024939 0.070032
v -0.073776 0.01829 0.072483
v -0.075516 0.013198 0.070471
v -0.076581 0.006372 0.069895
v -0.076036 -0.000251 0.072358
v -0.076533 -0.006361 0.070058
v -0.074933 -0.012767 0.072464
v -0.074451 -0.018839 0.070056
v -0.072642 -0.024906 0.07007
v -0.070342 -0.030862 0.070001
v -0.03088 -0.07034 0.069982
v -0.024882 -0.072701 0.069906
v -0.018653 -0.074448 0.070205
v -0.012326 -0.075007 0.072459
v -0.006336 -0.07656 0.069976
v 0.000263 -0.076012 0.072464
v 0.006318 -0.076565 0.069968
v 0.012841 -0.074919 0.072475
v -0.062956 0.041131 0.076804
v -0.063463 0.041462 0.073372
v -0.06667 0.03608 0.073372
v -0.075202 -0 0.076804
v -0.075547 -0.00626 0.073372
v -0.071127 -0.024418 0.076804
v -0.071699 -0.024614 0.073372
v -0.069421 -0.030451 0.073372
v -0.04633 -0.059089 0.077722
v -0.046561 -0.059822 0.073372
v -0.041462 -0.063463 0.073372
v 0.062956 -0.041131 0.076804
v 0.063463 -0.041462 0.073372
v 0.06667 -0.03608 0.073372
v 0.075086 -0.000267 0.077722
v 0.075547 0.00626 0.073372
v 0.071127 0.024418 0.076804
v 0.071699 0.024614 0.073372
v 0.069421 0.030451 0.073372
v 0.04619 0.059345 0.076804
v 0.046561 0.059822 0.073372
v 0.041462 0.063463 0.073372
v -0.059822 0.046561 0.073372
v -0.069421 0.030451 0.073372
v -0.071699 0.024614 0.073372
v -0.06667 -0.03608 0.073372
v -0.018609 -0.073487 0.073372
v 0.059822 -0.046561 0.073372
v 0.069421 -0.030451 0.073372
v 0.071699 -0.024614 0.073372
v 0.06667 0.03608 0.073372
v 0.00626 0.075547 0.073372
v 0.018609 0.073487 0.073372
v 0.024614 0.071699 0.073372
v 0.03608 0.06667 0.073372
v 0.051342 0.055773 0.073372
v 0.059822 0.046561 0.073372
v 0.073487 0.018609 0.073372
v 0.073487 -0.018609 0.073372
v 0.055773 -0.051342 0.073372
v 0.051342 -0.055772 0.073372
v 0.046561 -0.059822 0.073372
v 0.03608 -0.06667 0.073372
v 0.041462 -0.063462 0.073372
v 0.030451 -0.069421 0.073372
v 0.018609 -0.073487 0.073372
v 0.00626 -0.075547 0.073372
v -0.024614 -0.071699 0.073372
v -0.03608 -0.06667 0.073372
v -0.051342 -0.055773 0.073372
v -0.059822 -0.046561 0.073372
v -0.073487 -0.018609 0.073372
v -0.074772 0.012477 0.073372
v -0.055773 0.051342 0.073372
v -0.051342 0.055772 0.073372
v -0.046561 0.059822 0.073372
v -0.03608 0.06667 0.073372
v -0.041462 0.063462 0.073372
v -0.030451 0.069421 0.073372
v -0.018609 0.073487 0.073372
v -0.00626 0.075547 0.073372
v 0.000267 0.075086 0.077722
v 0.00621 0.074945 0.076804
v 0.012622 0.074018 0.077722
v 0.018461 0.0729 0.076804
v 0.024418 0.071127 0.076804
v 0.035792 0.066138 0.076804
v 0.041131 0.062956 0.076804
v 0.055772 0.051342 0.073372
v 0.055328 0.050933 0.076804
v 0.051051 0.055061 0.077722
v 0.059417 0.045908 0.077722
v 0.066115 0.035604 0.0777
v 0.068868 0.030208 0.076804
v 0.072854 0.018173 0.077722
v 0.074176 0.012378 0.076804
v 0.074945 0.00621 0.076804
v 0.065909 -0.035972 0.077722
v 0.068868 -0.030208 0.076804
v 0.071127 -0.024418 0.076804
v 0.072723 -0.018691 0.077722
v 0.074176 -0.012378 0.076804
v 0.055328 -0.050933 0.076804
v 0.050933 -0.055328 0.076804
v 0.046 -0.059353 0.0777
v 0.041131 -0.062956 0.076804
v 0.035792 -0.066138 0.076804
v 0.024614 -0.071699 0.073372
v 0.024418 -0.071127 0.076804
v 0.029917 -0.068869 0.077722
v 0.018461 -0.0729 0.076804
v -0.000267 -0.075086 0.077722
v 0.006047 -0.074848 0.0777
v -0.00626 -0.075547 0.073372
v -0.00621 -0.074945 0.076804
v -0.018461 -0.0729 0.076804
v -0.012622 -0.074018 0.077722
v -0.024418 -0.071127 0.076804
v -0.035792 -0.066138 0.076804
v -0.041131 -0.062956 0.076804
v -0.055772 -0.051342 0.073372
v -0.055328 -0.050933 0.076804
v -0.050933 -0.055328 0.076804
v -0.059417 -0.045908 0.077722
v -0.066115 -0.035604 0.0777
v -0.068868 -0.030208 0.076804
v -0.072854 -0.018173 0.077722
v -0.074176 -0.012378 0.076804
v -0.074945 -0.00621 0.076804
v -0.065909 0.035972 0.077722
v -0.068868 0.030208 0.076804
v -0.071127 0.024418 0.076804
v -0.072723 0.018691 0.077722
v -0.074176 0.012378 0.076804
v -0.055328 0.050933 0.076804
v -0.050933 0.055328 0.076804
v -0.046 0.059353 0.0777
v -0.041131 0.062956 0.076804
v -0.035792 0.066138 0.076804
v -0.024614 0.071699 0.073372
v -0.024418 0.071127 0.076804
v -0.029917 0.068869 0.077722
v -0.018461 0.0729 0.076804
v -0.006047 0.074848 0.0777
v 0.006193 0.074743 0.080284
v 0.024352 0.070935 0.080284
v 0.018411 0.072704 0.080284
v 0.030406 0.068654 0.077722
v 0.030451 0.069421 0.073372
v 0.035696 0.06596 0.080284
v 0.041021 0.062787 0.080284
v 0.046065 0.059185 0.080284
v 0.055179 0.050795 0.080284
v 0.062787 0.041021 0.080284
v 0.062956 0.041131 0.076804
v 0.063462 0.041462 0.073372
v 0.068682 0.030127 0.080284
v 0.070935 0.024352 0.080284
v 0.073976 0.012344 0.080284
v 0.074743 0.006193 0.080284
v 0.074743 -0.006193 0.080284
v 0.074945 -0.00621 0.076804
v 0.075547 -0.00626 0.073372
v 0.073976 -0.012344 0.080284
v 0.070935 -0.024352 0.080284
v 0.068682 -0.030127 0.080284
v 0.062787 -0.041021 0.080284
v 0.059089 -0.04633 0.077722
v 0.055179 -0.050795 0.080284
v 0.050795 -0.055179 0.080284
v 0.035696 -0.06596 0.080284
v 0.041021 -0.062787 0.080284
v 0.018411 -0.072704 0.080284
v 0.024352 -0.070935 0.080284
v 0.012378 -0.074176 0.076804
v 0.012344 -0.073976 0.080284
v -0.006193 -0.074743 0.080284
v -0.024352 -0.070935 0.080284
v -0.018411 -0.072704 0.080284
v -0.030406 -0.068654 0.077722
v -0.030451 -0.069421 0.073372
v -0.035696 -0.06596 0.080284
v -0.041021 -0.062787 0.080284
v -0.050795 -0.055179 0.080284
v -0.055179 -0.050795 0.080284
v -0.062787 -0.041021 0.080284
v -0.062956 -0.041131 0.076804
v -0.063462 -0.041462 0.073372
v -0.068682 -0.030127 0.080284
v -0.070935 -0.024352 0.080284
v -0.073976 -0.012344 0.080284
v -0.074743 -0.006193 0.080284
v -0.074999 -0 0.080284
v -0.074807 0.006467 0.077722
v -0.075547 0.00626 0.073372
v -0.073976 0.012344 0.080284
v -0.070935 0.024352 0.080284
v -0.068682 0.030127 0.080284
v -0.062787 0.041021 0.080284
v -0.059089 0.04633 0.077722
v -0.055179 0.050795 0.080284
v -0.050795 0.055179 0.080284
v -0.035696 0.06596 0.080284
v -0.041021 0.062787 0.080284
v -0.018411 0.072704 0.080284
v -0.024352 0.070935 0.080284
v -0.012378 0.074176 0.076804
v -0.012344 0.073976 0.080284
v -0.006212 0.074695 0.084853
v -0.000023 0.074952 0.084853
v 0.006217 0.074703 0.084839
v 0.012272 0.073948 0.084848
v 0.018396 0.072702 0.084763
v 0.024381 0.070882 0.084842
v 0.03007 0.068665 0.084847
v 0.035637 0.065947 0.084847
v 0.041162 0.062646 0.084848
v 0.046195 0.059033 0.084849
v 0.050912 0.055016 0.084849
v 0.055202 0.0507 0.084853
v 0.0592 0.045969 0.084853
v 0.062782 0.04102 0.084761
v 0.065901 0.035704 0.084854
v 0.068697 0.030014 0.084834
v 0.070961 0.024152 0.084849
v 0.072678 0.018316 0.084854
v 0.073959 0.012373 0.084792
v 0.074719 0.006084 0.084835
v 0.074994 -0.000012 0.084763
v 0.074736 -0.006193 0.084766
v 0.073959 -0.012375 0.084792
v 0.072689 -0.018411 0.084796
v 0.070935 -0.024337 0.084763
v 0.068682 -0.030118 0.084748
v 0.065953 -0.035693 0.084766
v 0.06279 -0.041005 0.084763
v 0.05919 -0.04605 0.084763
v 0.055166 -0.050801 0.084763
v 0.050783 -0.055183 0.084763
v 0.046061 -0.05918 0.084766
v 0.04103 -0.062774 0.084763
v 0.035682 -0.065961 0.084763
v 0.030124 -0.068676 0.084766
v 0.024364 -0.070926 0.084763
v 0.018398 -0.072702 0.084763
v 0.01231 -0.07397 0.084792
v 0.006192 -0.074736 0.084766
v -0 -0.074992 0.084766
v -0.006225 -0.074728 0.084792
v -0.012346 -0.073961 0.084796
v -0.018378 -0.0727 0.084792
v -0.02435 -0.070929 0.084766
v -0.030118 -0.068682 0.084748
v -0.03568 -0.065962 0.084763
v -0.041028 -0.062775 0.084763
v -0.046072 -0.059173 0.084763
v -0.050801 -0.055166 0.084763
v -0.055174 -0.050791 0.084766
v -0.05918 -0.046061 0.084766
v -0.062782 -0.04102 0.084761
v -0.065956 -0.035694 0.084751
v -0.068682 -0.030113 0.084763
v -0.070934 -0.024339 0.084763
v -0.072697 -0.018409 0.084766
v -0.073959 -0.012373 0.084792
v -0.074738 -0.006181 0.084763
v -0.074992 0 0.084766
v -0.074739 0.006178 0.084763
v -0.073959 0.012375 0.084792
v -0.072689 0.018411 0.084796
v -0.070945 0.0242 0.084848
v -0.068704 0.029976 0.084848
v -0.065927 0.035656 0.084853
v -0.062833 0.040877 0.084848
v -0.059243 0.045926 0.084848
v -0.055084 0.050839 0.084848
v -0.050687 0.055236 0.084834
v -0.046001 0.059167 0.084861
v -0.041121 0.062674 0.084848
v -0.035594 0.06597 0.084848
v -0.030127 0.068631 0.084853
v -0.024411 0.070883 0.084833
v -0.01824 0.0727 0.084857
v -0.01231 0.07397 0.084792
v -0.066255 -0.034841 0.08492
v -0.068959 -0.029109 0.084915
v -0.071154 -0.023236 0.084915
v -0.072849 -0.017201 0.084914
v 0.006267 -0.074595 0.084937
v 0.000032 -0.074855 0.084936
v 0.018438 -0.072548 0.084932
v 0.012313 -0.073848 0.084933
v 0.024396 -0.070766 0.084931
v 0.035824 -0.065722 0.084927
v 0.030203 -0.068488 0.084929
v 0.041206 -0.062487 0.084926
v 0.051073 -0.054718 0.084923
v 0.046303 -0.058809 0.084924
v 0.063094 -0.040273 0.084919
v 0.059498 -0.045417 0.08492
v 0.071133 -0.023307 0.084917
v 0.068908 -0.029252 0.08492
v 0.074035 -0.011012 0.084912
v 0.072853 -0.017168 0.084912
v 0.074697 -0.004883 0.084916
v 0.074845 0.001384 0.084916
v 0.073552 0.013904 0.084911
v 0.062699 0.04093 0.084889
v 0.021653 0.071664 0.084916
v 0.018499 0.072558 0.084888
v -0.009428 0.074261 0.084908
v -0.073532 0.014011 0.084912
v -0.072113 0.020064 0.084908
v -0.074458 0.00771 0.084913
v -0.074702 -0.004837 0.084916
v -0.074843 0.001418 0.084913
v -0.074047 -0.010947 0.084913
v -0.059546 -0.04535 0.084918
v -0.063135 -0.040205 0.084917
v -0.055538 -0.050178 0.08492
v -0.046376 -0.05875 0.084923
v -0.051138 -0.054655 0.084921
v -0.030235 -0.068479 0.084928
v -0.035913 -0.065672 0.084927
v -0.012352 -0.073836 0.084932
v -0.01845 -0.07255 0.084931
v 0.055482 -0.050243 0.084921
v 0.066246 -0.034848 0.084918
v -0.041234 -0.062469 0.084924
v -0.024453 -0.070745 0.08493
v -0.006174 -0.07461 0.084933
v 0.009412 0.074284 0.084933
v 0.01559 0.073212 0.084948
v 0.003163 0.074812 0.084933
v -0.003108 0.074814 0.084933
v -0.015541 0.073248 0.084933
v -0.021616 0.07169 0.084933
v -0.027539 0.06963 0.084933
v -0.033269 0.067082 0.084933
v -0.038766 0.064063 0.084933
v -0.04399 0.060594 0.084933
v -0.048906 0.056701 0.084933
v -0.053479 0.052409 0.084933
v -0.057677 0.04775 0.084933
v -0.061471 0.042757 0.084933
v -0.064833 0.037463 0.084933
v -0.06774 0.031907 0.084933
v -0.070173 0.026126 0.084933
v 0.074471 0.0078 0.084933
v 0.072127 0.02011 0.084933
v 0.070192 0.026075 0.084933
v 0.067764 0.031857 0.084933
v 0.06486 0.037415 0.084933
v 0.061502 0.042712 0.084933
v 0.057712 0.047708 0.084933
v 0.053518 0.05237 0.084933
v 0.048948 0.056665 0.084933
v 0.044035 0.060562 0.084933
v 0.038813 0.064034 0.084933
v 0.033318 0.067057 0.084933
v 0.02759 0.06961 0.084933
vn 0 -0.000001 0.001
vn -0 -0 0.001
vn -0 0 0.001
vn -0 -0 0.001
vn 0 0 0.001
vn -0 -0.000001 0.001
vn -0 -0 0.001
vn 0 0 0.001
vn 0 -0 0.001
vn 0 0.000001 0.001
vn 0.000148 -0.000605 0.000783
vn 0.000233 -0.000725 0.000648
vn 0.000468 -0.000462 0.000753
vn 0.000592 -0.000532 0.000605
vn 0.000638 -0.000108 0.000762
vn 0.000743 -0.000094 0.000663
vn 0.000658 0.000184 0.00073
vn 0.000725 0.000233 0.000648
vn 0.000493 0.000447 0.000747
vn 0.000591 0.000658 0.000466
vn 0.000206 0.00049 0.000847
vn 0.000117 0.000919 0.000375
vn -0.000118 0.000559 0.00082
vn -0.000233 0.000725 0.000648
vn -0.000457 0.000478 0.00075
vn -0.000636 0.000571 0.000519
vn -0.000533 0.000155 0.000832
vn -0.00085 0.000108 0.000515
vn -0.000605 -0.000148 0.000783
vn -0.000725 -0.000233 0.000648
vn -0.000478 -0.000457 0.00075
vn -0.000571 -0.000636 0.000519
vn -0.000155 -0.000533 0.000832
vn -0.000108 -0.00085 0.000515
vn 0.000184 -0.000658 0.00073
vn 0.000233 -0.000725 0.000648
vn 0.000468 -0.000462 0.000753
vn 0.000593 -0.000532 0.000604
vn 0.000638 -0.000108 0.000762
vn 0.000743 -0.000094 0.000663
vn 0.000658 0.000184 0.00073
vn 0.000725 0.000233 0.000648
vn 0.000478 0.000457 0.00075
vn 0.000571 0.000636 0.000519
vn 0.000155 0.000533 0.000832
vn 0.000108 0.00085 0.000515
vn -0.000148 0.000605 0.000783
vn -0.000233 0.000725 0.000648
vn -0.000457 0.000478 0.00075
vn -0.000636 0.000571 0.000519
vn -0.000533 0.000155 0.000832
vn -0.00085 0.000108 0.000515
vn -0.000605 -0.000148 0.000783
vn -0.000725 -0.000233 0.000648
vn -0.000462 -0.000468 0.000753
vn -0.000532 -0.000592 0.000605
vn -0.000108 -0.000638 0.000762
vn -0.000094 -0.000743 0.000663
vn 0.000148 -0.000605 0.000783
vn 0.000233 -0.000725 0.000648
vn 0.000457 -0.000478 0.00075
vn 0.000636 -0.000571 0.000519
vn 0.000533 -0.000155 0.000832
vn 0.00085 -0.000108 0.000515
vn 0.000605 0.000148 0.000783
vn 0.000725 0.000233 0.000648
vn 0.000462 0.000468 0.000753
vn 0.000532 0.000592 0.000605
vn 0.000108 0.000638 0.000762
vn 0.000094 0.000743 0.000663
vn -0.000184 0.000658 0.00073
vn -0.000233 0.000725 0.000648
vn -0.000468 0.000462 0.000753
vn -0.000592 0.000532 0.000605
vn -0.000638 0.000108 0.000762
vn -0.000743 0.000094 0.000663
vn -0.000658 -0.000184 0.00073
vn -0.000726 -0.000233 0.000648
vn -0.000478 -0.000457 0.00075
vn -0.000571 -0.000636 0.000519
vn -0.000155 -0.000533 0.000832
vn -0.000108 -0.00085 0.000515
vn 0.000184 -0.000658 0.00073
vn 0.000233 -0.000726 0.000648
vn 0.000457 -0.000478 0.00075
vn 0.000636 -0.000571 0.000519
vn 0.000533 -0.000155 0.000832
vn 0.00085 -0.000108 0.000515
vn 0.000605 0.000148 0.000783
vn 0.000725 0.000233 0.000648
vn 0.000478 0.000457 0.00075
vn 0.000571 0.000636 0.000519
vn 0.000155 0.000533 0.000832
vn 0.000108 0.00085 0.000515
vn -0.000148 0.000605 0.000783
vn -0.000233 0.000725 0.000648
vn -0.000468 0.000462 0.000753
vn -0.000592 0.000532 0.000605
vn -0.000638 0.000108 0.000762
vn -0.000743 0.000094 0.000663
vn -0.000658 -0.000184 0.00073
vn -0.000725 -0.000233 0.000648
vn -0.000462 -0.000468 0.000753
vn -0.000532 -0.000592 0.000605
vn -0.000108 -0.000638 0.000762
vn -0.000094 -0.000743 0.000663
vn 0 0 0.001
vn 0 -0 0.001
vn 0 0 0.001
vn 0 0 0.001
vn 0 0 0.001
vn -0 0 0.001
vn -0 0 0.001
vn 0 0 0.001
vn -0 0 0.001
vn 0 0 0.001
vn -0 0 0.001
vn -0 0 0.001
vn -0 0 0.001
vn -0 -0 0.001
vn -0 0 0.001
vn -0 0 0.001
vn -0 -0 0.001
vn -0 -0 0.001
vn -0 -0 0.001
vn -0 -0 0.001
vn -0 -0 0.001
vn 0 -0 0.001
vn -0 -0 0.001
vn -0 -0 0.001
vn 0 -0 0.001
vn 0 -0 0.001
vn -0 -0 0.001
vn 0 -0 0.001
vn 0 -0 0.001
vn 0 -0 0.001
vn 0 0 0.001
vn 0 0 0.001
vn 0 -0 0.001
vn 0 -0 0.001
vn 0 0 0.001
vn 0 0 0.001
vn 0 0 0.001
vn -0 0 0.001
vn 0 0 0.001
vn 0 0 0.001
vn -0 0 0.001
vn -0 0 0.001
vn -0 0 0.001
vn -0 0 0.001
vn -0 0 0.001
vn -0 -0 0.001
vn -0 0 0.001
vn -0 0 0.001
vn -0 -0 0.001
vn -0 -0 0.001
vn -0 0 0.001
vn -0 -0 0.001
vn -0 -0 0.001
vn -0 -0 0.001
vn 0 -0 0.001
vn 0 -0 0.001
vn -0 -0 0.001
vn 0 -0 0.001
vn -0 -0 0.001
vn 0 -0 0.001
vn 0 -0 0.001
vn 0 -0 0.001
vn 0 0 0.001
vn 0 0 0.001
vn 0 -0 0.001
vn 0 -0 0.001
vn 0 -0 0.001
vn 0 -0 0.001
vn 0 -0 0.001
vn 0 0 0.001
vn 0 -0 0.001
vn 0 -0 0.001
vn 0 0 0.001
vn 0 0 0.001
vn 0 -0 0.001
vn 0 0 0.001
vn 0 0 0.001
vn 0 0 0.001
vn -0 0 0.001
vn -0 0 0.001
vn 0 0 0.001
vn -0 0 0.001
vn 0 0 0.001
vn -0 0 0.001
vn -0 0 0.001
vn -0 0 0.001
vn -0 -0 0.001
vn -0 -0 0.001
vn -0 0 0.001
vn -0 -0 0.001
vn -0 0 0.001
vn -0 -0 0.001
vn -0 -0 0.001
vn -0 -0 0.001
vn 0 -0 0.001
vn -0 -0 0.001
vn -0 -0 0.001
vn 0 -0 0.001
vn 0 -0 0.001
vn -0 -0 0.001
vn 0 -0 0.001
vn 0 -0 0.001
vn 0 -0 0.001
vn 0 0 0.001
vn 0 -0 0.001
vn 0 -0 0.001
vn 0 0 0.001
vn 0 0 0.001
vn 0 0 0.001
vn 0 0 0.001
vn 0 0 0.001
vn -0 0 0.001
vn 0 0 0.001
vn 0 0 0.001
vn -0 0 0.001
vn -0 0 0.001
vn 0 0 0.001
vn -0 0 0.001
vn -0 0 0.001
vn -0 0 0.001
vn -0 -0 0.001
vn -0 -0 0.001
vn -0 0 0.001
vn -0 0 0.001
vn -0 -0 0.001
vn -0 -0 0.001
vn -0 -0 0.001
vn 0 -0 0.001
vn 0 -0 0.001
vn -0 -0 0.001
vn 0.000244 -0.00097 0.000003
vn 0.000264 -0.000965 -0.000003
vn 0.000541 -0.000841 0.000002
vn 0.000551 -0.000834 0
vn 0.000723 -0.000691 0
vn 0.00073 -0.000683 -0.000002
vn 0.000889 -0.000458 0.000002
vn 0.000895 -0.000447 0
vn 0.000971 -0.000237 0
vn 0.000974 -0.000227 -0.000002
vn 0.000997 0.000072 0.000003
vn 0.000996 0.000092 -0.000003
vn 0.000913 0.000408 0.000003
vn 0.000904 0.000427 -0.000003
vn 0.000718 0.000696 0.000003
vn 0.000703 0.000711 -0.000003
vn 0.000458 0.000889 0.000002
vn 0.000418 0.000908 -0.000007
vn 0.000237 0.000971 0.000008
vn 0.000082 0.000997 -0.000012
vn -0.000072 0.000997 0.000012
vn -0.000233 0.000973 -0.000008
vn -0.000408 0.000913 0.000007
vn -0.000452 0.000892 -0.000002
vn -0.000679 0.000734 0.000002
vn -0.000711 0.000703 -0.000007
vn -0.000832 0.000555 0.000008
vn -0.000908 0.000418 -0.000012
vn -0.000955 0.000296 0.000009
vn -0.000998 0.000065 -0.000007
vn -0.000997 0.000082 -0.000003
vn -0.00097 -0.000244 0.000003
vn -0.000965 -0.000264 -0.000003
vn -0.000828 -0.000561 0.000003
vn -0.000834 -0.000551 0.000006
vn -0.000683 -0.00073 -0.000008
vn -0.000605 -0.000796 0.000009
vn -0.000403 -0.000915 -0.000007
vn -0.000418 -0.000908 -0.000003
vn -0.000103 -0.000995 0.000003
vn -0.000082 -0.000997 -0.000003
vn 0.000072 -0.000997 0.000003
vn 0.000092 -0.000996 -0.000003
vn 0.000408 -0.000913 0.000003
vn 0.000427 -0.000904 -0.000003
vn 0.000696 -0.000718 0.000003
vn 0.000711 -0.000703 -0.000003
vn 0.000889 -0.000458 0.000002
vn 0.000908 -0.000418 -0.000007
vn 0.000971 -0.000237 0.000008
vn 0.000997 -0.000082 -0.000012
vn 0.000997 0.000072 0.000012
vn 0.000973 0.000233 -0.000008
vn 0.000913 0.000408 0.000007
vn 0.000892 0.000452 -0.000002
vn 0.000734 0.000679 0.000002
vn 0.000703 0.000711 -0.000007
vn 0.000555 0.000832 0.000008
vn 0.000418 0.000908 -0.000012
vn 0.000296 0.000955 0.000009
vn 0.000065 0.000998 -0.000007
vn 0.000082 0.000997 -0.000003
vn -0.000244 0.00097 0.000003
vn -0.000264 0.000965 -0.000003
vn -0.000561 0.000828 0.000003
vn -0.000551 0.000834 0.000006
vn -0.00073 0.000683 -0.000008
vn -0.000796 0.000605 0.000009
vn -0.000915 0.000403 -0.000007
vn -0.000908 0.000418 -0.000003
vn -0.000995 0.000103 0.000003
vn -0.000997 0.000082 -0.000003
vn -0.00097 -0.000244 0.000003
vn -0.000965 -0.000264 -0.000003
vn -0.000841 -0.000541 0.000002
vn -0.000834 -0.000551 0
vn -0.000691 -0.000722 0
vn -0.000683 -0.00073 -0.000002
vn -0.000458 -0.000889 0.000002
vn -0.000447 -0.000895 0
vn -0.000237 -0.000971 0
vn -0.000227 -0.000974 -0.000002
vn 0.000244 -0.00097 0.000003
vn 0.000264 -0.000965 -0.000003
vn 0.000561 -0.000828 0.000003
vn 0.000551 -0.000834 0.000006
vn 0.00073 -0.000683 -0.000008
vn 0.000796 -0.000605 0.000009
vn 0.000915 -0.000403 -0.000007
vn 0.000908 -0.000418 -0.000003
vn 0.000995 -0.000103 0.000003
vn 0.000997 -0.000082 -0.000003
vn 0.00097 0.000244 0.000003
vn 0.000965 0.000264 -0.000003
vn 0.000841 0.000541 0.000002
vn 0.000834 0.000551 -0
vn 0.000691 0.000722 -0
vn 0.000683 0.00073 -0.000002
vn 0.000458 0.000889 0.000002
vn 0.000447 0.000895 -0
vn 0.000237 0.000971 -0
vn 0.000227 0.000974 -0.000002
vn -0.000072 0.000997 0.000003
vn -0.000092 0.000996 -0.000003
vn -0.000408 0.000913 0.000003
vn -0.000427 0.000904 -0.000003
vn -0.000696 0.000718 0.000003
vn -0.000711 0.000703 -0.000003
vn -0.000889 0.000458 0.000002
vn -0.000908 0.000418 -0.000007
vn -0.000971 0.000237 0.000008
vn -0.000997 0.000082 -0.000012
vn -0.000997 -0.000072 0.000012
vn -0.000973 -0.000233 -0.000008
vn -0.000913 -0.000408 0.000007
vn -0.000892 -0.000452 -0.000002
vn -0.000734 -0.000679 0.000002
vn -0.000703 -0.000711 -0.000007
vn -0.000555 -0.000832 0.000008
vn -0.000418 -0.000908 -0.000012
vn -0.000296 -0.000955 0.000009
vn -0.000065 -0.000998 -0.000007
vn -0.000082 -0.000997 -0.000003
vn 0.000072 -0.000997 0.000012
vn 0.000233 -0.000973 -0.000008
vn 0.000408 -0.000913 0.000007
vn 0.000452 -0.000892 -0.000002
vn 0.000679 -0.000734 0.000002
vn 0.000711 -0.000703 -0.000007
vn 0.000832 -0.000555 0.000008
vn 0.000908 -0.000418 -0.000012
vn 0.000955 -0.000296 0.000009
vn 0.000998 -0.000065 -0.000007
vn 0.000997 -0.000082 -0.000003
vn 0.00097 0.000244 0.000003
vn 0.000965 0.000264 -0.000003
vn 0.000828 0.000561 0.000003
vn 0.000834 0.000551 0.000006
vn 0.000683 0.00073 -0.000008
vn 0.000605 0.000796 0.000009
vn 0.000403 0.000915 -0.000007
vn 0.000418 0.000908 -0.000003
vn 0.000103 0.000995 0.000003
vn 0.000082 0.000997 -0.000003
vn -0.000244 0.00097 0.000003
vn -0.000264 0.000965 -0.000003
vn -0.000541 0.000841 0.000002
vn -0.000551 0.000834 -0
vn -0.000723 0.000691 -0
vn -0.00073 0.000683 -0.000002
vn -0.000889 0.000458 0.000002
vn -0.000895 0.000447 -0
vn -0.000971 0.000237 -0
vn -0.000974 0.000227 -0.000002
vn -0.000997 -0.000072 0.000003
vn -0.000996 -0.000092 -0.000003
vn -0.000913 -0.000408 0.000003
vn -0.000904 -0.000427 -0.000003
vn -0.000718 -0.000696 0.000003
vn -0.000703 -0.000711 -0.000003
vn -0.000458 -0.000889 0.000002
vn -0.000418 -0.000908 -0.000007
vn -0.000237 -0.000971 0.000008
vn -0.000082 -0.000997 -0.000012
vn 0.000185 -0.000676 0.000713
vn 0.000254 -0.000791 0.000556
vn 0.000327 -0.000493 0.000806
vn 0.000653 -0.000612 0.000445
vn 0.000514 -0.000525 0.000679
vn 0.000628 -0.000313 0.000712
vn 0.000803 -0.000328 0.000499
vn 0.000587 -0.000138 0.000798
vn 0.000791 0.000073 0.000608
vn 0.000732 0.000056 0.000679
vn 0.000634 0.0003 0.000713
vn 0.000657 0.000319 0.000683
vn 0.000493 0.000498 0.000713
vn 0.000508 0.000524 0.000683
vn 0.000293 0.000637 0.000713
vn 0.000298 0.000667 0.000683
vn 0.000057 0.000699 0.000713
vn 0.000062 0.000672 0.000738
vn -0.000163 0.000677 0.000718
vn -0.000216 0.000762 0.00061
vn -0.000282 0.000559 0.000779
vn -0.00055 0.000709 0.000441
vn -0.000421 0.000416 0.000806
vn -0.000721 0.000332 0.000608
vn -0.000662 0.000318 0.000679
vn -0.000699 0.000057 0.000713
vn -0.000729 0.000052 0.000683
vn -0.000676 -0.000185 0.000713
vn -0.000792 -0.000254 0.000556
vn -0.000493 -0.000327 0.000806
vn -0.000613 -0.000653 0.000445
vn -0.000525 -0.000514 0.000679
vn -0.000293 -0.000637 0.000713
vn -0.000298 -0.000667 0.000683
vn -0.000057 -0.000699 0.000713
vn -0.000052 -0.000729 0.000683
vn 0.000519 0.000003 0.000855
vn 0.000571 0.000006 0.000821
vn 0.000811 -0.000019 0.000585
vn 0.000609 0.000318 0.000726
vn 0.000307 0.000223 0.000925
vn 0.000606 0.00026 0.000752
vn 0.000649 0.000273 0.00071
vn 0.000937 0.00024 -0.000252
vn 0.000657 0.000185 0.000731
vn 0.000798 0.000246 0.000551
vn 0.000259 0.000049 0.000965
vn 0.000818 0.000153 0.000554
vn 0.000833 0.000153 0.000532
vn 0.000215 0.000022 0.000976
vn 0.000866 0.000066 0.000495
vn 0.000838 0.00007 0.000541
vn -0.000001 0.000563 0.000826
vn -0.000028 0.000259 0.000966
vn 0.000252 0.000385 0.000888
vn 0.000372 0.000717 0.000589
vn 0.000046 0.000523 0.000851
vn 0.00004 0.000655 0.000754
vn 0.00009 0.000477 0.000874
vn 0.000133 0.000656 0.000743
vn 0.000144 0.000824 0.000548
vn 0.00006 0.000202 0.000977
vn 0.000241 0.000812 0.000532
vn 0.00024 0.000808 0.000538
vn 0.000173 0.000398 0.000901
vn 0.000296 0.000709 0.000639
vn 0.000342 0.000789 0.000511
vn 0.000136 0.000799 0.000586
vn 0.000206 0.00076 0.000617
vn 0.000521 0.000714 0.000469
vn 0.000546 0.000585 0.0006
vn 0.000702 0.000465 0.00054
vn 0.000748 0.000374 0.000549
vn 0.000212 0.00071 0.000671
vn 0.000331 0.00066 0.000674
vn 0.000304 0.000629 0.000716
vn 0.000681 0.000302 0.000667
vn 0.000699 0.000199 0.000687
vn 0.000695 0.000199 0.000691
vn 0.000753 0.000115 0.000648
vn 0.000483 0.000476 0.000735
vn 0.000514 0.000411 0.000753
vn 0.000092 0.000132 0.000987
vn 0.000239 0.000149 0.00096
vn 0.0003 -0.000634 0.000713
vn 0.000319 -0.000657 0.000683
vn 0.000498 -0.000493 0.000713
vn 0.000524 -0.000508 0.000683
vn 0.000637 -0.000293 0.000713
vn 0.000667 -0.000298 0.000683
vn 0.000699 -0.000057 0.000713
vn 0.000672 -0.000062 0.000738
vn 0.000677 0.000163 0.000718
vn 0.000831 0.000264 0.00049
vn 0.000538 0.000272 0.000798
vn 0.000559 0.000565 0.000608
vn 0.000525 0.000514 0.000679
vn 0.000293 0.000637 0.000713
vn 0.000298 0.000667 0.000683
vn 0.000057 0.000699 0.000713
vn 0.000052 0.000729 0.000683
vn -0.000185 0.000676 0.000713
vn -0.000254 0.000792 0.000556
vn -0.000327 0.000493 0.000806
vn -0.000653 0.000613 0.000445
vn -0.000514 0.000525 0.000679
vn -0.000637 0.000293 0.000713
vn -0.000667 0.000298 0.000683
vn -0.000699 0.000057 0.000713
vn -0.000729 0.000052 0.000683
vn -0.000676 -0.000185 0.000713
vn -0.000791 -0.000254 0.000556
vn -0.000493 -0.000327 0.000806
vn -0.000612 -0.000653 0.000445
vn -0.000525 -0.000514 0.000679
vn -0.000313 -0.000628 0.000712
vn -0.000328 -0.000803 0.000499
vn -0.000138 -0.000587 0.000798
vn 0.000073 -0.000791 0.000608
vn 0.000056 -0.000732 0.000679
vn 0.000003 -0.000514 0.000858
vn 0.000006 -0.000568 0.000823
vn -0.000019 -0.000805 0.000593
vn 0.000388 -0.000729 0.000564
vn 0.000386 -0.000724 0.000572
vn 0.000182 -0.000354 0.000917
vn 0.000267 -0.000608 0.000747
vn 0.000265 -0.000605 0.000751
vn 0.000318 -0.000779 0.000541
vn 0.00024 -0.000937 -0.000252
vn 0.000182 -0.000648 0.00074
vn 0.000248 -0.000798 0.00055
vn 0.000049 -0.000259 0.000965
vn 0.000153 -0.000818 0.000554
vn 0.000153 -0.000833 0.000531
vn 0.000022 -0.000215 0.000976
vn 0.000066 -0.000867 0.000494
vn 0.00007 -0.000838 0.000541
vn 0.000563 0.000001 0.000827
vn 0.00026 0.000028 0.000965
vn 0.000597 -0.000329 0.000731
vn 0.000327 -0.000166 0.00093
vn 0.000707 -0.000368 0.000605
vn 0.000499 -0.000046 0.000865
vn 0.000541 -0.000051 0.00084
vn 0.000833 -0.00005 0.000551
vn 0.000216 -0.00004 0.000976
vn 0.000825 -0.000153 0.000544
vn 0.000825 -0.000153 0.000544
vn 0.000372 -0.000112 0.000921
vn 0.000633 -0.000176 0.000754
vn 0.000804 -0.000249 0.000539
vn 0.000891 -0.000386 -0.000238
vn 0.00064 -0.000271 0.000719
vn 0.000618 -0.000257 0.000743
vn 0.000798 -0.000137 0.000586
vn 0.000759 -0.000206 0.000617
vn 0.000576 -0.000613 0.00054
vn 0.000502 -0.000668 0.000549
vn 0.000718 -0.000212 0.000663
vn 0.000659 -0.000332 0.000675
vn 0.000635 -0.000307 0.000709
vn 0.00064 -0.000439 0.000631
vn 0.000323 -0.000707 0.000629
vn 0.000194 -0.000744 0.000639
vn 0.000201 -0.000697 0.000689
vn 0.000115 -0.000748 0.000654
vn 0.000488 -0.000427 0.000761
vn 0.000362 -0.000564 0.000743
vn 0.000311 -0.000578 0.000755
vn 0.000159 -0.000167 0.000973
vn 0.00008 -0.000207 0.000975
vn 0.000185 -0.000676 0.000713
vn 0.000254 -0.000792 0.000556
vn 0.000327 -0.000493 0.000806
vn 0.000653 -0.000613 0.000445
vn 0.000514 -0.000525 0.000679
vn 0.000637 -0.000293 0.000713
vn 0.000667 -0.000298 0.000683
vn 0.000699 -0.000057 0.000713
vn 0.000729 -0.000052 0.000683
vn 0.000676 0.000185 0.000713
vn 0.000791 0.000254 0.000556
vn 0.000493 0.000327 0.000806
vn 0.000612 0.000653 0.000445
vn 0.000525 0.000514 0.000679
vn 0.000313 0.000628 0.000712
vn 0.000328 0.000803 0.000499
vn 0.000138 0.000587 0.000798
vn -0.000073 0.000791 0.000608
vn -0.000056 0.000732 0.000679
vn -0.0003 0.000634 0.000713
vn -0.000319 0.000657 0.000683
vn -0.000498 0.000493 0.000713
vn -0.000524 0.000508 0.000683
vn -0.000637 0.000293 0.000713
vn -0.000667 0.000298 0.000683
vn -0.000699 0.000057 0.000713
vn -0.000671 0.000062 0.000739
vn -0.000677 -0.000163 0.000718
vn -0.000831 -0.000264 0.00049
vn -0.000538 -0.000272 0.000798
vn -0.000559 -0.000565 0.000608
vn -0.000525 -0.000514 0.000679
vn -0.000293 -0.000637 0.000713
vn -0.000298 -0.000667 0.000683
vn -0.000057 -0.000699 0.000713
vn -0.000052 -0.000729 0.000683
vn -0.00047 0.000862 -0.000191
vn -0.000309 0.000578 0.000755
vn -0.000223 0.000307 0.000925
vn 0.000002 0.00043 0.000903
vn -0.000006 0.000572 0.00082
vn 0.000019 0.00081 0.000585
vn -0.000204 0.000482 0.000852
vn -0.000275 0.000666 0.000694
vn -0.00033 0.000765 0.000552
vn -0.00006 0.000201 0.000978
vn -0.00024 0.000801 0.000549
vn -0.000241 0.000809 0.000537
vn -0.000109 0.000649 0.000753
vn -0.00007 0.000376 0.000924
vn -0.000153 0.000818 0.000554
vn -0.000153 0.00083 0.000536
vn -0.000026 0.000276 0.000961
vn -0.000066 0.000866 0.000496
vn -0.00007 0.000838 0.000541
vn -0.000808 -0.000018 0.000589
vn -0.000573 0.000004 0.00082
vn -0.000181 -0.000016 0.000983
vn -0.00038 0.000246 0.000892
vn -0.000714 0.00037 0.000595
vn -0.0005 0.000046 0.000865
vn -0.000447 0.000039 0.000894
vn -0.00083 0.000061 0.000554
vn -0.000889 0.000075 0.000452
vn -0.000216 0.00004 0.000976
vn -0.000825 0.000153 0.000544
vn -0.000825 0.000153 0.000544
vn -0.000372 0.000112 0.000921
vn -0.000633 0.000176 0.000754
vn -0.000804 0.000249 0.000539
vn -0.00068 0.000295 0.000671
vn -0.000618 0.000257 0.000743
vn -0.000799 0.000135 0.000586
vn -0.000759 0.000207 0.000617
vn -0.000713 0.000521 0.000469
vn -0.000584 0.000547 0.0006
vn -0.000464 0.000702 0.00054
vn -0.000373 0.000747 0.000549
vn -0.000712 0.000213 0.000669
vn -0.00066 0.000331 0.000674
vn -0.000628 0.000303 0.000717
vn -0.000303 0.000682 0.000666
vn -0.000199 0.000699 0.000687
vn -0.0002 0.000694 0.000692
vn -0.000115 0.000752 0.000649
vn -0.000477 0.000484 0.000734
vn -0.000411 0.000514 0.000752
vn -0.000132 0.000092 0.000987
vn -0.000149 0.000239 0.00096
vn -0.000634 -0.0003 0.000713
vn -0.000657 -0.000319 0.000683
vn -0.000493 -0.000498 0.000713
vn -0.000508 -0.000524 0.000683
vn -0.000293 -0.000637 0.000713
vn -0.000298 -0.000667 0.000683
vn -0.000057 -0.000699 0.000713
vn -0.000062 -0.000671 0.000739
vn 0.000163 -0.000677 0.000718
vn 0.000264 -0.000831 0.00049
vn 0.000272 -0.000538 0.000798
vn 0.000565 -0.000559 0.000608
vn 0.000514 -0.000525 0.000679
vn 0.000637 -0.000293 0.000713
vn 0.000667 -0.000298 0.000683
vn 0.000699 -0.000057 0.000713
vn 0.000729 -0.000052 0.000683
vn 0.000676 0.000185 0.000713
vn 0.000792 0.000254 0.000556
vn 0.000493 0.000327 0.000806
vn 0.000613 0.000653 0.000445
vn 0.000525 0.000514 0.000679
vn 0.000293 0.000637 0.000713
vn 0.000298 0.000667 0.000683
vn 0.000057 0.000699 0.000713
vn 0.000052 0.000729 0.000683
vn -0.000185 0.000676 0.000713
vn -0.000254 0.000791 0.000556
vn -0.000327 0.000493 0.000806
vn -0.000653 0.000612 0.000445
vn -0.000514 0.000525 0.000679
vn -0.000628 0.000313 0.000712
vn -0.000803 0.000328 0.000499
vn -0.000587 0.000138 0.000798
vn -0.000791 -0.000073 0.000608
vn -0.000732 -0.000056 0.000679
vn -0.000519 -0.000003 0.000855
vn -0.000572 -0.000006 0.00082
vn -0.000811 0.000019 0.000585
vn -0.00077 -0.000412 0.000486
vn -0.000726 -0.000394 0.000564
vn -0.000559 -0.000283 0.000779
vn -0.000177 -0.000117 0.000977
vn -0.000405 -0.000168 0.000899
vn -0.000603 -0.000264 0.000753
vn -0.000778 -0.000317 0.000543
vn -0.000937 -0.00024 -0.000252
vn -0.000657 -0.000185 0.000731
vn -0.000798 -0.000246 0.000551
vn -0.000259 -0.000049 0.000965
vn -0.000818 -0.000153 0.000554
vn -0.000833 -0.000153 0.000532
vn -0.000215 -0.000022 0.000976
vn -0.000866 -0.000066 0.000496
vn -0.000838 -0.00007 0.000541
vn 0.00002 -0.000824 0.000566
vn -0.000004 -0.00057 0.000821
vn 0.000016 -0.000181 0.000983
vn -0.000261 -0.000494 0.000829
vn -0.000593 -0.000596 0.000542
vn -0.000038 -0.000442 0.000896
vn -0.00004 -0.000654 0.000755
vn -0.000082 -0.000892 0.000445
vn -0.000081 -0.000438 0.000895
vn -0.000133 -0.000657 0.000742
vn -0.000145 -0.00083 0.000539
vn -0.00006 -0.000202 0.000977
vn -0.000238 -0.000799 0.000553
vn -0.000241 -0.000807 0.00054
vn -0.000185 -0.000431 0.000883
vn -0.000281 -0.000682 0.000675
vn -0.000332 -0.000772 0.000543
vn -0.000132 -0.000803 0.000581
vn -0.000206 -0.000762 0.000614
vn -0.000613 -0.000578 0.000539
vn -0.00067 -0.000505 0.000544
vn -0.000213 -0.00071 0.000671
vn -0.000333 -0.000657 0.000677
vn -0.000304 -0.00063 0.000715
vn -0.000435 -0.000639 0.000635
vn -0.000706 -0.000322 0.00063
vn -0.000665 -0.000203 0.000719
vn -0.000693 -0.0002 0.000693
vn -0.00075 -0.000116 0.000651
vn -0.000429 -0.000487 0.000761
vn -0.000553 -0.000349 0.000757
vn -0.000132 -0.000111 0.000985
vn -0 -0 -0.001
vn 0.001 -0.000005 0.000001
vn 0.001 -0.000001 0.000001
vn 0.000994 0.000112 -0.000002
vn 0.000999 0.00004 0.000002
vn 0.000952 0.000306 -0.000003
vn 0.000966 0.000259 0.000003
vn 0.000983 0.000183 -0.000001
vn 0.000996 0.000083 0.000016
vn 0.000988 0.000152 -0.000009
vn 0.000883 0.000469 0.000013
vn 0.000924 0.000382 0.000005
vn 0.00096 0.000281 0.000009
vn 0.000924 0.000383 0.000003
vn 0.000003 0.000004 0.001
vn 0 0.000001 0.001
vn 0.000006 0.000006 0.001
vn 0.000045 0.000101 0.000994
vn 0.000002 0.000001 0.001
vn -0 0.000001 0.001
vn 0.000007 0.000006 0.001
vn 0.000002 0.000001 0.001
vn -0.000003 -0.000005 0.001
vn 0.000001 -0 0.001
vn 0.000003 0.000004 0.001
vn -0.000001 0 0.001
vn 0.000003 0.000005 0.001
vn 0.000011 0.000026 0.001
vn 0.000012 0.000012 0.001
vn 0.000029 0.000016 0.000999
vn 0.000036 0.00001 0.000999
vn 0.000023 0.000011 0.001
vn 0.00003 0.000001 0.001
vn 0.000025 0.000002 0.001
vn -0.000002 0.000003 0.001
vn -0.000003 0.000001 0.001
vn 0.00001 0.000042 0.000999
vn 0.000007 0.000039 0.000999
vn 0.000049 0.000071 0.000996
vn 0.000001 -0.000001 0.001
vn 0.000001 -0.000001 0.001
vn 0.000012 0.000007 0.001
vn 0.000001 -0.000001 0.001
vn 0.000379 0.000925 -0.000005
vn 0.000474 0.00088 0.000025
vn 0.000249 0.000969 0.000003
vn 0.000368 0.00093 -0.000001
vn 0.000321 0.000947 0.000001
vn 0.00029 0.000957 -0.000004
vn 0.000188 0.000982 -0.000002
vn 0.000083 0.000997 0.00001
vn -0 0.001 0.000001
vn -0.000016 0.001 0.000003
vn 0.000121 0.000993 -0.000002
vn 0.000058 0.000998 0.000001
vn 0.0001 0.000995 0.000001
vn 0.000186 0.000983 0
vn 0.000282 0.000959 0.000001
vn 0.000434 0.000901 0.000001
vn 0.000333 0.000943 0
vn 0.000575 0.000818 0.000001
vn 0.000496 0.000868 -0
vn 0.000717 0.000697 0.000001
vn 0.00068 0.000733 -0.000001
vn 0.000903 0.000429 -0.000001
vn 0.000916 0.000401 0.000001
vn 0.000811 0.000585 -0
vn 0.000832 0.000555 0.000001
vn 0.000995 0.000097 0.000001
vn 0.000997 0.000075 0.000002
vn 0.000961 0.000277 -0
vn 0.000974 0.000225 0.000002
vn 0.000394 -0.000919 0.000002
vn 0.000051 -0.000999 0.000001
vn -0.000002 -0.001 -0
vn -0.000015 -0.001 0.000001
vn 0.000105 -0.000995 -0.000001
vn 0.000281 -0.00096 0.000008
vn 0.000308 -0.000952 -0.000005
vn 0.000247 -0.000969 0.000002
vn 0.000183 -0.000983 -0.000001
vn 0.000084 -0.000996 0.000016
vn 0.00016 -0.000987 -0.000011
vn 0.000471 -0.000882 -0.000014
vn 0.000384 -0.000918 0.0001
vn 0.000414 -0.00091 -0.000016
vn -0.000003 0.000001 0.001
vn 0.000002 -0.000018 0.001
vn 0.000001 -0.000022 0.001
vn 0.000001 -0 0.001
vn 0.000006 -0.000007 0.001
vn 0.000001 -0.000002 0.001
vn 0.000039 -0.000007 0.000999
vn 0.000025 -0.000024 0.000999
vn 0.00003 -0.000029 0.000999
vn -0.000001 -0.000001 0.001
vn -0.000001 -0.000001 0.001
vn 0.000006 -0.000006 0.001
vn 0 0 0.001
vn 0.000047 -0.000015 0.000999
vn 0.000036 -0.000016 0.000999
vn 0.000037 -0.000016 0.000999
vn 0.000022 -0.000046 0.000999
vn 0.000005 -0.000014 0.001
vn 0.000008 -0.000013 0.001
vn -0.000001 -0.000001 0.001
vn 0.000004 -0.000003 0.001
vn 0.000101 -0.000045 0.000994
vn 0.000004 -0.000007 0.001
vn 0.000001 0.000001 0.001
vn 0.000001 0 0.001
vn -0.000002 0.000003 0.001
vn 0.000019 -0.000012 0.001
vn -0 -0.000001 0.001
vn 0.000001 -0.000002 0.001
vn -0 -0 0.001
vn 0.000881 -0.000472 0.000024
vn 0.000969 -0.000248 0.000003
vn 0.000923 -0.000384 0.000002
vn 0.000936 -0.000351 -0.000011
vn 0.000951 -0.00031 -0.000007
vn 0.00096 -0.000281 0.000008
vn 0.000983 -0.000184 -0.000003
vn 0.000996 -0.000087 0.000009
vn 0.001 -0.000005 0.000001
vn 0.001 0.000015 0.000004
vn 0.000993 -0.000122 -0.000002
vn 0.000993 -0.000119 0.000001
vn 0.000995 -0.0001 0.000001
vn 0.000973 -0.000231 -0
vn 0.000959 -0.000283 0.000001
vn 0.000922 -0.000387 0.000002
vn 0.0009 -0.000435 -0.000001
vn 0.000786 -0.000618 0
vn 0.000815 -0.00058 0.000001
vn 0.000867 -0.000498 -0
vn 0.000671 -0.000741 0.000001
vn 0.000709 -0.000705 -0.000001
vn 0.000517 -0.000856 0
vn 0.000569 -0.000822 0.000001
vn 0.000171 -0.000985 0.000004
vn 0.000437 -0.000899 -0
vn 0.000407 -0.000913 0.000001
vn 0.0001 -0.000995 0
vn 0.000114 -0.000993 -0
vn 0.000276 -0.000961 0.000001
vn -0.000112 0.000994 -0.000002
vn 0.000002 0.001 0.000004
vn -0.000014 0.001 0.000001
vn -0.000183 0.000983 -0.000001
vn -0.000083 0.000996 0.000015
vn -0.000155 0.000988 -0.000009
vn -0.000473 0.000881 0.000013
vn -0.000379 0.000925 0.000005
vn -0.000386 0.000923 -0.000001
vn -0.000285 0.000959 0.000005
vn -0.000319 0.000948 -0.000012
vn -0.000265 0.000964 0.000004
vn -0.000006 0.000006 0.001
vn -0.000001 0.000002 0.001
vn -0.000006 0.000007 0.001
vn -0.000001 -0 0.001
vn -0.000001 -0.000001 0.001
vn -0.000004 0.000008 0.001
vn -0.000001 0 0.001
vn -0.000004 0.000003 0.001
vn -0.000101 0.000045 0.000994
vn 0.000002 -0.000003 0.001
vn -0.000009 0.000005 0.001
vn 0 0.000001 0.001
vn -0.000004 0.000003 0.001
vn -0 -0.000001 0.001
vn -0 -0 0.001
vn 0.000003 -0.000001 0.001
vn -0.000001 0.000031 0.001
vn -0.000002 0.000025 0.001
vn -0.000039 0.000007 0.000999
vn -0.000026 0.000011 0.001
vn -0.000042 0.00001 0.000999
vn -0.000071 0.000049 0.000996
vn -0.00001 0.000036 0.000999
vn -0.000011 0.000023 0.001
vn 0.000002 0.000002 0.001
vn 0.000001 0.000002 0.001
vn -0.000012 0.000012 0.001
vn -0.000016 0.000029 0.000999
vn -0 0 0.001
vn -0 0.000001 0.001
vn -0.000881 0.000473 0.000024
vn -0.000968 0.000251 0.000003
vn -0.000923 0.000384 0.000002
vn -0.000936 0.000351 -0.000011
vn -0.000951 0.00031 -0.000007
vn -0.00096 0.000281 0.000008
vn -0.000994 0.000111 -0.000001
vn -0.000985 0.000172 -0.000015
vn -0.000983 0.000184 -0.000001
vn -0.000996 0.000087 0.000015
vn -0.001 0.000007 0.000001
vn -0.001 -0.000002 0.000002
vn -0.000966 0.000259 0.000001
vn -0.000959 0.000282 0.000001
vn -0.000995 0.000099 -0
vn -0.000988 0.000152 0.000002
vn -0.000912 0.00041 0.000001
vn -0.0009 0.000436 -0
vn -0.000819 0.000574 -0
vn -0.000839 0.000543 0.000001
vn -0.000737 0.000676 -0
vn -0.000599 0.000801 0
vn -0.000697 0.000717 0.000001
vn -0.000584 0.000812 0.000001
vn -0.000309 0.000951 0
vn -0.000429 0.000903 0
vn -0.000425 0.000905 0
vn -0.00012 0.000993 0
vn -0.000276 0.000961 0.000001
vn -0.000099 0.000995 0.000001
vn -0.000994 -0.000113 -0.000002
vn -0.001 0.000002 0.000004
vn -0.001 -0.000013 0.000001
vn -0.000952 -0.000306 -0.000003
vn -0.000966 -0.000259 0.000003
vn -0.000983 -0.000183 -0.000001
vn -0.000996 -0.000083 0.000016
vn -0.000988 -0.000152 -0.000009
vn -0.000882 -0.000472 0.000008
vn -0.000922 -0.000386 0.000001
vn -0.00096 -0.000281 0.000009
vn -0.000924 -0.000383 0.000003
vn -0.000007 -0.000039 0.000999
vn -0.000009 -0.000041 0.000999
vn -0.000007 -0.000006 0.001
vn -0.000002 -0.000001 0.001
vn -0 -0.000001 0.001
vn -0.000011 -0.000024 0.001
vn -0.000012 -0.000025 0.001
vn -0.00002 -0.00002 0.001
vn -0.000087 -0.000073 0.000993
vn -0.000006 -0.000006 0.001
vn 0.000003 -0.000003 0.001
vn -0.000003 -0.000004 0.001
vn 0.000003 -0.000002 0.001
vn -0.000003 -0.000004 0.001
vn -0.000045 -0.000101 0.000994
vn -0.000003 -0.000004 0.001
vn -0.000042 -0.000015 0.000999
vn -0.000029 -0.000014 0.000999
vn -0.00003 -0.000001 0.001
vn -0.000025 -0.000002 0.001
vn 0.000001 -0.000001 0.001
vn 0.000001 -0.000001 0.001
vn 0 -0.000001 0.001
vn -0.000001 0 0.001
vn -0.000001 -0.000001 0.001
vn -0 0 0.001
vn -0.000001 0.000001 0.001
vn -0.000001 0.000001 0.001
vn -0.000027 -0.000018 0.000999
vn -0.000001 0.000001 0.001
vn -0.000468 -0.000884 0.000015
vn -0.000382 -0.000924 0.000001
vn -0.000254 -0.000967 0
vn -0.000394 -0.000919 -0.000007
vn -0.000317 -0.000948 -0.000011
vn -0.000284 -0.000959 0.000012
vn -0.000115 -0.000993 -0.000003
vn -0.000163 -0.000987 -0.000013
vn -0.000189 -0.000982 -0.000001
vn -0.000079 -0.000997 0.00002
vn 0.000013 -0.001 0.000001
vn -0.00004 -0.000999 -0.000005
vn 0.000001 -0.001 0.000004
vn -0.000084 -0.000996 0
vn -0.000094 -0.000996 -0.000001
vn -0.000284 -0.000959 0.000001
vn -0.000284 -0.000959 0.000001
vn -0.000398 -0.000918 0.000001
vn -0.000435 -0.0009 0
vn -0.000618 -0.000786 0
vn -0.000581 -0.000814 0.000001
vn -0.000498 -0.000867 -0
vn -0.00074 -0.000673 -0
vn -0.0007 -0.000714 0.000001
vn -0.000856 -0.000518 0
vn -0.000823 -0.000569 0.000001
vn -0.000961 -0.000276 0.000001
vn -0.000985 -0.000171 0.000004
vn -0.000899 -0.000437 -0
vn -0.000913 -0.000407 0.000001
vn -0.000995 -0.0001 0
vn -0.000994 -0.000113 -0
vn 0.000589 -0.000808 0.000003
vn 0.00022 0.000975 0.000003
vn 0 0.001 0.000003
vn 0.000995 0.000099 0.000005
vn -0.000111 -0.000994 0.000003
vn 0.000979 -0.000202 0.000003
vn -0.00018 -0.000984 0.000004
vn 0.000924 0.000361 0.000129
vn 0.000841 0.000506 0.000191
vn 0.000759 0.000603 0.000244
vn 0.000841 0.000495 0.000218
vn 0.000709 0.000677 0.000199
vn 0.00076 0.000632 0.00015
vn 0.000972 0.000211 0.000105
vn 0.000751 0.000633 0.000185
vn 0.000931 0.000328 0.000157
vn 0.000926 0.000346 0.000153
vn 0.000947 0.000319 0.000038
vn 0.000886 0.000453 0.0001
vn 0.000969 0.000245 -0.000042
vn 0.00097 0.000219 -0.000108
vn 0.000611 0.000536 0.000582
vn 0.000652 0.000429 0.000625
vn 0.000471 0.00064 0.000607
vn 0.000379 0.000298 0.000876
vn 0.00063 0.000407 0.000661
vn 0.000404 0.000272 0.000873
vn 0.000293 0.000195 0.000936
vn 0.000221 0.000332 0.000917
vn 0.000265 0.000395 0.00088
vn 0.00038 0.000588 0.000714
vn 0.000452 0.00061 0.000651
vn 0.000277 0.000319 0.000906
vn 0.000264 0.000303 0.000916
vn 0.000519 0.000518 0.00068
vn 0.000298 0.000256 0.000919
vn 0.000315 0.000272 0.000909
vn 0.000696 0.000601 0.000393
vn 0.000589 0.000437 0.00068
vn 0.000354 0.000719 0.000598
vn 0.000667 0.000521 0.000532
vn 0.000361 0.000476 0.000802
vn 0.000202 0.000975 0.000097
vn 0.000183 0.000979 0.000089
vn 0.000518 0.00085 0.000096
vn 0.000129 0.000966 -0.000226
vn 0.000539 0.000827 0.000158
vn 0.000343 0.000937 0.000059
vn -0.000877 0.000142 -0.00046
vn 0.000489 0.000846 0.000213
vn 0.00039 0.000909 0.000151
vn 0.000541 0.000814 0.000211
vn 0.000602 0.000761 0.000242
vn 0.000991 -0.000011 -0.000136
vn 0.000909 0.000393 0.000143
vn 0.000413 0.000894 0.000172
vn 0.000454 0.000879 0.000146
vn 0.000488 -0.000842 0.000232
vn 0.00059 -0.000799 0.000112
vn 0.000708 -0.000631 0.000318
vn 0.000205 -0.000973 0.000107
vn 0.000174 -0.000724 0.000668
vn 0.000243 -0.000397 0.000885
vn 0.000664 -0.000513 0.000545
vn 0.000316 -0.000481 0.000818
vn 0.000281 -0.000417 0.000864
vn 0.000406 -0.000264 0.000875
vn 0.000585 -0.000383 0.000715
vn 0.000545 -0.000361 0.000757
vn 0.000441 -0.00033 0.000835
vn 0.00052 -0.000382 0.000764
vn 0.000333 -0.000296 0.000895
vn 0.00041 -0.000355 0.00084
vn 0.000528 -0.00053 0.000664
vn 0.00027 -0.000315 0.00091
vn 0.00029 -0.000335 0.000896
vn 0.000436 -0.00059 0.00068
vn 0.000535 0.000379 0.000755
vn 0.000547 -0.000515 0.00066
vn 0.00096 -0.00025 0.000124
vn 0.000336 0.000851 -0.000403
vn 0.000836 -0.000536 0.000114
vn 0.000966 -0.000141 -0.000217
vn 0.000895 -0.000439 0.00008
vn 0.000701 -0.000674 0.000235
vn 0.000818 -0.000544 0.000186
vn 0.00084 -0.00049 0.000231
vn 0.00019 0.000868 -0.000459
vn 0.000896 -0.000407 0.000179
vn 0.000868 -0.00046 0.000189
vn 0.000787 -0.000568 0.000242
vn 0.00087 -0.000464 0.000167
vn 0.000823 -0.000538 0.000182
vn 0.000311 0.000716 -0.000624
vn 0.000796 -0.000559 0.000231
vn -0.000333 0.000836 -0.000437
vn 0.000434 -0.000884 0.000172
vn 0.000287 -0.000956 0.000057
vn -0.000239 0.000963 0.000123
vn -0.000361 0.000924 0.000129
vn -0.000467 0.000867 0.000174
vn -0.000458 0.000868 0.000193
vn -0.000574 0.000813 0.000099
vn -0.000632 0.000759 0.000155
vn 0.000663 0.000674 -0.000326
vn -0.000633 0.00075 0.000189
vn -0.000711 0.000651 0.000266
vn -0.00038 0.000922 0.000071
vn -0.000501 0.000857 0.00012
vn -0.000541 0.000618 0.00057
vn -0.00064 0.00047 0.000607
vn -0.000299 0.000379 0.000876
vn -0.000407 0.00063 0.000662
vn -0.000272 0.000403 0.000874
vn -0.000192 0.000289 0.000938
vn -0.000333 0.000213 0.000919
vn -0.000537 0.000351 0.000767
vn -0.00059 0.00039 0.000707
vn -0.000417 0.000313 0.000853
vn -0.00051 0.000374 0.000775
vn -0.000739 0.000548 0.000392
vn -0.000314 0.000279 0.000908
vn -0.000402 0.000347 0.000847
vn -0.000697 0.0006 0.000393
vn -0.000527 0.000528 0.000666
vn -0.000271 0.000316 0.000909
vn -0.000264 0.000308 0.000914
vn -0.000449 0.000603 0.000659
vn -0.000714 0.000363 0.000598
vn -0.000522 0.000666 0.000533
vn -0.000476 0.000362 0.000802
vn -0.000964 0.000238 0.000119
vn -0.000772 -0.000574 -0.000273
vn -0.000934 0.000331 0.000136
vn -0.000934 0.000337 0.000119
vn -0.000836 0.000536 0.000114
vn -0.000965 0.000122 -0.000231
vn -0.000895 0.00044 0.000081
vn -0.000701 0.000673 0.000235
vn -0.000828 0.000533 0.000175
vn -0.000799 0.000544 0.000257
vn -0.000822 0.000527 0.000215
vn -0.000859 0.000484 0.000168
vn -0.000778 0.000589 0.000216
vn 0.000595 -0.000706 -0.000384
vn -0.00096 0.00028 0.000013
vn -0.000861 0.000473 0.000185
vn -0.000436 0.000886 0.000154
vn 0.000765 -0.000453 -0.000457
vn -0.000927 -0.000353 0.000126
vn -0.000841 -0.000506 0.000191
vn -0.000759 -0.000603 0.000244
vn -0.000882 -0.000436 0.000181
vn -0.000759 -0.000632 0.000155
vn -0.00097 -0.000216 0.000113
vn -0.000745 0.000599 -0.000293
vn -0.000751 -0.000633 0.000185
vn -0.000947 -0.000319 0.000038
vn -0.000886 -0.000453 0.0001
vn -0.000969 -0.000245 -0.000042
vn -0.00097 -0.000219 -0.000108
vn -0.000599 -0.000559 0.000573
vn -0.000685 0.000236 0.000689
vn -0.000493 -0.000614 0.000616
vn -0.000504 -0.000328 0.000799
vn -0.000424 -0.000285 0.00086
vn -0.000364 -0.000554 0.000749
vn -0.000348 -0.000533 0.000771
vn -0.000321 -0.000428 0.000845
vn -0.000399 -0.000548 0.000735
vn -0.000302 -0.000339 0.000891
vn -0.000364 -0.000423 0.00083
vn -0.000521 -0.000524 0.000674
vn -0.000318 -0.000273 0.000908
vn -0.000354 -0.000307 0.000883
vn -0.000583 -0.000434 0.000687
vn -0.000648 -0.000581 0.000492
vn -0.000417 -0.000454 0.000787
vn 0.000246 -0.000297 0.000923
vn -0.000035 -0.000999 0.000024
vn -0.00041 -0.000899 0.000152
vn -0.00035 -0.000932 0.000092
vn -0.000693 -0.00069 0.00021
vn -0.000652 -0.000727 0.000216
vn -0.000527 -0.000839 0.000134
vn -0.000557 -0.000808 0.000195
vn -0.000502 -0.00083 0.000241
vn -0.000397 -0.000902 0.00017
vn -0.000506 -0.000837 0.00021
vn -0.000634 -0.000734 0.000243
vn -0.000487 -0.000851 0.000199
vn 0.000175 -0.000979 -0.0001
vn 0.000629 -0.000474 -0.000616
vn -0.000478 -0.000867 0.000144
vn -0.000485 -0.000852 0.000198
vn -0.000885 -0.000434 0.000172
vn -0.000956 -0.000287 0.000057
vn 0.000448 -0.000844 0.000294
vn 0.000504 -0.000814 0.000289
vn 0.000508 -0.000804 0.00031
vn 0.000561 -0.000772 0.000298
vn 0.000565 -0.000764 0.000311
vn 0.000621 -0.000725 0.000298
vn 0.000614 -0.000726 0.000308
vn 0.000669 -0.000681 0.000297
vn 0.000672 -0.000673 0.00031
vn 0.000803 -0.000518 0.000294
vn 0.00076 -0.000574 0.000306
vn 0.000765 -0.000572 0.000297
vn 0.000714 -0.000628 0.00031
vn 0.000722 -0.000625 0.000296
vn 0.000837 -0.000464 0.00029
vn 0.000803 -0.000519 0.000292
vn 0.000782 0.000551 0.000291
vn 0.000741 0.000604 0.000292
vn 0.00074 0.000604 0.000294
vn 0.000696 0.000658 0.000288
vn 0.000678 0.000661 0.000322
vn 0.000644 0.000709 0.000287
vn 0.000644 0.000707 0.000293
vn 0.00059 0.000752 0.000295
vn 0.000593 0.000752 0.000289
vn 0.000534 0.000795 0.000289
vn 0.000521 0.000794 0.000313
vn 0.000479 0.000825 0.000301
vn 0.000431 0.000859 0.000277
vn -0.000625 0.000715 0.000314
vn -0.000591 0.000754 0.000288
vn -0.000591 0.000753 0.000289
vn -0.000537 0.000792 0.000289
vn -0.000471 0.000825 0.000313
vn -0.000637 0.00071 0.0003
vn -0.000699 0.000654 0.00029
vn -0.000741 0.000604 0.000292
vn -0.000741 0.000604 0.000292
vn -0.000818 0.000488 0.000305
vn -0.000782 0.000552 0.00029
vn -0.000909 0.000301 0.000288
vn -0.000887 0.000355 0.000296
vn -0.000801 -0.00052 0.000298
vn -0.000804 -0.000518 0.000292
vn -0.000837 -0.000463 0.00029
vn -0.000763 -0.000569 0.000307
vn -0.000762 -0.000575 0.000297
vn -0.00072 -0.000622 0.000308
vn -0.000718 -0.00063 0.000296
vn -0.000667 -0.000679 0.000307
vn -0.000673 -0.000678 0.000296
vn -0.000615 -0.000727 0.000307
vn -0.000621 -0.000726 0.000297
vn -0.000566 -0.000764 0.000309
vn -0.000562 -0.000773 0.000295
vn -0.000508 -0.000806 0.000304
vn -0.000054 -0.000998 0.000006
vn -0.000029 -0.000997 0.000073
vn 0.000103 -0.000993 0.000049
vn 0.000019 -0.000999 0.000038
vn 0.000037 -0.000996 0.000077
vn -0.000585 -0.000811 0.000004
vn 0.00004 -0.000983 0.00018
vn 0.000036 -0.000982 0.000187
vn 0.000107 -0.000977 0.000185
vn 0.000116 -0.000979 0.000169
vn 0.000184 -0.000968 0.000169
vn 0.000183 -0.000968 0.000171
vn 0.000251 -0.000952 0.000175
vn 0.000254 -0.000952 0.00017
vn 0.000318 -0.000932 0.000175
vn 0.000321 -0.000931 0.000171
vn 0.00039 -0.000904 0.000176
vn 0.000394 -0.000903 0.000171
vn 0.000449 -0.000876 0.000173
vn 0.000457 -0.000875 0.00016
vn 0.000519 -0.000839 0.000163
vn 0.000519 -0.000839 0.000164
vn 0.00058 -0.000798 0.000165
vn 0.000582 -0.000797 0.000162
vn 0.000637 -0.000753 0.000162
vn 0.000639 -0.000753 0.00016
vn 0.000691 -0.000704 0.000162
vn 0.000691 -0.000705 0.000163
vn 0.000741 -0.000651 0.000167
vn 0.000744 -0.000648 0.00016
vn 0.000787 -0.000595 0.000162
vn 0.000789 -0.000594 0.00016
vn 0.000829 -0.000535 0.000162
vn 0.000831 -0.000533 0.000159
vn 0.000869 -0.000467 0.000163
vn 0.000864 -0.000473 0.000174
vn 0.000898 -0.000404 0.000175
vn 0.000899 -0.000402 0.000171
vn 0.000923 -0.000342 0.000177
vn 0.000925 -0.00034 0.000173
vn 0.000948 -0.000267 0.000175
vn 0.000948 -0.000267 0.000175
vn 0.000963 -0.000201 0.000179
vn 0.000966 -0.000196 0.00017
vn 0.000978 -0.000125 0.000169
vn 0.000977 -0.000127 0.000172
vn 0.000983 -0.000056 0.000174
vn 0.000984 -0.000054 0.00017
vn 0.000985 0.000014 0.000174
vn 0.000986 0.000019 0.000167
vn 0.000981 0.000091 0.000173
vn 0.00098 0.00009 0.000175
vn 0.00097 0.000162 0.000179
vn 0.000971 0.000168 0.000172
vn 0.000957 0.000231 0.000174
vn 0.000957 0.000233 0.000171
vn 0.000936 0.000306 0.000175
vn 0.000935 0.000309 0.000172
vn 0.000912 0.00037 0.000177
vn 0.000911 0.000374 0.000172
vn 0.000882 0.000439 0.000173
vn 0.000881 0.00044 0.000171
vn 0.000847 0.000503 0.000172
vn 0.000847 0.000502 0.000173
vn 0.00081 0.000559 0.000176
vn 0.000807 0.000568 0.00016
vn 0.000765 0.000623 0.000162
vn 0.000764 0.000625 0.000159
vn 0.000717 0.000678 0.000163
vn 0.000717 0.000678 0.000163
vn 0.000664 0.000729 0.000167
vn 0.000662 0.000732 0.00016
vn 0.000609 0.000776 0.000162
vn 0.000609 0.000776 0.000163
vn 0.00055 0.000818 0.000167
vn 0.000547 0.000822 0.000159
vn 0.000483 0.00086 0.000163
vn 0.000488 0.000856 0.000171
vn 0.00042 0.000891 0.000174
vn 0.000419 0.000892 0.000172
vn 0.000356 0.000918 0.000175
vn 0.000355 0.000919 0.000173
vn 0.000289 0.000941 0.000175
vn 0.000286 0.000943 0.00017
vn 0.000214 0.000962 0.000169
vn 0.000218 0.00096 0.000175
vn 0.000146 0.000973 0.000177
vn 0.000142 0.000975 0.000171
vn 0.000075 0.000982 0.000175
vn 0.000074 0.000982 0.000173
vn 0.000003 0.000984 0.000179
vn -0.000004 0.000986 0.000168
vn -0.000075 0.000982 0.000171
vn -0.000074 0.000982 0.000172
vn -0.000145 0.000974 0.000174
vn -0.000147 0.000974 0.000171
vn -0.000214 0.000961 0.000175
vn -0.000214 0.000961 0.000174
vn -0.000289 0.000941 0.000174
vn -0.00029 0.000941 0.000172
vn -0.000355 0.000918 0.000174
vn -0.000356 0.000918 0.000174
vn -0.00042 0.000891 0.000175
vn -0.000421 0.00089 0.000173
vn -0.000488 0.000856 0.000171
vn -0.000491 0.000855 0.000168
vn -0.000544 0.000821 0.000172
vn -0.00055 0.000819 0.000163
vn -0.000609 0.000776 0.000167
vn -0.000612 0.000774 0.00016
vn -0.000672 0.000722 0.000163
vn -0.000663 0.000728 0.000178
vn -0.000709 0.000682 0.00018
vn -0.000719 0.000676 0.00016
vn -0.000765 0.000623 0.000162
vn -0.000767 0.000622 0.000159
vn -0.000813 0.00056 0.000163
vn -0.000807 0.000564 0.000173
vn -0.000845 0.000505 0.000177
vn -0.00085 0.0005 0.000167
vn -0.000883 0.000438 0.00017
vn -0.000883 0.000438 0.00017
vn -0.000908 0.00038 0.000176
vn -0.000915 0.000372 0.000159
vn -0.00094 0.000299 0.000164
vn -0.000937 0.000303 0.000171
vn -0.000957 0.000231 0.000173
vn -0.000958 0.00023 0.000171
vn -0.000971 0.000164 0.000174
vn -0.000972 0.000161 0.00017
vn -0.00098 0.000094 0.000175
vn -0.000981 0.000091 0.000171
vn -0.000984 0.000016 0.000175
vn -0.000985 0.000014 0.000171
vn -0.000983 -0.000055 0.000173
vn -0.000984 -0.000057 0.000172
vn -0.000977 -0.000125 0.000175
vn -0.000977 -0.000127 0.000172
vn -0.000964 -0.000202 0.000174
vn -0.000964 -0.000203 0.000172
vn -0.000948 -0.000266 0.000174
vn -0.000948 -0.000269 0.00017
vn -0.000923 -0.00034 0.000177
vn -0.000923 -0.000343 0.000173
vn -0.000898 -0.000403 0.000174
vn -0.000898 -0.000406 0.00017
vn -0.000867 -0.000467 0.000176
vn -0.000865 -0.000476 0.00016
vn -0.000829 -0.000535 0.000162
vn -0.000829 -0.000536 0.00016
vn -0.000787 -0.000595 0.000163
vn -0.000787 -0.000596 0.00016
vn -0.000741 -0.000651 0.000162
vn -0.000741 -0.000652 0.000161
vn -0.000691 -0.000704 0.000167
vn -0.000688 -0.000708 0.000159
vn -0.000637 -0.000753 0.000163
vn -0.000636 -0.000755 0.000159
vn -0.00058 -0.000798 0.000163
vn -0.00058 -0.000798 0.000163
vn -0.00051 -0.000844 0.000168
vn -0.000514 -0.000839 0.000176
vn -0.000456 -0.000873 0.000174
vn -0.000456 -0.000873 0.000173
vn -0.000392 -0.000903 0.000178
vn -0.000387 -0.000906 0.000169
vn -0.00032 -0.000932 0.000171
vn -0.00032 -0.000932 0.000171
vn -0.000252 -0.000952 0.000173
vn -0.000251 -0.000953 0.000171
vn -0.000184 -0.000967 0.000175
vn -0.000181 -0.000968 0.000171
vn -0.000106 -0.000979 0.000175
vn -0.000104 -0.00098 0.000171
vn -0.000039 -0.000984 0.000176
vn -0.000044 -0.000982 0.000182
vn 0.000822 0.000486 0.000297
vn 0.000793 0.000512 0.00033
vn 0.000781 0.000547 0.000301
vn 0.000738 0.000548 0.000393
vn 0.000828 0.000452 0.000332
vn 0.00078 0.000525 0.000341
vn 0.000759 0.000553 0.000344
vn 0.000857 0.000227 0.000462
vn 0.000792 0.000507 0.000341
vn 0.000808 0.000479 0.000343
vn 0.000741 0.000605 0.000293
vn 0.000686 0.000681 0.000257
vn 0.000545 0.000735 0.000403
vn 0.0006 0.000698 0.00039
vn 0.000592 0.00075 0.000295
vn 0.000481 0.000807 0.000343
vn 0.000487 0.000803 0.000343
vn 0.000553 0.000759 0.000345
vn 0.000526 0.000779 0.000341
vn 0.00052 0.000783 0.000341
vn 0.000524 0.00081 0.000264
vn 0.0006 0.000721 0.000345
vn 0.000601 0.000716 0.000355
vn 0.000595 0.000725 0.000347
vn 0.000582 0.000736 0.000344
vn 0.000557 0.000756 0.000344
vn 0.000686 0.000646 0.000335
vn 0.000686 0.000646 0.000335
vn 0.000635 0.000636 0.000438
vn 0.000663 0.000648 0.000373
vn 0.000648 0.000684 0.000335
vn 0.000647 0.000686 0.000334
vn 0.000758 0.000554 0.000344
vn 0.000735 0.000584 0.000345
vn 0.000727 0.000593 0.000347
vn 0.000714 0.0006 0.000359
vn 0.000722 0.000598 0.000347
vn 0.000474 -0.000813 0.000339
vn 0.000545 -0.000765 0.000343
vn 0.000553 -0.000758 0.000345
vn 0.000372 -0.000837 0.000402
vn 0.000507 -0.000792 0.000341
vn 0.000481 -0.000807 0.000343
vn 0.000807 -0.000481 0.000342
vn 0.000803 -0.000487 0.000343
vn 0.000759 -0.000553 0.000344
vn 0.000765 -0.000545 0.000343
vn 0.000772 -0.000535 0.000342
vn 0.000784 -0.000518 0.000341
vn 0.000813 -0.00047 0.000344
vn 0.000798 -0.000511 0.000321
vn 0.000519 -0.00081 0.000273
vn 0.000721 -0.000599 0.00035
vn 0.000719 -0.000599 0.000353
vn 0.000728 -0.000592 0.000345
vn 0.000747 -0.00057 0.000343
vn 0.000652 -0.000681 0.000334
vn 0.000647 -0.000687 0.000332
vn 0.000649 -0.000679 0.000342
vn 0.000633 -0.000633 0.000445
vn 0.000664 -0.000647 0.000375
vn 0.000685 -0.000645 0.000339
vn 0.000685 -0.000645 0.000339
vn 0.000592 -0.000727 0.000347
vn 0.00057 -0.000746 0.000344
vn 0.000596 -0.000721 0.000354
vn -0.000531 0.000791 0.000304
vn -0.000513 0.000794 0.000327
vn -0.00041 0.000868 0.000282
vn 0.000184 -0.000983 0.000003
vn -0.000544 0.000766 0.000343
vn -0.000553 0.000758 0.000345
vn -0.000387 0.000833 0.000396
vn -0.000507 0.000792 0.000341
vn -0.000479 0.000808 0.000343
vn -0.000807 0.000481 0.000343
vn -0.000803 0.000486 0.000343
vn -0.000759 0.000553 0.000344
vn -0.000762 0.00055 0.000343
vn -0.000784 0.000518 0.000341
vn -0.000972 0.000014 -0.000234
vn -0.000794 0.000511 0.000329
vn -0.000781 0.000548 0.0003
vn -0.00074 0.000603 0.000296
vn -0.000693 0.000653 0.000305
vn -0.000664 0.000664 0.000344
vn -0.000545 0.000735 0.000403
vn -0.000721 0.000599 0.000349
vn -0.000716 0.000601 0.000355
vn -0.00073 0.000591 0.000343
vn -0.000725 0.000597 0.000344
vn -0.000758 0.000554 0.000344
vn -0.000647 0.000685 0.000335
vn -0.000633 0.000633 0.000445
vn -0.000647 0.000663 0.000376
vn -0.000688 0.000644 0.000336
vn -0.00068 0.000648 0.000343
vn -0.000571 0.000745 0.000344
vn -0.000592 0.000728 0.000346
vn -0.000601 0.000714 0.00036
vn -0.0006 0.000723 0.000343
vn -0.000765 -0.000545 0.000343
vn -0.000759 -0.000553 0.000345
vn -0.000808 -0.000479 0.000343
vn -0.000793 -0.000504 0.000341
vn -0.000821 -0.000427 0.000379
vn -0.000481 -0.000807 0.000343
vn -0.000485 -0.000804 0.000343
vn -0.000553 -0.000759 0.000345
vn -0.000526 -0.000779 0.000341
vn -0.00052 -0.000783 0.000341
vn -0.000455 -0.000823 0.000341
vn -0.000464 -0.00082 0.000336
vn -0.000512 -0.000806 0.000296
vn -0.000796 -0.000512 0.000323
vn -0.000801 -0.000494 0.000339
vn -0.000599 -0.000721 0.00035
vn -0.000599 -0.000719 0.000353
vn -0.000591 -0.00073 0.000343
vn -0.000597 -0.000725 0.000344
vn -0.000557 -0.000756 0.000344
vn -0.000681 -0.000652 0.000335
vn -0.000686 -0.000647 0.000333
vn -0.00068 -0.000649 0.000342
vn -0.000633 -0.000633 0.000445
vn -0.000646 -0.000663 0.000378
vn -0.000645 -0.000685 0.000339
vn -0.000645 -0.000685 0.000339
vn -0.000726 -0.000594 0.000347
vn -0.000746 -0.00057 0.000344
vn -0.000721 -0.000596 0.000353
vn 0.000471 -0.000813 0.000342
vn 0.000429 -0.000837 0.00034
vn 0.000414 -0.000844 0.000342
vn 0.000371 -0.000864 0.000339
vn 0.000341 -0.000876 0.000342
vn 0.000307 -0.000889 0.00034
vn 0.000269 -0.0009 0.000342
vn 0.000805 -0.000484 0.000343
vn 0.00083 -0.000442 0.00034
vn 0.000843 -0.000416 0.000342
vn 0.000855 -0.000392 0.00034
vn 0.000875 -0.000342 0.000342
vn 0.000883 -0.000324 0.00034
vn 0.000939 -0.00005 0.00034
vn 0.000901 -0.000268 0.000341
vn 0.000904 -0.000257 0.00034
vn 0.000918 -0.000204 0.000341
vn 0.000922 -0.000188 0.000339
vn 0.000935 -0.000102 0.000338
vn 0.000932 -0.000122 0.000341
vn 0.000939 -0.000055 0.00034
vn 0.000934 0.000108 0.000341
vn 0.000937 0.000086 0.000339
vn 0.000939 0.00005 0.000341
vn 0.000941 0.000017 0.000339
vn 0.00083 0.000442 0.00034
vn 0.000838 0.000426 0.00034
vn 0.000843 0.000417 0.000341
vn 0.00087 0.000356 0.00034
vn 0.000875 0.000342 0.000342
vn 0.000896 0.000287 0.00034
vn 0.000901 0.000266 0.000342
vn 0.000913 0.000225 0.00034
vn 0.000916 0.000209 0.000341
vn 0.000929 0.000152 0.000338
vn 0.000446 0.000828 0.000341
vn 0.000419 0.000841 0.000342
vn 0.000405 0.000848 0.00034
vn 0.000342 0.000876 0.000341
vn 0.00034 0.000877 0.000341
vn 0.000268 0.000901 0.00034
vn 0.000271 0.0009 0.000341
vn 0.000207 0.000917 0.00034
vn 0.000203 0.000918 0.00034
vn 0.000142 0.00093 0.000338
vn 0.000101 0.000934 0.000341
vn 0.000071 0.000938 0.00034
vn 0.000052 0.000939 0.000341
vn -0.000342 0.000876 0.000341
vn -0 0.000941 0.000338
vn -0.000054 0.000939 0.000341
vn -0.000068 0.000938 0.00034
vn -0.000103 0.000934 0.000341
vn -0.000138 0.000931 0.000338
vn -0.000208 0.000917 0.00034
vn -0.000208 0.000917 0.00034
vn -0.000268 0.000901 0.000341
vn -0.000273 0.0009 0.00034
vn -0.000336 0.000878 0.00034
vn -0.000447 0.000827 0.000341
vn -0.000407 0.000847 0.000342
vn -0.000418 0.000843 0.00034
vn -0.000828 0.000445 0.000341
vn -0.000839 0.000424 0.00034
vn -0.000842 0.000417 0.000341
vn -0.000868 0.000363 0.00034
vn -0.000875 0.000342 0.000343
vn -0.000898 0.000279 0.000341
vn -0.000899 0.000276 0.00034
vn -0.000924 0.000183 0.000335
vn -0.000912 0.000224 0.000342
vn -0.000927 0.000157 0.000339
vn -0.000932 0.000117 0.000342
vn -0.000937 0.000086 0.00034
vn -0.000939 0.00005 0.000341
vn -0.000941 0.000018 0.000339
vn -0.000939 -0.000052 0.00034
vn -0.000939 -0.000051 0.00034
vn -0.000934 -0.000105 0.000341
vn -0.000933 -0.000124 0.000339
vn -0.000918 -0.000207 0.000338
vn -0.000921 -0.000189 0.000341
vn -0.000901 -0.000268 0.00034
vn -0.000904 -0.000258 0.000341
vn -0.000884 -0.000321 0.00034
vn -0.000875 -0.000342 0.000342
vn -0.000856 -0.00039 0.00034
vn -0.000843 -0.000415 0.000342
vn -0.00083 -0.000442 0.00034
vn -0.000891 -0.000314 0.000327
vn -0.000432 -0.000835 0.00034
vn -0.000414 -0.000843 0.000342
vn -0.000373 -0.000864 0.000339
vn -0.00034 -0.000876 0.000342
vn -0.000308 -0.000889 0.00034
vn -0.000269 -0.0009 0.000342
vn -0.000242 -0.000909 0.00034
vn -0.000203 -0.000918 0.000341
vn -0.000172 -0.000925 0.000338
vn -0.000102 -0.000935 0.00034
vn -0.000107 -0.000934 0.00034
vn -0.000051 -0.000939 0.000341
vn -0.000033 -0.00094 0.000339
vn 0.000054 -0.000939 0.000338
vn 0.000034 -0.000939 0.000341
vn 0.000105 -0.000934 0.00034
vn 0.000108 -0.000934 0.00034
vn 0.000206 -0.000919 0.000337
vn 0.000172 -0.000924 0.000342
vn 0.000239 -0.00091 0.00034
vn -0.000846 0.000504 0.000173
vn -0.000981 -0.000048 0.000187
vn -0.000917 -0.000358 0.000173
vn -0.000573 -0.000803 0.000166
vn 0.000846 -0.000504 0.000173
vn 0.000983 0.000048 0.000176
vn 0.000917 0.000358 0.000173
vn 0.000572 0.000802 0.000173
vn -0.000731 0.00062 0.000286
vn -0.00078 0.000556 0.000286
vn -0.000893 0.000348 0.000286
vn -0.000861 -0.000422 0.000284
vn -0.000272 -0.00092 0.000283
vn 0.000731 -0.00062 0.000286
vn 0.00078 -0.000556 0.000286
vn 0.000893 -0.000348 0.000286
vn 0.000861 0.000424 0.000282
vn 0.000129 0.000949 0.000287
vn 0.000185 0.00094 0.000286
vn 0.000348 0.000892 0.000287
vn 0.000273 0.000918 0.000286
vn 0.000274 0.000918 0.000287
vn 0.000492 0.000821 0.00029
vn 0.000556 0.00078 0.000286
vn 0.000557 0.00078 0.000287
vn 0.00062 0.000731 0.000286
vn 0.000677 0.000677 0.000287
vn 0.00078 0.000557 0.000286
vn 0.000893 0.000348 0.000286
vn 0.000893 0.000349 0.000285
vn 0.000939 0.000187 0.000287
vn 0.000958 0.000028 0.000286
vn 0.00094 -0.000186 0.000286
vn 0.000893 -0.000348 0.000286
vn 0.000918 -0.000273 0.000286
vn 0.000918 -0.000273 0.000286
vn 0.000861 -0.000424 0.000281
vn 0.000823 -0.00049 0.000286
vn 0.000822 -0.000491 0.000288
vn 0.000677 -0.000677 0.000287
vn 0.000677 -0.000677 0.000287
vn 0.000619 -0.000731 0.000285
vn 0.000619 -0.000733 0.000282
vn 0.000422 -0.000861 0.000284
vn 0.00049 -0.000823 0.000287
vn 0.000491 -0.000823 0.000286
vn 0.000557 -0.00078 0.000286
vn 0.000557 -0.00078 0.000286
vn 0.000348 -0.000893 0.000286
vn 0.000188 -0.000939 0.000287
vn 0.000031 -0.000957 0.000287
vn -0.000348 -0.000893 0.000285
vn -0.000491 -0.000822 0.000287
vn -0.000556 -0.00078 0.000286
vn -0.000557 -0.00078 0.000287
vn -0.00062 -0.000731 0.000286
vn -0.000677 -0.000677 0.000287
vn -0.00078 -0.000557 0.000286
vn -0.000893 -0.000348 0.000286
vn -0.000893 -0.000348 0.000286
vn -0.000939 -0.000188 0.000286
vn -0.000958 -0.00003 0.000286
vn -0.000935 0.000205 0.000291
vn -0.000892 0.000349 0.000286
vn -0.000921 0.000263 0.000286
vn -0.000861 0.000426 0.000279
vn -0.000823 0.00049 0.000286
vn -0.000822 0.000491 0.000289
vn -0.000677 0.000677 0.000287
vn -0.000677 0.000677 0.000287
vn -0.000619 0.000731 0.000285
vn -0.000619 0.000733 0.000282
vn -0.000423 0.000861 0.000283
vn -0.00049 0.000823 0.000287
vn -0.000491 0.000823 0.000286
vn -0.000557 0.00078 0.000286
vn -0.000557 0.00078 0.000286
vn -0.000348 0.000893 0.000286
vn -0.000188 0.00094 0.000286
vn -0.000029 0.000959 0.000284
vn 0.00005 0.000984 0.000171
vn 0.000113 0.000977 0.000179
vn 0.000211 0.000963 0.00017
vn 0.000208 0.000963 0.000173
vn 0.000281 0.000944 0.000173
vn 0.000281 0.000944 0.000173
vn 0.000504 0.000846 0.000173
vn 0.000677 0.000677 0.000287
vn 0.000696 0.000696 0.000173
vn 0.000703 0.000693 0.00016
vn 0.000733 0.000619 0.000282
vn 0.000731 0.000619 0.000285
vn 0.000753 0.000637 0.000166
vn 0.000748 0.000641 0.000173
vn 0.00089 0.000427 0.000161
vn 0.000968 0.000195 0.00016
vn 0.000959 0.00021 0.000188
vn 0.000976 0.000122 0.000182
vn 0.000887 -0.000428 0.000173
vn 0.000917 -0.000358 0.000173
vn 0.000917 -0.000358 0.000173
vn 0.000944 -0.000281 0.000173
vn 0.000944 -0.000289 0.00016
vn 0.000964 -0.000209 0.000165
vn 0.000964 -0.000195 0.000182
vn 0.000696 -0.000696 0.000173
vn 0.000696 -0.000696 0.000173
vn 0.000641 -0.000747 0.000173
vn 0.000638 -0.000753 0.000164
vn 0.000568 -0.000807 0.000161
vn 0.000572 -0.000802 0.000173
vn 0.000504 -0.000846 0.000173
vn 0.000504 -0.000846 0.000173
vn 0.000348 -0.000893 0.000286
vn 0.000358 -0.000917 0.000173
vn 0.000352 -0.000922 0.00016
vn 0.000272 -0.00092 0.000284
vn 0.000273 -0.000918 0.000287
vn 0.000281 -0.000944 0.000173
vn 0.000281 -0.000944 0.000173
vn 0.000049 -0.000983 0.000178
vn 0.000038 -0.000986 0.000161
vn -0.000028 -0.000958 0.000286
vn -0.000046 -0.000984 0.000173
vn -0.000049 -0.000984 0.000169
vn -0.000186 -0.00094 0.000288
vn -0.000208 -0.000963 0.000173
vn -0.000211 -0.000963 0.000169
vn -0.000273 -0.000918 0.000287
vn -0.000281 -0.000944 0.000173
vn -0.000281 -0.000944 0.000173
vn -0.000504 -0.000846 0.000173
vn -0.000677 -0.000677 0.000287
vn -0.000696 -0.000696 0.000173
vn -0.000696 -0.000696 0.000173
vn -0.000733 -0.000619 0.000282
vn -0.000731 -0.000619 0.000285
vn -0.000753 -0.000637 0.000166
vn -0.000748 -0.000641 0.000173
vn -0.00089 -0.000427 0.000161
vn -0.000968 -0.000195 0.00016
vn -0.00096 -0.000209 0.000186
vn -0.000976 -0.000122 0.000181
vn -0.000887 0.000428 0.000173
vn -0.000917 0.000358 0.000173
vn -0.000917 0.000358 0.000173
vn -0.000943 0.000285 0.000173
vn -0.000942 0.000289 0.000167
vn -0.000965 0.000193 0.000179
vn -0.000965 0.000197 0.000173
vn -0.000696 0.000696 0.000173
vn -0.000696 0.000696 0.000173
vn -0.000641 0.000747 0.000173
vn -0.000638 0.000753 0.000164
vn -0.000568 0.000807 0.000161
vn -0.000572 0.000802 0.000173
vn -0.000504 0.000846 0.000173
vn -0.000504 0.000846 0.000173
vn -0.000348 0.000893 0.000286
vn -0.000358 0.000917 0.000173
vn -0.000352 0.000922 0.00016
vn -0.000274 0.000918 0.000287
vn -0.000273 0.000918 0.000286
vn -0.000281 0.000944 0.000173
vn -0.000281 0.000944 0.000173
vn -0.000038 0.000986 0.000161
vn -0.000049 0.000983 0.000177
vn 0.000135 0.000989 0.000058
vn 0.000117 0.000978 0.000173
vn 0.000048 0.000984 0.000173
vn 0.000028 0.000958 0.000284
vn 0.000285 0.000957 0.000058
vn 0.000285 0.000957 0.000058
vn 0.000196 0.000979 0.000058
vn 0.000373 0.000926 0.000058
vn 0.000353 0.000919 0.000173
vn 0.000358 0.000919 0.000166
vn 0.000348 0.000893 0.000286
vn 0.00044 0.000883 0.00016
vn 0.000433 0.000885 0.000173
vn 0.000421 0.000861 0.000286
vn 0.000427 0.000861 0.000277
vn 0.000431 0.000901 0.000058
vn 0.000511 0.000858 0.000058
vn 0.000511 0.000858 0.000058
vn 0.00049 0.000823 0.000286
vn 0.000504 0.000846 0.000173
vn 0.000572 0.000802 0.000173
vn 0.00058 0.000812 0.000058
vn 0.00058 0.000812 0.000058
vn 0.000654 0.000754 0.000058
vn 0.000632 0.000755 0.000173
vn 0.000637 0.000753 0.000166
vn 0.00062 0.000732 0.000285
vn 0.000769 0.000637 0.000058
vn 0.0007 0.000712 0.000058
vn 0.000807 0.000587 0.000058
vn 0.000808 0.000568 0.00016
vn 0.000802 0.000572 0.000173
vn 0.00078 0.000557 0.000286
vn 0.000823 0.000491 0.000286
vn 0.000863 0.000502 0.000058
vn 0.000843 0.00051 0.000173
vn 0.000847 0.000505 0.000164
vn 0.000823 0.00049 0.000287
vn 0.000893 0.000446 0.000058
vn 0.000861 0.000421 0.000287
vn 0.000885 0.000433 0.000173
vn 0.000917 0.000358 0.000173
vn 0.00093 0.000363 0.000058
vn 0.00093 0.000363 0.000058
vn 0.00096 0.000274 0.000058
vn 0.000942 0.000286 0.000173
vn 0.000945 0.000281 0.000166
vn 0.000918 0.000273 0.000286
vn 0.000919 0.000273 0.000285
vn 0.000975 0.000213 0.000058
vn 0.000991 0.000123 0.000058
vn 0.000991 0.000123 0.000058
vn 0.000949 0.000131 0.000286
vn 0.000978 0.000116 0.000173
vn 0.000984 0.000046 0.000173
vn 0.000998 0.00003 0.000058
vn 0.000998 -0.000033 0.000058
vn 0.000984 -0.00005 0.000172
vn 0.000984 -0.000048 0.000173
vn 0.000958 -0.000028 0.000286
vn 0.000991 -0.000123 0.000058
vn 0.000977 -0.000122 0.000173
vn 0.000976 -0.000114 0.000186
vn 0.00095 -0.000127 0.000286
vn 0.000991 -0.000123 0.000058
vn 0.000975 -0.000216 0.000058
vn 0.000959 -0.000277 0.000058
vn 0.00093 -0.000363 0.000058
vn 0.00093 -0.000363 0.000058
vn 0.000892 -0.000449 0.000058
vn 0.000861 -0.000421 0.000286
vn 0.000886 -0.000433 0.000166
vn 0.000844 -0.000512 0.00016
vn 0.000862 -0.000504 0.000058
vn 0.000806 -0.000589 0.000058
vn 0.000805 -0.000568 0.000173
vn 0.000803 -0.000573 0.000166
vn 0.00078 -0.000557 0.000287
vn 0.000748 -0.000644 0.00016
vn 0.000752 -0.000637 0.000173
vn 0.000732 -0.00062 0.000285
vn 0.000767 -0.000639 0.000058
vn 0.000706 -0.000706 0.000058
vn 0.000706 -0.000706 0.000058
vn 0.000638 -0.000768 0.000058
vn 0.000511 -0.000858 0.000058
vn 0.000511 -0.000858 0.000058
vn 0.000587 -0.000808 0.000058
vn 0.000428 -0.000902 0.000058
vn 0.000437 -0.000882 0.000173
vn 0.000433 -0.000886 0.000166
vn 0.000421 -0.000861 0.000286
vn 0.000285 -0.000957 0.000058
vn 0.000285 -0.000957 0.000058
vn 0.000371 -0.000927 0.000058
vn 0.000205 -0.000977 0.000058
vn 0.000202 -0.000964 0.000173
vn 0.000209 -0.00096 0.000187
vn 0.000205 -0.000977 0.000058
vn 0.000114 -0.000992 0.000058
vn 0.000129 -0.000975 0.000181
vn 0.000116 -0.00098 0.000164
vn 0.00013 -0.000949 0.000286
vn -0.000033 -0.000998 0.000058
vn -0.000135 -0.000989 0.000058
vn -0.000117 -0.000978 0.000173
vn -0.000114 -0.000978 0.000177
vn -0.000128 -0.00095 0.000286
vn -0.000285 -0.000957 0.000058
vn -0.000285 -0.000957 0.000058
vn -0.000196 -0.000979 0.000058
vn -0.000373 -0.000926 0.000058
vn -0.000353 -0.000919 0.000173
vn -0.000358 -0.000919 0.000166
vn -0.000348 -0.000893 0.000286
vn -0.00044 -0.000883 0.00016
vn -0.000433 -0.000885 0.000173
vn -0.000421 -0.000861 0.000286
vn -0.000423 -0.000861 0.000283
vn -0.000431 -0.000901 0.000058
vn -0.000511 -0.000858 0.000058
vn -0.000511 -0.000858 0.000058
vn -0.00049 -0.000823 0.000286
vn -0.000504 -0.000846 0.000173
vn -0.000568 -0.000805 0.000173
vn -0.000589 -0.000806 0.000058
vn -0.000639 -0.000767 0.000058
vn -0.000644 -0.000748 0.00016
vn -0.000637 -0.000752 0.000173
vn -0.00062 -0.000732 0.000285
vn -0.000769 -0.000637 0.000058
vn -0.000706 -0.000706 0.000058
vn -0.000706 -0.000706 0.000058
vn -0.000807 -0.000587 0.000058
vn -0.000808 -0.000568 0.00016
vn -0.000802 -0.000572 0.000173
vn -0.00078 -0.000557 0.000286
vn -0.000823 -0.000491 0.000286
vn -0.000863 -0.000502 0.000058
vn -0.000843 -0.00051 0.000173
vn -0.000847 -0.000505 0.000164
vn -0.000823 -0.00049 0.000287
vn -0.000893 -0.000446 0.000058
vn -0.000861 -0.000421 0.000286
vn -0.000885 -0.000433 0.000173
vn -0.000917 -0.000358 0.000173
vn -0.00093 -0.000363 0.000058
vn -0.00093 -0.000363 0.000058
vn -0.00096 -0.000274 0.000058
vn -0.000942 -0.000286 0.000173
vn -0.000945 -0.000281 0.000166
vn -0.000918 -0.000273 0.000287
vn -0.000918 -0.000273 0.000286
vn -0.000975 -0.000213 0.000058
vn -0.000991 -0.000123 0.000058
vn -0.000991 -0.000123 0.000058
vn -0.000949 -0.00013 0.000286
vn -0.000978 -0.000117 0.000173
vn -0.000984 -0.000041 0.000173
vn -0.000997 -0.000041 0.000058
vn -0.000997 -0.000041 0.000058
vn -0.000997 0.000053 0.000058
vn -0.000983 0.000034 0.000183
vn -0.000985 0.000048 0.000165
vn -0.000958 0.000027 0.000286
vn -0.000979 0.000129 0.00016
vn -0.000977 0.000122 0.000173
vn -0.000951 0.000119 0.000287
vn -0.000953 0.000125 0.000276
vn -0.000992 0.000115 0.000058
vn -0.000975 0.000216 0.000058
vn -0.000959 0.000277 0.000058
vn -0.00093 0.000363 0.000058
vn -0.00093 0.000363 0.000058
vn -0.000892 0.000449 0.000058
vn -0.000861 0.000421 0.000287
vn -0.000886 0.000433 0.000166
vn -0.000844 0.000512 0.00016
vn -0.000862 0.000504 0.000058
vn -0.000806 0.000589 0.000058
vn -0.000805 0.000568 0.000173
vn -0.000803 0.000573 0.000166
vn -0.00078 0.000557 0.000287
vn -0.000748 0.000644 0.00016
vn -0.000752 0.000637 0.000173
vn -0.000732 0.00062 0.000285
vn -0.000767 0.000639 0.000058
vn -0.000706 0.000706 0.000058
vn -0.000706 0.000706 0.000058
vn -0.000638 0.000768 0.000058
vn -0.000511 0.000858 0.000058
vn -0.000511 0.000858 0.000058
vn -0.000587 0.000808 0.000058
vn -0.000428 0.000902 0.000058
vn -0.000437 0.000882 0.000173
vn -0.000433 0.000886 0.000166
vn -0.000421 0.000861 0.000286
vn -0.000285 0.000957 0.000058
vn -0.000285 0.000957 0.000058
vn -0.000371 0.000927 0.000058
vn -0.000205 0.000977 0.000058
vn -0.000202 0.000964 0.000173
vn -0.000208 0.00096 0.000185
vn -0.000205 0.000977 0.000058
vn -0.000114 0.000992 0.000058
vn -0.000129 0.000975 0.000182
vn -0.000115 0.00098 0.000164
vn -0.000129 0.000949 0.000287
vn 0.000033 0.000998 0.000058
vn -0.000038 0.000999 0.000021
vn -0.000042 0.000999 0.000017
vn 0.000049 0.000999 0.000021
vn 0.00004 0.000999 0.000008
vn 0.000124 0.000992 0.000008
vn 0.000118 0.000993 0.000016
vn 0.000213 0.000977 0.00002
vn 0.000199 0.00098 0.000001
vn 0.000285 0.000958 0.000001
vn 0.000291 0.000957 0.000009
vn 0.000363 0.000932 0.000009
vn 0.000358 0.000933 0.000016
vn 0.000446 0.000895 0.00002
vn 0.000439 0.000899 0.000008
vn 0.000512 0.000859 0.000009
vn 0.000513 0.000858 0.000011
vn 0.000581 0.000814 0.000007
vn 0.000583 0.000812 0.00001
vn 0.00064 0.000769 0.000007
vn 0.000648 0.000761 0.000017
vn 0.000713 0.000701 0.000018
vn 0.000709 0.000705 0.000011
vn 0.000758 0.000652 0.00001
vn 0.000764 0.000645 0.000018
vn 0.000818 0.000575 0.00002
vn 0.00081 0.000586 0.000001
vn 0.000852 0.000523 0.000001
vn 0.000862 0.000506 0.000019
vn 0.000901 0.000432 0.000021
vn 0.000897 0.000441 0.000008
vn 0.000932 0.000363 0.000006
vn 0.000933 0.00036 0.000011
vn 0.000956 0.000294 0.000008
vn 0.000959 0.000282 0.000018
vn 0.00098 0.000198 0.00002
vn 0.000978 0.000211 0.000002
vn 0.000992 0.000124 0.000003
vn 0.000993 0.00012 0.000008
vn 0.000999 0.00005 0.000006
vn 0.000999 0.000045 0.000011
vn 0.000999 -0.000051 0.000015
vn 0.000999 -0.000042 0.000002
vn 0.000992 -0.000124 0.000002
vn 0.000992 -0.000125 0.000003
vn 0.000981 -0.000195 0.000002
vn 0.000978 -0.000206 0.000013
vn 0.000956 -0.000294 0.000016
vn 0.000959 -0.000284 0.000001
vn 0.000932 -0.000364 0.000001
vn 0.000932 -0.000363 0.000001
vn 0.000903 -0.000429 0.000001
vn 0.000898 -0.00044 0.000012
vn 0.000854 -0.00052 0.000015
vn 0.000859 -0.000512 0.000001
vn 0.000814 -0.000581 0.000001
vn 0.000818 -0.000575 0.000011
vn 0.000757 -0.000654 0.000015
vn 0.000763 -0.000646 0.000001
vn 0.000707 -0.000707 0.000001
vn 0.000707 -0.000707 0.000001
vn 0.000656 -0.000755 0.000001
vn 0.000646 -0.000763 0.000013
vn 0.000573 -0.000819 0.000015
vn 0.000581 -0.000814 0.000001
vn 0.000512 -0.000859 0.000001
vn 0.000512 -0.000859 0.000001
vn 0.000449 -0.000893 0.000001
vn 0.000439 -0.000898 0.000012
vn 0.000354 -0.000935 0.000015
vn 0.000364 -0.000931 0.000001
vn 0.000285 -0.000958 0.000001
vn 0.000285 -0.000958 0.000001
vn 0.000205 -0.000979 0.000001
vn 0.000204 -0.000979 0.000003
vn 0.000136 -0.000991 0.000002
vn 0.000124 -0.000992 0.000013
vn 0.000038 -0.000999 0.000015
vn 0.000041 -0.000999 0.000012
vn -0.000051 -0.000999 0.000015
vn -0.000042 -0.000999 0.000003
vn -0.000113 -0.000994 0.000002
vn -0.000124 -0.000992 0.000013
vn -0.000214 -0.000977 0.000016
vn -0.000205 -0.000979 0.000002
vn -0.000285 -0.000958 0.000003
vn -0.000284 -0.000959 0.000002
vn -0.000363 -0.000932 0.000002
vn -0.000357 -0.000934 0.000011
vn -0.000448 -0.000894 0.000015
vn -0.000439 -0.000898 0.000001
vn -0.000512 -0.000859 0.000001
vn -0.000512 -0.000859 0.000001
vn -0.000572 -0.00082 0.000001
vn -0.000581 -0.000814 0.000012
vn -0.000654 -0.000756 0.000015
vn -0.000646 -0.000763 0.000001
vn -0.000707 -0.000707 0.000001
vn -0.000707 -0.000707 0.000002
vn -0.000756 -0.000655 0.000002
vn -0.000763 -0.000646 0.000012
vn -0.000819 -0.000573 0.000015
vn -0.000814 -0.000581 0.000001
vn -0.000852 -0.000523 0.000001
vn -0.000859 -0.000512 0.000013
vn -0.000903 -0.00043 0.000015
vn -0.000899 -0.000439 0.000001
vn -0.000932 -0.000364 0.000001
vn -0.000932 -0.000363 0.000001
vn -0.000955 -0.000296 0.000001
vn -0.000958 -0.000285 0.000012
vn -0.000981 -0.000195 0.000015
vn -0.000979 -0.000205 0.000002
vn -0.000992 -0.000124 0.000003
vn -0.000992 -0.000125 0.000001
vn -0.000999 -0.000041 0.000001
vn -0.000999 -0.000041 0.000002
vn -0.000999 0.000041 0.000002
vn -0.000999 0.000034 0.000011
vn -0.000991 0.000134 0.000015
vn -0.000992 0.000125 0.000003
vn -0.000981 0.000195 0.000002
vn -0.000978 0.000206 0.000013
vn -0.000956 0.000294 0.000016
vn -0.000957 0.000288 0.000008
vn -0.000932 0.000363 0.00001
vn -0.000932 0.000362 0.000007
vn -0.000902 0.000432 0.00001
vn -0.000898 0.000439 0.000017
vn -0.000855 0.000518 0.000021
vn -0.00086 0.00051 0.000007
vn -0.000815 0.000579 0.00001
vn -0.000817 0.000576 0.000015
vn -0.000758 0.000652 0.000021
vn -0.000763 0.000646 0.00001
vn -0.000707 0.000707 0.000008
vn -0.000707 0.000707 0.000008
vn -0.000655 0.000756 0.000006
vn -0.000643 0.000766 0.00002
vn -0.000575 0.000818 0.000021
vn -0.000584 0.000812 0.000007
vn -0.000512 0.000859 0.00001
vn -0.000512 0.000859 0.000009
vn -0.000447 0.000895 0.000008
vn -0.000438 0.000899 0.000017
vn -0.000356 0.000934 0.000021
vn -0.000367 0.00093 0.000006
vn -0.000285 0.000958 0.000007
vn -0.000283 0.000959 0.000011
vn -0.000205 0.000979 0.000008
vn -0.000209 0.000978 0.000003
vn -0.000136 0.000991 0.000002
vn -0.000118 0.000993 0.000019
vn -0.00059 -0.000278 0.000758
vn -0.000763 -0.000298 0.000574
vn -0.000604 -0.000226 0.000764
vn -0.000791 -0.000235 0.000565
vn -0.000612 -0.000172 0.000772
vn 0.000033 -0.000783 0.000621
vn 0.000032 -0.000779 0.000626
vn 0.000159 -0.000747 0.000645
vn 0.000159 -0.00075 0.000642
vn 0.000224 -0.000748 0.000625
vn 0.000217 -0.000728 0.00065
vn 0.000342 -0.000695 0.000633
vn 0.000322 -0.000659 0.00068
vn 0.000402 -0.000669 0.000626
vn 0.000369 -0.00062 0.000692
vn 0.000514 -0.000599 0.000613
vn 0.000447 -0.000527 0.000723
vn 0.000671 -0.000469 0.000575
vn 0.000537 -0.000383 0.000752
vn 0.000619 -0.000231 0.00075
vn 0.000793 -0.00031 0.000523
vn 0.000832 -0.00016 0.000531
vn 0.000493 -0.000103 0.000864
vn 0.000852 -0.000092 0.000514
vn 0.000606 -0.000073 0.000792
vn 0.000845 0.000032 0.000534
vn 0.000503 0.000067 0.000862
vn 0.0006 0.000422 0.00068
vn 0.000272 0.000958 -0.000089
vn 0.000211 0.000721 0.00066
vn -0.000078 0.000412 0.000908
vn -0.000512 0.000121 0.00085
vn -0.000807 0.00017 0.000565
vn -0.000539 0.000079 0.000839
vn -0.000847 0.000104 0.000521
vn -0.000633 -0.000014 0.000774
vn -0.000857 -0.000035 0.000514
vn -0.000876 -0.000094 0.000473
vn -0.000612 -0.000073 0.000788
vn -0.000545 -0.00038 0.000748
vn -0.000651 -0.000465 0.0006
vn -0.000511 -0.000424 0.000747
vn -0.000606 -0.000513 0.000608
vn -0.000448 -0.000521 0.000727
vn -0.000508 -0.000599 0.000619
vn -0.000321 -0.000649 0.00069
vn -0.000354 -0.000727 0.000589
vn -0.00015 -0.000711 0.000687
vn -0.000154 -0.000733 0.000662
vn 0.000096 -0.000789 0.000606
vn 0.000094 -0.000753 0.000651
vn 0.000271 -0.000694 0.000667
vn 0.000283 -0.000722 0.000631
vn 0.000408 -0.000572 0.000712
vn 0.000458 -0.000635 0.000622
vn 0.000571 -0.000562 0.000598
vn 0.00048 -0.00048 0.000735
vn 0.000511 -0.000433 0.000742
vn 0.000623 -0.000519 0.000585
vn 0.000717 -0.000417 0.000559
vn 0.000552 -0.000329 0.000766
vn 0.000629 -0.000306 0.000715
vn 0.000756 -0.00036 0.000546
vn 0.000788 -0.000236 0.000568
vn 0.000532 -0.000148 0.000834
vn 0.000595 -0.000024 0.000803
vn 0.000907 -0.000021 0.000421
vn 0.00079 0.000164 0.000591
vn 0.000632 0.000383 0.000673
vn 0.000153 0.000707 0.00069
vn -0.000107 0.000858 0.000503
vn -0.000762 0.000224 0.000608
vn -0.000851 0.000035 0.000524
vn -0.000626 0.000038 0.000778
vn -0.000545 -0.000104 0.000832
vn -0.000806 -0.000171 0.000566
vn -0.000759 -0.000372 0.000534
vn -0.000592 -0.000351 0.000726
vn -0.000718 -0.000418 0.000556
vn -0.000558 -0.000558 0.000614
vn -0.00048 -0.000472 0.00074
vn -0.000409 -0.000565 0.000717
vn -0.000453 -0.000634 0.000626
vn -0.000402 -0.000674 0.00062
vn -0.000371 -0.000615 0.000695
vn -0.000283 -0.000722 0.000632
vn -0.000283 -0.000723 0.00063
vn -0.000215 -0.000714 0.000666
vn -0.000216 -0.000719 0.000661
vn -0.000092 -0.000738 0.000669
vn -0.000093 -0.000745 0.00066
vn -0.00003 -0.00076 0.000649
vn -0.00003 -0.000777 0.000629
vn 0.000084 0.000498 0.000863
vn 0.00012 0.000968 0.000219
vn 0.000045 0.000533 0.000845
vn 0.00004 0.000987 0.000155
vn 0 0.000499 0.000867
vn -0.000041 0.000991 0.000124
vn -0.000039 0.000409 0.000912
vn -0.000112 0.000655 -0.000748
vn -0.000119 0.000465 0.000877
vn -0.000279 0.000946 0.000166
vn -0.000178 0.000511 0.000841
vn -0.000358 0.00091 0.000207
vn -0.000204 0.000458 0.000865
vn -0.000428 0.000879 0.000211
vn -0.000244 0.000445 0.000861
vn -0.000505 0.000848 0.000161
vn -0.000279 0.000421 0.000863
vn -0.000573 0.000798 0.000189
vn -0.000301 0.00038 0.000875
vn -0.000624 0.000742 0.000244
vn -0.000377 0.000402 0.000835
vn -0.000682 0.000683 0.000261
vn -0.000383 0.000345 0.000856
vn -0.000749 0.000634 0.000189
vn -0.000407 0.000309 0.000859
vn -0.000791 0.000563 0.00024
vn -0.000434 0.000275 0.000858
vn -0.000835 0.000495 0.000239
vn -0.000459 0.00024 0.000855
vn -0.000878 0.000429 0.000214
vn -0.000478 0.000201 0.000855
vn -0.000898 0.000348 0.000268
vn -0.000438 0.000137 0.000888
vn 0.000985 0.000148 -0.000094
vn 0.000535 0.000029 0.000844
vn 0.000462 0.000103 0.000881
vn 0.000496 0.000161 0.000853
vn 0.000926 0.000273 0.000263
vn 0.000867 0.000425 0.000258
vn 0.000516 0.000217 0.000829
vn 0.000899 0.000348 0.000265
vn 0.000848 0.00052 -0.000097
vn 0.000463 0.000242 0.000853
vn 0.000516 0.000327 0.000792
vn 0.000408 0.000309 0.000859
vn 0.000713 0.000491 -0.000501
vn 0.000379 0.000341 0.000861
vn 0.000753 0.000636 0.000169
vn 0.000347 0.00037 0.000862
vn 0.000694 0.00069 0.000209
vn 0.000314 0.000396 0.000863
vn 0.000633 0.000744 0.000213
vn 0.000279 0.00042 0.000864
vn 0.00057 0.000795 0.000208
vn 0.000245 0.000445 0.000861
vn 0.000506 0.000848 0.000159
vn 0.000206 0.000463 0.000862
vn 0.000427 0.000876 0.000224
vn 0.000119 0.000446 0.000887
vn 0.000218 0.000974 -0.000062
vn 0.000151 0.000444 0.000883
vn 0.000354 0.000909 0.000218
vn -0 -0 0.001
vn -0.000001 -0 0.001
vn 0 -0 0.001
vn -0.000001 -0.000001 0.001
vn 0.000001 -0 0.001
vn 0 0 0.001
vn -0.000001 0 0.001
vn 0 0 0.001
vn -0 0 0.001
vn 0 -0 0.001
vn -0 -0 0.001
vn -0.000001 0 0.001
vn -0 0 0.001
vn 0.000001 -0 0.001
vn 0 0 0.001
vn -0 0 0.001
vn -0 0.000001 0.001
vn 0 -0.000002 0.001
vn 0.000001 0.000001 0.001
vn 0 -0 0.001
vn 0 -0 0.001
vn -0 0 0.001
vn 0 -0 0.001
vn 0 -0 0.001
vn 0 0 0.001
vn 0 -0 0.001
vn 0 0.000001 0.001
vn -0 -0 0.001
vn 0.000001 -0.000001 0.001
vn 0 0 0.001
vn 0.00086 0.000511 0.000003
vn -0.000926 0.000378 0.000003
vn -0.000751 -0.00066 0.000002
vn -0.001 0.000018 0.000003
vn 0.000074 0.000997 0.000003
vn 0.000674 0.000739 0.000003
vn -0.00022 0.000975 0.000003
vn 0.000939 -0.000344 0.000002
vn -0.000674 0.000739 0.000003
vn 0.000495 0.000869 0.000003
vn -0.000798 -0.000603 0.000003
vn 0.000217 0.000976 0.000004
vn 0.000951 0.000309 0.000003
vn -0.000895 0.000446 0.000003
vn -0.000588 -0.000809 0.000003
vn -0.000495 0.000869 0.000003
vn -0.000878 -0.000479 0.000003
vn 0.000726 0.000687 0.000003
vn -0.000701 -0.000714 0.000003
vn -0.000395 -0.000918 0.000003
vn 0.000971 0.000238 0.000003
vn -0.000996 0.000092 0.000003
vn 0.000105 -0.000994 -0.000001
vn 0.000751 -0.00066 0.000003
vn 0.000701 -0.000714 0.000002
vn -0.000147 0.000989 0.000003
vn -0.000617 0.000787 0.000003
vn 0.00015 0.000989 0.000004
vn 0.000006 -0.001 -0.000005
vn -0.00082 0.000573 0.000003
vn -0.000646 -0.000763 0.000003
vn -0.000979 -0.000202 0.000003
vn 0.000987 0.000162 0.000005
vn 0.000291 0.000957 0.000003
vn -0.000462 -0.000887 0.000003
vn -0.00084 -0.000542 0.000003
vn 0.00082 0.000573 0.000003
vn 0.000979 -0.000202 0.000003
vn -0.000288 0.000958 0.000004
vn 0.001 0.000018 0.000003
vn 0.000557 0.00083 0.000003
vn 0.000878 -0.000479 0.000003
vn -0.000361 0.000933 0.000003
vn 0.000996 0.000092 0.000003
vn 0.000909 -0.000416 0.000004
vn 0.000617 0.000787 0.000003
vn -0.000726 0.000687 0.000003
vn -0.000074 0.000997 0.000003
vn -0.000256 -0.000967 0.000002
vn -0.000775 0.000632 0.000003
vn -0.000939 -0.000344 0.000003
vn -0.000429 0.000903 0.000003
vn 0.000992 -0.00013 0.000003
vn 0.00084 -0.000542 0.000003
vn 0.000646 -0.000763 0.000003
vn 0.000588 -0.000809 0.000003
vn -0.000951 0.000309 0.000003
vn 0.000526 -0.00085 0.000003
vn -0.000971 0.000238 0.000003
vn 0.000256 -0.000967 0.000003
vn 0.000462 -0.000887 0.000003
vn -0.000184 -0.000983 0.000003
vn -0.000992 -0.000129 0.000003
vn 0.000395 -0.000918 0.000003
vn -0.00086 0.000511 0.000003
vn 0.000429 0.000903 0.000003
vn 0.000798 -0.000603 0.000003
vn -0.000962 -0.000274 0.000003
vn 0.000775 0.000632 0.000003
vn 0.000645 -0.000764 0.000003
vn -0.000986 0.000166 0.000003
vn 0.000926 0.000378 0.000003
vn 0.000895 0.000446 0.000003
vn -0.000526 -0.00085 0.000003
vn 0.000327 -0.000945 0.000003
vn -0.000328 -0.000945 0.000003
vn 0.000361 0.000932 0.000003
vn -0.000998 -0.000055 0.000003
vn -0.000911 -0.000412 0.000003
vn 0.000962 -0.000274 0.000003
vn -0.000104 -0.000995 0
vn -0.000557 0.00083 0.000003
vn 0.000998 -0.000056 0.000003
vn -0 0.001 0.000003
vn 0.000185 -0.000983 0.000003
vn 0.00086 0.000511 0.000003
vn -0.000926 0.000376 0.000004
vn -0.000748 -0.000664 0.000005
vn -0.001 0.000019 0.000003
vn 0.00007 0.000998 0.000004
vn 0.000674 0.000739 0.000003
vn -0.000225 0.000974 0.000005
vn 0.000941 -0.00034 0.000004
vn -0.000674 0.000739 0.000003
vn 0.000491 0.000871 0.000004
vn -0.000798 -0.000602 0.000003
vn 0.000951 0.000309 0.000003
vn -0.000896 0.000443 0.000004
vn -0.000495 0.000869 0.000003
vn -0.000878 -0.000478 0.000003
vn 0.000724 0.00069 0.000004
vn -0.0007 -0.000714 0.000004
vn -0.000395 -0.000919 0.000003
vn 0.00097 0.000242 0.000004
vn -0.000996 0.000089 0.000004
vn 0.000113 -0.000994 0.000003
vn 0.000751 -0.00066 0.000003
vn 0.000704 -0.00071 0.000004
vn -0.00015 0.000989 0.000004
vn -0.000618 0.000786 0.000004
vn 0.000147 0.000989 0.000003
vn 0.000019 -0.001 0.000001
vn -0.000822 0.00057 0.000004
vn -0.000644 -0.000765 0.000004
vn -0.000979 -0.000202 0.000003
vn 0.000986 0.000166 0.000003
vn 0.000292 0.000956 0.000003
vn -0.000458 -0.000889 0.000004
vn -0.000839 -0.000545 0.000004
vn 0.000819 0.000573 0.000003
vn -0.000291 0.000957 0.000003
vn 0.001 0.000021 0.000004
vn 0.000557 0.000831 0.000004
vn 0.00088 -0.000474 0.000005
vn -0.000361 0.000932 0.000003
vn 0.000911 -0.000412 0.000003
vn 0.000614 0.000789 0.000004
vn -0.000727 0.000687 0.000003
vn -0.000076 0.000997 0.000003
vn -0.000253 -0.000968 0.000004
vn -0.000777 0.000629 0.000004
vn -0.000939 -0.000345 0.000004
vn -0.00043 0.000903 0.000003
vn 0.000992 -0.000129 0.000003
vn 0.000842 -0.00054 0.000004
vn -0.000953 0.000304 0.000005
vn 0.000527 -0.00085 0.000003
vn -0.000971 0.000238 0.000003
vn 0.000259 -0.000966 0.000004
vn 0.000465 -0.000885 0.000004
vn -0.000991 -0.000133 0.000004
vn 0.000395 -0.000919 0.000003
vn -0.00086 0.000511 0.000003
vn 0.000429 0.000903 0.000003
vn 0.000799 -0.000601 0.000003
vn -0.000961 -0.000278 0.000004
vn 0.000773 0.000634 0.000004
vn -0.000987 0.000163 0.000004
vn 0.000925 0.00038 0.000003
vn 0.000894 0.000449 0.000004
vn -0.000527 -0.00085 0.000003
vn 0.00033 -0.000944 0.000004
vn -0.000327 -0.000945 0.000003
vn 0.000358 0.000934 0.000004
vn -0.000998 -0.000058 0.000004
vn -0.00091 -0.000416 0.000004
vn 0.000962 -0.000271 0.000004
vn -0.000561 0.000828 0.000004
vn 0.000998 -0.000055 0.000003
usemtl JointGrey
f 1//1 2//1 3//1
f 4//2 5//2 3//2
f 6//3 7//3 3//3
f 5//4 8//4 3//4
f 9//5 10//5 3//5
f 10//6 11//6 3//6
f 7//7 4//7 3//7
f 11//8 12//8 3//8
f 8//9 9//9 3//9
f 12//10 1//10 3//10
f 13//11 14//11 15//11
f 15//12 14//12 16//12
f 15//13 16//13 17//13
f 17//14 16//14 18//14
f 17//15 18//15 19//15
f 19//16 18//16 20//16
f 19//17 20//17 21//17
f 21//18 20//18 22//18
f 21//19 22//19 23//19
f 23//20 22//20 24//20
f 23//21 24//21 25//21
f 25//22 24//22 26//22
f 25//23 26//23 27//23
f 27//24 26//24 28//24
f 27//25 28//25 29//25
f 29//26 28//26 30//26
f 29//27 30//27 31//27
f 31//28 30//28 32//28
f 31//29 32//29 33//29
f 33//30 32//30 34//30
f 33//31 34//31 35//31
f 35//32 34//32 36//32
f 35//33 36//33 13//33
f 13//34 36//34 14//34
f 37//35 38//35 39//35
f 39//36 38//36 40//36
f 39//37 40//37 41//37
f 41//38 40//38 42//38
f 41//39 42//39 43//39
f 43//40 42//40 44//40
f 43//41 44//41 45//41
f 45//42 44//42 46//42
f 45//43 46//43 47//43
f 47//44 46//44 48//44
f 47//45 48//45 49//45
f 49//46 48//46 50//46
f 49//47 50//47 51//47
f 51//48 50//48 52//48
f 51//49 52//49 53//49
f 53//50 52//50 54//50
f 53//51 54//51 55//51
f 55//52 54//52 56//52
f 55//53 56//53 57//53
f 57//54 56//54 58//54
f 57//55 58//55 59//55
f 59//56 58//56 60//56
f 59//57 60//57 37//57
f 37//58 60//58 38//58
f 61//59 62//59 63//59
f 63//60 62//60 64//60
f 63//61 64//61 65//61
f 65//62 64//62 66//62
f 65//63 66//63 67//63
f 67//64 66//64 68//64
f 67//65 68//65 69//65
f 69//66 68//66 70//66
f 69//67 70//67 71//67
f 71//68 70//68 72//68
f 71//69 72//69 73//69
f 73//70 72//70 74//70
f 73//71 74//71 75//71
f 75//72 74//72 76//72
f 75//73 76//73 77//73
f 77//74 76//74 78//74
f 77//75 78//75 79//75
f 79//76 78//76 80//76
f 79//77 80//77 81//77
f 81//78 80//78 82//78
f 81//79 82//79 83//79
f 83//80 82//80 84//80
f 83//81 84//81 61//81
f 61//82 84//82 62//82
f 2//83 85//83 3//83
f 3//84 85//84 86//84
f 3//85 86//85 6//85
f 6//86 86//86 87//86
f 6//87 87//87 7//87
f 7//88 87//88 88//88
f 7//89 88//89 4//89
f 4//90 88//90 89//90
f 4//91 89//91 5//91
f 5//92 89//92 90//92
f 5//93 90//93 8//93
f 8//94 90//94 91//94
f 8//95 91//95 9//95
f 9//96 91//96 92//96
f 9//97 92//97 10//97
f 10//98 92//98 93//98
f 10//99 93//99 11//99
f 11//100 93//100 94//100
f 11//101 94//101 12//101
f 12//102 94//102 95//102
f 12//103 95//103 1//103
f 1//104 95//104 96//104
f 1//105 96//105 2//105
f 2//106 96//106 85//106
f 22//107 97//107 98//107
f 22//108 98//108 24//108
f 24//109 98//109 99//109
f 24//110 99//110 100//110
f 24//111 100//111 101//111
f 24//112 101//112 26//112
f 26//113 101//113 102//113
f 26//114 102//114 28//114
f 28//115 102//115 103//115
f 28//116 103//116 30//116
f 30//117 103//117 104//117
f 30//118 104//118 105//118
f 30//119 105//119 106//119
f 30//120 106//120 32//120
f 32//121 106//121 107//121
f 32//122 107//122 34//122
f 34//123 107//123 108//123
f 34//124 108//124 109//124
f 34//125 109//125 36//125
f 36//126 109//126 110//126
f 36//127 110//127 111//127
f 36//128 111//128 14//128
f 14//129 111//129 112//129
f 14//130 112//130 16//130
f 16//131 112//131 113//131
f 16//132 113//132 114//132
f 16//133 114//133 18//133
f 18//134 114//134 115//134
f 18//135 115//135 116//135
f 18//136 116//136 117//136
f 18//137 117//137 20//137
f 20//138 117//138 97//138
f 20//139 97//139 22//139
f 46//140 118//140 48//140
f 48//141 118//141 119//141
f 48//142 119//142 120//142
f 48//143 120//143 121//143
f 48//144 121//144 50//144
f 50//145 121//145 122//145
f 50//146 122//146 52//146
f 52//147 122//147 123//147
f 52//148 123//148 124//148
f 52//149 124//149 54//149
f 54//150 124//150 125//150
f 54//151 125//151 126//151
f 54//152 126//152 56//152
f 56//153 126//153 127//153
f 56//154 127//154 58//154
f 58//155 127//155 128//155
f 58//156 128//156 129//156
f 58//157 129//157 60//157
f 60//158 129//158 130//158
f 60//159 130//159 131//159
f 60//160 131//160 132//160
f 60//161 132//161 38//161
f 38//162 132//162 133//162
f 38//163 133//163 40//163
f 40//164 133//164 134//164
f 40//165 134//165 42//165
f 42//166 134//166 135//166
f 42//167 135//167 136//167
f 42//168 136//168 137//168
f 42//169 137//169 44//169
f 44//170 137//170 138//170
f 44//171 138//171 46//171
f 46//107 138//107 118//107
f 64//172 139//172 140//172
f 64//173 140//173 66//173
f 66//174 140//174 141//174
f 66//175 141//175 142//175
f 66//176 142//176 68//176
f 68//177 142//177 143//177
f 68//178 143//178 70//178
f 70//179 143//179 144//179
f 70//180 144//180 145//180
f 70//181 145//181 72//181
f 72//182 145//182 146//182
f 72//183 146//183 147//183
f 72//184 147//184 148//184
f 72//185 148//185 74//185
f 74//186 148//186 149//186
f 74//187 149//187 76//187
f 76//188 149//188 150//188
f 76//189 150//189 78//189
f 78//190 150//190 151//190
f 78//191 151//191 152//191
f 78//192 152//192 153//192
f 78//193 153//193 80//193
f 80//194 153//194 154//194
f 80//195 154//195 82//195
f 82//196 154//196 155//196
f 82//197 155//197 84//197
f 84//198 155//198 156//198
f 84//199 156//199 157//199
f 84//200 157//200 158//200
f 84//201 158//201 62//201
f 62//202 158//202 159//202
f 62//203 159//203 64//203
f 64//204 159//204 139//204
f 86//205 160//205 161//205
f 86//206 161//206 87//206
f 87//207 161//207 162//207
f 87//208 162//208 163//208
f 87//209 163//209 164//209
f 87//210 164//210 88//210
f 88//211 164//211 165//211
f 88//212 165//212 89//212
f 89//213 165//213 166//213
f 89//214 166//214 167//214
f 89//215 167//215 90//215
f 90//216 167//216 168//216
f 90//217 168//217 169//217
f 90//218 169//218 91//218
f 91//219 169//219 170//219
f 91//220 170//220 92//220
f 92//221 170//221 171//221
f 92//222 171//222 172//222
f 92//223 172//223 93//223
f 93//224 172//224 173//224
f 93//225 173//225 174//225
f 93//226 174//226 175//226
f 93//227 175//227 94//227
f 94//228 175//228 176//228
f 94//229 176//229 95//229
f 95//196 176//196 177//196
f 95//230 177//230 96//230
f 96//231 177//231 178//231
f 96//232 178//232 179//232
f 96//233 179//233 180//233
f 96//234 180//234 85//234
f 85//235 180//235 160//235
f 85//236 160//236 86//236
f 112//237 181//237 113//237
f 113//238 181//238 182//238
f 113//239 182//239 114//239
f 114//240 182//240 183//240
f 114//241 183//241 115//241
f 115//242 183//242 184//242
f 115//243 184//243 116//243
f 116//244 184//244 185//244
f 116//245 185//245 117//245
f 117//246 185//246 186//246
f 117//247 186//247 97//247
f 97//248 186//248 187//248
f 97//249 187//249 98//249
f 98//250 187//250 188//250
f 98//251 188//251 99//251
f 99//252 188//252 189//252
f 99//253 189//253 100//253
f 100//254 189//254 190//254
f 100//255 190//255 101//255
f 101//256 190//256 191//256
f 101//257 191//257 102//257
f 102//258 191//258 192//258
f 102//259 192//259 103//259
f 103//260 192//260 193//260
f 103//261 193//261 104//261
f 104//262 193//262 194//262
f 104//263 194//263 105//263
f 105//264 194//264 195//264
f 105//265 195//265 106//265
f 106//266 195//266 107//266
f 107//267 195//267 196//267
f 107//268 196//268 108//268
f 108//269 196//269 197//269
f 108//270 197//270 109//270
f 109//271 197//271 198//271
f 109//272 198//272 199//272
f 109//273 199//273 110//273
f 110//274 199//274 111//274
f 111//275 199//275 200//275
f 111//276 200//276 112//276
f 112//277 200//277 181//277
f 132//278 201//278 133//278
f 133//279 201//279 202//279
f 133//280 202//280 134//280
f 134//281 202//281 203//281
f 134//282 203//282 135//282
f 135//283 203//283 204//283
f 135//284 204//284 136//284
f 136//285 204//285 205//285
f 136//286 205//286 137//286
f 137//287 205//287 206//287
f 137//288 206//288 138//288
f 138//289 206//289 207//289
f 138//290 207//290 118//290
f 118//291 207//291 208//291
f 118//292 208//292 119//292
f 119//293 208//293 209//293
f 119//294 209//294 120//294
f 120//295 209//295 210//295
f 120//296 210//296 121//296
f 121//297 210//297 122//297
f 122//298 210//298 211//298
f 122//299 211//299 123//299
f 123//300 211//300 212//300
f 123//301 212//301 124//301
f 124//302 212//302 213//302
f 124//303 213//303 214//303
f 124//304 214//304 125//304
f 125//305 214//305 126//305
f 126//306 214//306 215//306
f 126//307 215//307 127//307
f 127//308 215//308 216//308
f 127//309 216//309 128//309
f 128//310 216//310 217//310
f 128//311 217//311 129//311
f 129//312 217//312 218//312
f 129//313 218//313 130//313
f 130//314 218//314 219//314
f 130//315 219//315 131//315
f 131//316 219//316 220//316
f 131//317 220//317 132//317
f 132//318 220//318 201//318
f 159//319 221//319 139//319
f 139//320 221//320 222//320
f 139//321 222//321 140//321
f 140//322 222//322 223//322
f 140//323 223//323 224//323
f 140//324 224//324 141//324
f 141//325 224//325 142//325
f 142//326 224//326 225//326
f 142//327 225//327 143//327
f 143//328 225//328 226//328
f 143//329 226//329 144//329
f 144//330 226//330 227//330
f 144//331 227//331 145//331
f 145//332 227//332 228//332
f 145//333 228//333 146//333
f 146//334 228//334 229//334
f 146//335 229//335 147//335
f 147//336 229//336 230//336
f 147//337 230//337 148//337
f 148//338 230//338 231//338
f 148//339 231//339 149//339
f 149//340 231//340 232//340
f 149//341 232//341 150//341
f 150//342 232//342 233//342
f 150//343 233//343 151//343
f 151//344 233//344 234//344
f 151//345 234//345 152//345
f 152//346 234//346 235//346
f 152//347 235//347 153//347
f 153//348 235//348 236//348
f 153//349 236//349 154//349
f 154//350 236//350 237//350
f 154//351 237//351 155//351
f 155//352 237//352 238//352
f 155//353 238//353 156//353
f 156//354 238//354 239//354
f 156//355 239//355 157//355
f 157//356 239//356 240//356
f 157//357 240//357 158//357
f 158//358 240//358 159//358
f 159//359 240//359 221//359
f 180//360 241//360 160//360
f 160//361 241//361 242//361
f 160//362 242//362 161//362
f 161//363 242//363 243//363
f 161//364 243//364 162//364
f 162//365 243//365 244//365
f 162//366 244//366 163//366
f 163//367 244//367 245//367
f 163//368 245//368 164//368
f 164//369 245//369 165//369
f 165//370 245//370 246//370
f 165//371 246//371 166//371
f 166//372 246//372 247//372
f 166//373 247//373 167//373
f 167//374 247//374 248//374
f 167//375 248//375 249//375
f 167//376 249//376 168//376
f 168//377 249//377 169//377
f 169//378 249//378 250//378
f 169//379 250//379 170//379
f 170//380 250//380 251//380
f 170//381 251//381 171//381
f 171//382 251//382 252//382
f 171//383 252//383 172//383
f 172//384 252//384 253//384
f 172//385 253//385 173//385
f 173//386 253//386 254//386
f 173//387 254//387 174//387
f 174//388 254//388 255//388
f 174//389 255//389 175//389
f 175//390 255//390 256//390
f 175//391 256//391 176//391
f 176//392 256//392 257//392
f 176//393 257//393 177//393
f 177//394 257//394 258//394
f 177//395 258//395 178//395
f 178//396 258//396 259//396
f 178//397 259//397 179//397
f 179//398 259//398 260//398
f 179//399 260//399 180//399
f 180//400 260//400 241//400
f 181//401 261//401 182//401
f 182//402 261//402 262//402
f 182//403 262//403 183//403
f 183//404 262//404 184//404
f 184//405 262//405 263//405
f 184//406 263//406 185//406
f 185//407 263//407 264//407
f 185//408 264//408 186//408
f 186//409 264//409 187//409
f 187//410 264//410 265//410
f 187//411 265//411 188//411
f 188//412 265//412 266//412
f 188//413 266//413 189//413
f 189//414 266//414 267//414
f 189//415 267//415 190//415
f 190//416 267//416 268//416
f 190//417 268//417 191//417
f 191//418 268//418 269//418
f 191//419 269//419 192//419
f 192//420 269//420 270//420
f 192//421 270//421 193//421
f 193//422 270//422 271//422
f 193//423 271//423 194//423
f 194//424 271//424 195//424
f 195//425 271//425 272//425
f 195//426 272//426 196//426
f 196//427 272//427 273//427
f 196//428 273//428 197//428
f 197//429 273//429 274//429
f 197//430 274//430 198//430
f 198//431 274//431 199//431
f 199//432 274//432 275//432
f 199//433 275//433 200//433
f 200//434 275//434 276//434
f 200//435 276//435 181//435
f 181//436 276//436 261//436
f 277//437 278//437 279//437
f 277//438 279//438 280//438
f 280//439 279//439 281//439
f 282//440 283//440 284//440
f 285//441 282//441 284//441
f 286//442 285//442 287//442
f 287//443 285//443 284//443
f 278//444 286//444 288//444
f 288//445 286//445 287//445
f 288//446 287//446 289//446
f 290//447 278//447 288//447
f 290//448 288//448 291//448
f 291//449 288//449 289//449
f 278//450 290//450 279//450
f 279//451 290//451 281//451
f 281//452 290//452 291//452
f 292//453 293//453 294//453
f 294//454 293//454 269//454
f 295//455 296//455 297//455
f 295//456 298//456 296//456
f 299//457 269//457 293//457
f 299//458 293//458 300//458
f 301//459 299//459 302//459
f 302//460 299//460 300//460
f 302//461 300//461 303//461
f 304//462 301//462 302//462
f 304//463 302//463 305//463
f 305//464 302//464 303//464
f 297//465 301//465 304//465
f 297//466 304//466 295//466
f 295//467 304//467 305//467
f 292//468 294//468 306//468
f 306//469 294//469 307//469
f 308//470 309//470 310//470
f 310//471 309//471 311//471
f 311//472 312//472 313//472
f 313//473 312//473 314//473
f 294//474 315//474 307//474
f 307//475 315//475 309//475
f 307//476 309//476 308//476
f 312//477 316//477 314//477
f 314//478 316//478 277//478
f 314//479 277//479 317//479
f 317//480 277//480 280//480
f 309//481 318//481 311//481
f 311//482 318//482 312//482
f 309//483 315//483 318//483
f 318//484 316//484 312//484
f 202//485 319//485 203//485
f 203//486 319//486 320//486
f 203//487 320//487 204//487
f 204//488 320//488 321//488
f 204//489 321//489 205//489
f 205//490 321//490 322//490
f 205//491 322//491 206//491
f 206//492 322//492 323//492
f 206//493 323//493 207//493
f 207//494 323//494 324//494
f 207//495 324//495 208//495
f 208//496 324//496 209//496
f 209//497 324//497 325//497
f 209//498 325//498 210//498
f 210//499 325//499 326//499
f 210//500 326//500 211//500
f 211//501 326//501 327//501
f 211//502 327//502 212//502
f 212//503 327//503 328//503
f 212//504 328//504 213//504
f 213//505 328//505 214//505
f 214//506 328//506 329//506
f 214//507 329//507 215//507
f 215//508 329//508 330//508
f 215//509 330//509 216//509
f 216//510 330//510 331//510
f 216//511 331//511 217//511
f 217//512 331//512 332//512
f 217//513 332//513 218//513
f 218//514 332//514 219//514
f 219//515 332//515 333//515
f 219//516 333//516 220//516
f 220//517 333//517 334//517
f 220//518 334//518 201//518
f 201//519 334//519 202//519
f 202//520 334//520 319//520
f 335//521 336//521 337//521
f 335//522 337//522 338//522
f 338//523 337//523 339//523
f 340//524 341//524 342//524
f 342//525 341//525 343//525
f 340//526 344//526 341//526
f 345//527 344//527 340//527
f 345//528 340//528 346//528
f 346//529 340//529 342//529
f 336//530 345//530 347//530
f 347//531 345//531 346//531
f 347//532 346//532 348//532
f 349//533 336//533 347//533
f 349//534 347//534 350//534
f 350//535 347//535 348//535
f 336//536 349//536 337//536
f 337//537 349//537 339//537
f 339//538 349//538 350//538
f 351//539 352//539 353//539
f 353//540 352//540 323//540
f 354//541 355//541 356//541
f 356//542 355//542 357//542
f 354//543 358//543 355//543
f 359//544 323//544 360//544
f 360//545 323//545 352//545
f 360//546 352//546 361//546
f 362//547 359//547 360//547
f 362//548 360//548 363//548
f 363//549 360//549 361//549
f 364//550 359//550 362//550
f 364//551 362//551 365//551
f 365//552 362//552 363//552
f 357//553 364//553 356//553
f 356//554 364//554 354//554
f 354//555 364//555 365//555
f 351//556 353//556 366//556
f 366//557 353//557 367//557
f 368//558 369//558 370//558
f 370//559 369//559 371//559
f 353//560 372//560 367//560
f 367//561 372//561 373//561
f 367//562 373//562 374//562
f 374//563 373//563 368//563
f 371//564 375//564 376//564
f 376//565 375//565 335//565
f 376//566 335//566 377//566
f 377//567 335//567 338//567
f 368//568 373//568 369//568
f 369//569 378//569 371//569
f 371//570 378//570 375//570
f 373//571 378//571 369//571
f 378//572 335//572 375//572
f 221//573 379//573 222//573
f 222//574 379//574 380//574
f 222//575 380//575 223//575
f 223//576 380//576 224//576
f 224//577 380//577 381//577
f 224//578 381//578 225//578
f 225//579 381//579 382//579
f 225//580 382//580 226//580
f 226//581 382//581 383//581
f 226//582 383//582 227//582
f 227//583 383//583 384//583
f 227//584 384//584 228//584
f 228//585 384//585 229//585
f 229//586 384//586 385//586
f 229//587 385//587 230//587
f 230//588 385//588 386//588
f 230//589 386//589 231//589
f 231//590 386//590 232//590
f 232//591 386//591 387//591
f 232//592 387//592 233//592
f 233//593 387//593 388//593
f 233//594 388//594 234//594
f 234//595 388//595 389//595
f 234//596 389//596 235//596
f 235//597 389//597 390//597
f 235//598 390//598 236//598
f 236//599 390//599 391//599
f 236//600 391//600 237//600
f 237//601 391//601 392//601
f 237//602 392//602 238//602
f 238//603 392//603 239//603
f 239//604 392//604 393//604
f 239//605 393//605 240//605
f 240//606 393//606 394//606
f 240//607 394//607 221//607
f 221//608 394//608 379//608
f 395//609 396//609 397//609
f 398//610 396//610 395//610
f 399//611 398//611 395//611
f 400//612 401//612 402//612
f 400//613 402//613 403//613
f 403//614 402//614 404//614
f 405//615 399//615 406//615
f 406//616 399//616 395//616
f 406//617 395//617 407//617
f 408//618 405//618 406//618
f 408//619 406//619 409//619
f 409//620 406//620 407//620
f 401//621 405//621 410//621
f 410//622 405//622 408//622
f 410//623 408//623 411//623
f 411//624 408//624 409//624
f 401//625 410//625 402//625
f 402//626 410//626 404//626
f 404//627 410//627 411//627
f 412//628 413//628 414//628
f 412//629 414//629 415//629
f 415//630 414//630 391//630
f 416//631 417//631 418//631
f 416//632 419//632 417//632
f 420//633 391//633 421//633
f 421//634 391//634 414//634
f 421//635 414//635 422//635
f 422//636 414//636 413//636
f 423//637 420//637 421//637
f 423//638 421//638 424//638
f 424//639 421//639 422//639
f 425//640 420//640 423//640
f 425//641 423//641 426//641
f 426//642 423//642 424//642
f 418//643 425//643 416//643
f 416//644 425//644 426//644
f 412//645 415//645 427//645
f 427//646 415//646 428//646
f 429//647 430//647 431//647
f 431//648 430//648 432//648
f 432//649 433//649 434//649
f 434//650 433//650 435//650
f 415//651 436//651 428//651
f 428//652 436//652 430//652
f 428//653 430//653 429//653
f 433//654 437//654 435//654
f 435//655 437//655 400//655
f 435//656 400//656 438//656
f 438//657 400//657 403//657
f 430//658 439//658 432//658
f 432//659 439//659 433//659
f 430//660 436//660 439//660
f 439//661 437//661 433//661
f 257//662 440//662 258//662
f 258//663 440//663 441//663
f 258//664 441//664 259//664
f 259//665 441//665 442//665
f 259//666 442//666 260//666
f 260//667 442//667 443//667
f 260//668 443//668 241//668
f 241//669 443//669 444//669
f 241//670 444//670 242//670
f 242//671 444//671 445//671
f 242//672 445//672 243//672
f 243//673 445//673 244//673
f 244//674 445//674 446//674
f 244//675 446//675 245//675
f 245//676 446//676 447//676
f 245//677 447//677 246//677
f 246//678 447//678 448//678
f 246//679 448//679 247//679
f 247//680 448//680 449//680
f 247//681 449//681 248//681
f 248//682 449//682 249//682
f 249//683 449//683 450//683
f 249//684 450//684 250//684
f 250//685 450//685 451//685
f 250//686 451//686 251//686
f 251//687 451//687 452//687
f 251//688 452//688 252//688
f 252//689 452//689 453//689
f 252//690 453//690 253//690
f 253//691 453//691 254//691
f 254//692 453//692 454//692
f 254//693 454//693 255//693
f 255//694 454//694 455//694
f 255//695 455//695 256//695
f 256//696 455//696 257//696
f 257//697 455//697 440//697
f 456//698 457//698 458//698
f 456//699 458//699 459//699
f 459//700 458//700 460//700
f 461//701 462//701 463//701
f 464//702 462//702 461//702
f 464//703 465//703 462//703
f 466//704 465//704 464//704
f 467//705 466//705 464//705
f 467//706 464//706 468//706
f 468//707 464//707 461//707
f 457//708 467//708 469//708
f 469//709 467//709 468//709
f 469//710 468//710 470//710
f 471//711 457//711 469//711
f 471//712 469//712 472//712
f 472//713 469//713 470//713
f 457//714 471//714 458//714
f 458//715 471//715 460//715
f 460//716 471//716 472//716
f 473//717 474//717 475//717
f 473//718 475//718 476//718
f 476//719 475//719 444//719
f 477//720 478//720 479//720
f 479//721 478//721 480//721
f 481//722 444//722 475//722
f 481//723 475//723 482//723
f 482//724 475//724 474//724
f 483//725 481//725 484//725
f 484//726 481//726 482//726
f 484//727 482//727 485//727
f 486//728 483//728 484//728
f 486//729 484//729 487//729
f 487//730 484//730 485//730
f 479//731 483//731 486//731
f 479//732 486//732 477//732
f 477//733 486//733 487//733
f 473//734 476//734 488//734
f 488//735 476//735 489//735
f 490//736 491//736 492//736
f 492//737 491//737 493//737
f 476//738 494//738 489//738
f 489//739 494//739 495//739
f 489//740 495//740 496//740
f 496//741 495//741 490//741
f 493//742 497//742 498//742
f 498//743 497//743 456//743
f 498//744 456//744 499//744
f 499//745 456//745 459//745
f 490//746 495//746 491//746
f 491//747 497//747 493//747
f 491//748 495//748 497//748
f 500//749 501//749 502//749
f 503//749 504//749 502//749
f 505//749 506//749 502//749
f 507//749 508//749 502//749
f 509//749 510//749 502//749
f 511//749 512//749 502//749
f 513//749 505//749 502//749
f 514//749 515//749 502//749
f 516//749 517//749 502//749
f 518//749 519//749 502//749
f 520//749 521//749 502//749
f 508//749 522//749 502//749
f 523//749 524//749 502//749
f 525//749 526//749 502//749
f 527//749 528//749 502//749
f 506//749 529//749 502//749
f 530//749 531//749 502//749
f 532//749 533//749 502//749
f 526//749 534//749 502//749
f 535//749 509//749 502//749
f 536//749 537//749 502//749
f 529//749 538//749 502//749
f 512//749 539//749 502//749
f 540//749 541//749 502//749
f 542//749 518//749 502//749
f 510//749 543//749 502//749
f 522//749 532//749 502//749
f 541//749 544//749 502//749
f 545//749 546//749 502//749
f 547//749 548//749 502//749
f 549//749 550//749 502//749
f 551//749 552//749 502//749
f 553//749 554//749 502//749
f 528//749 555//749 502//749
f 556//749 553//749 502//749
f 521//749 557//749 502//749
f 558//749 559//749 502//749
f 560//749 561//749 502//749
f 501//749 545//749 502//749
f 559//749 562//749 502//749
f 561//749 563//749 502//749
f 564//749 514//749 502//749
f 504//749 525//749 502//749
f 552//749 565//749 502//749
f 550//749 523//749 502//749
f 566//749 567//749 502//749
f 543//749 547//749 502//749
f 533//749 568//749 502//749
f 537//749 569//749 502//749
f 567//749 570//749 502//749
f 571//749 566//749 502//749
f 572//749 564//749 502//749
f 573//749 535//749 502//749
f 538//749 549//749 502//749
f 574//749 511//749 502//749
f 575//749 576//749 502//749
f 546//749 577//749 502//749
f 517//749 540//749 502//749
f 578//749 520//749 502//749
f 579//749 573//749 502//749
f 563//749 574//749 502//749
f 539//749 500//749 502//749
f 576//749 527//749 502//749
f 580//749 578//749 502//749
f 554//749 530//749 502//749
f 565//749 507//749 502//749
f 515//749 581//749 502//749
f 582//749 583//749 502//749
f 584//749 560//749 502//749
f 583//749 572//749 502//749
f 548//749 582//749 502//749
f 544//749 551//749 502//749
f 577//749 571//749 502//749
f 562//749 513//749 502//749
f 557//749 542//749 502//749
f 555//749 516//749 502//749
f 534//749 584//749 502//749
f 581//749 536//749 502//749
f 569//749 558//749 502//749
f 585//750 280//750 586//750
f 586//751 280//751 281//751
f 587//752 588//752 281//752
f 281//753 588//753 586//753
f 589//754 590//754 289//754
f 289//755 590//755 591//755
f 289//756 591//756 291//756
f 291//757 591//757 281//757
f 281//758 591//758 587//758
f 283//759 592//759 284//759
f 284//760 592//760 287//760
f 589//761 289//761 287//761
f 589//762 287//762 592//762
f 276//763 593//763 594//763
f 276//764 594//764 261//764
f 274//765 593//765 275//765
f 275//766 593//766 276//766
f 285//767 262//767 594//767
f 594//768 262//768 261//768
f 593//769 274//769 595//769
f 595//770 274//770 273//770
f 271//771 301//771 297//771
f 595//772 273//772 272//772
f 595//773 272//773 297//773
f 297//774 272//774 271//774
f 301//775 271//775 299//775
f 267//776 315//776 268//776
f 267//777 266//777 318//777
f 266//778 316//778 318//778
f 277//779 316//779 265//779
f 265//780 316//780 266//780
f 278//781 277//781 264//781
f 264//782 277//782 265//782
f 299//783 271//783 270//783
f 299//784 270//784 269//784
f 315//785 294//785 268//785
f 268//786 294//786 269//786
f 267//787 318//787 315//787
f 262//788 278//788 263//788
f 263//789 278//789 264//789
f 262//790 285//790 286//790
f 262//791 286//791 278//791
f 305//792 596//792 295//792
f 295//793 596//793 298//793
f 597//794 303//794 598//794
f 596//795 305//795 599//795
f 599//796 305//796 597//796
f 597//797 305//797 303//797
f 598//798 303//798 300//798
f 598//799 300//799 293//799
f 600//800 601//800 292//800
f 292//801 601//801 293//801
f 293//802 601//802 598//802
f 292//803 602//803 600//803
f 602//804 292//804 306//804
f 602//805 306//805 603//805
f 603//806 306//806 307//806
f 308//807 604//807 307//807
f 307//808 604//808 603//808
f 310//809 605//809 308//809
f 308//810 605//810 604//810
f 310//811 311//811 606//811
f 310//812 606//812 605//812
f 314//813 607//813 313//813
f 313//814 607//814 608//814
f 313//815 608//815 311//815
f 311//816 608//816 606//816
f 280//817 585//817 317//817
f 317//818 585//818 609//818
f 317//819 609//819 314//819
f 314//820 609//820 607//820
f 610//821 611//821 346//821
f 339//822 612//822 613//822
f 339//823 613//823 338//823
f 338//824 613//824 614//824
f 615//825 612//825 339//825
f 346//826 611//826 348//826
f 348//827 611//827 616//827
f 348//828 616//828 617//828
f 348//829 617//829 350//829
f 350//830 617//830 339//830
f 339//831 617//831 615//831
f 342//832 343//832 618//832
f 342//833 618//833 346//833
f 346//834 618//834 610//834
f 323//835 359//835 324//835
f 335//836 319//836 334//836
f 334//837 336//837 335//837
f 331//838 330//838 619//838
f 620//839 328//839 621//839
f 621//840 328//840 327//840
f 322//841 353//841 323//841
f 320//842 378//842 321//842
f 321//843 378//843 373//843
f 332//844 336//844 333//844
f 333//845 336//845 334//845
f 328//846 620//846 329//846
f 359//847 325//847 324//847
f 322//848 372//848 353//848
f 321//849 373//849 322//849
f 322//850 373//850 372//850
f 319//851 335//851 320//851
f 320//852 335//852 378//852
f 332//853 344//853 345//853
f 332//854 345//854 336//854
f 619//855 330//855 620//855
f 620//856 330//856 329//856
f 344//857 332//857 622//857
f 622//858 332//858 619//858
f 619//859 332//859 331//859
f 359//860 364//860 325//860
f 325//861 364//861 357//861
f 621//862 327//862 326//862
f 621//863 326//863 357//863
f 357//864 326//864 325//864
f 354//865 623//865 358//865
f 363//866 624//866 625//866
f 365//867 626//867 354//867
f 354//868 626//868 623//868
f 363//869 625//869 626//869
f 363//870 626//870 365//870
f 624//871 363//871 361//871
f 624//872 361//872 352//872
f 627//873 628//873 351//873
f 351//874 628//874 352//874
f 352//875 628//875 624//875
f 351//876 629//876 627//876
f 629//877 351//877 366//877
f 629//878 366//878 630//878
f 630//879 366//879 367//879
f 374//880 631//880 630//880
f 374//881 630//881 367//881
f 632//882 368//882 633//882
f 368//883 632//883 374//883
f 374//884 632//884 631//884
f 633//885 368//885 634//885
f 370//886 634//886 368//886
f 371//887 635//887 634//887
f 371//888 634//888 370//888
f 636//889 637//889 376//889
f 376//890 637//890 371//890
f 371//891 637//891 635//891
f 614//892 377//892 338//892
f 614//893 636//893 377//893
f 377//894 636//894 376//894
f 638//895 639//895 404//895
f 404//896 639//896 403//896
f 403//897 639//897 640//897
f 409//898 641//898 411//898
f 411//899 641//899 404//899
f 404//900 641//900 638//900
f 397//901 642//901 395//901
f 395//902 642//902 407//902
f 407//903 642//903 643//903
f 407//904 643//904 409//904
f 409//905 643//905 644//905
f 409//906 644//906 641//906
f 380//907 645//907 381//907
f 379//908 646//908 380//908
f 380//909 646//909 645//909
f 383//910 647//910 384//910
f 384//911 647//911 648//911
f 384//912 648//912 399//912
f 647//913 383//913 382//913
f 647//914 382//914 645//914
f 645//915 382//915 381//915
f 420//916 425//916 393//916
f 393//917 425//917 418//917
f 646//918 379//918 394//918
f 646//919 394//919 418//919
f 418//920 394//920 393//920
f 393//921 392//921 420//921
f 420//922 392//922 391//922
f 401//923 400//923 386//923
f 386//924 400//924 387//924
f 390//925 415//925 391//925
f 389//926 436//926 390//926
f 390//927 436//927 415//927
f 389//928 439//928 436//928
f 400//929 437//929 387//929
f 387//930 437//930 388//930
f 384//931 401//931 385//931
f 385//932 401//932 386//932
f 388//933 439//933 389//933
f 388//934 437//934 439//934
f 384//935 399//935 405//935
f 384//936 405//936 401//936
f 416//937 649//937 419//937
f 424//938 650//938 651//938
f 426//939 652//939 416//939
f 416//940 652//940 649//940
f 424//941 651//941 652//941
f 424//942 652//942 426//942
f 653//943 654//943 413//943
f 413//944 654//944 650//944
f 650//945 424//945 422//945
f 650//946 422//946 413//946
f 655//947 653//947 412//947
f 653//948 413//948 412//948
f 656//949 657//949 428//949
f 428//950 657//950 427//950
f 427//951 657//951 412//951
f 412//952 657//952 655//952
f 429//953 658//953 656//953
f 429//954 656//954 428//954
f 431//955 658//955 429//955
f 431//956 659//956 658//956
f 431//957 660//957 659//957
f 661//958 660//958 432//958
f 432//959 660//959 431//959
f 434//960 661//960 432//960
f 662//961 663//961 435//961
f 435//962 663//962 434//962
f 434//963 663//963 661//963
f 640//964 662//964 438//964
f 438//965 662//965 435//965
f 403//966 640//966 438//966
f 664//967 665//967 460//967
f 460//968 665//968 459//968
f 459//969 665//969 666//969
f 667//970 668//970 470//970
f 470//971 668//971 669//971
f 470//972 669//972 472//972
f 472//973 669//973 460//973
f 460//974 669//974 664//974
f 463//975 670//975 461//975
f 461//976 670//976 468//976
f 667//977 470//977 468//977
f 667//978 468//978 670//978
f 476//979 444//979 443//979
f 476//980 443//980 494//980
f 671//981 449//981 672//981
f 672//982 449//982 448//982
f 452//983 451//983 673//983
f 494//984 443//984 442//984
f 494//985 442//985 495//985
f 495//986 442//986 441//986
f 441//987 497//987 495//987
f 449//988 671//988 450//988
f 445//989 481//989 446//989
f 446//990 481//990 483//990
f 445//991 444//991 481//991
f 673//992 451//992 671//992
f 671//993 451//993 450//993
f 446//994 483//994 479//994
f 440//995 456//995 497//995
f 440//996 497//996 441//996
f 457//997 456//997 455//997
f 455//998 456//998 440//998
f 466//999 453//999 674//999
f 674//1000 453//1000 673//1000
f 673//1001 453//1001 452//1001
f 672//1002 448//1002 447//1002
f 672//1003 447//1003 479//1003
f 479//1004 447//1004 446//1004
f 453//1005 457//1005 454//1005
f 454//1006 457//1006 455//1006
f 453//1007 466//1007 467//1007
f 453//1008 467//1008 457//1008
f 478//1009 477//1009 675//1009
f 675//1010 477//1010 487//1010
f 485//1011 676//1011 677//1011
f 487//1012 678//1012 675//1012
f 485//1013 677//1013 678//1013
f 485//1014 678//1014 487//1014
f 679//1015 680//1015 474//1015
f 474//1016 680//1016 676//1016
f 676//1017 485//1017 482//1017
f 676//1018 482//1018 474//1018
f 473//1019 681//1019 682//1019
f 473//1020 682//1020 679//1020
f 679//1021 474//1021 473//1021
f 488//1022 683//1022 681//1022
f 488//1023 681//1023 473//1023
f 683//1024 488//1024 684//1024
f 684//1025 488//1025 489//1025
f 496//1026 685//1026 684//1026
f 496//1027 684//1027 489//1027
f 686//1028 687//1028 490//1028
f 490//1029 687//1029 496//1029
f 496//1030 687//1030 685//1030
f 688//1031 686//1031 492//1031
f 492//1032 686//1032 490//1032
f 493//1033 689//1033 688//1033
f 493//1034 688//1034 492//1034
f 499//1035 690//1035 498//1035
f 690//1036 691//1036 498//1036
f 498//1037 691//1037 493//1037
f 493//1038 691//1038 689//1038
f 459//1039 666//1039 499//1039
f 499//1040 666//1040 690//1040
f 568//749 579//749 502//749
f 692//1041 561//1041 693//1041
f 694//1042 581//1042 515//1042
f 695//1043 564//1043 696//1043
f 570//749 556//749 502//749
f 697//1044 580//1044 698//1044
f 699//1045 546//1045 700//1045
f 519//749 503//749 502//749
f 524//749 580//749 502//749
f 531//749 575//749 502//749
f 701//1046 542//1046 702//1046
f 703//1047 546//1047 699//1047
f 588//1048 587//1048 704//1048
f 587//1049 591//1049 704//1049
f 704//1050 591//1050 705//1050
f 706//1051 588//1051 704//1051
f 592//1052 283//1052 707//1052
f 592//1053 707//1053 708//1053
f 709//1054 585//1054 586//1054
f 710//1055 592//1055 708//1055
f 706//1056 709//1056 586//1056
f 706//1057 586//1057 588//1057
f 705//1058 591//1058 590//1058
f 705//1059 590//1059 710//1059
f 710//1060 590//1060 589//1060
f 710//1061 589//1061 592//1061
f 711//1062 283//1062 282//1062
f 707//1063 283//1063 711//1063
f 711//1064 282//1064 712//1064
f 712//1065 282//1065 285//1065
f 713//1066 714//1066 715//1066
f 595//1067 714//1067 713//1067
f 297//1068 714//1068 595//1068
f 594//1069 712//1069 285//1069
f 716//1070 712//1070 594//1070
f 716//1071 711//1071 712//1071
f 594//1072 717//1072 716//1072
f 594//1073 593//1073 718//1073
f 594//1074 718//1074 717//1074
f 593//1075 719//1075 718//1075
f 593//1076 595//1076 720//1076
f 593//1077 720//1077 719//1077
f 719//1078 720//1078 721//1078
f 595//1079 713//1079 720//1079
f 296//1080 298//1080 715//1080
f 715//1081 714//1081 296//1081
f 297//1082 296//1082 714//1082
f 601//1083 600//1083 722//1083
f 722//1084 723//1084 601//1084
f 596//1085 599//1085 724//1085
f 298//1086 596//1086 724//1086
f 725//1087 599//1087 597//1087
f 598//1088 725//1088 597//1088
f 726//1089 598//1089 601//1089
f 601//1090 723//1090 727//1090
f 601//1091 727//1091 726//1091
f 726//1092 727//1092 598//1092
f 598//1093 727//1093 725//1093
f 607//1094 609//1094 709//1094
f 585//1095 709//1095 609//1095
f 600//1096 602//1096 722//1096
f 603//1097 722//1097 602//1097
f 612//1098 728//1098 613//1098
f 610//1099 618//1099 343//1099
f 617//1100 612//1100 615//1100
f 613//1101 728//1101 614//1101
f 343//1102 341//1102 729//1102
f 344//1103 730//1103 341//1103
f 729//1104 341//1104 730//1104
f 731//1105 732//1105 357//1105
f 357//1106 732//1106 621//1106
f 622//1107 730//1107 344//1107
f 733//1108 729//1108 730//1108
f 733//1109 730//1109 622//1109
f 622//1110 619//1110 734//1110
f 622//1111 734//1111 733//1111
f 619//1112 620//1112 735//1112
f 619//1113 735//1113 734//1113
f 620//1114 736//1114 735//1114
f 620//1115 621//1115 737//1115
f 620//1116 737//1116 736//1116
f 621//1117 732//1117 737//1117
f 358//1118 731//1118 355//1118
f 357//1119 355//1119 731//1119
f 738//1120 627//1120 739//1120
f 628//1121 627//1121 738//1121
f 623//1122 626//1122 740//1122
f 358//1123 623//1123 740//1123
f 741//1124 626//1124 625//1124
f 741//1125 740//1125 626//1125
f 624//1126 741//1126 625//1126
f 738//1127 739//1127 742//1127
f 743//1128 624//1128 628//1128
f 628//1129 738//1129 742//1129
f 628//1130 742//1130 743//1130
f 743//1131 742//1131 744//1131
f 743//1132 744//1132 624//1132
f 624//1133 744//1133 741//1133
f 631//1134 739//1134 630//1134
f 739//1135 627//1135 630//1135
f 630//1136 627//1136 629//1136
f 614//1137 728//1137 636//1137
f 636//1138 728//1138 637//1138
f 745//1139 640//1139 746//1139
f 639//1140 638//1140 747//1140
f 638//1141 641//1141 747//1141
f 746//1142 639//1142 747//1142
f 642//1143 397//1143 396//1143
f 642//1144 396//1144 748//1144
f 639//1145 746//1145 640//1145
f 643//1146 642//1146 748//1146
f 643//1147 748//1147 749//1147
f 749//1148 641//1148 644//1148
f 749//1149 644//1149 643//1149
f 750//1150 396//1150 398//1150
f 750//1151 398//1151 751//1151
f 751//1152 398//1152 399//1152
f 752//1153 753//1153 754//1153
f 754//1154 753//1154 646//1154
f 646//1155 418//1155 754//1155
f 648//1156 751//1156 399//1156
f 755//1157 750//1157 648//1157
f 750//1158 751//1158 648//1158
f 648//1159 647//1159 756//1159
f 648//1160 756//1160 755//1160
f 755//1161 756//1161 757//1161
f 647//1162 645//1162 758//1162
f 647//1163 758//1163 756//1163
f 756//1164 758//1164 759//1164
f 645//1165 760//1165 758//1165
f 645//1166 646//1166 761//1166
f 645//1167 761//1167 760//1167
f 646//1168 753//1168 761//1168
f 417//1169 419//1169 752//1169
f 752//1170 754//1170 417//1170
f 418//1171 417//1171 754//1171
f 762//1172 655//1172 763//1172
f 653//1173 655//1173 762//1173
f 762//1174 764//1174 653//1174
f 653//1175 764//1175 654//1175
f 649//1176 652//1176 765//1176
f 419//1177 649//1177 765//1177
f 766//1178 652//1178 651//1178
f 766//1179 765//1179 652//1179
f 650//1180 766//1180 651//1180
f 762//1181 763//1181 764//1181
f 654//1182 764//1182 767//1182
f 654//1183 767//1183 650//1183
f 650//1184 767//1184 766//1184
f 658//1185 659//1185 656//1185
f 656//1186 763//1186 657//1186
f 657//1187 763//1187 655//1187
f 640//1188 745//1188 662//1188
f 661//1189 663//1189 662//1189
f 665//1190 664//1190 768//1190
f 664//1191 669//1191 768//1191
f 768//1192 669//1192 769//1192
f 770//1193 665//1193 768//1193
f 670//1194 463//1194 771//1194
f 772//1195 666//1195 770//1195
f 665//1196 770//1196 666//1196
f 773//1197 670//1197 771//1197
f 769//1198 669//1198 668//1198
f 769//1199 668//1199 773//1199
f 773//1200 668//1200 667//1200
f 773//1201 667//1201 670//1201
f 774//1202 462//1202 465//1202
f 463//1203 462//1203 774//1203
f 774//1204 465//1204 466//1204
f 775//1205 776//1205 479//1205
f 479//1206 776//1206 672//1206
f 777//1207 774//1207 674//1207
f 774//1208 466//1208 674//1208
f 674//1209 673//1209 778//1209
f 674//1210 778//1210 777//1210
f 673//1211 671//1211 779//1211
f 673//1212 779//1212 778//1212
f 671//1213 780//1213 779//1213
f 671//1214 672//1214 781//1214
f 671//1215 781//1215 780//1215
f 672//1216 776//1216 781//1216
f 782//1217 480//1217 478//1217
f 775//1218 479//1218 480//1218
f 775//1219 480//1219 782//1219
f 682//1220 681//1220 783//1220
f 679//1221 784//1221 680//1221
f 680//1222 784//1222 676//1222
f 478//1223 675//1223 782//1223
f 785//1224 675//1224 678//1224
f 785//1225 678//1225 677//1225
f 784//1226 677//1226 676//1226
f 682//1227 783//1227 786//1227
f 679//1228 682//1228 786//1228
f 679//1229 786//1229 784//1229
f 677//1230 784//1230 785//1230
f 681//1231 683//1231 783//1231
f 787//1232 786//1232 783//1232
f 685//1233 787//1233 684//1233
f 684//1234 787//1234 683//1234
f 787//1235 783//1235 683//1235
f 666//1236 772//1236 690//1236
f 690//1237 772//1237 691//1237
f 788//1238 789//1238 790//1238
f 790//1239 789//1239 791//1239
f 790//1240 791//1240 732//1240
f 732//1241 791//1241 792//1241
f 732//1242 792//1242 737//1242
f 737//1243 792//1243 736//1243
f 736//1244 792//1244 793//1244
f 736//1245 793//1245 794//1245
f 736//1246 794//1246 735//1246
f 795//1247 733//1247 796//1247
f 796//1248 733//1248 797//1248
f 797//1249 733//1249 734//1249
f 797//1250 734//1250 794//1250
f 794//1251 734//1251 735//1251
f 798//1252 799//1252 795//1252
f 795//1253 799//1253 733//1253
f 800//1254 801//1254 802//1254
f 800//1255 802//1255 803//1255
f 800//1256 803//1256 721//1256
f 721//1257 803//1257 804//1257
f 721//1258 804//1258 718//1258
f 718//1259 804//1259 805//1259
f 805//1260 804//1260 806//1260
f 805//1261 806//1261 807//1261
f 805//1262 807//1262 808//1262
f 808//1263 807//1263 809//1263
f 808//1264 809//1264 711//1264
f 809//1265 810//1265 707//1265
f 809//1266 707//1266 711//1266
f 760//1267 761//1267 811//1267
f 811//1268 761//1268 812//1268
f 811//1269 812//1269 813//1269
f 813//1270 812//1270 814//1270
f 814//1271 419//1271 815//1271
f 760//1272 811//1272 816//1272
f 759//1273 816//1273 817//1273
f 759//1274 817//1274 818//1274
f 759//1275 818//1275 757//1275
f 819//1276 396//1276 820//1276
f 818//1277 820//1277 757//1277
f 821//1278 822//1278 823//1278
f 823//1279 822//1279 824//1279
f 825//1280 776//1280 826//1280
f 825//1281 826//1281 827//1281
f 827//1282 826//1282 828//1282
f 776//1283 825//1283 781//1283
f 781//1284 825//1284 829//1284
f 781//1285 829//1285 780//1285
f 780//1286 829//1286 830//1286
f 780//1287 830//1287 831//1287
f 780//1288 831//1288 779//1288
f 779//1289 831//1289 832//1289
f 779//1290 832//1290 778//1290
f 778//1291 832//1291 777//1291
f 777//1292 832//1292 833//1292
f 777//1293 833//1293 834//1293
f 700//1294 545//1294 835//1294
f 700//1295 835//1295 836//1295
f 837//1296 838//1296 839//1296
f 836//1297 835//1297 839//1297
f 836//1298 839//1298 838//1298
f 840//1299 556//1299 841//1299
f 842//1300 836//1300 843//1300
f 843//1301 836//1301 838//1301
f 843//1302 838//1302 844//1302
f 844//1303 838//1303 837//1303
f 844//1304 837//1304 845//1304
f 845//1305 837//1305 846//1305
f 845//1306 846//1306 847//1306
f 847//1307 846//1307 848//1307
f 847//1308 848//1308 849//1308
f 849//1309 848//1309 850//1309
f 849//1310 850//1310 788//1310
f 788//1311 850//1311 851//1311
f 788//1312 851//1312 789//1312
f 789//1313 851//1313 852//1313
f 789//1314 852//1314 791//1314
f 791//1315 852//1315 692//1315
f 791//1316 692//1316 792//1316
f 792//1317 692//1317 693//1317
f 792//1318 693//1318 793//1318
f 793//1319 693//1319 853//1319
f 793//1320 853//1320 794//1320
f 794//1321 853//1321 854//1321
f 794//1322 854//1322 797//1322
f 797//1323 854//1323 855//1323
f 797//1324 855//1324 796//1324
f 796//1325 855//1325 856//1325
f 796//1326 856//1326 795//1326
f 795//1327 856//1327 857//1327
f 795//1328 857//1328 798//1328
f 798//1329 857//1329 858//1329
f 798//1330 858//1330 859//1330
f 859//1331 858//1331 860//1331
f 859//1332 860//1332 861//1332
f 861//1333 860//1333 862//1333
f 861//1334 862//1334 863//1334
f 863//1335 862//1335 701//1335
f 863//1336 701//1336 864//1336
f 864//1337 701//1337 702//1337
f 864//1338 702//1338 865//1338
f 865//1339 702//1339 866//1339
f 865//1340 866//1340 867//1340
f 867//1341 866//1341 868//1341
f 867//1342 868//1342 869//1342
f 869//1343 868//1343 697//1343
f 869//1344 697//1344 870//1344
f 870//1345 697//1345 698//1345
f 870//1346 698//1346 871//1346
f 871//1347 698//1347 872//1347
f 871//1348 872//1348 873//1348
f 873//1349 872//1349 874//1349
f 873//1350 874//1350 875//1350
f 875//1351 874//1351 876//1351
f 875//1352 876//1352 877//1352
f 877//1353 876//1353 878//1353
f 877//1354 878//1354 879//1354
f 879//1355 878//1355 880//1355
f 879//1356 880//1356 801//1356
f 801//1357 880//1357 881//1357
f 801//1358 881//1358 802//1358
f 802//1359 881//1359 882//1359
f 802//1360 882//1360 803//1360
f 803//1361 882//1361 883//1361
f 803//1362 883//1362 804//1362
f 804//1363 883//1363 884//1363
f 804//1364 884//1364 806//1364
f 806//1365 884//1365 885//1365
f 806//1366 885//1366 807//1366
f 807//1367 885//1367 886//1367
f 807//1368 886//1368 809//1368
f 809//1369 886//1369 887//1369
f 809//1370 887//1370 810//1370
f 810//1371 887//1371 888//1371
f 810//1372 888//1372 889//1372
f 889//1373 888//1373 890//1373
f 889//1374 890//1374 891//1374
f 891//1375 890//1375 892//1375
f 891//1376 892//1376 893//1376
f 893//1377 892//1377 694//1377
f 893//1378 694//1378 894//1378
f 894//1379 694//1379 895//1379
f 894//1380 895//1380 896//1380
f 896//1381 895//1381 897//1381
f 896//1382 897//1382 898//1382
f 898//1383 897//1383 695//1383
f 898//1384 695//1384 899//1384
f 899//1385 695//1385 696//1385
f 899//1386 696//1386 900//1386
f 900//1387 696//1387 901//1387
f 900//1388 901//1388 902//1388
f 902//1389 901//1389 903//1389
f 902//1390 903//1390 904//1390
f 904//1391 903//1391 905//1391
f 904//1392 905//1392 906//1392
f 906//1393 905//1393 907//1393
f 906//1394 907//1394 908//1394
f 908//1395 907//1395 909//1395
f 908//1396 909//1396 815//1396
f 815//1397 909//1397 910//1397
f 815//1398 910//1398 814//1398
f 814//1399 910//1399 911//1399
f 814//1400 911//1400 813//1400
f 813//1401 911//1401 912//1401
f 813//1402 912//1402 811//1402
f 811//1403 912//1403 913//1403
f 811//1404 913//1404 816//1404
f 816//1405 913//1405 914//1405
f 816//1406 914//1406 817//1406
f 817//1407 914//1407 915//1407
f 817//1408 915//1408 818//1408
f 818//1409 915//1409 916//1409
f 818//1410 916//1410 820//1410
f 820//1411 916//1411 917//1411
f 820//1412 917//1412 819//1412
f 819//1413 917//1413 918//1413
f 819//1414 918//1414 824//1414
f 824//1415 918//1415 919//1415
f 824//1416 919//1416 823//1416
f 823//1417 919//1417 920//1417
f 823//1418 920//1418 821//1418
f 821//1419 920//1419 921//1419
f 821//1420 921//1420 922//1420
f 922//1421 921//1421 923//1421
f 922//1422 923//1422 924//1422
f 924//1423 923//1423 925//1423
f 924//1424 925//1424 926//1424
f 926//1425 925//1425 927//1425
f 926//1426 927//1426 928//1426
f 928//1427 927//1427 929//1427
f 928//1428 929//1428 930//1428
f 930//1429 929//1429 931//1429
f 930//1430 931//1430 932//1430
f 932//1431 931//1431 933//1431
f 932//1432 933//1432 934//1432
f 934//1433 933//1433 935//1433
f 934//1434 935//1434 936//1434
f 936//1435 935//1435 937//1435
f 936//1436 937//1436 938//1436
f 938//1437 937//1437 939//1437
f 938//1438 939//1438 828//1438
f 828//1439 939//1439 940//1439
f 828//1440 940//1440 827//1440
f 827//1441 940//1441 941//1441
f 827//1442 941//1442 825//1442
f 825//1443 941//1443 942//1443
f 825//1444 942//1444 829//1444
f 829//1445 942//1445 943//1445
f 829//1446 943//1446 830//1446
f 830//1447 943//1447 944//1447
f 830//1448 944//1448 831//1448
f 831//1449 944//1449 945//1449
f 831//1450 945//1450 832//1450
f 832//1451 945//1451 840//1451
f 832//1452 840//1452 833//1452
f 833//1453 840//1453 841//1453
f 833//1454 841//1454 834//1454
f 834//1455 841//1455 946//1455
f 834//1456 946//1456 947//1456
f 947//1457 946//1457 948//1457
f 947//1458 948//1458 949//1458
f 949//1459 948//1459 950//1459
f 949//1460 950//1460 951//1460
f 951//1461 950//1461 952//1461
f 951//1462 952//1462 953//1462
f 953//1463 952//1463 703//1463
f 953//1464 703//1464 954//1464
f 954//1465 703//1465 699//1465
f 954//1466 699//1466 955//1466
f 955//1467 699//1467 700//1467
f 955//1468 700//1468 842//1468
f 842//1469 700//1469 836//1469
f 715//1470 879//1470 801//1470
f 715//1471 801//1471 713//1471
f 713//1472 801//1472 800//1472
f 713//1473 800//1473 720//1473
f 879//1474 715//1474 298//1474
f 956//1475 599//1475 725//1475
f 956//1476 725//1476 957//1476
f 724//1477 599//1477 298//1477
f 298//1478 599//1478 956//1478
f 298//1479 956//1479 958//1479
f 720//1480 800//1480 721//1480
f 719//1481 721//1481 718//1481
f 808//1482 716//1482 717//1482
f 718//1483 805//1483 717//1483
f 717//1484 805//1484 808//1484
f 959//1485 708//1485 960//1485
f 960//1486 708//1486 707//1486
f 961//1487 705//1487 959//1487
f 705//1488 710//1488 959//1488
f 959//1489 710//1489 708//1489
f 808//1490 711//1490 716//1490
f 961//1491 962//1491 607//1491
f 961//1492 607//1492 709//1492
f 961//1493 709//1493 706//1493
f 706//1494 704//1494 961//1494
f 961//1495 704//1495 705//1495
f 963//1496 603//1496 604//1496
f 963//1497 604//1497 605//1497
f 606//1498 962//1498 963//1498
f 606//1499 963//1499 605//1499
f 608//1500 607//1500 962//1500
f 962//1501 606//1501 608//1501
f 957//1502 725//1502 727//1502
f 727//1503 723//1503 957//1503
f 957//1504 723//1504 722//1504
f 957//1505 722//1505 603//1505
f 957//1506 603//1506 963//1506
f 790//1507 731//1507 358//1507
f 964//1508 741//1508 744//1508
f 964//1509 744//1509 965//1509
f 740//1510 741//1510 358//1510
f 358//1511 741//1511 964//1511
f 358//1512 964//1512 966//1512
f 967//1513 610//1513 968//1513
f 968//1514 610//1514 343//1514
f 969//1515 617//1515 967//1515
f 967//1516 617//1516 616//1516
f 616//1517 611//1517 967//1517
f 967//1518 611//1518 610//1518
f 799//1519 343//1519 729//1519
f 799//1520 729//1520 733//1520
f 790//1521 732//1521 731//1521
f 969//1522 970//1522 637//1522
f 969//1523 637//1523 728//1523
f 969//1524 728//1524 612//1524
f 969//1525 612//1525 617//1525
f 739//1526 631//1526 971//1526
f 971//1527 631//1527 632//1527
f 632//1528 633//1528 971//1528
f 633//1529 970//1529 971//1529
f 633//1530 634//1530 970//1530
f 635//1531 637//1531 970//1531
f 970//1532 634//1532 635//1532
f 742//1533 739//1533 965//1533
f 744//1534 742//1534 965//1534
f 965//1535 739//1535 971//1535
f 814//1536 812//1536 753//1536
f 753//1537 752//1537 814//1537
f 814//1538 752//1538 419//1538
f 539//1539 837//1539 500//1539
f 766//1540 767//1540 972//1540
f 972//1541 767//1541 973//1541
f 765//1542 766//1542 419//1542
f 419//1543 766//1543 972//1543
f 419//1544 972//1544 974//1544
f 975//1545 976//1545 748//1545
f 975//1546 748//1546 396//1546
f 977//1547 641//1547 976//1547
f 976//1548 641//1548 749//1548
f 976//1549 749//1549 748//1549
f 396//1550 750//1550 820//1550
f 820//1551 750//1551 755//1551
f 820//1552 755//1552 757//1552
f 757//1553 756//1553 759//1553
f 759//1554 758//1554 816//1554
f 816//1555 758//1555 760//1555
f 812//1556 761//1556 753//1556
f 977//1557 978//1557 662//1557
f 977//1558 662//1558 745//1558
f 977//1559 745//1559 746//1559
f 746//1560 747//1560 977//1560
f 977//1561 747//1561 641//1561
f 979//1562 656//1562 659//1562
f 660//1563 978//1563 979//1563
f 660//1564 979//1564 659//1564
f 661//1565 662//1565 978//1565
f 660//1566 661//1566 978//1566
f 973//1567 767//1567 764//1567
f 973//1568 764//1568 763//1568
f 973//1569 763//1569 656//1569
f 973//1570 656//1570 979//1570
f 980//1571 785//1571 784//1571
f 980//1572 784//1572 981//1572
f 982//1573 782//1573 980//1573
f 785//1574 980//1574 782//1574
f 785//1575 782//1575 675//1575
f 983//1576 984//1576 771//1576
f 983//1577 771//1577 463//1577
f 985//1578 769//1578 984//1578
f 769//1579 773//1579 984//1579
f 984//1580 773//1580 771//1580
f 983//1581 463//1581 834//1581
f 463//1582 774//1582 834//1582
f 834//1583 774//1583 777//1583
f 826//1584 776//1584 775//1584
f 826//1585 775//1585 782//1585
f 985//1586 986//1586 691//1586
f 985//1587 691//1587 772//1587
f 985//1588 772//1588 770//1588
f 770//1589 768//1589 985//1589
f 985//1590 768//1590 769//1590
f 987//1591 787//1591 685//1591
f 987//1592 685//1592 687//1592
f 687//1593 686//1593 987//1593
f 686//1594 986//1594 987//1594
f 686//1595 688//1595 986//1595
f 689//1596 691//1596 986//1596
f 986//1597 688//1597 689//1597
f 786//1598 787//1598 981//1598
f 784//1599 786//1599 981//1599
f 981//1600 787//1600 987//1600
f 790//1601 358//1601 966//1601
f 790//1602 966//1602 788//1602
f 788//1603 966//1603 988//1603
f 788//1604 988//1604 849//1604
f 849//1605 988//1605 989//1605
f 849//1606 989//1606 847//1606
f 847//1607 989//1607 990//1607
f 968//1608 343//1608 799//1608
f 968//1609 799//1609 798//1609
f 968//1610 798//1610 991//1610
f 991//1611 798//1611 859//1611
f 991//1612 859//1612 992//1612
f 992//1613 859//1613 861//1613
f 867//1614 993//1614 994//1614
f 992//1615 861//1615 995//1615
f 995//1616 861//1616 863//1616
f 995//1617 863//1617 996//1617
f 996//1618 863//1618 864//1618
f 996//1619 864//1619 994//1619
f 994//1620 864//1620 865//1620
f 994//1621 865//1621 867//1621
f 997//1622 998//1622 870//1622
f 870//1623 998//1623 869//1623
f 869//1624 998//1624 993//1624
f 869//1625 993//1625 867//1625
f 879//1626 298//1626 958//1626
f 879//1627 958//1627 877//1627
f 877//1628 958//1628 999//1628
f 877//1629 999//1629 875//1629
f 875//1630 999//1630 1000//1630
f 875//1631 1000//1631 873//1631
f 873//1632 1000//1632 1001//1632
f 873//1633 1001//1633 871//1633
f 871//1634 1001//1634 997//1634
f 871//1635 997//1635 870//1635
f 960//1636 707//1636 810//1636
f 960//1637 810//1637 1002//1637
f 1002//1638 810//1638 889//1638
f 1002//1639 889//1639 1003//1639
f 1003//1640 889//1640 891//1640
f 1003//1641 891//1641 1004//1641
f 1004//1642 891//1642 893//1642
f 1004//1643 893//1643 894//1643
f 1004//1644 894//1644 1005//1644
f 1005//1645 894//1645 896//1645
f 1005//1646 896//1646 1006//1646
f 1006//1647 896//1647 898//1647
f 1006//1648 898//1648 1007//1648
f 908//1649 1008//1649 1009//1649
f 1007//1650 898//1650 899//1650
f 1007//1651 899//1651 1010//1651
f 1010//1652 899//1652 900//1652
f 1010//1653 900//1653 1011//1653
f 1011//1654 900//1654 902//1654
f 1011//1655 902//1655 1012//1655
f 1012//1656 902//1656 904//1656
f 1012//1657 904//1657 1009//1657
f 1009//1658 904//1658 906//1658
f 1009//1659 906//1659 908//1659
f 419//1660 974//1660 815//1660
f 815//1661 974//1661 908//1661
f 908//1662 974//1662 1008//1662
f 396//1663 819//1663 975//1663
f 975//1664 819//1664 824//1664
f 975//1665 824//1665 1013//1665
f 1013//1666 824//1666 822//1666
f 1013//1667 822//1667 1014//1667
f 1014//1668 822//1668 1015//1668
f 1015//1669 822//1669 821//1669
f 1015//1670 821//1670 1016//1670
f 821//1671 922//1671 1016//1671
f 1016//1672 922//1672 924//1672
f 1016//1673 924//1673 1017//1673
f 1017//1674 924//1674 926//1674
f 1017//1675 926//1675 1018//1675
f 926//1676 928//1676 1018//1676
f 1018//1677 928//1677 1019//1677
f 1019//1678 928//1678 930//1678
f 1019//1679 930//1679 1020//1679
f 1020//1680 930//1680 932//1680
f 1020//1681 932//1681 1021//1681
f 1021//1682 932//1682 934//1682
f 1021//1683 934//1683 1022//1683
f 1022//1684 934//1684 936//1684
f 1022//1685 936//1685 938//1685
f 1022//1686 938//1686 1023//1686
f 1023//1687 938//1687 828//1687
f 1023//1688 828//1688 982//1688
f 982//1689 828//1689 826//1689
f 982//1690 826//1690 782//1690
f 983//1691 834//1691 947//1691
f 983//1692 947//1692 1024//1692
f 1024//1693 947//1693 949//1693
f 1024//1694 949//1694 1025//1694
f 1025//1695 949//1695 951//1695
f 1025//1696 951//1696 1026//1696
f 1026//1697 951//1697 953//1697
f 1026//1698 953//1698 1027//1698
f 1027//1699 953//1699 954//1699
f 1027//1700 954//1700 1028//1700
f 1028//1701 954//1701 955//1701
f 1028//1702 955//1702 1029//1702
f 1029//1703 955//1703 842//1703
f 1029//1704 842//1704 1030//1704
f 1030//1705 842//1705 843//1705
f 1030//1706 843//1706 1031//1706
f 1031//1707 843//1707 844//1707
f 1031//1708 844//1708 990//1708
f 990//1709 844//1709 845//1709
f 990//1710 845//1710 847//1710
f 1032//1711 1033//1711 1034//1711
f 1035//1712 1018//1712 1036//1712
f 1037//1713 1038//1713 1039//1713
f 1040//1714 1041//1714 1042//1714
f 1043//1715 1044//1715 1045//1715
f 1046//1716 993//1716 1047//1716
f 1048//1717 1049//1717 1050//1717
f 1051//1718 1052//1718 1053//1718
f 978//1719 977//1719 1054//1719
f 977//1720 976//1720 1033//1720
f 1055//1721 1013//1721 1056//1721
f 1023//1722 982//1722 1057//1722
f 1025//1723 1026//1723 1058//1723
f 970//1724 969//1724 1059//1724
f 969//1725 967//1725 1044//1725
f 1060//1726 991//1726 1061//1726
f 999//1727 958//1727 1062//1727
f 1006//1728 1063//1728 1005//1728
f 1064//1729 1004//1729 1005//1729
f 1002//1730 1003//1730 1065//1730
f 1065//1731 1003//1731 1064//1731
f 1064//1732 1003//1732 1004//1732
f 960//1733 1066//1733 959//1733
f 959//1734 1053//1734 961//1734
f 961//1735 1053//1735 1052//1735
f 961//1736 1052//1736 962//1736
f 963//1737 962//1737 1067//1737
f 957//1738 1068//1738 956//1738
f 1049//1739 1000//1739 1050//1739
f 1050//1740 1000//1740 999//1740
f 1001//1741 1069//1741 997//1741
f 998//1742 1047//1742 993//1742
f 995//1743 996//1743 1070//1743
f 991//1744 992//1744 1061//1744
f 1061//1745 992//1745 1070//1745
f 1070//1746 992//1746 995//1746
f 1045//1747 968//1747 991//1747
f 1044//1748 967//1748 1045//1748
f 1045//1749 967//1749 968//1749
f 970//1750 1071//1750 971//1750
f 971//1751 1071//1751 1072//1751
f 971//1752 1072//1752 1073//1752
f 971//1753 1073//1753 965//1753
f 988//1754 966//1754 1074//1754
f 1074//1755 966//1755 1075//1755
f 1075//1756 966//1756 964//1756
f 1075//1757 964//1757 1073//1757
f 1073//1758 964//1758 965//1758
f 989//1759 988//1759 1076//1759
f 990//1760 1077//1760 1031//1760
f 1029//1761 1030//1761 1078//1761
f 1024//1762 1025//1762 1079//1762
f 983//1763 1080//1763 984//1763
f 984//1764 1042//1764 985//1764
f 985//1765 1042//1765 1041//1765
f 985//1766 1041//1766 986//1766
f 987//1767 986//1767 1081//1767
f 981//1768 1082//1768 980//1768
f 1038//1769 1022//1769 1039//1769
f 1039//1770 1022//1770 1023//1770
f 1021//1771 1083//1771 1020//1771
f 1019//1772 1036//1772 1018//1772
f 1016//1773 1084//1773 1015//1773
f 1013//1774 1014//1774 1056//1774
f 1056//1775 1014//1775 1015//1775
f 1034//1776 975//1776 1013//1776
f 1033//1777 976//1777 1034//1777
f 1034//1778 976//1778 975//1778
f 978//1779 1085//1779 979//1779
f 979//1780 1085//1780 1086//1780
f 979//1781 1086//1781 1087//1781
f 979//1782 1087//1782 973//1782
f 1008//1783 974//1783 1088//1783
f 1088//1784 974//1784 1089//1784
f 1089//1785 974//1785 972//1785
f 1089//1786 972//1786 1087//1786
f 1087//1787 972//1787 973//1787
f 1009//1788 1008//1788 1090//1788
f 1012//1789 1091//1789 1011//1789
f 1007//1790 1010//1790 1092//1790
f 1007//1791 1093//1791 1094//1791
f 1063//1792 1095//1792 1005//1792
f 1005//1793 1095//1793 1096//1793
f 1005//1794 1096//1794 1064//1794
f 1064//1795 1096//1795 1097//1795
f 1064//1796 1097//1796 1065//1796
f 1066//1797 1098//1797 1099//1797
f 1100//1798 963//1798 1067//1798
f 1100//1799 1067//1799 1101//1799
f 1101//1800 1067//1800 1102//1800
f 957//1801 963//1801 1068//1801
f 1068//1802 963//1802 1100//1802
f 1068//1803 1100//1803 1103//1803
f 1103//1804 1100//1804 1101//1804
f 1062//1805 1104//1805 1105//1805
f 1069//1806 1106//1806 1107//1806
f 997//1807 1069//1807 1107//1807
f 997//1808 1107//1808 1108//1808
f 1109//1809 1060//1809 1110//1809
f 1110//1810 1060//1810 1061//1810
f 1110//1811 1061//1811 1111//1811
f 1111//1812 1061//1812 1070//1812
f 1111//1813 1070//1813 1112//1813
f 1112//1814 1070//1814 996//1814
f 1112//1815 996//1815 1113//1815
f 1071//1816 1114//1816 1115//1816
f 1071//1817 1115//1817 1072//1817
f 1072//1818 1115//1818 1116//1818
f 1072//1819 1116//1819 1073//1819
f 1073//1820 1116//1820 1117//1820
f 1073//1821 1117//1821 1075//1821
f 1075//1822 1117//1822 1118//1822
f 1075//1823 1118//1823 1074//1823
f 1119//1824 989//1824 1076//1824
f 1119//1825 1076//1825 1120//1825
f 1120//1826 1076//1826 1121//1826
f 990//1827 989//1827 1077//1827
f 1077//1828 989//1828 1119//1828
f 1077//1829 1119//1829 1122//1829
f 1122//1830 1119//1830 1120//1830
f 1029//1831 1078//1831 1123//1831
f 1123//1832 1078//1832 1124//1832
f 1125//1833 1028//1833 1029//1833
f 1125//1834 1029//1834 1126//1834
f 1126//1835 1029//1835 1123//1835
f 1058//1836 1026//1836 1027//1836
f 1058//1837 1027//1837 1127//1837
f 1127//1838 1027//1838 1128//1838
f 1079//1839 1025//1839 1058//1839
f 1079//1840 1058//1840 1129//1840
f 1129//1841 1058//1841 1127//1841
f 1080//1842 1130//1842 1131//1842
f 1132//1843 987//1843 1081//1843
f 1132//1844 1081//1844 1133//1844
f 1133//1845 1081//1845 1134//1845
f 981//1846 987//1846 1082//1846
f 1082//1847 987//1847 1132//1847
f 1082//1848 1132//1848 1135//1848
f 1135//1849 1132//1849 1133//1849
f 1057//1850 1136//1850 1137//1850
f 1083//1851 1138//1851 1139//1851
f 1020//1852 1083//1852 1139//1852
f 1020//1853 1139//1853 1140//1853
f 1141//1854 1055//1854 1142//1854
f 1142//1855 1055//1855 1056//1855
f 1142//1856 1056//1856 1143//1856
f 1143//1857 1056//1857 1015//1857
f 1143//1858 1015//1858 1144//1858
f 1144//1859 1015//1859 1084//1859
f 1144//1860 1084//1860 1145//1860
f 1085//1861 1146//1861 1147//1861
f 1085//1862 1147//1862 1086//1862
f 1086//1863 1147//1863 1148//1863
f 1086//1864 1148//1864 1087//1864
f 1087//1865 1148//1865 1149//1865
f 1087//1866 1149//1866 1089//1866
f 1089//1867 1149//1867 1150//1867
f 1089//1868 1150//1868 1088//1868
f 1151//1869 1009//1869 1090//1869
f 1151//1870 1090//1870 1152//1870
f 1152//1871 1090//1871 1153//1871
f 1012//1872 1009//1872 1091//1872
f 1091//1873 1009//1873 1151//1873
f 1091//1874 1151//1874 1154//1874
f 1154//1875 1151//1875 1152//1875
f 1155//1876 1093//1876 1092//1876
f 1092//1877 1093//1877 1007//1877
f 1156//1878 1095//1878 1094//1878
f 1094//1879 1095//1879 1063//1879
f 1094//1880 1063//1880 1007//1880
f 1007//1881 1063//1881 1006//1881
f 1157//1882 1097//1882 1158//1882
f 1158//1883 1097//1883 1096//1883
f 1158//1884 1096//1884 1095//1884
f 1097//1885 1157//1885 1159//1885
f 1097//1886 1159//1886 1065//1886
f 1065//1887 1159//1887 1160//1887
f 1065//1888 1160//1888 1002//1888
f 1159//1889 1098//1889 1160//1889
f 1160//1890 1098//1890 1066//1890
f 1160//1891 1066//1891 1002//1891
f 1002//1892 1066//1892 960//1892
f 1159//1893 1161//1893 1098//1893
f 1098//1894 1161//1894 1099//1894
f 1099//1895 1161//1895 1162//1895
f 959//1896 1066//1896 1053//1896
f 1053//1897 1066//1897 1099//1897
f 1053//1898 1099//1898 1051//1898
f 1051//1899 1099//1899 1162//1899
f 1051//1900 1162//1900 1163//1900
f 1051//1901 1163//1901 1102//1901
f 1051//1902 1102//1902 1052//1902
f 1052//1903 1102//1903 1067//1903
f 1052//1904 1067//1904 962//1904
f 1164//1905 1103//1905 1101//1905
f 1164//1906 1101//1906 1102//1906
f 1103//1907 1165//1907 1166//1907
f 1103//1908 1166//1908 1068//1908
f 1068//1909 1166//1909 1167//1909
f 1068//1910 1167//1910 956//1910
f 956//1911 1167//1911 958//1911
f 1166//1912 1165//1912 1104//1912
f 1166//1913 1104//1913 1167//1913
f 1167//1914 1104//1914 1062//1914
f 1167//1915 1062//1915 958//1915
f 1105//1916 1104//1916 1168//1916
f 999//1917 1062//1917 1050//1917
f 1050//1918 1062//1918 1105//1918
f 1050//1919 1105//1919 1048//1919
f 1048//1920 1105//1920 1168//1920
f 1048//1921 1168//1921 1169//1921
f 1048//1922 1169//1922 1106//1922
f 1048//1923 1106//1923 1049//1923
f 1049//1924 1106//1924 1069//1924
f 1049//1925 1069//1925 1000//1925
f 1000//1926 1069//1926 1001//1926
f 1106//1927 1170//1927 1107//1927
f 1107//1928 1170//1928 1108//1928
f 1108//1929 1170//1929 1171//1929
f 998//1930 997//1930 1047//1930
f 1047//1931 997//1931 1108//1931
f 1047//1932 1108//1932 1046//1932
f 1046//1933 1108//1933 1171//1933
f 1046//1934 1172//1934 1173//1934
f 1046//1935 1173//1935 993//1935
f 993//1936 1173//1936 1174//1936
f 993//1937 1174//1937 994//1937
f 1173//1938 1172//1938 1113//1938
f 1173//1939 1113//1939 1174//1939
f 1174//1940 1113//1940 996//1940
f 1174//1941 996//1941 994//1941
f 1172//1942 1175//1942 1113//1942
f 1113//1943 1175//1943 1112//1943
f 1111//1944 1112//1944 1176//1944
f 1111//1945 1176//1945 1177//1945
f 1111//1946 1177//1946 1110//1946
f 1110//1947 1177//1947 1109//1947
f 991//1948 1060//1948 1045//1948
f 1045//1949 1060//1949 1109//1949
f 1045//1950 1109//1950 1043//1950
f 1043//1951 1109//1951 1178//1951
f 1043//1952 1178//1952 1179//1952
f 1043//1953 1179//1953 1044//1953
f 1044//1954 1179//1954 1059//1954
f 1044//1955 1059//1955 969//1955
f 1179//1956 1114//1956 1059//1956
f 1059//1957 1114//1957 1071//1957
f 1059//1958 1071//1958 970//1958
f 1179//1959 1180//1959 1114//1959
f 1114//1960 1180//1960 1115//1960
f 1115//1961 1180//1961 1181//1961
f 1115//1962 1181//1962 1116//1962
f 1182//1963 1118//1963 1183//1963
f 1183//1964 1118//1964 1117//1964
f 1183//1965 1117//1965 1116//1965
f 1118//1966 1182//1966 1121//1966
f 1118//1967 1121//1967 1074//1967
f 1074//1968 1121//1968 1076//1968
f 1074//1969 1076//1969 988//1969
f 1184//1970 1122//1970 1185//1970
f 1185//1971 1122//1971 1120//1971
f 1185//1972 1120//1972 1121//1972
f 1122//1973 1184//1973 1186//1973
f 1122//1974 1186//1974 1077//1974
f 1077//1975 1186//1975 1031//1975
f 1184//1976 1187//1976 1186//1976
f 1186//1977 1187//1977 1124//1977
f 1186//1978 1124//1978 1031//1978
f 1031//1979 1124//1979 1078//1979
f 1031//1980 1078//1980 1030//1980
f 1188//1981 1126//1981 1123//1981
f 1126//1982 1188//1982 1128//1982
f 1126//1983 1128//1983 1125//1983
f 1125//1984 1128//1984 1027//1984
f 1125//1985 1027//1985 1028//1985
f 1189//1986 1129//1986 1190//1986
f 1190//1987 1129//1987 1127//1987
f 1190//1988 1127//1988 1128//1988
f 1129//1989 1189//1989 1191//1989
f 1129//1990 1191//1990 1079//1990
f 1079//1991 1191//1991 1192//1991
f 1079//1992 1192//1992 1024//1992
f 1191//1993 1130//1993 1192//1993
f 1192//1994 1130//1994 1080//1994
f 1192//1995 1080//1995 1024//1995
f 1024//1996 1080//1996 983//1996
f 1191//1997 1193//1997 1130//1997
f 1130//1998 1193//1998 1131//1998
f 1131//1999 1193//1999 1194//1999
f 984//2000 1080//2000 1042//2000
f 1042//2001 1080//2001 1131//2001
f 1042//2002 1131//2002 1040//2002
f 1040//2003 1131//2003 1194//2003
f 1040//2004 1195//2004 1134//2004
f 1040//2005 1134//2005 1041//2005
f 1041//2006 1134//2006 1081//2006
f 1041//2007 1081//2007 986//2007
f 1196//2008 1135//2008 1133//2008
f 1196//2009 1133//2009 1134//2009
f 1196//2010 1134//2010 1195//2010
f 1135//2011 1197//2011 1198//2011
f 1135//2012 1198//2012 1082//2012
f 1082//2013 1198//2013 1199//2013
f 1082//2014 1199//2014 980//2014
f 980//2015 1199//2015 982//2015
f 1198//2016 1197//2016 1136//2016
f 1198//2017 1136//2017 1199//2017
f 1199//2018 1136//2018 1057//2018
f 1199//2019 1057//2019 982//2019
f 1137//2020 1136//2020 1200//2020
f 1023//2021 1057//2021 1039//2021
f 1039//2022 1057//2022 1137//2022
f 1039//2023 1137//2023 1037//2023
f 1037//2024 1137//2024 1200//2024
f 1037//2025 1200//2025 1201//2025
f 1037//2026 1201//2026 1138//2026
f 1037//2027 1138//2027 1038//2027
f 1038//2028 1138//2028 1083//2028
f 1038//2029 1083//2029 1022//2029
f 1022//2030 1083//2030 1021//2030
f 1138//2031 1202//2031 1139//2031
f 1139//2032 1202//2032 1140//2032
f 1140//2033 1202//2033 1203//2033
f 1019//2034 1020//2034 1036//2034
f 1036//2035 1020//2035 1140//2035
f 1036//2036 1140//2036 1035//2036
f 1035//2037 1140//2037 1203//2037
f 1035//2038 1203//2038 1204//2038
f 1035//2039 1204//2039 1205//2039
f 1035//2040 1205//2040 1018//2040
f 1018//2041 1205//2041 1206//2041
f 1018//2042 1206//2042 1017//2042
f 1205//2043 1145//2043 1206//2043
f 1206//2044 1145//2044 1084//2044
f 1206//2045 1084//2045 1017//2045
f 1017//2046 1084//2046 1016//2046
f 1205//2047 1207//2047 1145//2047
f 1145//2048 1207//2048 1144//2048
f 1143//2049 1144//2049 1208//2049
f 1143//2050 1208//2050 1209//2050
f 1143//2051 1209//2051 1142//2051
f 1142//2052 1209//2052 1141//2052
f 1013//2053 1055//2053 1034//2053
f 1034//2054 1055//2054 1141//2054
f 1034//2055 1141//2055 1032//2055
f 1032//2056 1141//2056 1210//2056
f 1032//2057 1210//2057 1211//2057
f 1032//2058 1211//2058 1033//2058
f 1033//2059 1211//2059 1054//2059
f 1033//2060 1054//2060 977//2060
f 1211//2061 1146//2061 1054//2061
f 1054//2062 1146//2062 1085//2062
f 1054//2063 1085//2063 978//2063
f 1211//2064 1212//2064 1146//2064
f 1146//2065 1212//2065 1147//2065
f 1147//2066 1212//2066 1213//2066
f 1147//2067 1213//2067 1148//2067
f 1214//2068 1150//2068 1215//2068
f 1215//2069 1150//2069 1149//2069
f 1215//2070 1149//2070 1148//2070
f 1150//2071 1214//2071 1153//2071
f 1150//2072 1153//2072 1088//2072
f 1088//2073 1153//2073 1090//2073
f 1088//2074 1090//2074 1008//2074
f 1216//2075 1154//2075 1217//2075
f 1217//2076 1154//2076 1152//2076
f 1217//2077 1152//2077 1153//2077
f 1154//2078 1216//2078 1218//2078
f 1154//2079 1218//2079 1091//2079
f 1091//2080 1218//2080 1011//2080
f 1216//2081 1219//2081 1218//2081
f 1218//2082 1219//2082 1155//2082
f 1218//2083 1155//2083 1011//2083
f 1011//2084 1155//2084 1092//2084
f 1011//2085 1092//2085 1010//2085
f 1094//2086 1093//2086 1156//2086
f 1155//2087 1220//2087 1093//2087
f 1093//2088 1220//2088 1221//2088
f 1093//2089 1221//2089 1156//2089
f 1156//2090 1221//2090 1222//2090
f 1156//2091 1222//2091 1223//2091
f 1156//2092 1223//2092 1095//2092
f 1095//2093 1223//2093 1158//2093
f 1158//2094 1223//2094 1224//2094
f 1158//2095 1224//2095 1157//2095
f 1157//2096 1224//2096 1225//2096
f 1157//2097 1225//2097 1226//2097
f 1157//2098 1226//2098 1159//2098
f 1159//2099 1226//2099 1161//2099
f 1161//2100 1226//2100 1227//2100
f 1161//2101 1227//2101 1162//2101
f 1162//2102 1227//2102 1228//2102
f 1162//2103 1228//2103 1163//2103
f 1163//2104 1228//2104 1229//2104
f 1163//2105 1229//2105 1102//2105
f 1102//2106 1229//2106 1230//2106
f 1102//2107 1230//2107 1164//2107
f 1164//2108 1230//2108 1231//2108
f 1164//2109 1231//2109 1103//2109
f 1103//2110 1231//2110 1232//2110
f 1103//2111 1232//2111 1165//2111
f 1165//2112 1232//2112 1233//2112
f 1165//2113 1233//2113 1104//2113
f 1104//2114 1233//2114 1234//2114
f 1104//2115 1234//2115 1168//2115
f 1168//2116 1234//2116 1235//2116
f 1168//2117 1235//2117 1169//2117
f 1169//2118 1235//2118 1236//2118
f 1169//2119 1236//2119 1106//2119
f 1106//2120 1236//2120 1237//2120
f 1106//2121 1237//2121 1170//2121
f 1170//2122 1237//2122 1238//2122
f 1170//2123 1238//2123 1171//2123
f 1171//2124 1238//2124 1239//2124
f 1171//2125 1239//2125 1046//2125
f 1046//2126 1239//2126 1240//2126
f 1046//2127 1240//2127 1172//2127
f 1172//2128 1240//2128 1241//2128
f 1172//2129 1241//2129 1175//2129
f 1175//2130 1241//2130 1242//2130
f 1175//2131 1242//2131 1112//2131
f 1112//2132 1242//2132 1243//2132
f 1112//2133 1243//2133 1176//2133
f 1176//2134 1243//2134 1244//2134
f 1176//2135 1244//2135 1177//2135
f 1177//2136 1244//2136 1245//2136
f 1177//2137 1245//2137 1109//2137
f 1109//2138 1245//2138 1246//2138
f 1109//2139 1246//2139 1178//2139
f 1178//2140 1246//2140 1247//2140
f 1178//2141 1247//2141 1248//2141
f 1178//2142 1248//2142 1179//2142
f 1179//2143 1248//2143 1180//2143
f 1180//2144 1248//2144 1249//2144
f 1180//2145 1249//2145 1181//2145
f 1181//2146 1249//2146 1250//2146
f 1181//2147 1250//2147 1116//2147
f 1116//2148 1250//2148 1251//2148
f 1116//2149 1251//2149 1183//2149
f 1183//2150 1251//2150 1252//2150
f 1183//2151 1252//2151 1182//2151
f 1182//2152 1252//2152 1253//2152
f 1182//2153 1253//2153 1121//2153
f 1121//2154 1253//2154 1254//2154
f 1121//2155 1254//2155 1185//2155
f 1185//2156 1254//2156 1255//2156
f 1185//2157 1255//2157 1184//2157
f 1184//2158 1255//2158 1256//2158
f 1184//2159 1256//2159 1187//2159
f 1187//2160 1256//2160 1257//2160
f 1187//2161 1257//2161 1124//2161
f 1124//2162 1257//2162 1258//2162
f 1124//2163 1258//2163 1123//2163
f 1123//2164 1258//2164 1259//2164
f 1123//2165 1259//2165 1188//2165
f 1188//2166 1259//2166 1260//2166
f 1188//2167 1260//2167 1128//2167
f 1128//2168 1260//2168 1261//2168
f 1128//2169 1261//2169 1190//2169
f 1190//2170 1261//2170 1262//2170
f 1190//2171 1262//2171 1189//2171
f 1189//2172 1262//2172 1263//2172
f 1189//2173 1263//2173 1264//2173
f 1189//2174 1264//2174 1191//2174
f 1191//2175 1264//2175 1193//2175
f 1193//2176 1264//2176 1265//2176
f 1193//2177 1265//2177 1194//2177
f 1194//2178 1265//2178 1266//2178
f 1194//2179 1266//2179 1040//2179
f 1040//2180 1266//2180 1267//2180
f 1040//2181 1267//2181 1195//2181
f 1195//2182 1267//2182 1268//2182
f 1195//2183 1268//2183 1196//2183
f 1196//2184 1268//2184 1269//2184
f 1196//2185 1269//2185 1135//2185
f 1135//2186 1269//2186 1270//2186
f 1135//2187 1270//2187 1197//2187
f 1197//2188 1270//2188 1271//2188
f 1197//2189 1271//2189 1136//2189
f 1136//2190 1271//2190 1272//2190
f 1136//2191 1272//2191 1200//2191
f 1200//2192 1272//2192 1273//2192
f 1200//2193 1273//2193 1201//2193
f 1201//2194 1273//2194 1274//2194
f 1201//2195 1274//2195 1138//2195
f 1138//2196 1274//2196 1275//2196
f 1138//2197 1275//2197 1202//2197
f 1202//2198 1275//2198 1276//2198
f 1202//2199 1276//2199 1203//2199
f 1203//2200 1276//2200 1277//2200
f 1203//2201 1277//2201 1204//2201
f 1204//2202 1277//2202 1278//2202
f 1204//2203 1278//2203 1279//2203
f 1204//2204 1279//2204 1205//2204
f 1205//2205 1279//2205 1207//2205
f 1207//2206 1279//2206 1280//2206
f 1207//2207 1280//2207 1144//2207
f 1144//2208 1280//2208 1281//2208
f 1144//2209 1281//2209 1208//2209
f 1208//2210 1281//2210 1282//2210
f 1208//2211 1282//2211 1209//2211
f 1209//2212 1282//2212 1283//2212
f 1209//2213 1283//2213 1141//2213
f 1141//2214 1283//2214 1284//2214
f 1141//2215 1284//2215 1210//2215
f 1210//2216 1284//2216 1285//2216
f 1210//2217 1285//2217 1286//2217
f 1210//2218 1286//2218 1211//2218
f 1211//2219 1286//2219 1212//2219
f 1212//2220 1286//2220 1287//2220
f 1212//2221 1287//2221 1213//2221
f 1213//2222 1287//2222 1288//2222
f 1213//2223 1288//2223 1148//2223
f 1148//2224 1288//2224 1289//2224
f 1148//2225 1289//2225 1215//2225
f 1215//2226 1289//2226 1290//2226
f 1215//2227 1290//2227 1214//2227
f 1214//2228 1290//2228 1291//2228
f 1214//2229 1291//2229 1153//2229
f 1153//2230 1291//2230 1292//2230
f 1153//2231 1292//2231 1217//2231
f 1217//2232 1292//2232 1293//2232
f 1217//2233 1293//2233 1216//2233
f 1216//2234 1293//2234 1294//2234
f 1216//2235 1294//2235 1219//2235
f 1219//2236 1294//2236 1295//2236
f 1219//2237 1295//2237 1155//2237
f 1155//2238 1295//2238 1220//2238
f 1273//2239 1296//2239 1297//2239
f 1274//2240 1273//2240 1297//2240
f 1274//2241 1297//2241 1298//2241
f 1275//2242 1274//2242 1298//2242
f 1275//2243 1298//2243 1299//2243
f 1300//2244 1301//2244 1259//2244
f 1300//2245 1259//2245 1258//2245
f 1302//2246 1303//2246 1257//2246
f 1302//2247 1257//2247 1256//2247
f 1304//2248 1302//2248 1256//2248
f 1304//2249 1256//2249 1255//2249
f 1305//2250 1306//2250 1254//2250
f 1305//2251 1254//2251 1253//2251
f 1307//2252 1305//2252 1253//2252
f 1307//2253 1253//2253 1252//2253
f 1308//2254 1309//2254 1251//2254
f 1308//2255 1251//2255 1250//2255
f 1310//2256 1311//2256 1248//2256
f 1310//2257 1248//2257 1247//2257
f 1312//2258 1313//2258 1244//2258
f 1244//2259 1313//2259 1245//2259
f 1314//2260 1315//2260 1243//2260
f 1314//2261 1243//2261 1242//2261
f 1316//2262 1314//2262 1242//2262
f 1316//2263 1242//2263 1241//2263
f 1239//2264 1317//2264 1240//2264
f 1318//2265 1239//2265 1238//2265
f 1232//2266 1319//2266 1233//2266
f 1320//2267 1225//2267 1321//2267
f 1321//2268 1225//2268 1224//2268
f 1294//2269 1322//2269 1295//2269
f 1323//2270 1324//2270 1281//2270
f 1323//2271 1281//2271 1280//2271
f 1325//2272 1323//2272 1280//2272
f 1325//2273 1280//2273 1279//2273
f 1326//2274 1327//2274 1278//2274
f 1326//2275 1278//2275 1277//2275
f 1328//2276 1326//2276 1276//2276
f 1276//2277 1326//2277 1277//2277
f 1329//2278 1330//2278 1271//2278
f 1329//2279 1271//2279 1270//2279
f 1331//2280 1329//2280 1270//2280
f 1331//2281 1270//2281 1269//2281
f 1332//2282 1333//2282 1268//2282
f 1332//2283 1268//2283 1267//2283
f 1334//2284 1335//2284 1265//2284
f 1334//2285 1265//2285 1264//2285
f 1336//2286 1337//2286 1262//2286
f 1336//2287 1262//2287 1261//2287
f 1258//2288 1257//2288 1300//2288
f 1300//2289 1257//2289 1303//2289
f 1255//2290 1254//2290 1306//2290
f 1255//2291 1306//2291 1304//2291
f 1252//2292 1251//2292 1309//2292
f 1252//2293 1309//2293 1307//2293
f 1338//2294 1308//2294 1250//2294
f 1338//2295 1250//2295 1249//2295
f 1249//2296 1248//2296 1311//2296
f 1249//2297 1311//2297 1338//2297
f 1339//2298 1310//2298 1247//2298
f 1339//2299 1247//2299 1246//2299
f 1246//2300 1245//2300 1313//2300
f 1246//2301 1313//2301 1339//2301
f 1244//2302 1243//2302 1312//2302
f 1312//2303 1243//2303 1315//2303
f 1241//2304 1240//2304 1317//2304
f 1241//2305 1317//2305 1316//2305
f 1237//2306 1318//2306 1238//2306
f 1234//2307 1233//2307 1319//2307
f 1224//2308 1223//2308 1321//2308
f 1220//2309 1295//2309 1322//2309
f 1282//2310 1281//2310 1324//2310
f 1279//2311 1278//2311 1327//2311
f 1279//2312 1327//2312 1325//2312
f 1299//2313 1328//2313 1276//2313
f 1299//2314 1276//2314 1275//2314
f 1273//2315 1272//2315 1296//2315
f 1272//2316 1271//2316 1296//2316
f 1296//2317 1271//2317 1330//2317
f 1269//2318 1268//2318 1333//2318
f 1269//2319 1333//2319 1331//2319
f 1340//2320 1332//2320 1267//2320
f 1340//2321 1267//2321 1266//2321
f 1266//2322 1265//2322 1335//2322
f 1266//2323 1335//2323 1340//2323
f 1341//2324 1334//2324 1263//2324
f 1263//2325 1334//2325 1264//2325
f 1263//2326 1262//2326 1341//2326
f 1341//2327 1262//2327 1337//2327
f 1342//2328 1336//2328 1261//2328
f 1342//2329 1261//2329 1260//2329
f 1301//2330 1342//2330 1260//2330
f 1301//2331 1260//2331 1259//2331
f 1343//2332 1344//2332 1223//2332
f 1223//2333 1222//2333 1343//2333
f 1343//2334 1222//2334 1345//2334
f 1222//2335 1221//2335 1345//2335
f 1345//2336 1221//2336 1346//2336
f 1346//2337 1221//2337 1220//2337
f 1322//2338 1346//2338 1220//2338
f 1347//2339 1322//2339 1294//2339
f 1348//2340 1347//2340 1294//2340
f 1348//2341 1294//2341 1293//2341
f 1348//2342 1293//2342 1349//2342
f 1349//2343 1293//2343 1292//2343
f 1292//2344 1350//2344 1349//2344
f 1292//2345 1291//2345 1350//2345
f 1350//2346 1291//2346 1351//2346
f 1351//2347 1291//2347 1290//2347
f 1290//2348 1352//2348 1351//2348
f 1290//2349 1289//2349 1352//2349
f 1352//2350 1289//2350 1353//2350
f 1353//2351 1289//2351 1288//2351
f 1288//2352 1354//2352 1353//2352
f 1288//2353 1287//2353 1354//2353
f 1354//2354 1287//2354 1355//2354
f 1355//2355 1287//2355 1286//2355
f 1286//2356 1356//2356 1355//2356
f 1286//2357 1285//2357 1356//2357
f 1356//2358 1285//2358 1357//2358
f 1357//2359 1285//2359 1284//2359
f 1284//2360 1358//2360 1357//2360
f 1284//2361 1283//2361 1358//2361
f 1358//2362 1283//2362 1359//2362
f 1359//2363 1283//2363 1282//2363
f 1282//2364 1324//2364 1359//2364
f 1239//2365 1318//2365 1360//2365
f 1360//2366 1317//2366 1239//2366
f 1361//2367 1318//2367 1237//2367
f 1362//2368 1361//2368 1236//2368
f 1236//2369 1361//2369 1237//2369
f 1235//2370 1234//2370 1363//2370
f 1363//2371 1362//2371 1235//2371
f 1235//2372 1362//2372 1236//2372
f 1234//2373 1319//2373 1364//2373
f 1364//2374 1363//2374 1234//2374
f 1365//2375 1364//2375 1319//2375
f 1366//2376 1365//2376 1232//2376
f 1232//2377 1365//2377 1319//2377
f 1367//2378 1366//2378 1231//2378
f 1231//2379 1366//2379 1232//2379
f 1368//2380 1367//2380 1230//2380
f 1230//2381 1367//2381 1231//2381
f 1369//2382 1368//2382 1229//2382
f 1229//2383 1368//2383 1230//2383
f 1370//2384 1369//2384 1228//2384
f 1228//2385 1369//2385 1229//2385
f 1371//2386 1370//2386 1227//2386
f 1227//2387 1370//2387 1228//2387
f 1372//2388 1371//2388 1226//2388
f 1226//2389 1371//2389 1227//2389
f 1320//2390 1321//2390 1344//2390
f 1344//2391 1321//2391 1223//2391
f 1320//2392 1372//2392 1225//2392
f 1225//2393 1372//2393 1226//2393
f 47//2394 49//2394 41//2394
f 77//2395 79//2395 81//2395
f 27//2396 29//2396 23//2396
f 19//2397 21//2397 23//2397
f 43//2398 45//2398 41//2398
f 55//2399 57//2399 41//2399
f 15//2400 17//2400 23//2400
f 35//2401 13//2401 23//2401
f 61//2402 63//2402 81//2402
f 73//2403 75//2403 81//2403
f 67//2404 69//2404 81//2404
f 71//2405 73//2405 81//2405
f 65//2406 67//2406 81//2406
f 75//2407 77//2407 81//2407
f 33//2408 35//2408 23//2408
f 63//2409 65//2409 81//2409
f 37//2410 39//2410 41//2410
f 25//2411 27//2411 23//2411
f 17//2412 19//2412 23//2412
f 49//2413 51//2413 41//2413
f 53//2414 55//2414 41//2414
f 13//2415 15//2415 23//2415
f 29//2416 31//2416 23//2416
f 51//2417 53//2417 41//2417
f 31//2418 33//2418 23//2418
f 69//2419 71//2419 81//2419
f 57//2420 59//2420 41//2420
f 45//2421 47//2421 41//2421
f 59//2422 37//2422 41//2422
f 83//2423 61//2423 81//2423
f 529//2424 880//2424 538//2424
f 507//2425 919//2425 508//2425
f 530//2426 943//2426 531//2426
f 929//2427 544//2427 541//2427
f 564//2428 897//2428 514//2428
f 885//2429 513//2429 562//2429
f 548//2430 903//2430 582//2430
f 518//2431 860//2431 519//2431
f 579//2432 913//2432 573//2432
f 569//2433 887//2433 558//2433
f 531//2434 942//2434 575//2434
f 895//2435 694//2435 515//2435
f 876//2436 523//2436 550//2436
f 508//2437 918//2437 522//2437
f 840//2438 553//2438 556//2438
f 911//2439 510//2439 509//2439
f 941//2440 527//2440 576//2440
f 513//2441 883//2441 505//2441
f 554//2442 944//2442 530//2442
f 950//2443 567//2443 566//2443
f 523//2444 872//2444 524//2444
f 544//2445 925//2445 551//2445
f 500//2446 839//2446 501//2446
f 855//2447 534//2447 526//2447
f 534//2448 853//2448 584//2448
f 582//2449 901//2449 583//2449
f 573//2450 912//2450 535//2450
f 515//2451 897//2451 895//2451
f 501//2452 835//2452 545//2452
f 532//2453 916//2453 533//2453
f 553//2454 945//2454 554//2454
f 935//2455 517//2455 516//2455
f 580//2456 872//2456 698//2456
f 581//2457 892//2457 536//2457
f 567//2458 946//2458 570//2458
f 575//2459 941//2459 576//2459
f 882//2460 529//2460 506//2460
f 702//2461 542//2461 557//2461
f 548//2462 907//2462 905//2462
f 578//2463 868//2463 520//2463
f 558//2464 886//2464 559//2464
f 503//2465 857//2465 504//2465
f 547//2466 909//2466 907//2466
f 697//2467 578//2467 580//2467
f 503//2468 860//2468 858//2468
f 559//2469 885//2469 562//2469
f 915//2470 579//2470 568//2470
f 583//2471 696//2471 572//2471
f 577//2472 952//2472 571//2472
f 533//2473 915//2473 568//2473
f 528//2474 937//2474 555//2474
f 510//2475 909//2475 543//2475
f 557//2476 866//2476 702//2476
f 504//2477 856//2477 525//2477
f 853//2478 560//2478 584//2478
f 693//2479 561//2479 560//2479
f 565//2480 920//2480 507//2480
f 561//2481 852//2481 563//2481
f 923//2482 565//2482 552//2482
f 512//2483 846//2483 539//2483
f 563//2484 851//2484 574//2484
f 703//2485 577//2485 546//2485
f 517//2486 931//2486 540//2486
f 851//2487 511//2487 574//2487
f 918//2488 532//2488 522//2488
f 890//2489 569//2489 537//2489
f 525//2490 855//2490 526//2490
f 555//2491 935//2491 516//2491
f 505//2492 882//2492 506//2492
f 853//2493 693//2493 560//2493
f 551//2494 923//2494 552//2494
f 549//2495 876//2495 550//2495
f 538//2496 878//2496 549//2496
f 946//2497 556//2497 570//2497
f 511//2498 848//2498 512//2498
f 566//2499 952//2499 950//2499
f 536//2500 890//2500 537//2500
f 540//2501 929//2501 541//2501
f 527//2502 939//2502 528//2502
f 542//2503 862//2503 518//2503
f 700//2504 546//2504 545//2504
f 535//2505 911//2505 509//2505
f 521//2506 868//2506 866//2506
f 696//2507 564//2507 572//2507
f 539//2508 846//2508 837//2508
f 529//2509 881//2509 880//2509
f 507//2510 920//2510 919//2510
f 530//2511 944//2511 943//2511
f 929//2512 927//2512 544//2512
f 564//2513 695//2513 897//2513
f 885//2514 884//2514 513//2514
f 548//2515 905//2515 903//2515
f 518//2516 862//2516 860//2516
f 579//2517 914//2517 913//2517
f 569//2518 888//2518 887//2518
f 531//2519 943//2519 942//2519
f 876//2520 874//2520 523//2520
f 508//2521 919//2521 918//2521
f 911//2522 910//2522 510//2522
f 941//2523 940//2523 527//2523
f 513//2524 884//2524 883//2524
f 554//2525 945//2525 944//2525
f 950//2526 948//2526 567//2526
f 523//2527 874//2527 872//2527
f 544//2528 927//2528 925//2528
f 500//2529 837//2529 839//2529
f 855//2530 854//2530 534//2530
f 534//2531 854//2531 853//2531
f 582//2532 903//2532 901//2532
f 573//2533 913//2533 912//2533
f 515//2534 514//2534 897//2534
f 501//2535 839//2535 835//2535
f 532//2536 917//2536 916//2536
f 553//2537 840//2537 945//2537
f 935//2538 933//2538 517//2538
f 580//2539 524//2539 872//2539
f 581//2540 694//2540 892//2540
f 567//2541 948//2541 946//2541
f 575//2542 942//2542 941//2542
f 882//2543 881//2543 529//2543
f 548//2544 547//2544 907//2544
f 578//2545 697//2545 868//2545
f 558//2546 887//2546 886//2546
f 503//2547 858//2547 857//2547
f 547//2548 543//2548 909//2548
f 503//2549 519//2549 860//2549
f 559//2550 886//2550 885//2550
f 915//2551 914//2551 579//2551
f 583//2552 901//2552 696//2552
f 577//2553 703//2553 952//2553
f 533//2554 916//2554 915//2554
f 528//2555 939//2555 937//2555
f 510//2556 910//2556 909//2556
f 557//2557 521//2557 866//2557
f 504//2558 857//2558 856//2558
f 565//2559 921//2559 920//2559
f 561//2560 692//2560 852//2560
f 923//2561 921//2561 565//2561
f 512//2562 848//2562 846//2562
f 563//2563 852//2563 851//2563
f 517//2564 933//2564 931//2564
f 851//2565 850//2565 511//2565
f 918//2566 917//2566 532//2566
f 890//2567 888//2567 569//2567
f 525//2568 856//2568 855//2568
f 555//2569 937//2569 935//2569
f 505//2570 883//2570 882//2570
f 551//2571 925//2571 923//2571
f 549//2572 878//2572 876//2572
f 538//2573 880//2573 878//2573
f 946//2574 841//2574 556//2574
f 511//2575 850//2575 848//2575
f 566//2576 571//2576 952//2576
f 536//2577 892//2577 890//2577
f 540//2578 931//2578 929//2578
f 527//2579 940//2579 939//2579
f 542//2580 701//2580 862//2580
f 535//2581 912//2581 911//2581
f 521//2582 520//2582 868//2582
