mtllib materials.mtl
v -0.057179 0.009073 0.552091
v -0.055051 0.017877 0.551939
v -0.057168 0.009051 0.551935
v 0.000006 0.057896 0.552091
v 0.009054 0.057166 0.551935
v -0.000007 0.057869 0.551927
v -0.009051 0.057184 0.552091
v -0.009064 0.057153 0.551925
v -0.0179 0.055041 0.551936
v 0.034035 0.046832 0.552091
v 0.040927 0.040926 0.551935
v 0.03402 0.046825 0.551935
v 0.057179 -0.009078 0.552091
v 0.055051 -0.017881 0.551939
v 0.057168 -0.009056 0.551935
v -0.009076 -0.057182 0.552091
v -0.017885 -0.05505 0.551935
v -0.009054 -0.05717 0.551935
v 0.009076 0.057177 0.552091
v -0.017902 0.055056 0.552091
v -0.026278 0.051586 0.552091
v 0.026276 0.05157 0.551935
v 0.017885 0.055046 0.551935
v 0.017897 0.055057 0.552091
v 0.02629 0.05158 0.552091
v 0.046842 0.034022 0.552091
v 0.051588 0.026276 0.552091
v 0.051569 0.026282 0.551939
v 0.034024 -0.046844 0.552091
v 0.026278 -0.05159 0.552091
v 0.026284 -0.051572 0.551939
v -0.046842 -0.034027 0.552091
v -0.051588 -0.02628 0.552091
v -0.051565 -0.026293 0.551936
v -0.057871 -0.000009 0.551927
v -0.057898 0.000004 0.552091
v -0.051579 0.026262 0.551936
v -0.05506 0.017895 0.552091
v -0.056293 0.013513 0.552091
v -0.04683 0.034012 0.551934
v -0.051582 0.026288 0.552091
v -0.053486 0.022152 0.552091
v -0.040928 0.040925 0.551935
v -0.046834 0.034033 0.552091
v -0.049362 0.030247 0.552091
v -0.044022 0.037596 0.552091
v -0.040933 0.040941 0.552091
v -0.034028 0.04682 0.551939
v -0.037598 0.04402 0.552091
v -0.034024 0.04684 0.552091
v -0.026291 0.051563 0.551936
v -0.030249 0.04936 0.552091
v 0.013515 0.056291 0.552091
v -0.022155 0.053484 0.552091
v 0.022155 0.053484 0.552091
v 0.030249 0.04936 0.552091
v 0.037598 0.04402 0.552091
v 0.040943 0.040931 0.552091
v 0.046826 0.03402 0.551935
v 0.044022 0.037596 0.552091
v 0.055043 0.017898 0.551936
v 0.055058 0.0179 0.552091
v 0.053486 0.022152 0.552091
v 0.049362 0.030247 0.552091
v 0.057156 0.009062 0.551925
v 0.057186 0.009049 0.552091
v 0.057871 0.000005 0.551927
v 0.057898 -0.000009 0.552091
v 0.056293 -0.013517 0.552091
v 0.055059 -0.017899 0.552091
v 0.051579 -0.026266 0.551936
v 0.053486 -0.022157 0.552091
v 0.051582 -0.026292 0.552091
v 0.046835 -0.034011 0.551936
v 0.049362 -0.030251 0.552091
v 0.046834 -0.034038 0.552091
v 0.040933 -0.040924 0.551934
v 0.044022 -0.037601 0.552091
v 0.040933 -0.040945 0.552091
v 0.034022 -0.046828 0.551935
v 0.037598 -0.044024 0.552091
v 0.0179 -0.055045 0.551936
v 0.017902 -0.05506 0.552091
v 0.022155 -0.053488 0.552091
v 0.030249 -0.049364 0.552091
v 0.009064 -0.057158 0.551925
v 0.009051 -0.057188 0.552091
v 0.000007 -0.057873 0.551927
v -0.000007 -0.0579 0.552091
v -0.013515 -0.056296 0.552091
v -0.017897 -0.055062 0.552091
v -0.026276 -0.051574 0.551935
v -0.022155 -0.053488 0.552091
v -0.02629 -0.051584 0.552091
v -0.034021 -0.046829 0.551935
v -0.030249 -0.049364 0.552091
v -0.034036 -0.046836 0.552091
v -0.040927 -0.04093 0.551935
v -0.037598 -0.044024 0.552091
v -0.040943 -0.040935 0.552091
v -0.046823 -0.03403 0.551939
v -0.044022 -0.037601 0.552091
v -0.055043 -0.017902 0.551936
v -0.055058 -0.017904 0.552091
v -0.053486 -0.022157 0.552091
v -0.049362 -0.030251 0.552091
v -0.057156 -0.009066 0.551925
v -0.057186 -0.009053 0.552091
v -0.008996 0.056947 0.55173
v 0.000012 0.057653 0.551724
v 0.009018 0.056944 0.55173
v 0.017819 0.054841 0.551743
v 0.026185 0.051363 0.551724
v 0.033915 0.046673 0.551778
v 0.040777 0.040757 0.551724
v 0.046658 0.033868 0.55173
v 0.051382 0.026152 0.55173
v 0.054841 0.017792 0.55173
v 0.05695 0.008994 0.55173
v 0.057655 -0.000014 0.551724
v 0.056943 -0.009033 0.551724
v 0.054826 -0.017841 0.55173
v 0.051361 -0.026199 0.55173
v 0.046675 -0.033918 0.551778
v 0.04076 -0.040779 0.551724
v 0.03387 -0.046661 0.55173
v 0.026154 -0.051385 0.55173
v 0.017794 -0.054843 0.55173
v 0.008996 -0.056952 0.55173
v -0.000012 -0.057657 0.551724
v -0.009028 -0.056987 0.551778
v -0.017831 -0.054873 0.551778
v -0.026185 -0.051368 0.551724
v -0.033916 -0.046677 0.551779
v -0.040777 -0.040762 0.551724
v -0.046679 -0.033913 0.551778
v -0.051376 -0.026166 0.551724
v -0.054873 -0.017828 0.551778
v -0.056947 -0.00901 0.551724
v -0.057655 0.00001 0.551724
v -0.056943 0.009029 0.551724
v -0.054827 0.017837 0.55173
v -0.051361 0.026194 0.55173
v -0.046675 0.033913 0.551779
v -0.040795 0.040796 0.551778
v -0.033911 0.046676 0.551778
v -0.026164 0.051374 0.551724
v -0.017794 0.054839 0.55173
v -0.05486 0.017819 0.551534
v -0.056972 0.009018 0.551534
v 0.05486 -0.017824 0.551534
v 0.056972 -0.009023 0.551534
v 0.051394 0.026188 0.551534
v 0.054858 0.017826 0.551534
v 0.051488 0.02625 0.551455
v 0.046721 0.033966 0.551462
v -0.017815 -0.05483 0.551677
v -0.017822 -0.054862 0.551534
v -0.00902 -0.056975 0.551534
v -0.040764 0.040763 0.551677
v -0.046639 0.033884 0.551677
v -0.057682 -0.000005 0.551534
v 0.017817 0.054837 0.551579
v 0.00902 0.05697 0.551534
v -0.000003 0.05768 0.551534
v 0.057682 0.000001 0.551534
v -0.009019 -0.056942 0.551677
v 0.000003 -0.057684 0.551534
v -0.056971 -0.009029 0.551534
v -0.051383 -0.026184 0.551564
v -0.054858 -0.01783 0.551534
v -0.05146 -0.026244 0.551462
v -0.046721 -0.033971 0.551462
v -0.040785 -0.040792 0.551534
v -0.040856 -0.04088 0.551455
v -0.033958 -0.046768 0.551455
v 0.033886 0.046637 0.551677
v -0.009027 0.056969 0.551534
v -0.026182 0.05138 0.551564
v -0.017828 0.054856 0.551534
v -0.026242 0.051458 0.551462
v -0.033969 0.046719 0.551462
v -0.04079 0.040783 0.551534
v -0.040878 0.040854 0.551455
v -0.046766 0.033956 0.551455
v 0.046639 -0.033888 0.551677
v 0.056971 0.009024 0.551534
v 0.040785 0.040787 0.551534
v 0.040856 0.040876 0.551455
v 0.033958 0.046764 0.551455
v -0.033886 -0.046642 0.551677
v 0.009027 -0.056974 0.551534
v 0.026182 -0.051385 0.551564
v 0.017828 -0.05486 0.551534
v 0.026241 -0.051462 0.551462
v 0.033969 -0.046724 0.551462
v 0.04079 -0.040787 0.551534
v 0.040878 -0.040858 0.551455
v 0.046766 -0.033961 0.551455
v -0.009025 -0.057088 0.551455
v 0.000015 -0.057797 0.551455
v -0.046654 -0.033899 0.551564
v -0.04664 -0.033888 0.551677
v -0.026225 -0.051505 0.551455
v -0.017845 -0.054973 0.551455
v -0.026184 -0.051399 0.551534
v -0.033902 -0.04667 0.551534
v -0.054828 -0.017817 0.551677
v -0.057086 0.009023 0.551455
v -0.057795 -0.000018 0.551455
v -0.033897 0.046652 0.551564
v -0.033885 0.046638 0.551677
v -0.051503 0.026223 0.551455
v -0.054971 0.017842 0.551455
v -0.051397 0.026182 0.551534
v -0.046668 0.0339 0.551534
v 0.009025 0.057084 0.551455
v -0.000015 0.057793 0.551455
v 0.017832 0.054941 0.551462
v 0.046654 0.033895 0.551564
v 0.026225 0.0515 0.551455
v 0.026184 0.051394 0.551534
v 0.033902 0.046665 0.551534
v 0.057086 -0.009028 0.551455
v 0.057795 0.000013 0.551455
v 0.033897 -0.046657 0.551564
v 0.051502 -0.026227 0.551455
v 0.054971 -0.017847 0.551455
v 0.051397 -0.026186 0.551534
v 0.046668 -0.033904 0.551534
v 0.009057 -0.057083 0.551455
v -0.054961 -0.017876 0.551455
v -0.057081 -0.009059 0.551455
v -0.017874 0.054959 0.551455
v -0.009057 0.057079 0.551455
v 0.054961 0.017872 0.551455
v 0.057081 0.009055 0.551455
v 0.017874 -0.054964 0.551455
v -0.057994 -0.000002 0.551356
v -0.057921 0.000007 0.551438
v -0.05728 0.009075 0.551354
v -0.057207 0.009068 0.551438
v -0.055155 0.017924 0.551354
v -0.055083 0.017905 0.551438
v -0.051664 0.026337 0.551375
v -0.046916 0.034091 0.551354
v -0.046854 0.034051 0.551438
v -0.041005 0.04101 0.551354
v -0.04095 0.040961 0.551438
v -0.034088 0.046916 0.551356
v -0.034038 0.046863 0.551438
v -0.026335 0.051669 0.551354
v -0.026287 0.05161 0.551438
v -0.017927 0.055153 0.551354
v -0.01789 0.055087 0.551438
v -0.009078 0.057278 0.551354
v -0.009052 0.057207 0.551438
v 0 0.057992 0.551356
v 0.000009 0.057919 0.551438
v 0.009085 0.057272 0.551375
v 0.026334 0.05167 0.551354
v 0.017933 0.055146 0.551375
v 0.026304 0.051602 0.551438
v 0.034088 0.046916 0.551356
v 0.034053 0.046851 0.551438
v 0.041005 0.041011 0.551354
v 0.040963 0.040948 0.551438
v 0.046908 0.034094 0.551375
v 0.051671 0.026332 0.551354
v 0.051612 0.026285 0.551438
v 0.055155 0.017925 0.551354
v 0.055089 0.017887 0.551438
v 0.05728 0.009076 0.551354
v 0.057209 0.009049 0.551438
v 0.057994 -0.000002 0.551356
v 0.057921 -0.000012 0.551438
v 0.05728 -0.009075 0.551356
v 0.057207 -0.009072 0.551438
v 0.055158 -0.017923 0.551352
v 0.055083 -0.01791 0.551438
v 0.051673 -0.026331 0.551356
v 0.051604 -0.026306 0.551438
v 0.04692 -0.034091 0.551352
v 0.046854 -0.034055 0.551438
v 0.041008 -0.04101 0.551356
v 0.04095 -0.040965 0.551438
v 0.034093 -0.046918 0.551354
v 0.034038 -0.046867 0.551438
v 0.026334 -0.051674 0.551354
v 0.026287 -0.051615 0.551438
v 0.017927 -0.055157 0.551354
v 0.01789 -0.055091 0.551438
v 0.009078 -0.057282 0.551354
v 0.009052 -0.057212 0.551438
v -0 -0.057996 0.551356
v -0.000009 -0.057923 0.551438
v -0.009085 -0.057276 0.551375
v -0.017926 -0.055157 0.551354
v -0.017908 -0.055086 0.551438
v -0.026334 -0.051674 0.551354
v -0.026304 -0.051606 0.551438
v -0.034093 -0.046918 0.551354
v -0.034053 -0.046856 0.551438
v -0.041008 -0.04101 0.551356
v -0.040963 -0.040952 0.551438
v -0.046919 -0.034092 0.551352
v -0.046865 -0.03404 0.551438
v -0.051673 -0.026331 0.551356
v -0.051612 -0.02629 0.551438
v -0.055155 -0.017929 0.551354
v -0.055089 -0.017892 0.551438
v -0.05728 -0.00908 0.551354
v -0.05721 -0.009054 0.551438
v -0.051585 0.02629 0.551445
v 0.009065 0.057182 0.551445
v 0.017899 0.05506 0.551445
v 0.046845 0.034024 0.551445
v -0.009065 -0.057187 0.551445
v -0.009085 0.057272 0.539406
v -0.000002 0.057986 0.539403
v 0.009084 0.057272 0.539406
v 0.017932 0.055146 0.539406
v 0.026338 0.051662 0.539406
v 0.034083 0.046912 0.539403
v 0.040996 0.041013 0.539406
v 0.046907 0.034094 0.539406
v 0.051664 0.026337 0.539406
v 0.055159 0.01792 0.53945
v 0.057274 0.009071 0.539403
v 0.057988 -0.000001 0.539403
v 0.057274 -0.009086 0.539406
v 0.055148 -0.017934 0.539406
v 0.051664 -0.02634 0.539406
v 0.046908 -0.034098 0.539406
v 0.040997 -0.041016 0.539406
v 0.034086 -0.046915 0.539403
v 0.026339 -0.051666 0.539406
v 0.017933 -0.05515 0.539406
v 0.009085 -0.057276 0.539406
v 0.000002 -0.05799 0.539403
v -0.009084 -0.057277 0.539406
v -0.017932 -0.055151 0.539406
v -0.026338 -0.051666 0.539406
v -0.034096 -0.04691 0.539406
v -0.041003 -0.041007 0.539403
v -0.046922 -0.034092 0.53945
v -0.051667 -0.02633 0.539403
v -0.055148 -0.017935 0.539406
v -0.057274 -0.009087 0.539406
v -0.057988 -0.000004 0.539403
v -0.057275 0.009082 0.539406
v -0.055148 0.01793 0.539406
v -0.051664 0.026336 0.539406
v -0.046908 0.034094 0.539406
v -0.040997 0.041012 0.539406
v -0.034086 0.04691 0.539403
v -0.026339 0.051661 0.539406
v -0.017933 0.055146 0.539406
v -0.054946 0.017869 0.539323
v -0.057066 0.009054 0.539323
v -0.057187 0.009048 0.539337
v -0.046734 0.033974 0.539323
v -0.051474 0.026245 0.539323
v -0.051592 0.026277 0.539337
v -0.040844 0.040867 0.539323
v -0.046846 0.034024 0.539337
v 0.000011 0.057877 0.539336
v -0.009021 0.057069 0.539323
v -0.009065 0.057183 0.539337
v 0.033976 0.046732 0.539323
v 0.026247 0.051472 0.539323
v 0.026279 0.05159 0.539337
v 0.040869 0.040842 0.539323
v 0.034026 0.046843 0.539337
v 0.057071 0.009019 0.539323
v 0.054957 0.017836 0.539323
v 0.055104 0.017913 0.539352
v 0.057894 -0.000003 0.539336
v 0.057185 0.009062 0.539337
v 0.054946 -0.017874 0.539323
v 0.057065 -0.009058 0.539323
v 0.057187 -0.009052 0.539337
v 0.046734 -0.033978 0.539323
v 0.051474 -0.026249 0.539323
v 0.051592 -0.026281 0.539337
v 0.040844 -0.040871 0.539323
v 0.046846 -0.034028 0.539337
v 0.009021 -0.057073 0.539323
v 0.017838 -0.054959 0.539323
v 0.017899 -0.055065 0.539337
v -0.000018 -0.057782 0.539323
v 0.009065 -0.057187 0.539337
v -0.017872 -0.054948 0.539323
v -0.009056 -0.057068 0.539323
v -0.00905 -0.05719 0.539337
v -0.033976 -0.046737 0.539323
v -0.026247 -0.051476 0.539323
v -0.026279 -0.051594 0.539337
v -0.040869 -0.040846 0.539323
v -0.034026 -0.046848 0.539337
v -0.057071 -0.009024 0.539323
v -0.054957 -0.01784 0.539323
v -0.055063 -0.017901 0.539337
v -0.05778 0.000015 0.539323
v -0.057185 -0.009067 0.539337
v -0.01789 0.055059 0.539336
v -0.026292 0.051583 0.539337
v -0.026216 0.051488 0.539323
v 0.051585 0.02629 0.539337
v 0.05149 0.026214 0.539323
v 0.026292 -0.051587 0.539337
v 0.026216 -0.051492 0.539323
v -0.051585 -0.026294 0.539337
v -0.05149 -0.026218 0.539323
v -0.034038 0.046835 0.539337
v -0.033948 0.046753 0.539323
v 0.046837 0.034036 0.539337
v 0.046755 0.033946 0.539323
v 0.034038 -0.046839 0.539337
v 0.033948 -0.046757 0.539323
v -0.046871 -0.034069 0.539352
v -0.046755 -0.03395 0.539323
v -0.040946 0.040933 0.539337
v 0.040936 0.040944 0.539337
v 0.040946 -0.040938 0.539337
v -0.040936 -0.040948 0.539337
v -0.055068 0.017883 0.539337
v 0.017891 0.055059 0.539336
v 0.009057 0.057179 0.539336
v 0.055067 -0.017887 0.539337
v -0.017885 -0.05507 0.539337
v -0.057899 -0.00001 0.539337
v 0.000007 -0.057901 0.539337
v -0.056975 -0.009028 0.539014
v -0.057648 -0.000002 0.539137
v -0.057684 -0.000009 0.539017
v -0.056938 0.009016 0.539137
v -0.056976 0.009012 0.539015
v -0.054827 0.017812 0.539137
v -0.054865 0.017814 0.539015
v -0.051365 0.026169 0.539137
v -0.051402 0.026177 0.539015
v -0.046638 0.033882 0.539137
v -0.046674 0.033896 0.539015
v -0.040763 0.040761 0.539137
v -0.040793 0.040781 0.539017
v -0.033885 0.046636 0.539137
v -0.033908 0.046665 0.539014
v -0.026172 0.051363 0.539137
v -0.02619 0.051395 0.539014
v -0.017814 0.054824 0.539137
v -0.017828 0.054859 0.539014
v -0.009018 0.056936 0.539137
v -0.009026 0.056972 0.539014
v -0.000009 0.057671 0.539029
v 0.009018 0.056936 0.539137
v 0.009014 0.056974 0.539015
v 0.017814 0.054824 0.539137
v 0.017816 0.054863 0.539015
v 0.026172 0.051362 0.539137
v 0.026182 0.051397 0.539017
v 0.033885 0.046636 0.539137
v 0.033903 0.04667 0.539013
v 0.040763 0.040761 0.539137
v 0.040784 0.040791 0.539017
v 0.046638 0.033882 0.539137
v 0.046667 0.033906 0.539014
v 0.051365 0.026169 0.539137
v 0.051397 0.026188 0.539014
v 0.054826 0.017812 0.539137
v 0.054861 0.017825 0.539014
v 0.056938 0.009016 0.539137
v 0.056975 0.009024 0.539014
v 0.057648 -0.000002 0.539137
v 0.057684 0.000005 0.539017
v 0.056938 -0.00902 0.539137
v 0.056975 -0.009019 0.539017
v 0.054826 -0.017816 0.539137
v 0.054864 -0.017823 0.539013
v 0.051365 -0.026174 0.539137
v 0.0514 -0.026184 0.539017
v 0.046638 -0.033887 0.539137
v 0.046672 -0.033905 0.539013
v 0.040763 -0.040766 0.539137
v 0.040793 -0.040786 0.539017
v 0.033885 -0.04664 0.539137
v 0.033908 -0.046669 0.539014
v 0.026172 -0.051367 0.539137
v 0.026193 -0.051398 0.539013
v 0.017814 -0.054829 0.539137
v 0.017832 -0.054861 0.539017
v 0.009018 -0.05694 0.539137
v 0.009026 -0.056977 0.539014
v -0 -0.05765 0.539137
v 0.000007 -0.057686 0.539017
v -0.009018 -0.05694 0.539137
v -0.009017 -0.056977 0.539017
v -0.017814 -0.054829 0.539137
v -0.017821 -0.054866 0.539013
v -0.026172 -0.051367 0.539137
v -0.026182 -0.051402 0.539017
v -0.033885 -0.04664 0.539137
v -0.033903 -0.046674 0.539013
v -0.040763 -0.040765 0.539137
v -0.040782 -0.040799 0.539015
v -0.046638 -0.033887 0.539137
v -0.046662 -0.033917 0.539015
v -0.051365 -0.026174 0.539137
v -0.051393 -0.0262 0.539015
v -0.054827 -0.017816 0.539137
v -0.054858 -0.017834 0.539017
v -0.056938 -0.00902 0.539137
v 0 0.057649 0.53917
v -0.057685 -0.000001 0.539246
v -0.056975 0.009023 0.539246
v -0.054861 0.017824 0.539246
v -0.051397 0.026187 0.539246
v -0.046668 0.033905 0.539246
v -0.040789 0.040788 0.539246
v -0.033906 0.046667 0.539246
v -0.026188 0.051396 0.539246
v -0.017826 0.05489 0.539287
v -0.009023 0.056973 0.539246
v 0.009037 0.057 0.539287
v 0.017843 0.054884 0.539287
v 0.026189 0.051395 0.539246
v 0.033907 0.046665 0.539246
v 0.04079 0.040786 0.539246
v 0.046669 0.033903 0.539246
v 0.051398 0.026185 0.539246
v 0.054862 0.017822 0.539246
v 0.056975 0.009021 0.539246
v 0.057714 -0.000011 0.539287
v 0.056975 -0.009027 0.539246
v 0.054861 -0.017829 0.539246
v 0.051397 -0.026192 0.539246
v 0.046667 -0.033909 0.539246
v 0.040789 -0.040792 0.539246
v 0.033905 -0.046671 0.539246
v 0.026187 -0.0514 0.539246
v 0.017825 -0.054864 0.539246
v 0.009023 -0.056977 0.539246
v -0.000001 -0.057687 0.539246
v -0.009025 -0.056977 0.539246
v -0.017827 -0.054864 0.539246
v -0.026189 -0.051399 0.539246
v -0.033907 -0.04667 0.539246
v -0.04079 -0.040791 0.539246
v -0.046669 -0.033908 0.539246
v -0.051398 -0.02619 0.539246
v -0.054862 -0.017827 0.539246
v -0.056975 -0.009025 0.539246
v 0.000004 0.057715 0.539284
v -0.009069 -0.057168 0.538846
v -0.000007 -0.057884 0.538843
v 0.009054 -0.05717 0.538846
v 0.017885 -0.05505 0.538846
v 0.026276 -0.051574 0.538846
v 0.034016 -0.046834 0.538843
v 0.040917 -0.04094 0.538846
v 0.046817 -0.034035 0.538846
v 0.051568 -0.026286 0.538848
v 0.055047 -0.017889 0.538846
v 0.057168 -0.009064 0.538843
v 0.057881 -0.00001 0.538843
v 0.05717 0.009045 0.538843
v 0.055049 0.017876 0.538848
v 0.051546 0.026256 0.538876
v 0.046835 0.034007 0.538846
v 0.040938 0.040915 0.538846
v 0.034027 0.046819 0.538848
v 0.026284 0.051567 0.538843
v 0.0179 0.055041 0.538846
v 0.009069 0.057163 0.538846
v 0.000007 0.057879 0.538843
v -0.009054 0.057166 0.538846
v -0.017879 0.055049 0.538843
v -0.026259 0.051543 0.538876
v -0.033998 0.0468 0.538877
v -0.040923 0.040931 0.538843
v -0.046818 0.034031 0.538846
v -0.051565 0.026288 0.538846
v -0.055043 0.017898 0.538846
v -0.057166 0.009067 0.538846
v -0.057881 0.000005 0.538843
v -0.05717 -0.00905 0.538843
v -0.055052 -0.017874 0.538846
v -0.051575 -0.026272 0.538848
v -0.046831 -0.034018 0.538843
v -0.040938 -0.040919 0.538846
v -0.034027 -0.046823 0.538848
v -0.026284 -0.051572 0.538843
v -0.0179 -0.055045 0.538846
v -0.034044 0.046838 0.538738
v -0.034029 0.046834 0.538691
v -0.037598 0.04402 0.538691
v -0.026297 0.051587 0.538738
v -0.026283 0.051581 0.538691
v -0.030249 0.04936 0.538691
v 0.051589 0.026295 0.538738
v 0.051583 0.026281 0.538691
v 0.049362 0.030247 0.538691
v -0.017897 0.055057 0.538691
v -0.022155 0.053484 0.538691
v 0.055059 0.017895 0.538691
v 0.053486 0.022152 0.538691
v 0.017897 -0.055062 0.538691
v 0.02629 -0.051584 0.538691
v 0.022155 -0.053488 0.538691
v -0.055059 -0.017899 0.538691
v -0.051582 -0.026292 0.538691
v -0.053486 -0.022157 0.538691
v 0.046834 0.034033 0.538691
v 0.034035 -0.046836 0.538691
v 0.030249 -0.049364 0.538691
v -0.046834 -0.034038 0.538691
v -0.049362 -0.030251 0.538691
v -0.040943 0.040931 0.538691
v 0.040933 0.040941 0.538691
v 0.044022 0.037596 0.538691
v 0.040943 -0.040935 0.538691
v 0.037598 -0.044024 0.538691
v -0.040933 -0.040945 0.538691
v -0.044022 -0.037601 0.538691
v -0.055058 0.0179 0.538691
v -0.057182 0.009051 0.53869
v -0.049362 0.030247 0.538691
v -0.051588 0.026276 0.538691
v -0.046842 0.034022 0.538691
v 0.017902 0.055056 0.538691
v 0.009054 0.05718 0.53869
v 0.030249 0.04936 0.538691
v 0.026278 0.051586 0.538691
v 0.034024 0.04684 0.538691
v 0.055058 -0.017904 0.538691
v 0.057182 -0.009056 0.53869
v 0.049362 -0.030251 0.538691
v 0.051588 -0.02628 0.538691
v 0.046842 -0.034027 0.538691
v -0.017902 -0.05506 0.538691
v -0.009054 -0.057185 0.53869
v -0.030249 -0.049364 0.538691
v -0.026278 -0.05159 0.538691
v -0.034024 -0.046844 0.538691
v -0.057895 -0.000005 0.53869
v -0.053486 0.022152 0.538691
v -0.044022 0.037596 0.538691
v -0.013515 0.056291 0.538691
v -0.009076 0.057177 0.538691
v -0.000003 0.057892 0.53869
v 0.022155 0.053484 0.538691
v 0.037598 0.04402 0.538691
v 0.056293 0.013513 0.538691
v 0.057179 0.009074 0.538691
v 0.057895 0.000001 0.53869
v 0.053486 -0.022157 0.538691
v 0.044022 -0.037601 0.538691
v 0.013515 -0.056295 0.538691
v 0.009076 -0.057181 0.538691
v 0.000003 -0.057897 0.53869
v -0.022155 -0.053488 0.538691
v -0.037598 -0.044024 0.538691
v -0.056293 -0.013517 0.538691
v -0.057179 -0.009078 0.538691
v -0.029814 -0.068715 0.079896
v -0.020196 -0.072029 0.08016
v -0.029808 -0.068614 0.080156
v 0.061209 -0.043173 0.079896
v 0.066411 -0.03443 0.08016
v 0.061112 -0.043146 0.080156
v 0.054752 0.051109 0.079896
v 0.047237 0.058025 0.080144
v 0.05468 0.051045 0.08016
v -0.038893 -0.064015 0.079896
v -0.038866 -0.063917 0.08016
v 0.020237 -0.072119 0.079896
v 0.029868 -0.068691 0.079896
v 0.029798 -0.068618 0.080156
v 0.020183 -0.072032 0.08016
v 0.054761 -0.051105 0.079896
v 0.05467 -0.051059 0.08016
v 0.061175 0.043216 0.079896
v 0.061118 0.043133 0.080156
v 0.029814 0.06871 0.079896
v 0.02018 0.07213 0.079896
v 0.020196 0.072024 0.08016
v 0.029808 0.06861 0.080156
v -0.047216 -0.058147 0.079896
v -0.047219 -0.05802 0.08016
v 0.010228 -0.074202 0.079896
v 0.010187 -0.07411 0.08016
v 0.047322 -0.05806 0.079896
v 0.047209 -0.058028 0.08016
v 0.066491 0.034484 0.079896
v 0.066417 0.034414 0.08016
v 0.047218 0.058129 0.079896
v 0.038893 0.064011 0.079896
v 0.038866 0.063913 0.08016
v -0.010192 0.074124 0.080144
v 0.000005 0.074805 0.080156
v -0.000069 0.074898 0.079896
v -0.010219 0.07419 0.079896
v -0.029798 0.068614 0.080156
v -0.020183 0.072028 0.08016
v -0.020237 0.072114 0.079896
v -0.029868 0.068687 0.079896
v -0.054668 0.051061 0.080156
v -0.047209 0.058024 0.08016
v -0.047322 0.058056 0.079896
v -0.054761 0.051101 0.079896
v -0.066411 0.034426 0.08016
v -0.061105 0.043148 0.08016
v -0.06121 0.043168 0.079896
v -0.066495 0.034472 0.079896
v -0.07048 0.025062 0.08016
v -0.070599 0.025016 0.079896
v -0.074649 0.005101 0.080144
v -0.07324 0.015216 0.08016
v -0.073341 0.015208 0.079896
v -0.07472 0.005087 0.079896
v -0.073243 -0.015207 0.08016
v -0.074652 -0.005101 0.080139
v -0.073337 -0.015225 0.079896
v -0.074717 -0.005134 0.079896
v -0.070485 -0.025054 0.08016
v -0.070553 -0.02515 0.079896
v -0.061118 -0.043138 0.080156
v -0.066417 -0.034418 0.08016
v -0.066491 -0.034488 0.079896
v -0.061176 -0.043221 0.079896
v 0.074646 -0.005118 0.080147
v 0.073241 -0.015227 0.080156
v 0.073341 -0.015213 0.079896
v 0.07472 -0.005092 0.079896
v 0.073243 0.015203 0.08016
v 0.074652 0.005097 0.080139
v 0.073337 0.01522 0.079896
v 0.074717 0.00513 0.079896
v 0.070485 0.025049 0.08016
v 0.070553 0.025145 0.079896
v -0.00511 0.074705 0.079897
v -0.015235 0.073313 0.079897
v -0.025076 0.070556 0.079897
v -0.038855 0.06392 0.08016
v -0.038903 0.064003 0.079896
v -0.03445 0.066484 0.079897
v -0.051111 0.054724 0.079897
v -0.058086 0.047255 0.079897
v -0.06398 0.038905 0.079897
v -0.072105 0.020201 0.079897
v -0.074184 0.010194 0.079897
v -0.074881 -0.000002 0.079897
v -0.074184 -0.010199 0.079897
v -0.068682 -0.029835 0.079897
v -0.05468 -0.05105 0.08016
v -0.054752 -0.051113 0.079896
v -0.058086 -0.047259 0.079897
v -0.06398 -0.038909 0.079897
v -0.043183 -0.061178 0.079897
v -0.02018 -0.072134 0.079896
v -0.0102 -0.074108 0.08016
v -0.03445 -0.066488 0.079897
v -0.010216 -0.074203 0.079896
v -0.000005 -0.074809 0.080156
v -0.025076 -0.07056 0.079897
v 0.000069 -0.074903 0.079896
v -0.015235 -0.073317 0.079897
v 0.00511 -0.074709 0.079897
v 0.015235 -0.073317 0.079897
v 0.038855 -0.063924 0.08016
v 0.038903 -0.064007 0.079896
v 0.03445 -0.066488 0.079897
v 0.025076 -0.07056 0.079897
v 0.051111 -0.054728 0.079897
v 0.066495 -0.034476 0.079896
v 0.07048 -0.025066 0.08016
v 0.058086 -0.047259 0.079897
v 0.070599 -0.02502 0.079896
v 0.072105 -0.020205 0.079897
v 0.06398 -0.038909 0.079897
v 0.074184 -0.010199 0.079897
v 0.074881 -0.000002 0.079897
v 0.074184 0.010194 0.079897
v 0.068682 0.029831 0.079897
v 0.06398 0.038905 0.079897
v 0.058086 0.047255 0.079897
v 0.043183 0.061174 0.079897
v 0.03445 0.066484 0.079897
v 0.025076 0.070556 0.079897
v 0.0102 0.074103 0.08016
v 0.010216 0.074198 0.079896
v 0.015235 0.073313 0.079897
v -0.010123 -0.073873 0.080319
v 0.000019 -0.07456 0.080324
v 0.010161 -0.073887 0.080303
v 0.020108 -0.071763 0.080354
v 0.029721 -0.06838 0.080324
v 0.038767 -0.063693 0.080319
v 0.047058 -0.057837 0.080319
v 0.054466 -0.050868 0.080354
v 0.060885 -0.042978 0.080354
v 0.066178 -0.034265 0.080363
v 0.070237 -0.024915 0.080355
v 0.073003 -0.015167 0.080319
v 0.074407 -0.005086 0.080303
v 0.074383 0.005105 0.080324
v 0.072995 0.015197 0.080319
v 0.070237 0.024964 0.080336
v 0.066155 0.034305 0.080363
v 0.060907 0.04301 0.080316
v 0.054477 0.050901 0.080324
v 0.046995 0.057837 0.080355
v 0.038737 0.063707 0.080319
v 0.029687 0.068391 0.080324
v 0.020074 0.071786 0.080336
v 0.010122 0.073868 0.080319
v -0.000025 0.074519 0.080363
v -0.010158 0.073864 0.080319
v -0.020134 0.071786 0.080324
v -0.029734 0.068334 0.080355
v -0.038767 0.063688 0.080319
v -0.047071 0.057847 0.080303
v -0.054495 0.050886 0.080319
v -0.060923 0.042979 0.080324
v -0.066191 0.034242 0.080355
v -0.070237 0.02491 0.080355
v -0.073003 0.015163 0.080319
v -0.074407 0.005082 0.080303
v -0.074383 -0.005109 0.080324
v -0.072956 -0.015211 0.080355
v -0.070237 -0.024968 0.080336
v -0.06619 -0.034321 0.080324
v -0.060924 -0.043022 0.080301
v -0.054446 -0.050885 0.080363
v -0.046995 -0.057841 0.080355
v -0.038737 -0.063711 0.080319
v -0.029687 -0.068395 0.080324
v -0.020087 -0.071806 0.080319
v -0.054443 0.050845 0.080543
v -0.047017 0.057788 0.080464
v -0.010155 -0.073856 0.080692
v -0.000034 -0.074658 0.080793
v -0.010199 -0.074007 0.080805
v -0.020175 -0.071881 0.080793
v 0.070202 0.024946 0.080595
v 0.072938 0.015154 0.080516
v 0.074316 -0.005086 0.080516
v 0.074321 0.005081 0.080543
v 0.074455 -0.005131 0.080784
v 0.072936 -0.01516 0.08057
v 0.073088 -0.015225 0.080793
v 0.070226 -0.024966 0.080671
v 0.066173 -0.034296 0.080671
v 0.066316 -0.034395 0.080805
v 0.061015 -0.043105 0.080805
v -0.038707 0.063649 0.080516
v -0.029689 0.068361 0.080671
v -0.020097 0.07173 0.08057
v -0.010143 0.073799 0.080543
v -0.010127 0.073939 0.080784
v 0.000005 0.074529 0.080671
v 0.047012 -0.05779 0.08057
v 0.038707 -0.063653 0.080516
v -0.000002 -0.074497 0.08057
v 0.010143 -0.07384 0.080671
v 0.060887 -0.042988 0.080671
v 0.054578 -0.051012 0.080805
v 0.029704 0.068373 0.080692
v 0.020175 0.071876 0.080793
v 0.029787 0.068506 0.080805
v 0.038808 0.063746 0.080784
v 0.029677 -0.06833 0.08057
v 0.020103 -0.071771 0.080671
v 0.054467 -0.050878 0.080671
v 0.047088 -0.057935 0.080793
v 0.073147 0.01517 0.080805
v 0.07446 0.005055 0.080784
v 0.07299 0.015161 0.080692
v 0.070357 0.024967 0.080793
v 0.04704 0.057809 0.080671
v 0.054444 0.050844 0.080543
v 0.038706 0.063647 0.080543
v 0.029679 0.068326 0.080516
v 0.066341 0.034342 0.080805
v 0.066178 0.034282 0.080671
v 0.061011 0.043023 0.080793
v 0.020102 0.071738 0.080595
v 0.010144 0.073798 0.080543
v 0.047166 0.057929 0.080805
v 0.054568 0.050911 0.080784
v -0.038792 0.063841 0.080805
v -0.029737 0.068528 0.080805
v -0.038731 0.063696 0.080692
v -0.047032 0.057816 0.080671
v -0.070226 0.024962 0.080671
v -0.066173 0.034292 0.080671
v -0.072936 0.015155 0.080543
v -0.070382 0.02504 0.080805
v -0.066316 0.034391 0.080805
v -0.073063 0.015217 0.080784
v -0.07446 -0.00506 0.080784
v -0.074455 0.005127 0.080784
v -0.074321 -0.005086 0.080543
v -0.072974 -0.015161 0.080671
v -0.060893 -0.042979 0.080671
v -0.066144 -0.034273 0.08057
v -0.060865 -0.042966 0.080464
v -0.070357 -0.024971 0.080793
v -0.070203 -0.024951 0.080595
v -0.054474 -0.05087 0.080671
v -0.038707 -0.063653 0.080516
v -0.073147 -0.015174 0.080805
v -0.066302 -0.034319 0.080793
v -0.04704 -0.057814 0.080671
v -0.02968 -0.068329 0.08057
v -0.038738 -0.063696 0.080692
v -0.010144 -0.073804 0.080516
v -0.0201 -0.071734 0.08057
v -0.047166 -0.057934 0.080805
v -0.054615 -0.050972 0.080805
v -0.029774 -0.068464 0.080793
v 0.010145 -0.074014 0.080805
v 0.029712 -0.068491 0.080793
v 0.038731 -0.0637 0.080692
v 0.038792 -0.063845 0.080805
v 0.060861 0.042956 0.08057
v 0.010198 0.073929 0.080784
v -0.060859 0.042959 0.08057
v -0.020109 0.071895 0.080793
v 0.000027 0.074702 0.080805
v -0.074316 0.005081 0.080516
v -0.054519 0.050964 0.080784
v -0.060972 0.043078 0.080793
v -0.047124 0.057964 0.080805
v -0.061047 -0.04306 0.080805
v 0.010145 -0.073809 0.080464
v -0.038838 -0.063817 0.080805
v 0.020129 -0.071943 0.080805
v 0.070382 -0.025045 0.080805
v -0 0.074994 0.080974
v -0.000017 0.074916 0.080845
v -0.010214 0.074296 0.080976
v -0.010219 0.074216 0.080845
v -0.020233 0.07221 0.080958
v -0.029878 -0.06879 0.080974
v -0.038962 -0.064082 0.08096
v -0.029832 -0.068725 0.080845
v -0.020235 -0.072218 0.080978
v -0.020196 -0.072147 0.080845
v -0.010211 -0.074297 0.080958
v 0.010212 -0.0743 0.080974
v 0 -0.074996 0.080958
v 0.010218 -0.074221 0.080845
v 0.020233 -0.072217 0.080962
v 0.010215 0.074296 0.080976
v 0.02024 0.07221 0.08096
v 0.010184 0.074221 0.080845
v -0.020224 0.072118 0.080838
v -0.029872 0.068786 0.08096
v -0.029856 0.068692 0.080838
v -0.038961 0.064078 0.08096
v -0.038932 0.063987 0.080838
v -0.047332 0.058169 0.08096
v -0.047282 0.05809 0.080838
v -0.054808 0.051185 0.080958
v -0.054752 0.05111 0.080838
v -0.061265 0.043251 0.08096
v -0.061202 0.043179 0.080838
v -0.066584 0.034506 0.08096
v -0.066512 0.034443 0.080838
v -0.070663 0.025118 0.08096
v -0.070582 0.025066 0.080838
v -0.073427 0.015251 0.08096
v -0.073338 0.015221 0.080838
v -0.07482 0.00511 0.08096
v -0.074728 0.005093 0.080838
v -0.074819 -0.00512 0.080958
v -0.074726 -0.00513 0.080838
v -0.073428 -0.015254 0.08096
v -0.073332 -0.015257 0.080838
v -0.070663 -0.025121 0.08096
v -0.070572 -0.0251 0.080838
v -0.066584 -0.034509 0.08096
v -0.066497 -0.034476 0.080838
v -0.061265 -0.043254 0.08096
v -0.061183 -0.04321 0.080838
v -0.054808 -0.05119 0.080958
v -0.05473 -0.051138 0.080838
v -0.047333 -0.058172 0.08096
v -0.047257 -0.058115 0.080838
v -0.038904 -0.064008 0.080838
v -0.010183 -0.074209 0.080838
v 0.000016 -0.074904 0.080838
v 0.020224 -0.072122 0.080838
v 0.029878 -0.068787 0.080958
v 0.029856 -0.068697 0.080838
v 0.03896 -0.064083 0.08096
v 0.038931 -0.063991 0.080838
v 0.047332 -0.058173 0.08096
v 0.047282 -0.058094 0.080838
v 0.054808 -0.051189 0.080958
v 0.054752 -0.051115 0.080838
v 0.061268 -0.043252 0.080962
v 0.061202 -0.043183 0.080838
v 0.066586 -0.034504 0.080958
v 0.066511 -0.034448 0.080838
v 0.070662 -0.025123 0.08096
v 0.070582 -0.02507 0.080838
v 0.073427 -0.015255 0.08096
v 0.073338 -0.015226 0.080838
v 0.07482 -0.005115 0.08096
v 0.074728 -0.005098 0.080838
v 0.074819 0.005116 0.080958
v 0.074726 0.005125 0.080838
v 0.073427 0.01525 0.08096
v 0.073332 0.015253 0.080838
v 0.070663 0.025117 0.08096
v 0.070572 0.025096 0.080838
v 0.066584 0.034505 0.08096
v 0.066497 0.034472 0.080838
v 0.061267 0.043245 0.080958
v 0.061183 0.043205 0.080838
v 0.054813 0.051181 0.08096
v 0.05473 0.051134 0.080838
v 0.047333 0.058168 0.08096
v 0.047257 0.05811 0.080838
v 0.038962 0.064077 0.08096
v 0.038904 0.064004 0.080838
v 0.029877 0.068783 0.080958
v 0.029826 0.068705 0.080838
v 0.020193 0.072126 0.080838
v -0.010212 -0.074297 0.092135
v -0 -0.074996 0.092135
v 0.010211 -0.074297 0.092135
v 0.020235 -0.072216 0.092131
v 0.029877 -0.068787 0.092135
v 0.038962 -0.064082 0.092133
v 0.047333 -0.058172 0.092133
v 0.054813 -0.051185 0.092133
v 0.061272 -0.043245 0.092133
v 0.066586 -0.034504 0.092135
v 0.070663 -0.025121 0.092133
v 0.073427 -0.015254 0.092133
v 0.074819 -0.00512 0.092135
v 0.07482 0.00511 0.092133
v 0.073427 0.015251 0.092133
v 0.070662 0.025118 0.092133
v 0.066584 0.034506 0.092133
v 0.061268 0.043245 0.092135
v 0.054812 0.051182 0.092133
v 0.047332 0.058169 0.092133
v 0.03896 0.064078 0.092133
v 0.029866 0.068786 0.092149
v 0.020233 0.07221 0.092135
v 0.010217 0.074293 0.092133
v 0 0.074991 0.092135
v -0.010218 0.074293 0.092133
v -0.02024 0.07221 0.092133
v -0.029877 0.068783 0.092135
v -0.038962 0.064077 0.092133
v -0.047333 0.058168 0.092133
v -0.054808 0.051185 0.092135
v -0.061266 0.04325 0.092133
v -0.066584 0.034505 0.092133
v -0.070663 0.025117 0.092133
v -0.073428 0.015249 0.092133
v -0.074819 0.005116 0.092135
v -0.07482 -0.005115 0.092133
v -0.073427 -0.015255 0.092133
v -0.070663 -0.025123 0.092133
v -0.066584 -0.034511 0.092133
v -0.061265 -0.043256 0.092133
v -0.054808 -0.051189 0.092135
v -0.047332 -0.058173 0.092133
v -0.038961 -0.064083 0.092133
v -0.029872 -0.068791 0.092133
v -0.020227 -0.072218 0.092133
v 0.00002 0.074892 0.092261
v 0.010218 0.074192 0.092261
v 0.020226 0.072109 0.092261
v 0.038931 0.063978 0.092261
v 0.047281 0.058081 0.092261
v 0.054749 0.051102 0.092261
v 0.061198 0.043171 0.092261
v 0.066507 0.034436 0.092261
v 0.070577 0.025059 0.092261
v 0.073332 0.015215 0.092261
v 0.074721 0.005088 0.092261
v 0.074718 -0.005134 0.092261
v 0.073324 -0.01526 0.092261
v 0.070563 -0.025102 0.092261
v 0.066488 -0.034477 0.092261
v 0.061175 -0.043209 0.092261
v 0.054721 -0.051137 0.092261
v 0.047249 -0.058112 0.092261
v 0.038896 -0.064004 0.092261
v 0.029819 -0.068704 0.092261
v 0.020186 -0.072125 0.092261
v 0.010178 -0.074202 0.092261
v -0.000021 -0.074897 0.092261
v -0.010218 -0.074196 0.092261
v -0.020226 -0.072114 0.092261
v -0.029857 -0.068688 0.092261
v -0.038931 -0.063983 0.092261
v -0.047281 -0.058086 0.092261
v -0.05475 -0.051107 0.092261
v -0.061198 -0.043176 0.092261
v -0.066507 -0.03444 0.092261
v -0.070577 -0.025064 0.092261
v -0.073332 -0.01522 0.092261
v -0.074721 -0.005093 0.092261
v -0.074718 0.005129 0.092261
v -0.073324 0.015256 0.092261
v -0.070563 0.025098 0.092261
v -0.066488 0.034472 0.092261
v -0.061175 0.043205 0.092261
v -0.054722 0.051132 0.092261
v -0.047249 0.058107 0.092261
v -0.038896 0.064 0.092261
v -0.029819 0.0687 0.092261
v -0.020187 0.07212 0.092261
v -0.010178 0.074197 0.092261
v 0.029849 0.068669 0.092266
v 0.01014 0.073976 0.0923
v 0.029711 0.068475 0.092309
v 0.038774 0.063812 0.0923
v 0.054553 0.050984 0.0923
v 0.066262 0.034366 0.092309
v 0.070325 0.025023 0.092309
v 0.073053 0.01521 0.09232
v 0.074498 -0.00507 0.0923
v 0.073114 -0.015167 0.0923
v 0.066268 -0.034304 0.09232
v 0.061019 -0.04304 0.0923
v 0.020167 -0.071871 0.092309
v 0.010192 -0.073923 0.09232
v -0.010135 -0.073956 0.092309
v -0.02011 -0.071887 0.092309
v -0.060987 -0.043086 0.0923
v -0.066286 -0.03438 0.0923
v -0.070325 -0.025027 0.092309
v -0.073078 -0.015218 0.092309
v -0.074498 0.005066 0.0923
v -0.073114 0.015163 0.0923
v -0.06629 0.034313 0.092309
v -0.061 0.04302 0.092309
v -0.020173 0.071892 0.0923
v -0.010195 0.073969 0.0923
v 0.038762 0.063648 0.092739
v 0.047032 0.057806 0.092739
v 0.038718 0.063672 0.092448
v 0.029675 0.068319 0.09255
v -0.000003 0.074506 0.092471
v 0.010145 0.073826 0.092448
v -0.000028 0.074668 0.0923
v -0.038821 0.063783 0.0923
v -0.029757 0.068427 0.09232
v -0.010142 -0.073796 0.09255
v -0.020095 -0.071727 0.09255
v 0.000031 -0.074622 0.09232
v 0.03881 -0.063765 0.092309
v 0.029766 -0.068456 0.092309
v -0.060917 0.043024 0.092789
v -0.060854 0.042952 0.09255
v -0.066137 0.034266 0.09255
v -0.072945 -0.015162 0.092498
v -0.074348 -0.00509 0.092448
v -0.047085 -0.057924 0.092309
v -0.054553 -0.050989 0.0923
v -0.01015 0.073825 0.092448
v -0.047145 0.057903 0.0923
v -0.029712 -0.068344 0.09273
v -0.038701 -0.063646 0.09255
v -0.029687 -0.068356 0.092448
v 0.047145 -0.057907 0.0923
v -0.066209 0.034322 0.092786
v -0.070189 0.024943 0.092577
v -0.074346 0.005108 0.09273
v -0.072936 0.015155 0.092604
v -0.074349 0.005081 0.092448
v -0.070186 -0.024948 0.09255
v -0.066166 -0.03429 0.092448
v -0.038759 -0.063796 0.092309
v 0.02013 0.071749 0.09273
v 0.020103 0.071757 0.092448
v -0.020112 0.07177 0.092425
v -0.054591 0.050944 0.0923
v -0.047071 -0.057851 0.09279
v -0.054491 -0.050863 0.09275
v -0.047007 -0.057783 0.09255
v -0 -0.074492 0.092577
v 0.054591 -0.050948 0.0923
v -0.070272 0.024978 0.09279
v -0.074351 -0.005087 0.092739
v -0.06087 -0.042973 0.092471
v -0.029723 -0.068502 0.0923
v -0.074494 -0.005126 0.0923
v -0.070322 0.024957 0.09232
v -0.047032 0.057804 0.092448
v -0.054465 0.050861 0.092448
v -0.046995 0.057837 0.092739
v -0.038721 0.063673 0.092739
v -0.020098 0.07173 0.092604
v -0.029677 0.068321 0.092577
v -0.0201 0.071818 0.092789
v -0.010101 0.073834 0.092739
v -0.038723 0.06367 0.092448
v 0.029733 0.068394 0.092789
v 0.020119 0.071907 0.0923
v 0.054462 0.050865 0.092448
v 0.047028 0.057807 0.092448
v 0.054466 0.050864 0.092739
v 0.060896 0.042952 0.09273
v 0.047102 0.057938 0.0923
v 0.060987 0.043081 0.0923
v 0.060881 0.042975 0.092448
v 0.066135 0.034268 0.09255
v 0.070202 0.024949 0.092498
v 0.074348 0.005086 0.092448
v 0.072932 0.015153 0.092577
v 0.07435 0.005058 0.09273
v 0.074347 -0.005135 0.092739
v 0.074494 0.005121 0.0923
v 0.074348 -0.005085 0.092448
v 0.072951 -0.015158 0.092471
v 0.054456 -0.050856 0.092471
v 0.060873 -0.042967 0.092471
v 0.054452 -0.05091 0.092757
v 0.047012 -0.057789 0.092603
v 0.038703 -0.063645 0.09255
v 0.038746 -0.063728 0.09279
v 0.029708 -0.06841 0.09279
v 0.070208 -0.024951 0.092471
v 0.066139 -0.034272 0.092577
v 0.029677 -0.068322 0.09255
v 0.020097 -0.071801 0.092769
v 0.070368 -0.024982 0.0923
v 0.010143 -0.073798 0.092577
v -0.000015 -0.074579 0.092786
v -0.010161 -0.073887 0.09279
v 0.0201 -0.071734 0.092523
v -0.054452 -0.050861 0.092471
v -0.060921 -0.042958 0.092757
v -0.066191 -0.034247 0.092739
v -0.070281 -0.024957 0.092789
v -0.072984 -0.015165 0.092758
v 0.000022 0.074537 0.09275
v 0.010149 0.073828 0.092739
v 0.066228 0.03429 0.092789
v 0.070251 0.024924 0.092757
v 0.073021 0.015166 0.09279
v 0.072975 -0.015206 0.092757
v 0.070237 -0.024968 0.092758
v 0.066216 -0.034319 0.09279
v 0.060884 -0.043006 0.09275
v 0.047049 -0.057868 0.092789
v 0.010133 -0.07389 0.092789
v 0.047041 -0.05782 0.092425
v -0.020127 -0.071815 0.09279
v -0.038769 -0.063713 0.092789
v -0.073015 0.015193 0.092789
v -0.054433 0.050899 0.092739
v -0.072978 0.015161 0.092425
v -0.029698 0.068407 0.092786
v -0.01021 0.074121 0.092949
v -0.000008 0.074824 0.092954
v 0.010191 0.074124 0.092949
v 0.02019 0.072045 0.092949
v 0.029804 0.068632 0.092954
v 0.038858 0.063939 0.092949
v 0.047222 0.058037 0.092949
v 0.054686 0.051066 0.092949
v 0.061112 0.043142 0.092937
v 0.066424 0.034441 0.092949
v 0.070496 0.025075 0.092949
v 0.073259 0.015218 0.092949
v 0.074649 0.005101 0.092949
v 0.074652 -0.005101 0.092954
v 0.073243 -0.015207 0.092934
v 0.070485 -0.025054 0.092933
v 0.066441 -0.03442 0.092954
v 0.061141 -0.043133 0.092949
v 0.05468 -0.05105 0.092934
v 0.047237 -0.05803 0.092949
v 0.038874 -0.063934 0.092949
v 0.029807 -0.068632 0.092949
v 0.020195 -0.072052 0.092954
v 0.0102 -0.074108 0.092934
v 0.000005 -0.074809 0.092937
v -0.010187 -0.07411 0.092933
v -0.020181 -0.072056 0.092954
v -0.02979 -0.06864 0.092949
v -0.038858 -0.063944 0.092949
v -0.047209 -0.058028 0.092933
v -0.054668 -0.051066 0.092937
v -0.061108 -0.043145 0.092931
v -0.066434 -0.034434 0.092954
v -0.070496 -0.02508 0.092949
v -0.07326 -0.015234 0.092954
v -0.074647 -0.00513 0.092949
v -0.07465 0.005082 0.092949
v -0.073243 0.015203 0.092934
v -0.070485 0.025049 0.092933
v -0.066417 0.034414 0.092933
v -0.061118 0.043133 0.092937
v -0.054698 0.051053 0.092949
v -0.047237 0.058025 0.092949
v -0.038866 0.063913 0.092933
v -0.029808 0.06861 0.092937
v -0.020208 0.07204 0.092949
v 0.038895 -0.064003 0.093197
v -0.010228 -0.074202 0.093197
v 0.047218 -0.058134 0.093197
v -0.000069 -0.074903 0.093197
v 0.000059 0.07489 0.093197
v 0.010219 0.07419 0.093197
v 0.020226 0.072108 0.093197
v 0.029857 0.068682 0.093197
v 0.047309 0.058055 0.093197
v 0.054749 0.051101 0.093197
v 0.061209 0.043168 0.093197
v 0.066485 0.034473 0.093197
v 0.070587 0.025022 0.093197
v 0.073331 0.015214 0.093197
v 0.07472 0.005087 0.093197
v 0.073337 -0.015225 0.093197
v 0.074717 -0.005134 0.093197
v 0.070553 -0.02515 0.093197
v 0.066487 -0.034477 0.093197
v 0.061173 -0.043209 0.093197
v -0.047322 -0.05806 0.093197
v -0.054761 -0.051105 0.093197
v -0.06121 -0.043173 0.093197
v -0.066485 -0.034478 0.093197
v -0.070587 -0.025027 0.093197
v -0.073331 -0.015219 0.093197
v -0.07472 -0.005092 0.093197
v -0.073337 0.01522 0.093197
v -0.074717 0.00513 0.093197
v -0.070553 0.025145 0.093197
v -0.066491 0.034484 0.093197
v -0.061176 0.043216 0.093197
v -0.038893 0.064011 0.093197
v -0.047218 0.058129 0.093197
v -0.029814 0.06871 0.093197
v -0.020185 0.072119 0.093197
v 0.00511 0.074705 0.093196
v 0.015235 0.073313 0.093196
v 0.025076 0.070556 0.093196
v 0.038893 0.063999 0.093197
v 0.03445 0.066484 0.093196
v 0.05111 0.054724 0.093196
v 0.058086 0.047255 0.093196
v 0.06398 0.038905 0.093196
v 0.072105 0.020201 0.093196
v 0.074184 0.010194 0.093196
v 0.074881 -0.000002 0.093196
v 0.068682 -0.029835 0.093196
v 0.074184 -0.010199 0.093196
v 0.054752 -0.051113 0.093197
v 0.058086 -0.047259 0.093196
v 0.06398 -0.038909 0.093196
v 0.043183 -0.061178 0.093196
v 0.029818 -0.068704 0.093197
v 0.03445 -0.066488 0.093196
v 0.020185 -0.072124 0.093197
v 0.010216 -0.074203 0.093197
v 0.015235 -0.073317 0.093196
v 0.025076 -0.07056 0.093196
v -0.00511 -0.074709 0.093196
v -0.020226 -0.072112 0.093197
v -0.015235 -0.073317 0.093196
v -0.029857 -0.068687 0.093197
v -0.025076 -0.07056 0.093196
v -0.038893 -0.064003 0.093197
v -0.03445 -0.066488 0.093196
v -0.051111 -0.054728 0.093196
v -0.058086 -0.047259 0.093196
v -0.072105 -0.020205 0.093196
v -0.06398 -0.038909 0.093196
v -0.074184 -0.010199 0.093196
v -0.074881 -0.000002 0.093196
v -0.068682 0.029831 0.093196
v -0.074184 0.010194 0.093196
v -0.054749 0.051099 0.093197
v -0.058086 0.047255 0.093196
v -0.06398 0.038905 0.093196
v -0.043183 0.061174 0.093196
v -0.03445 0.066484 0.093196
v -0.025076 0.070556 0.093196
v -0.01022 0.074189 0.093197
v -0.015235 0.073313 0.093196
v -0.019835 -0.063401 0.666785
v -0.01007 -0.063401 0.669401
v -0.057111 -0.063401 0.602219
v -0 -0.063401 0.670282
v 0.01007 -0.063401 0.669401
v -0.044425 -0.063401 0.649566
v -0.037277 -0.063401 0.656714
v -0.028996 -0.063401 0.662513
v -0.057111 -0.063401 0.62236
v -0.054495 -0.063401 0.632124
v -0.050223 -0.063401 0.641286
v -0.057992 -0.063401 0.61229
v -0.037277 -0.063401 0.567865
v -0.044425 -0.063401 0.575013
v -0.050223 -0.063401 0.583294
v -0.054495 -0.063401 0.592455
v -0.01007 -0.063401 0.555179
v -0.019835 -0.063401 0.557795
v -0.028996 -0.063401 0.562067
v 0.019834 -0.063401 0.557795
v 0.01007 -0.063401 0.555179
v -0 -0.063401 0.554298
v 0.044425 -0.063401 0.575013
v 0.037277 -0.063401 0.567865
v 0.028996 -0.063401 0.562067
v 0.057111 -0.063401 0.602219
v 0.054495 -0.063401 0.592455
v 0.050223 -0.063401 0.583294
v 0.054495 -0.063401 0.632124
v 0.057111 -0.063401 0.62236
v 0.057992 -0.063401 0.61229
v 0.037277 -0.063401 0.656714
v 0.044425 -0.063401 0.649566
v 0.050223 -0.063401 0.641286
v 0.019834 -0.063401 0.666785
v 0.028996 -0.063401 0.662513
v -0.026551 -0.064086 0.560712
v -0.031292 -0.064093 0.563458
v -0.050457 -0.064206 0.583684
v -0.052595 -0.064221 0.587848
v -0.054343 -0.064201 0.59207
v -0.045956 -0.064142 0.576884
v -0.049376 -0.064181 0.581861
v -0.038106 -0.064112 0.568566
v -0.042078 -0.064127 0.57237
v -0.033854 -0.064101 0.565191
v -0.021498 -0.064083 0.558417
v -0.007977 -0.064077 0.554837
v -0.013388 -0.06408 0.555853
v -0.016213 -0.06408 0.556597
v -0.002486 -0.064075 0.554342
v 0.006012 -0.064075 0.5546
v 0.003165 -0.064076 0.55437
v 0.011618 -0.064077 0.555464
v 0.016715 -0.064079 0.556745
v 0.029733 -0.064093 0.562487
v 0.024868 -0.06408 0.559894
v 0.022059 -0.06408 0.558649
v 0.034285 -0.064095 0.565516
v 0.045205 -0.064144 0.575944
v 0.042982 -0.064144 0.573328
v 0.041248 -0.064112 0.571505
v 0.038562 -0.064108 0.568968
v 0.048227 -0.064164 0.580052
v 0.05016 -0.064205 0.583165
v 0.046616 -0.064158 0.577772
v 0.054352 -0.064202 0.59209
v 0.0535 -0.064201 0.589915
v 0.052236 -0.064205 0.587087
v 0.057779 -0.064201 0.607235
v 0.057121 -0.064201 0.602425
v 0.056023 -0.064201 0.597278
v 0.055165 -0.0642 0.594396
v -0.055315 -0.064201 0.594849
v -0.056267 -0.064198 0.598189
v -0.057118 -0.064201 0.602218
v -0.057779 -0.064201 0.607235
v -0.057999 -0.064201 0.61229
v -0.057118 -0.064201 0.622361
v -0.056023 -0.064201 0.627301
v -0.054502 -0.064201 0.632127
v -0.052565 -0.064201 0.636801
v -0.050229 -0.064201 0.641289
v -0.04443 -0.064201 0.649571
v -0.037281 -0.064201 0.65672
v -0.029 -0.064201 0.662519
v -0.019837 -0.064201 0.666791
v -0.010071 -0.064201 0.669408
v -0 -0.064201 0.670289
v 0.010071 -0.064201 0.669408
v 0.019837 -0.064201 0.666791
v 0.029 -0.064201 0.662519
v 0.037281 -0.064201 0.65672
v 0.04443 -0.064201 0.649571
v 0.050229 -0.064201 0.641289
v 0.054501 -0.064201 0.632127
v 0.057118 -0.064201 0.622361
v 0.057779 -0.064201 0.617345
v 0.057999 -0.064201 0.61229
v 0.019091 -0.064202 0.66673
v 0.026846 -0.064202 0.663368
v 0.056599 -0.064202 0.624251
v 0.057774 -0.064211 0.615879
v 0.034028 -0.064202 0.658912
v 0.040485 -0.064202 0.653459
v 0.046079 -0.064202 0.647123
v 0.050692 -0.064204 0.640046
v 0.054223 -0.064202 0.632362
v 0.01093 -0.064202 0.668927
v 0.002536 -0.064202 0.669913
v -0.005913 -0.064202 0.669666
v -0.014235 -0.064202 0.668191
v -0.022254 -0.064202 0.66552
v -0.029799 -0.064202 0.66171
v -0.036708 -0.064202 0.656843
v 0.057891 -0.064201 0.61165
v -0.042837 -0.064202 0.65102
v -0.048055 -0.064208 0.644364
v -0.050276 -0.064201 0.640778
v 0.056419 -0.06421 0.599085
v 0.057709 -0.064214 0.607437
v -0.057341 -0.064215 0.60405
v -0.057768 -0.064201 0.608272
v -0.057894 -0.064211 0.61249
v -0.057215 -0.064202 0.620919
v -0.05225 -0.064215 0.637021
v -0.05392 -0.064201 0.633152
v -0.055317 -0.064209 0.629156
v -0.055563 -0.064212 0.595791
v 0.050287 -0.064267 0.583371
v 0.053919 -0.064231 0.590984
v 0.0539 -0.064365 0.591002
v 0.03987 -0.064159 0.570127
v 0.036512 -0.064122 0.567187
v 0.033333 -0.064144 0.564768
v -0.048524 -0.064227 0.5805
v 0.018273 -0.064104 0.557207
v 0.026105 -0.064127 0.560438
v -0.015019 -0.064107 0.55622
v -0.006726 -0.064117 0.554604
v -0.023018 -0.064117 0.559005
v -0.030485 -0.064132 0.562896
v -0.037344 -0.064145 0.567875
v -0.043401 -0.064175 0.573777
v 0.045573 -0.064215 0.576366
v 0.056394 -0.064365 0.599074
v 0.010931 -0.064353 0.668916
v 0.019107 -0.064353 0.666713
v 0.057685 -0.064365 0.607424
v 0.018287 -0.064353 0.557155
v 0.0101 -0.064239 0.555055
v 0.01829 -0.064189 0.557148
v 0.010101 -0.064106 0.555129
v -0.057298 -0.064381 0.604074
v -0.05786 -0.064377 0.612538
v 0.002538 -0.064353 0.669902
v 0.050675 -0.064365 0.640025
v 0.05422 -0.064353 0.632338
v 0.057738 -0.064374 0.615867
v 0.026086 -0.064336 0.560389
v -0.023024 -0.064375 0.558991
v -0.030503 -0.064386 0.56292
v -0.030527 -0.064257 0.56287
v -0.023036 -0.06424 0.558951
v -0.055532 -0.064374 0.595819
v -0.048025 -0.064366 0.644366
v -0.042821 -0.06435 0.651023
v -0.005908 -0.064353 0.669655
v 0.046079 -0.06435 0.647108
v 0.033319 -0.064353 0.564742
v -0.015051 -0.064365 0.556193
v -0.015054 -0.064205 0.556168
v -0.052562 -0.064385 0.587909
v -0.052207 -0.064374 0.637024
v -0.014222 -0.06435 0.668185
v 0.040486 -0.064355 0.653442
v 0.056595 -0.064351 0.624224
v 0.039856 -0.064353 0.570098
v 0.045531 -0.064375 0.576368
v 0.001703 -0.064124 0.554233
v 0.001681 -0.06435 0.554214
v -0.006753 -0.064353 0.554586
v -0.043418 -0.064346 0.573786
v -0.048495 -0.064375 0.580511
v -0.057201 -0.064351 0.620945
v -0.055291 -0.064364 0.629166
v -0.029776 -0.064353 0.661712
v -0.022231 -0.064353 0.665518
v 0.026852 -0.06435 0.663354
v 0.034025 -0.064353 0.658902
v 0.050237 -0.064385 0.583387
v 0.010085 -0.064385 0.55511
v -0.037364 -0.06424 0.567841
v -0.037341 -0.064376 0.567875
v -0.057674 -0.064425 0.608278
v -0.036699 -0.064353 0.656837
v -0.057706 -0.064499 0.612491
v -0.057135 -0.064516 0.60408
v -0.055327 -0.064567 0.595857
v -0.052393 -0.064537 0.587963
v -0.048314 -0.064549 0.580593
v -0.043215 -0.064549 0.573894
v -0.037206 -0.064562 0.56803
v -0.030405 -0.064537 0.563064
v -0.022945 -0.064536 0.55916
v -0.014979 -0.064567 0.556399
v -0.006707 -0.064549 0.5548
v 0.001691 -0.064515 0.554404
v 0.010082 -0.064562 0.555307
v 0.018213 -0.064562 0.557371
v 0.026001 -0.064525 0.560581
v 0.033216 -0.064553 0.564938
v 0.03973 -0.064562 0.570293
v 0.04539 -0.064562 0.576523
v 0.050083 -0.064562 0.583511
v 0.053698 -0.064562 0.591082
v 0.056192 -0.064549 0.599124
v 0.057498 -0.064528 0.607449
v 0.05753 -0.064562 0.615886
v 0.056372 -0.064549 0.624219
v 0.054025 -0.064525 0.632296
v 0.050509 -0.064525 0.639938
v 0.045909 -0.064528 0.646999
v 0.04033 -0.064535 0.653306
v 0.033894 -0.06454 0.658738
v 0.026715 -0.064562 0.663167
v 0.018999 -0.064549 0.66652
v 0.010892 -0.064525 0.668722
v 0.00253 -0.064562 0.669675
v -0.005884 -0.064562 0.669429
v -0.014186 -0.064553 0.667966
v -0.022181 -0.064537 0.665313
v -0.029697 -0.064537 0.661516
v -0.036568 -0.064536 0.656675
v -0.042656 -0.064562 0.650864
v -0.047857 -0.064567 0.644228
v -0.052054 -0.064526 0.636932
v -0.055103 -0.064549 0.629073
v -0.057009 -0.064526 0.620881
v 0.001683 -0.064648 0.554455
v -0.057648 -0.064615 0.612497
v 0.057462 -0.064648 0.607445
v 0.025981 -0.064665 0.560614
v -0.057093 -0.064682 0.604101
v -0.056971 -0.064648 0.620886
v -0.052015 -0.064682 0.636927
v 0.010887 -0.064648 0.668685
v 0.045886 -0.064682 0.64697
v 0.050477 -0.064665 0.639918
v 0.053994 -0.064682 0.632271
v -0.022941 -0.064715 0.559178
v -0.030398 -0.064715 0.563082
v -0.052384 -0.064715 0.587987
v -0.036552 -0.064681 0.656658
v -0.029672 -0.064731 0.661514
v -0.022158 -0.064715 0.665303
v 0.033888 -0.064665 0.658714
v 0.040318 -0.064681 0.653283
v 0.056187 -0.064713 0.599124
v 0.033205 -0.064713 0.564934
v -0.006736 -0.064761 0.554791
v -0.043226 -0.064713 0.573913
v -0.048322 -0.064713 0.580613
v -0.055092 -0.064713 0.629092
v -0.014174 -0.064729 0.667971
v 0.019018 -0.064713 0.666508
v 0.056377 -0.064729 0.624197
v 0.05755 -0.064743 0.615861
v 0.053716 -0.064743 0.591075
v 0.050086 -0.064743 0.583478
v 0.045388 -0.064743 0.57649
v 0.039727 -0.064758 0.570254
v 0.01822 -0.064743 0.557353
v 0.010058 -0.064727 0.55529
v -0.014996 -0.064728 0.55639
v -0.037219 -0.064743 0.568016
v -0.055344 -0.064728 0.595866
v -0.057673 -0.064743 0.612499
v -0.047865 -0.064743 0.644251
v -0.04267 -0.064743 0.650877
v -0.005886 -0.064743 0.669448
v 0.002531 -0.064743 0.669694
v 0.026744 -0.064727 0.663166
v 0.057537 -0.064811 0.60742
v -0.057044 -0.064811 0.620917
v 0.01092 -0.064811 0.668757
v 0.033947 -0.064811 0.658763
v 0.026009 -0.064795 0.56055
v 0.001678 -0.064822 0.55435
v -0.036595 -0.064818 0.656738
v 0.040394 -0.064818 0.653335
v 0.050568 -0.064818 0.639948
v 0.056278 -0.064824 0.599086
v 0.033247 -0.064824 0.564846
v 0.010057 -0.064824 0.5552
v -0.015035 -0.064825 0.556308
v -0.043309 -0.064824 0.573862
v -0.048411 -0.064825 0.580575
v -0.055434 -0.064825 0.595857
v -0.057204 -0.064825 0.604101
v -0.05518 -0.064825 0.629136
v -0.052107 -0.064825 0.636988
v 0.019066 -0.064824 0.666594
v 0.0268 -0.064824 0.663237
v 0.045983 -0.064825 0.647024
v 0.054102 -0.064824 0.632294
v 0.05765 -0.06483 0.615852
v 0.053802 -0.06483 0.591025
v 0.050164 -0.06483 0.583416
v 0.045457 -0.06483 0.576417
v 0.018237 -0.06483 0.557255
v -0.023 -0.06483 0.559077
v -0.030471 -0.06483 0.56299
v -0.037293 -0.06483 0.56795
v -0.052496 -0.06483 0.587951
v -0.057772 -0.06483 0.612514
v -0.047938 -0.06483 0.644318
v -0.042733 -0.06483 0.650954
v -0.02219 -0.06483 0.665416
v -0.014186 -0.06483 0.668079
v -0.005881 -0.06483 0.669547
v 0.00255 -0.06483 0.669791
v 0.056485 -0.06483 0.624206
v 0.039793 -0.064834 0.570168
v -0.02973 -0.064834 0.66163
v 0.026076 -0.064846 0.560402
v -0.006764 -0.064846 0.554592
v 0.056629 -0.064854 0.624267
v 0.054241 -0.06485 0.632379
v 0.050715 -0.064854 0.640065
v 0.046099 -0.064854 0.647151
v 0.040501 -0.064854 0.65349
v 0.034039 -0.064854 0.658945
v 0.026852 -0.064854 0.663402
v 0.019089 -0.06485 0.666754
v 0.010926 -0.064854 0.668962
v 0.002527 -0.064854 0.669946
v -0.005926 -0.064854 0.669697
v -0.014243 -0.064846 0.668191
v -0.022276 -0.064854 0.665547
v -0.029824 -0.064854 0.661734
v -0.036737 -0.064854 0.656862
v -0.04285 -0.064848 0.651022
v -0.048083 -0.064854 0.644379
v -0.052254 -0.064848 0.637026
v -0.055351 -0.064854 0.629156
v -0.057217 -0.064846 0.620914
v -0.057904 -0.064848 0.612487
v -0.057347 -0.064848 0.604052
v -0.055588 -0.064854 0.59578
v -0.052623 -0.064854 0.58786
v -0.048537 -0.064854 0.580456
v -0.043408 -0.06485 0.573734
v -0.03737 -0.064854 0.567813
v -0.030517 -0.064848 0.562863
v -0.023034 -0.064854 0.558924
v -0.015045 -0.064848 0.556157
v 0.010117 -0.064854 0.555037
v 0.018314 -0.064854 0.557118
v 0.033349 -0.064846 0.564749
v 0.039908 -0.064854 0.570088
v 0.045596 -0.064854 0.576346
v 0.050313 -0.064853 0.583366
v 0.053946 -0.06485 0.591
v 0.056419 -0.064846 0.599082
v 0.05772 -0.064848 0.607436
v 0.057801 -0.064854 0.615892
v 0.054017 -0.064938 0.590965
v 0.018325 -0.064949 0.557049
v 0.002546 -0.064956 0.670017
v 0.056512 -0.064917 0.599065
v 0.02615 -0.064917 0.560314
v -0.023071 -0.064949 0.558864
v -0.030566 -0.064927 0.56279
v -0.055659 -0.06495 0.595774
v -0.057434 -0.064925 0.604051
v -0.048131 -0.064949 0.644432
v -0.042906 -0.064925 0.651088
v -0.005917 -0.064956 0.66977
v 0.057806 -0.064928 0.607426
v 0.033395 -0.064914 0.564668
v -0.015078 -0.064925 0.556077
v -0.052692 -0.064947 0.587843
v -0.052328 -0.06493 0.637076
v -0.014243 -0.064917 0.668288
v 0.045641 -0.064949 0.57629
v 0.039944 -0.064949 0.570025
v 0.001675 -0.064906 0.554111
v -0.006778 -0.064917 0.554481
v -0.04348 -0.064938 0.573696
v -0.048605 -0.064949 0.580432
v -0.057307 -0.064917 0.620951
v -0.055413 -0.064947 0.62919
v -0.029846 -0.064949 0.661802
v -0.022287 -0.064949 0.665618
v 0.026899 -0.064949 0.663456
v 0.034094 -0.064949 0.658992
v 0.040559 -0.064947 0.65353
v 0.046164 -0.06495 0.647183
v 0.054321 -0.064938 0.632388
v 0.056701 -0.064949 0.624265
v 0.057871 -0.064947 0.615883
v 0.050365 -0.064949 0.583316
v 0.010112 -0.064949 0.554966
v -0.037423 -0.064949 0.567767
v -0.057992 -0.064928 0.612491
v -0.036773 -0.064949 0.656923
v 0.01095 -0.064949 0.669028
v 0.019133 -0.064938 0.666822
v -0 -0.064985 0.670074
v 0.050782 -0.064947 0.640087
v -0.00593 -0.076875 0.669763
v 0.000004 -0.076817 0.669944
v 0.002544 -0.076877 0.67001
v 0.010942 -0.076875 0.669026
v 0.019132 -0.076864 0.666823
v 0.026898 -0.076854 0.663456
v 0.034099 -0.076886 0.65898
v 0.040565 -0.076886 0.653515
v 0.046167 -0.076886 0.647167
v 0.050776 -0.076888 0.640081
v 0.054321 -0.076864 0.632389
v 0.0567 -0.076864 0.624263
v 0.057866 -0.076886 0.615869
v 0.057802 -0.076886 0.607403
v 0.05651 -0.076877 0.59905
v 0.054018 -0.076854 0.590963
v 0.050359 -0.076875 0.583314
v 0.045641 -0.076854 0.57629
v 0.039937 -0.076875 0.570024
v 0.033393 -0.076888 0.564666
v 0.026151 -0.076897 0.560319
v 0.018326 -0.076854 0.557049
v 0.01011 -0.076864 0.554967
v 0.001678 -0.076886 0.554108
v -0.006779 -0.076886 0.554482
v -0.01508 -0.076856 0.556073
v -0.02307 -0.076854 0.558864
v -0.030565 -0.076875 0.56279
v -0.037415 -0.076875 0.567765
v -0.043474 -0.076877 0.573694
v -0.048599 -0.076884 0.580431
v -0.052688 -0.076877 0.587846
v -0.055654 -0.076884 0.595774
v -0.057431 -0.076888 0.604054
v -0.057992 -0.076875 0.61249
v -0.057307 -0.076886 0.620952
v -0.055405 -0.076888 0.629189
v -0.052332 -0.076875 0.637066
v -0.048135 -0.076875 0.644419
v -0.042913 -0.076875 0.651083
v -0.036774 -0.076854 0.656922
v -0.029833 -0.076886 0.661802
v -0.022288 -0.076877 0.665612
v -0.014269 -0.076886 0.668282
v 0.053947 -0.076949 0.590972
v 0.04558 -0.076949 0.576325
v 0.018288 -0.076949 0.55711
v -0.015075 -0.076949 0.556143
v -0.023058 -0.076949 0.558934
v -0.036716 -0.076949 0.656879
v 0.026876 -0.076949 0.663389
v 0.010089 -0.076952 0.555044
v 0.019114 -0.076952 0.666746
v 0.05425 -0.076952 0.632354
v 0.056624 -0.076952 0.62424
v 0.056424 -0.076955 0.599058
v 0.050282 -0.076955 0.583354
v 0.039875 -0.076955 0.570086
v -0.030537 -0.076955 0.562875
v -0.037376 -0.076955 0.567846
v -0.043417 -0.076955 0.573759
v -0.052615 -0.076955 0.587892
v -0.057904 -0.076955 0.612511
v -0.052244 -0.076955 0.637048
v -0.048051 -0.076955 0.644388
v -0.042834 -0.076955 0.65104
v -0.022245 -0.076955 0.665537
v -0.005899 -0.076955 0.669679
v 0.002551 -0.076955 0.669924
v 0.010947 -0.076955 0.668936
v 0.057771 -0.076957 0.615866
v 0.057708 -0.076957 0.607414
v 0.033341 -0.076956 0.564763
v 0.00168 -0.076957 0.554203
v -0.006741 -0.076956 0.554589
v -0.048523 -0.076957 0.580493
v -0.055565 -0.076957 0.595812
v -0.05734 -0.076957 0.604075
v -0.057214 -0.076957 0.620934
v -0.055314 -0.076957 0.62917
v -0.029788 -0.076957 0.661719
v -0.014222 -0.076957 0.668196
v 0.03404 -0.076957 0.658906
v 0.040496 -0.076957 0.65345
v 0.046089 -0.076957 0.647113
v 0.050699 -0.076957 0.640029
v 0.026034 -0.076981 0.560527
v 0.056286 -0.076978 0.59912
v 0.05018 -0.076973 0.583445
v 0.045441 -0.076992 0.576475
v 0.010093 -0.076973 0.55519
v 0.001703 -0.076978 0.554342
v -0.02297 -0.076973 0.559064
v -0.037257 -0.076978 0.56794
v -0.043286 -0.076978 0.573835
v -0.057066 -0.076984 0.620882
v -0.052136 -0.076973 0.636965
v -0.047957 -0.076973 0.644291
v -0.036614 -0.076992 0.656702
v -0.029726 -0.076992 0.661558
v -0.02222 -0.076973 0.665404
v 0.019039 -0.076973 0.66662
v 0.026754 -0.076992 0.663226
v 0.05409 -0.076978 0.632327
v 0.056462 -0.076978 0.624236
v -0.03655 -0.077155 0.656654
v -0.029669 -0.077155 0.661501
v -0.042666 -0.077073 0.650868
v -0.052041 -0.077059 0.636936
v -0.047852 -0.077088 0.644237
v -0.055175 -0.076984 0.629097
v -0.057215 -0.076973 0.604066
v -0.057772 -0.076973 0.612482
v 0.057499 -0.077279 0.607436
v 0.057461 -0.077121 0.607446
v 0.05755 -0.077262 0.615853
v 0.057527 -0.077122 0.615861
v 0.056358 -0.077121 0.624197
v 0.002517 -0.076973 0.669793
v 0.010886 -0.076984 0.66878
v 0.050071 -0.077241 0.58349
v 0.045367 -0.077171 0.576509
v 0.050088 -0.077059 0.583481
v 0.053697 -0.077105 0.591085
v 0.056175 -0.077121 0.599129
v 0.057572 -0.076978 0.607453
v 0.057615 -0.076984 0.615885
v 0.045975 -0.076973 0.64706
v 0.050579 -0.076973 0.639993
v -0.05544 -0.076973 0.59582
v 0.050497 -0.07724 0.6399
v 0.053999 -0.077105 0.632276
v 0.0505 -0.077059 0.639933
v 0.045898 -0.077073 0.646984
v 0.033893 -0.07709 0.658722
v 0.040356 -0.076992 0.653349
v 0.033936 -0.076978 0.65881
v -0.005912 -0.076984 0.669512
v 0.039716 -0.07709 0.570272
v 0.033221 -0.077041 0.564925
v 0.039794 -0.076978 0.570214
v -0.037227 -0.077253 0.568035
v -0.043229 -0.077254 0.573909
v -0.037207 -0.07709 0.568025
v -0.030399 -0.077073 0.563072
v -0.055112 -0.077275 0.629105
v -0.052012 -0.07724 0.636952
v -0.05508 -0.077138 0.629086
v -0.05697 -0.077138 0.620885
v -0.057663 -0.077253 0.612518
v -0.057664 -0.077073 0.612495
v -0.057105 -0.07724 0.604124
v -0.05712 -0.077059 0.604094
v -0.055349 -0.077059 0.595862
v -0.015007 -0.076973 0.556284
v -0.022169 -0.077278 0.665329
v -0.014175 -0.077241 0.66796
v -0.022159 -0.077103 0.665294
v -0.052482 -0.076973 0.587922
v 0.056396 -0.077278 0.624201
v 0.054019 -0.077266 0.632281
v 0.040315 -0.077155 0.653281
v 0.01902 -0.07706 0.666522
v -0.014218 -0.076973 0.668071
v 0.0538 -0.076978 0.591063
v -0.030418 -0.077253 0.563084
v -0.022962 -0.07724 0.559188
v -0.022944 -0.077059 0.55916
v -0.014992 -0.077073 0.556392
v 0.001684 -0.07709 0.554438
v -0.006724 -0.077029 0.554777
v 0.010061 -0.07706 0.555284
v 0.018255 -0.076992 0.557311
v -0.057007 -0.077278 0.620894
v -0.055339 -0.07724 0.595894
v -0.052399 -0.077059 0.587976
v -0.043225 -0.07709 0.573912
v -0.048332 -0.077059 0.580603
v -0.029687 -0.077278 0.661534
v -0.04265 -0.077253 0.650884
v -0.048406 -0.076973 0.580537
v 0.033208 -0.077254 0.564931
v 0.025982 -0.077138 0.560615
v 0.018213 -0.077155 0.557379
v 0.018214 -0.077277 0.55734
v 0.010058 -0.077241 0.555303
v -0.006724 -0.077241 0.554812
v -0.015005 -0.077249 0.556397
v -0.048316 -0.077241 0.580614
v -0.052387 -0.077235 0.587998
v -0.047857 -0.077266 0.644262
v -0.042755 -0.076973 0.65093
v -0.01418 -0.077059 0.667979
v -0.005885 -0.077138 0.66942
v 0.002526 -0.077088 0.669676
v 0.002545 -0.077266 0.669693
v 0.010907 -0.077266 0.668708
v 0.026734 -0.077155 0.663148
v 0.019014 -0.077241 0.666505
v 0.026753 -0.077278 0.66318
v 0.033896 -0.077254 0.658725
v 0.010887 -0.077121 0.668689
v 0.045911 -0.077253 0.646966
v 0.056208 -0.077275 0.599112
v 0.053711 -0.077266 0.591062
v 0.045404 -0.077288 0.576477
v 0.039718 -0.077254 0.570268
v 0.025992 -0.077275 0.560578
v 0.001683 -0.077254 0.554434
v -0.030443 -0.076973 0.562973
v -0.036565 -0.077277 0.65669
v -0.005881 -0.077275 0.669457
v 0.040345 -0.077275 0.653301
v -0.005916 -0.077449 0.669652
v 0.002525 -0.077435 0.669889
v 0.010913 -0.077458 0.668927
v 0.019083 -0.077435 0.666707
v 0.026835 -0.077435 0.663346
v 0.034022 -0.077446 0.6589
v 0.040473 -0.077449 0.653453
v 0.046067 -0.077458 0.647134
v 0.05068 -0.077458 0.640053
v 0.0542 -0.077435 0.632353
v 0.056597 -0.077458 0.624245
v 0.057766 -0.077462 0.615885
v 0.057695 -0.077446 0.607442
v 0.056394 -0.077435 0.59909
v 0.053914 -0.077446 0.591017
v 0.050266 -0.077446 0.583378
v 0.045537 -0.077425 0.576381
v 0.039873 -0.077458 0.570104
v 0.033345 -0.077462 0.564751
v 0.026109 -0.077458 0.560406
v 0.018288 -0.077425 0.557181
v 0.010096 -0.077446 0.555081
v 0.001692 -0.077435 0.554229
v -0.006745 -0.077425 0.55461
v -0.015039 -0.077426 0.556203
v -0.023011 -0.077425 0.558988
v -0.030498 -0.077435 0.562893
v -0.037334 -0.077435 0.567858
v -0.043389 -0.077446 0.573766
v -0.048515 -0.077458 0.580488
v -0.052586 -0.077446 0.587891
v -0.055547 -0.077446 0.595805
v -0.057324 -0.077449 0.604059
v -0.057889 -0.077458 0.612479
v -0.05719 -0.077435 0.620917
v -0.055293 -0.077435 0.62915
v -0.05223 -0.077449 0.637019
v -0.048056 -0.077458 0.644353
v -0.042844 -0.077458 0.651007
v -0.036719 -0.077458 0.65683
v -0.029782 -0.077425 0.66168
v -0.022247 -0.077446 0.665509
v -0.01423 -0.077458 0.668189
v 0.045562 -0.077603 0.576342
v 0.018283 -0.077603 0.557133
v -0.006766 -0.077603 0.554568
v -0.015067 -0.077603 0.556166
v -0.023046 -0.077603 0.558955
v -0.029792 -0.077603 0.661725
v 0.056417 -0.077602 0.599065
v 0.001683 -0.077602 0.554201
v -0.030529 -0.077602 0.562879
v -0.037367 -0.077602 0.567849
v -0.057217 -0.077602 0.620931
v -0.055317 -0.077602 0.629168
v 0.002525 -0.077602 0.669918
v 0.019102 -0.077602 0.66673
v 0.026856 -0.077602 0.663367
v 0.05423 -0.077602 0.632353
v 0.057707 -0.077601 0.607422
v 0.05392 -0.077601 0.590993
v 0.050276 -0.077601 0.583367
v 0.010095 -0.077601 0.555067
v -0.043403 -0.077602 0.57376
v -0.052601 -0.077602 0.587889
v -0.055562 -0.077602 0.595805
v -0.057338 -0.077602 0.604068
v -0.052237 -0.077602 0.637035
v -0.022249 -0.077601 0.665523
v -0.005891 -0.077601 0.669669
v 0.034034 -0.077601 0.658909
v 0.04049 -0.077601 0.653455
v -0 -0.077601 0.669967
v 0.010933 -0.077601 0.668926
v 0.04608 -0.077601 0.64712
v 0.050692 -0.077601 0.640037
v 0.056599 -0.077601 0.624247
v 0.057768 -0.077601 0.615876
v 0.039875 -0.077601 0.570103
v 0.033339 -0.077601 0.564745
v 0.026093 -0.077601 0.560395
v -0.048516 -0.077601 0.580486
v -0.057891 -0.077601 0.612499
v -0.048047 -0.077601 0.644371
v -0.042833 -0.077601 0.651023
v -0.036705 -0.077601 0.656844
v -0.014232 -0.077601 0.668191
vn -0.000967 0.000232 -0.000104
vn 0.000076 0.000983 -0.000168
vn -0.000077 0.000985 -0.000156
vn -0.000078 0.000982 -0.000174
vn -0.00023 0.00096 -0.000158
vn 0.000646 0.000757 -0.000098
vn 0.000967 -0.000232 -0.000104
vn -0.000232 -0.000967 -0.000104
vn 0.000079 0.000993 -0.000084
vn -0.000233 0.000968 -0.000097
vn -0.000381 0.00092 -0.000093
vn 0.000381 0.000919 -0.000098
vn 0.000381 0.00092 -0.000091
vn 0.00085 0.000521 -0.000083
vn 0.000521 -0.00085 -0.000083
vn -0.00085 -0.00052 -0.000084
vn -0.000983 0.000076 -0.000168
vn -0.000993 0.000079 -0.000084
vn -0.00092 0.000381 -0.000097
vn -0.000969 0.000233 -0.000083
vn 0.000001 -0 -0.001
vn -0.000848 0.000519 -0.000106
vn -0.000921 0.000382 -0.000084
vn 0 -0 -0.001
vn -0.000756 0.000646 -0.000105
vn -0.000849 0.00052 -0.000091
vn 0 -0 -0.001
vn 0 -0 -0.001
vn -0.000757 0.000647 -0.000091
vn -0.000646 0.000757 -0.000098
vn 0 -0.000001 -0.001
vn -0.000647 0.000758 -0.000083
vn -0.00052 0.000849 -0.000097
vn 0 -0.000001 -0.001
vn -0.000521 0.00085 -0.000084
vn -0.000381 0.000919 -0.000105
vn -0 -0.000001 -0.001
vn 0.000233 0.000968 -0.000091
vn 0.000232 0.000967 -0.000104
vn 0 -0.000001 -0.001
vn -0 -0.000001 -0.001
vn 0.00052 0.000848 -0.000098
vn 0.00052 0.000849 -0.000091
vn -0 -0.000001 -0.001
vn -0 -0.000001 -0.001
vn 0.000647 0.000757 -0.000091
vn 0.000757 0.000646 -0.000098
vn -0 -0.000001 -0.001
vn 0.000757 0.000647 -0.000091
vn 0.000848 0.00052 -0.000098
vn 0.000919 0.000381 -0.000097
vn 0.00092 0.000381 -0.000094
vn -0.000001 -0 -0.001
vn -0 -0 -0.001
vn 0.00096 0.00023 -0.000158
vn 0.000968 0.000233 -0.000097
vn 0.000982 0.000077 -0.000174
vn 0.000985 0.000077 -0.000156
vn 0.000983 -0.000076 -0.000168
vn 0.000993 -0.000079 -0.000084
vn -0.000001 0 -0.001
vn 0.000969 -0.000233 -0.000083
vn 0.000919 -0.000381 -0.000097
vn -0 0 -0.001
vn 0.000921 -0.000381 -0.000084
vn 0.000848 -0.000519 -0.000106
vn -0 0 -0.001
vn 0.000849 -0.000521 -0.000084
vn 0.000756 -0.000646 -0.000106
vn -0 0 -0.001
vn 0.000757 -0.000647 -0.000091
vn 0.000646 -0.000756 -0.000105
vn -0 0 -0.001
vn 0.000647 -0.000757 -0.000091
vn 0.00052 -0.000849 -0.000098
vn 0.000381 -0.00092 -0.000097
vn 0.000381 -0.00092 -0.000094
vn -0 0 -0.001
vn -0 0.000001 -0.001
vn 0.00023 -0.00096 -0.000158
vn 0.000233 -0.000968 -0.000097
vn 0.000078 -0.000982 -0.000174
vn 0.000077 -0.000985 -0.000156
vn -0.000076 -0.000983 -0.000168
vn -0.000079 -0.000993 -0.000084
vn 0 0.000001 -0.001
vn -0.000233 -0.000968 -0.000091
vn -0.000381 -0.000919 -0.000098
vn 0 0.000001 -0.001
vn -0.000381 -0.00092 -0.000091
vn -0.00052 -0.000849 -0.000098
vn 0 0.000001 -0.001
vn -0.00052 -0.000849 -0.000091
vn -0.000646 -0.000757 -0.000098
vn 0 0 -0.001
vn -0.000647 -0.000757 -0.000091
vn -0.000757 -0.000646 -0.000098
vn 0 0 -0.001
vn -0.000758 -0.000647 -0.000083
vn -0.000848 -0.00052 -0.000097
vn -0.000919 -0.000381 -0.000106
vn -0.00092 -0.000381 -0.000093
vn 0.000001 0 -0.001
vn 0 0 -0.001
vn -0.00096 -0.00023 -0.000158
vn -0.000968 -0.000233 -0.000097
vn -0.000982 -0.000077 -0.000174
vn -0.000985 -0.000077 -0.000156
vn -0.000053 0.000677 -0.000734
vn -0.000054 0.00068 -0.000731
vn 0.000054 0.000685 -0.000727
vn 0.000053 0.000674 -0.000737
vn 0.000158 0.000657 -0.000737
vn 0.000156 0.000649 -0.000745
vn 0.000255 0.000617 -0.000744
vn 0.000261 0.000631 -0.000731
vn 0.00036 0.000584 -0.000727
vn 0.000339 0.000554 -0.000761
vn 0.000421 0.000495 -0.00076
vn 0.000443 0.000519 -0.000731
vn 0.000522 0.000445 -0.000728
vn 0.000512 0.000438 -0.000739
vn 0.00058 0.000355 -0.000733
vn 0.000577 0.000353 -0.000736
vn 0.000633 0.000262 -0.000729
vn 0.000621 0.000257 -0.00074
vn 0.000663 0.000159 -0.000731
vn 0.000651 0.000157 -0.000743
vn 0.000677 0.000053 -0.000734
vn 0.00068 0.000054 -0.000731
vn 0.000685 -0.000054 -0.000727
vn 0.000681 -0.000053 -0.000731
vn 0.000667 -0.000161 -0.000728
vn 0.000658 -0.000158 -0.000736
vn 0.000632 -0.000262 -0.000729
vn 0.000621 -0.000257 -0.000741
vn 0.000581 -0.000357 -0.000731
vn 0.000552 -0.000338 -0.000762
vn 0.000497 -0.000424 -0.000757
vn 0.000518 -0.00044 -0.000734
vn 0.000444 -0.000521 -0.000729
vn 0.000437 -0.000512 -0.000739
vn 0.000355 -0.00058 -0.000733
vn 0.000353 -0.000577 -0.000736
vn 0.000262 -0.000633 -0.000729
vn 0.000258 -0.000621 -0.000741
vn 0.000159 -0.000663 -0.000731
vn 0.000157 -0.000651 -0.000743
vn 0.000053 -0.000677 -0.000734
vn 0.000054 -0.00068 -0.000731
vn -0.000055 -0.000685 -0.000726
vn -0.000051 -0.000648 -0.00076
vn -0.000152 -0.000633 -0.000759
vn -0.000152 -0.000632 -0.00076
vn -0.000248 -0.000602 -0.000759
vn -0.000261 -0.000631 -0.000731
vn -0.00036 -0.000584 -0.000728
vn -0.000339 -0.000553 -0.000761
vn -0.000421 -0.000495 -0.00076
vn -0.000443 -0.000519 -0.000731
vn -0.000523 -0.000445 -0.000727
vn -0.000497 -0.000424 -0.000757
vn -0.00056 -0.000343 -0.000754
vn -0.00058 -0.000357 -0.000732
vn -0.000636 -0.000262 -0.000725
vn -0.000598 -0.000248 -0.000762
vn -0.000635 -0.000153 -0.000757
vn -0.00066 -0.00016 -0.000734
vn -0.000684 -0.000054 -0.000728
vn -0.00068 -0.000054 -0.000731
vn -0.000685 0.000054 -0.000727
vn -0.000681 0.000054 -0.000731
vn -0.000667 0.000161 -0.000728
vn -0.000658 0.000158 -0.000736
vn -0.000632 0.000262 -0.000729
vn -0.000621 0.000257 -0.00074
vn -0.000581 0.000357 -0.000731
vn -0.00055 0.000337 -0.000764
vn -0.000493 0.000421 -0.000761
vn -0.000494 0.000422 -0.00076
vn -0.000423 0.000495 -0.000759
vn -0.000425 0.000497 -0.000756
vn -0.000343 0.000561 -0.000754
vn -0.000357 0.00058 -0.000732
vn -0.000263 0.000636 -0.000726
vn -0.000257 0.000621 -0.00074
vn -0.000159 0.000663 -0.000731
vn -0.000157 0.000651 -0.000742
vn -0.000917 0.00038 0.000122
vn -0.000962 0.000231 0.000143
vn 0.000917 -0.00038 0.000122
vn 0.000962 -0.000231 0.000143
vn 0.00053 0.00022 0.000819
vn 0.000483 0.000297 0.000824
vn -0.000372 -0.000903 0.000217
vn -0.000227 -0.000949 0.00022
vn -0.000693 0.000592 -0.000412
vn -0.000964 0.000231 0.000134
vn -0.000986 0.000078 0.000146
vn 0.000384 0.000923 -0.000028
vn 0.000233 0.000972 -0.000027
vn 0.000233 0.000964 0.000132
vn 0.000078 0.000988 0.000133
vn 0.000964 -0.000231 0.000134
vn 0.000986 -0.000078 0.000146
vn -0.000228 -0.000949 0.000217
vn -0.000076 -0.000972 0.00022
vn -0.000691 0.00059 -0.000417
vn -0.000777 0.000475 -0.000414
vn -0.000988 0.000078 0.000134
vn -0.000986 -0.000078 0.000146
vn -0.000679 -0.00028 0.000679
vn -0.000617 -0.000378 0.00069
vn -0.000437 -0.000372 0.000819
vn -0.000368 -0.000431 0.000824
vn 0.000592 0.00069 -0.000417
vn 0.000474 0.000777 -0.000413
vn 0.000078 0.000988 0.000134
vn -0.000078 0.000986 0.000147
vn -0.00028 0.000679 0.000679
vn -0.000378 0.000617 0.00069
vn -0.000372 0.000437 0.000819
vn -0.000431 0.000368 0.000824
vn 0.00069 -0.000592 -0.000417
vn 0.000777 -0.000475 -0.000413
vn 0.000988 -0.000078 0.000134
vn 0.000986 0.000078 0.000146
vn 0.000437 0.000372 0.000819
vn 0.000368 0.000431 0.000824
vn -0.000591 -0.00069 -0.000417
vn -0.000474 -0.000777 -0.000413
vn -0.000079 -0.000988 0.000134
vn 0.000078 -0.000986 0.000147
vn 0.00028 -0.000679 0.000679
vn 0.000378 -0.000617 0.00069
vn 0.000372 -0.000437 0.000819
vn 0.000431 -0.000368 0.000824
vn -0.000044 -0.000565 0.000824
vn -0.000134 -0.000558 0.000819
vn -0.000751 -0.00064 0.000164
vn -0.000841 -0.000517 0.000163
vn -0.000217 -0.000524 0.000824
vn -0.0003 -0.000489 0.000819
vn -0.000901 -0.000374 0.000221
vn -0.000949 -0.000229 0.000217
vn -0.000565 0.000044 0.000824
vn -0.000558 0.000134 0.000819
vn -0.00064 0.000751 0.000164
vn -0.000517 0.000841 0.000163
vn -0.000524 0.000217 0.000824
vn -0.000489 0.0003 0.000819
vn -0.00038 0.000914 0.000143
vn -0.000231 0.000965 0.000122
vn 0.000044 0.000565 0.000824
vn 0.000135 0.000558 0.000819
vn 0.000758 0.000646 0.000088
vn 0.000851 0.000521 0.000065
vn 0.000216 0.000524 0.000824
vn 0.0003 0.000489 0.000819
vn 0.000914 0.000379 0.000143
vn 0.000965 0.000231 0.000122
vn 0.000565 -0.000044 0.000824
vn 0.000558 -0.000134 0.000819
vn 0.000646 -0.000758 0.000088
vn 0.000521 -0.000851 0.000065
vn 0.000524 -0.000217 0.000824
vn 0.000489 -0.0003 0.000819
vn 0.00038 -0.000914 0.000143
vn 0.000231 -0.000965 0.000122
vn -0.000213 -0.000886 -0.000412
vn -0.00035 -0.00084 -0.000414
vn -0.000754 -0.000643 0.000134
vn -0.000643 -0.000752 0.000147
vn -0.000045 -0.000572 0.000819
vn 0.000045 -0.000565 0.000824
vn -0.000921 -0.000381 0.000078
vn -0.000849 -0.000521 0.000091
vn -0.000219 -0.000531 0.000818
vn -0.000132 -0.000551 0.000824
vn -0.000296 -0.000483 0.000824
vn -0.000372 -0.000437 0.000819
vn -0.000549 -0.000471 0.00069
vn -0.000626 -0.000384 0.000679
vn -0.000962 -0.000231 0.000146
vn -0.000988 -0.000078 0.000134
vn -0.000591 0.000692 -0.000414
vn -0.000592 0.000693 -0.000412
vn -0.000474 0.000777 -0.000414
vn -0.000523 -0.000218 0.000824
vn -0.000558 -0.000134 0.000819
vn -0.000914 0.000379 0.000143
vn -0.000846 0.00052 0.000122
vn -0.000551 -0.000132 0.000824
vn -0.000572 -0.000045 0.000819
vn -0.000832 0.00051 0.00022
vn -0.000742 0.000634 0.000217
vn -0.000634 0.000742 0.000217
vn -0.000742 0.000634 0.000221
vn -0.000572 0.000045 0.000819
vn -0.000565 -0.000045 0.000824
vn -0.000381 0.000921 0.000078
vn -0.00052 0.000849 0.000091
vn -0.00053 0.00022 0.000819
vn -0.000552 0.000132 0.000824
vn -0.000483 0.000296 0.000824
vn -0.000436 0.000373 0.000819
vn -0.000471 0.00055 0.00069
vn -0.000384 0.000626 0.000679
vn -0.000231 0.000962 0.000143
vn -0.000077 0.00099 0.000122
vn -0.000218 0.000523 0.000824
vn -0.000134 0.000558 0.000819
vn 0.000377 0.000914 0.000147
vn 0.000519 0.000844 0.000134
vn -0.000133 0.000551 0.000824
vn -0.000045 0.000573 0.000818
vn 0.000509 0.000832 0.00022
vn 0.000633 0.000743 0.000217
vn 0.000754 0.000644 0.000134
vn 0.000642 0.000752 0.000147
vn 0.000289 0.000695 0.000658
vn 0.000172 0.000723 0.000669
vn 0.000045 0.000572 0.000819
vn -0.000045 0.000565 0.000824
vn 0.000917 0.000379 0.000122
vn 0.000843 0.000518 0.000143
vn 0.000296 0.000483 0.000824
vn 0.000372 0.000436 0.000819
vn 0.00055 0.000471 0.00069
vn 0.000627 0.000383 0.000679
vn 0.000962 0.000231 0.000143
vn 0.00099 0.000077 0.000122
vn 0.000524 0.000217 0.000824
vn 0.000558 0.000134 0.000819
vn 0.000914 -0.000379 0.000143
vn 0.000846 -0.00052 0.000122
vn 0.000551 0.000132 0.000824
vn 0.000572 0.000045 0.000819
vn 0.000832 -0.00051 0.000221
vn 0.000743 -0.000633 0.000217
vn 0.000643 -0.000754 0.000134
vn 0.000752 -0.000642 0.000147
vn 0.000572 -0.000045 0.000819
vn 0.000565 0.000045 0.000824
vn -0.000212 -0.000885 -0.000414
vn -0.00007 -0.000909 -0.000412
vn 0.000381 -0.000922 0.000065
vn 0.000521 -0.000849 0.000088
vn 0.00053 -0.00022 0.000819
vn 0.000552 -0.000132 0.000824
vn 0.000484 -0.000296 0.000824
vn 0.000436 -0.000373 0.000819
vn 0.000471 -0.00055 0.00069
vn 0.000384 -0.000626 0.000679
vn 0.000231 -0.000962 0.000143
vn 0.000077 -0.00099 0.000122
vn -0.000692 -0.000592 -0.000414
vn -0.000776 -0.000473 -0.000417
vn 0.000219 -0.000523 0.000824
vn 0.000134 -0.000558 0.000819
vn -0.000379 -0.000914 0.000147
vn -0.000519 -0.000844 0.000134
vn 0.000133 -0.000551 0.000824
vn 0.000045 -0.000572 0.000819
vn -0.000509 -0.000832 0.00022
vn -0.000633 -0.000743 0.000217
vn -0.000841 -0.00035 -0.000414
vn -0.000884 -0.000211 -0.000417
vn -0.000751 0.000059 0.000657
vn -0.00075 0.000059 0.000659
vn -0.000734 0.000176 0.000656
vn -0.000731 0.000176 0.000659
vn -0.000698 0.000288 0.000656
vn -0.00064 0.000394 0.000659
vn -0.000574 0.00049 0.000656
vn -0.000572 0.000489 0.000659
vn -0.00049 0.000574 0.000656
vn -0.000485 0.000569 0.000665
vn -0.000394 0.000642 0.000658
vn -0.000391 0.000638 0.000663
vn -0.000291 0.000701 0.000651
vn -0.000286 0.000692 0.000663
vn -0.000177 0.000738 0.000651
vn -0.000175 0.000728 0.000663
vn -0.00006 0.000756 0.000651
vn -0.000058 0.000745 0.000665
vn 0.000058 0.000752 0.000657
vn 0.000289 0.000695 0.000659
vn 0.000395 0.000643 0.000656
vn 0.00039 0.000637 0.000665
vn 0.000489 0.000573 0.000657
vn 0.000486 0.000569 0.000663
vn 0.000576 0.000494 0.000651
vn 0.000639 0.000391 0.000663
vn 0.000701 0.00029 0.000651
vn 0.000692 0.000286 0.000663
vn 0.000738 0.000177 0.000651
vn 0.000728 0.000175 0.000663
vn 0.000757 0.00006 0.000651
vn 0.000745 0.000059 0.000665
vn 0.000751 -0.000059 0.000657
vn 0.000745 -0.000059 0.000665
vn 0.000733 -0.000176 0.000657
vn 0.000732 -0.000176 0.000658
vn 0.000702 -0.000291 0.00065
vn 0.00069 -0.000286 0.000665
vn 0.000642 -0.000394 0.000657
vn 0.000642 -0.000393 0.000658
vn 0.000578 -0.000493 0.000651
vn 0.000568 -0.000486 0.000665
vn 0.000489 -0.000573 0.000657
vn 0.000486 -0.000569 0.000663
vn 0.000397 -0.000647 0.000651
vn 0.000391 -0.000638 0.000663
vn 0.000291 -0.000702 0.00065
vn 0.000286 -0.000692 0.000663
vn 0.000177 -0.000738 0.000651
vn 0.000175 -0.000728 0.000663
vn 0.00006 -0.000756 0.000651
vn 0.000058 -0.000745 0.000664
vn -0.000058 -0.000751 0.000657
vn -0.000177 -0.000731 0.000659
vn -0.000289 -0.000697 0.000656
vn -0.000288 -0.000694 0.000659
vn -0.000395 -0.000644 0.000656
vn -0.000393 -0.000641 0.000659
vn -0.00049 -0.000574 0.000656
vn -0.000485 -0.000568 0.000665
vn -0.000573 -0.000489 0.000657
vn -0.000572 -0.000489 0.000658
vn -0.000648 -0.000397 0.00065
vn -0.000637 -0.00039 0.000665
vn -0.000696 -0.000289 0.000657
vn -0.000692 -0.000286 0.000663
vn -0.000738 -0.000177 0.000651
vn -0.000728 -0.000175 0.000663
vn -0.000757 -0.00006 0.000651
vn -0.000745 -0.000059 0.000665
vn -0.000561 0.000233 0.000795
vn -0.000515 0.000314 0.000798
vn 0.000049 0.000604 0.000795
vn 0.000141 0.000586 0.000798
vn 0.000142 0.00059 0.000795
vn 0.00023 0.000557 0.000798
vn 0.000457 0.000388 0.0008
vn 0.000522 0.00032 0.000791
vn -0.000049 -0.000604 0.000795
vn -0.00014 -0.000586 0.000798
vn -0.000133 -0.000032 0.000991
vn -0.000129 -0.000031 0.000991
vn -0.000127 -0.000052 0.000991
vn -0.000137 -0.000057 0.000989
vn -0.00013 -0.00008 0.000988
vn -0.000127 -0.000078 0.000989
vn -0.000116 -0.0001 0.000988
vn -0.000101 -0.000086 0.000991
vn -0.000089 -0.000105 0.000991
vn -0.000086 -0.000101 0.000991
vn -0.000072 -0.000117 0.000991
vn -0.000069 -0.000113 0.000991
vn -0.000052 -0.000127 0.00099
vn -0.000051 -0.000122 0.000991
vn -0.000032 -0.000134 0.00099
vn -0.000024 -0.000099 0.000995
vn -0.000008 -0.000104 0.000994
vn -0.00001 -0.000133 0.000991
vn 0.000011 -0.000137 0.000991
vn 0.00001 -0.000132 0.000991
vn 0.000032 -0.000133 0.000991
vn 0.000031 -0.000129 0.000991
vn 0.000052 -0.000127 0.00099
vn 0.000057 -0.000138 0.000989
vn 0.00008 -0.00013 0.000988
vn 0.000078 -0.000128 0.000989
vn 0.0001 -0.000117 0.000988
vn 0.000086 -0.000101 0.000991
vn 0.000104 -0.000089 0.000991
vn 0.000101 -0.000086 0.000991
vn 0.000117 -0.000072 0.000991
vn 0.000113 -0.00007 0.000991
vn 0.000127 -0.000053 0.000991
vn 0.000123 -0.000051 0.000991
vn 0.000133 -0.000032 0.000991
vn 0.000129 -0.000031 0.000991
vn 0.000137 -0.000011 0.000991
vn 0.000132 -0.00001 0.000991
vn 0.000137 0.000011 0.000991
vn 0.000132 0.00001 0.000991
vn 0.000133 0.000032 0.000991
vn 0.000129 0.000031 0.000991
vn 0.000127 0.000053 0.000991
vn 0.000123 0.000051 0.000991
vn 0.000117 0.000072 0.000991
vn 0.000109 0.000066 0.000992
vn 0.0001 0.000086 0.000991
vn 0.000101 0.000087 0.000991
vn 0.000089 0.000105 0.000991
vn 0.000086 0.000101 0.000991
vn 0.000072 0.000118 0.00099
vn 0.000069 0.000112 0.000991
vn 0.000053 0.000127 0.000991
vn 0.000049 0.000118 0.000992
vn 0.00003 0.000128 0.000991
vn 0.000024 0.000098 0.000995
vn 0.000008 0.000103 0.000995
vn 0.00001 0.000134 0.000991
vn -0.000011 0.000137 0.000991
vn -0.00001 0.000132 0.000991
vn -0.000032 0.000134 0.00099
vn -0.000031 0.000129 0.000991
vn -0.000052 0.000127 0.000991
vn -0.000057 0.000138 0.000989
vn -0.00008 0.00013 0.000988
vn -0.000078 0.000128 0.000989
vn -0.0001 0.000117 0.000988
vn -0.000086 0.000101 0.000991
vn -0.000104 0.000089 0.000991
vn -0.000101 0.000086 0.000991
vn -0.000117 0.000072 0.000991
vn -0.000086 0.000054 0.000995
vn -0.000097 0.00004 0.000994
vn -0.000123 0.000051 0.000991
vn -0.000133 0.000032 0.000991
vn -0.000129 0.000031 0.000991
vn -0.000137 0.000011 0.000991
vn -0.000132 0.00001 0.000991
vn -0.000137 -0.000011 0.000991
vn -0.000132 -0.00001 0.000991
vn -0.000078 0.000997 -0
vn -0.000078 0.000997 -0
vn 0.000078 0.000997 -0.000001
vn 0.000079 0.000997 0
vn 0.000234 0.000972 0
vn 0.000234 0.000972 0
vn 0.000383 0.000924 0
vn 0.000382 0.000924 -0
vn 0.000523 0.000852 -0
vn 0.000523 0.000853 -0
vn 0.000649 0.000761 -0.000001
vn 0.000649 0.000761 -0
vn 0.00076 0.00065 -0
vn 0.000761 0.000649 -0
vn 0.000853 0.000523 -0
vn 0.000852 0.000523 -0
vn 0.000923 0.000384 -0
vn 0.000924 0.000383 0
vn 0.000972 0.000234 0
vn 0.000973 0.000232 -0.000001
vn 0.000997 0.000078 -0.000001
vn 0.000997 0.000078 -0
vn 0.000997 -0.000078 -0.000001
vn 0.000997 -0.000078 -0
vn 0.000972 -0.000233 -0
vn 0.000972 -0.000234 -0.000001
vn 0.000924 -0.000383 -0
vn 0.000924 -0.000383 -0
vn 0.000853 -0.000522 -0
vn 0.000853 -0.000523 -0.000001
vn 0.00076 -0.00065 -0
vn 0.00076 -0.00065 -0
vn 0.00065 -0.00076 -0
vn 0.000649 -0.000761 -0.000001
vn 0.000523 -0.000852 -0.000001
vn 0.000523 -0.000853 -0
vn 0.000383 -0.000924 -0
vn 0.000383 -0.000924 -0
vn 0.000234 -0.000972 -0
vn 0.000234 -0.000972 -0
vn 0.000078 -0.000997 -0
vn 0.000078 -0.000997 -0
vn -0.000078 -0.000997 -0.000001
vn -0.000079 -0.000997 0
vn -0.000234 -0.000972 0
vn -0.000233 -0.000972 -0
vn -0.000383 -0.000924 -0
vn -0.000383 -0.000924 -0
vn -0.000523 -0.000853 -0
vn -0.000523 -0.000853 -0
vn -0.00065 -0.00076 -0
vn -0.00065 -0.00076 -0
vn -0.00076 -0.00065 -0.000001
vn -0.00076 -0.00065 0
vn -0.000853 -0.000522 0
vn -0.000853 -0.000522 -0
vn -0.000924 -0.000383 -0.000001
vn -0.000924 -0.000383 -0
vn -0.000972 -0.000234 -0
vn -0.000972 -0.000234 -0
vn -0.000997 -0.000078 -0
vn -0.000997 -0.000078 -0
vn -0.000997 0.000078 -0.000001
vn -0.000997 0.000078 -0
vn -0.000972 0.000234 -0
vn -0.000972 0.000234 -0
vn -0.000924 0.000383 -0
vn -0.000924 0.000383 0
vn -0.000853 0.000523 0
vn -0.000853 0.000522 -0
vn -0.00076 0.00065 -0
vn -0.00076 0.00065 -0
vn -0.000649 0.000761 -0
vn -0.000649 0.00076 -0
vn -0.000523 0.000852 -0.000001
vn -0.000523 0.000853 -0
vn -0.000383 0.000924 -0
vn -0.000383 0.000924 -0
vn -0.000234 0.000972 -0
vn -0.000234 0.000972 -0
vn -0.000115 0.000028 -0.000993
vn -0.000101 0.000062 -0.000993
vn -0.00009 0.000077 -0.000993
vn -0.000009 0.000118 -0.000993
vn 0.000062 0.0001 -0.000993
vn 0.000077 0.00009 -0.000993
vn 0.000175 0.000042 -0.000984
vn 0.000118 0.000009 -0.000993
vn 0.000115 -0.000028 -0.000993
vn 0.000101 -0.000062 -0.000993
vn 0.00009 -0.000077 -0.000993
vn 0.000028 -0.000115 -0.000993
vn 0.000009 -0.000118 -0.000993
vn -0.000028 -0.000115 -0.000993
vn -0.000062 -0.000101 -0.000993
vn -0.000077 -0.00009 -0.000993
vn -0.000115 -0.000028 -0.000993
vn -0.000118 -0.000009 -0.000993
vn -0.000225 0.000541 -0.00081
vn -0.000232 0.000562 -0.000794
vn -0.000045 0.000109 -0.000993
vn 0.000561 0.000234 -0.000794
vn 0.000162 0.000066 -0.000985
vn 0.000109 0.000045 -0.000993
vn 0.000231 -0.000558 -0.000797
vn 0.000233 -0.000562 -0.000794
vn 0.000044 -0.000106 -0.000993
vn 0.000045 -0.000109 -0.000993
vn -0.000558 -0.000231 -0.000797
vn -0.000553 -0.00023 -0.000801
vn -0.000106 -0.000044 -0.000993
vn -0.000109 -0.000045 -0.000993
vn -0.000316 0.000514 -0.000797
vn -0.000313 0.000511 -0.0008
vn -0.00006 0.000097 -0.000993
vn -0.000062 0.000101 -0.000993
vn 0.000515 0.000316 -0.000797
vn 0.000518 0.000318 -0.000794
vn 0.000097 0.00006 -0.000993
vn 0.000101 0.000062 -0.000993
vn 0.000316 -0.000515 -0.000797
vn 0.000313 -0.000511 -0.0008
vn 0.00006 -0.000097 -0.000993
vn 0.000062 -0.000101 -0.000993
vn -0.00074 -0.000455 -0.000495
vn -0.000515 -0.000314 -0.000798
vn -0.000097 -0.000061 -0.000993
vn -0.000153 -0.000094 -0.000984
vn -0.000391 0.000459 -0.000798
vn -0.00039 0.000457 -0.000799
vn -0.000074 0.000087 -0.000993
vn -0.000077 0.00009 -0.000993
vn 0.000459 0.000392 -0.000797
vn 0.000463 0.000395 -0.000794
vn 0.000087 0.000074 -0.000993
vn 0.00009 0.000077 -0.000993
vn 0.000391 -0.000459 -0.000798
vn 0.00039 -0.000457 -0.000799
vn 0.000074 -0.000087 -0.000993
vn 0.000077 -0.00009 -0.000993
vn -0.000667 -0.000567 -0.000483
vn -0.000454 -0.00039 -0.000801
vn -0.000134 -0.000113 -0.000985
vn -0.00009 -0.000077 -0.000993
vn -0.000111 0.000027 -0.000993
vn -0.000584 0.00014 -0.0008
vn -0.000597 0.000143 -0.00079
vn -0.000097 0.00006 -0.000993
vn -0.000512 0.000313 -0.0008
vn -0.000523 0.000321 -0.00079
vn 0.000137 0.000572 -0.000808
vn 0.000139 0.000579 -0.000803
vn 0.00006 0.000098 -0.000993
vn 0.000314 0.000512 -0.0008
vn 0.000315 0.000514 -0.000798
vn 0.000111 -0.000026 -0.000993
vn 0.000584 -0.00014 -0.0008
vn 0.000596 -0.000144 -0.00079
vn 0.000097 -0.00006 -0.000993
vn 0.000512 -0.000314 -0.0008
vn 0.000523 -0.000321 -0.00079
vn -0.000027 -0.000111 -0.000993
vn -0.00014 -0.000584 -0.0008
vn -0.000143 -0.000597 -0.000789
vn -0.00006 -0.000097 -0.000993
vn -0.000314 -0.000512 -0.000799
vn -0.000321 -0.000523 -0.00079
vn -0.000612 0.000048 -0.00079
vn -0.000597 0.000047 -0.000801
vn -0.000114 0.000009 -0.000993
vn -0.000118 0.000009 -0.000993
vn -0.000567 0.000235 -0.00079
vn -0.000555 0.00023 -0.0008
vn -0.000106 0.000044 -0.000993
vn -0.000109 0.000045 -0.000993
vn -0.000087 0.000074 -0.000993
vn -0.000457 0.00039 -0.000799
vn -0.000467 0.000398 -0.00079
vn -0.000027 0.000111 -0.000993
vn -0.000139 0.000579 -0.000804
vn -0.000141 0.000587 -0.000797
vn -0.000047 0.000606 -0.000794
vn -0.000042 0.000525 -0.00085
vn 0.000047 0.000595 -0.000803
vn 0.000041 0.000532 -0.000846
vn 0.000235 0.000566 -0.00079
vn 0.000225 0.000544 -0.000808
vn 0.000044 0.000105 -0.000993
vn 0.000074 0.000087 -0.000993
vn 0.000389 0.000456 -0.000801
vn 0.000392 0.00046 -0.000797
vn 0.000809 0.000334 -0.000484
vn 0.000111 0.000028 -0.000993
vn 0.000586 0.000139 -0.000798
vn 0.000845 0.000204 -0.000495
vn 0.000597 0.000047 -0.000801
vn 0.000583 0.000046 -0.000811
vn 0.000612 -0.000048 -0.00079
vn 0.000584 -0.000046 -0.00081
vn 0.000114 -0.000009 -0.000993
vn 0.000567 -0.000235 -0.00079
vn 0.000555 -0.00023 -0.0008
vn 0.000106 -0.000044 -0.000993
vn 0.000109 -0.000045 -0.000993
vn 0.000087 -0.000075 -0.000993
vn 0.000457 -0.00039 -0.0008
vn 0.000466 -0.000398 -0.00079
vn 0.000027 -0.000111 -0.000993
vn 0.000142 -0.00059 -0.000794
vn 0.000141 -0.000588 -0.000796
vn 0.000009 -0.000114 -0.000993
vn 0.000048 -0.000606 -0.000794
vn 0.000047 -0.000602 -0.000797
vn -0.000048 -0.000612 -0.00079
vn -0.000047 -0.000597 -0.000801
vn -0.000009 -0.000113 -0.000993
vn -0.000009 -0.000118 -0.000993
vn -0.000235 -0.000567 -0.00079
vn -0.00023 -0.000555 -0.0008
vn -0.000044 -0.000106 -0.000993
vn -0.000045 -0.000109 -0.000993
vn -0.000074 -0.000087 -0.000993
vn -0.00039 -0.000457 -0.0008
vn -0.000391 -0.000459 -0.000798
vn -0.000111 -0.000027 -0.000993
vn -0.000592 -0.000142 -0.000794
vn -0.000587 -0.000141 -0.000797
vn -0.000114 -0.000009 -0.000993
vn -0.000606 -0.000048 -0.000794
vn -0.000601 -0.000048 -0.000798
vn -0.000955 -0.000075 0.000288
vn -0.000957 0.000075 0.00028
vn -0.000953 0.000075 0.000294
vn -0.000933 0.000224 0.000282
vn -0.000929 0.000223 0.000294
vn -0.000886 0.000367 0.000283
vn -0.000883 0.000366 0.000294
vn -0.000818 0.000501 0.000282
vn -0.000815 0.0005 0.000294
vn -0.000729 0.000623 0.000283
vn -0.000728 0.000622 0.000288
vn -0.000623 0.00073 0.00028
vn -0.000622 0.000728 0.00029
vn -0.0005 0.000817 0.000287
vn -0.0005 0.000816 0.00029
vn -0.000367 0.000885 0.000288
vn -0.000366 0.000884 0.00029
vn -0.000224 0.000931 0.000288
vn -0.000223 0.000931 0.000289
vn -0.000075 0.000955 0.000288
vn 0.000074 0.000953 0.000294
vn 0.000224 0.000933 0.000283
vn 0.000223 0.000929 0.000294
vn 0.000367 0.000886 0.000283
vn 0.000366 0.000885 0.000288
vn 0.000502 0.000818 0.00028
vn 0.000499 0.000815 0.000294
vn 0.000622 0.000728 0.000288
vn 0.000622 0.000728 0.000288
vn 0.00073 0.000623 0.00028
vn 0.000728 0.000621 0.00029
vn 0.000817 0.0005 0.000287
vn 0.000816 0.0005 0.00029
vn 0.000885 0.000366 0.000287
vn 0.000884 0.000366 0.00029
vn 0.000931 0.000224 0.000287
vn 0.000931 0.000224 0.000289
vn 0.000955 0.000075 0.000287
vn 0.000955 0.000075 0.000288
vn 0.000957 -0.000075 0.00028
vn 0.000955 -0.000075 0.000288
vn 0.000933 -0.000224 0.00028
vn 0.000929 -0.000223 0.000294
vn 0.000885 -0.000366 0.000288
vn 0.000885 -0.000366 0.000288
vn 0.000818 -0.000502 0.00028
vn 0.000815 -0.000499 0.000294
vn 0.000728 -0.000622 0.000288
vn 0.000728 -0.000622 0.000288
vn 0.000623 -0.00073 0.00028
vn 0.000622 -0.000728 0.00029
vn 0.000501 -0.000816 0.000288
vn 0.000499 -0.000815 0.000294
vn 0.000366 -0.000885 0.000288
vn 0.000367 -0.000885 0.000288
vn 0.000224 -0.000933 0.00028
vn 0.000224 -0.000931 0.000289
vn 0.000075 -0.000955 0.000287
vn 0.000075 -0.000955 0.000288
vn -0.000075 -0.000957 0.00028
vn -0.000075 -0.000955 0.000288
vn -0.000224 -0.000933 0.00028
vn -0.000223 -0.000929 0.000294
vn -0.000367 -0.000884 0.000288
vn -0.000366 -0.000885 0.000288
vn -0.000502 -0.000818 0.00028
vn -0.000499 -0.000815 0.000294
vn -0.000622 -0.000728 0.000289
vn -0.000621 -0.000727 0.000294
vn -0.000729 -0.000623 0.000282
vn -0.000727 -0.000621 0.000294
vn -0.000818 -0.000501 0.000283
vn -0.000815 -0.000499 0.000294
vn -0.000886 -0.000367 0.000283
vn -0.000885 -0.000366 0.000288
vn -0.000933 -0.000224 0.00028
vn -0.000931 -0.000223 0.000289
vn -0.000955 -0.000075 0.000287
vn -0.000078 0.000984 0.000159
vn 0.000078 0.000986 0.000149
vn -0.000944 -0.000074 -0.000321
vn -0.000944 0.000074 -0.000322
vn -0.000944 0.000074 -0.000321
vn -0.000921 0.000221 -0.000322
vn -0.000921 0.000221 -0.000321
vn -0.000875 0.000362 -0.000322
vn -0.000875 0.000363 -0.000321
vn -0.000807 0.000495 -0.000322
vn -0.000808 0.000495 -0.000321
vn -0.00072 0.000615 -0.000322
vn -0.00072 0.000615 -0.000321
vn -0.000615 0.00072 -0.000322
vn -0.000615 0.00072 -0.000321
vn -0.000495 0.000807 -0.000322
vn -0.000495 0.000808 -0.000321
vn -0.000364 0.000874 -0.000322
vn -0.000351 0.000848 -0.000397
vn -0.000212 0.000889 -0.000405
vn -0.000221 0.000921 -0.000321
vn -0.000073 0.000944 -0.000322
vn 0.000071 0.000915 -0.000398
vn 0.000214 0.000889 -0.000405
vn 0.000214 0.000892 -0.000397
vn 0.000351 0.000844 -0.000405
vn 0.000362 0.000875 -0.00032
vn 0.000495 0.000807 -0.000322
vn 0.000495 0.000808 -0.000321
vn 0.000615 0.00072 -0.000322
vn 0.000615 0.00072 -0.000321
vn 0.00072 0.000615 -0.000322
vn 0.00072 0.000615 -0.000321
vn 0.000807 0.000495 -0.000322
vn 0.000808 0.000495 -0.000321
vn 0.000875 0.000362 -0.000322
vn 0.000875 0.000362 -0.000321
vn 0.000921 0.000221 -0.000322
vn 0.000921 0.000221 -0.000321
vn 0.000944 0.000076 -0.000322
vn 0.000915 0.000072 -0.000398
vn 0.000911 -0.000073 -0.000405
vn 0.000944 -0.000074 -0.000321
vn 0.000921 -0.000221 -0.000322
vn 0.000921 -0.000221 -0.000321
vn 0.000875 -0.000362 -0.000322
vn 0.000875 -0.000362 -0.000321
vn 0.000807 -0.000495 -0.000322
vn 0.000808 -0.000495 -0.000321
vn 0.00072 -0.000615 -0.000322
vn 0.00072 -0.000615 -0.000321
vn 0.000615 -0.00072 -0.000322
vn 0.000615 -0.00072 -0.000321
vn 0.000495 -0.000807 -0.000322
vn 0.000495 -0.000808 -0.000321
vn 0.000362 -0.000875 -0.000322
vn 0.000362 -0.000875 -0.000321
vn 0.000221 -0.000921 -0.000322
vn 0.000221 -0.000921 -0.000321
vn 0.000074 -0.000944 -0.000322
vn 0.000074 -0.000944 -0.000321
vn -0.000074 -0.000944 -0.000322
vn -0.000074 -0.000944 -0.000321
vn -0.000221 -0.000921 -0.000322
vn -0.000221 -0.000921 -0.000321
vn -0.000362 -0.000875 -0.000322
vn -0.000363 -0.000875 -0.000321
vn -0.000495 -0.000807 -0.000322
vn -0.000495 -0.000807 -0.000321
vn -0.000615 -0.00072 -0.000322
vn -0.000615 -0.00072 -0.000321
vn -0.00072 -0.000615 -0.000322
vn -0.00072 -0.000615 -0.000321
vn -0.000807 -0.000495 -0.000322
vn -0.000807 -0.000495 -0.000321
vn -0.000875 -0.000362 -0.000322
vn -0.000875 -0.000362 -0.000321
vn -0.000921 -0.000221 -0.000322
vn -0.000921 -0.000221 -0.000321
vn -0.000944 -0.000074 -0.000322
vn -0.000069 0.000866 -0.000495
vn 0.000069 0.000864 -0.000498
vn -0.000635 -0.00005 -0.000771
vn -0.000625 0.000049 -0.000779
vn -0.000635 0.00005 -0.000771
vn -0.000609 0.000146 -0.000779
vn -0.000619 0.000149 -0.000771
vn -0.000579 0.00024 -0.000779
vn -0.000589 0.000244 -0.000771
vn -0.000535 0.000327 -0.000779
vn -0.000543 0.000333 -0.000771
vn -0.000476 0.000408 -0.000779
vn -0.000485 0.000413 -0.000771
vn -0.000407 0.000477 -0.000779
vn -0.000414 0.000484 -0.000771
vn -0.000327 0.000535 -0.000779
vn -0.000333 0.000542 -0.000771
vn -0.000238 0.000579 -0.00078
vn -0.00015 0.00062 -0.00077
vn -0.000048 0.000625 -0.000779
vn 0.000242 0.000589 -0.000771
vn 0.000328 0.000534 -0.000779
vn 0.000333 0.000543 -0.000771
vn 0.000407 0.000477 -0.000779
vn 0.000414 0.000484 -0.000771
vn 0.000477 0.000407 -0.000779
vn 0.000485 0.000413 -0.000771
vn 0.000534 0.000328 -0.000779
vn 0.000543 0.000332 -0.000771
vn 0.000579 0.00024 -0.000779
vn 0.000589 0.000244 -0.000771
vn 0.000609 0.000146 -0.000779
vn 0.00062 0.000149 -0.000771
vn 0.000625 0.000048 -0.000779
vn 0.000635 -0.000049 -0.000771
vn 0.000609 -0.000147 -0.000779
vn 0.000619 -0.000149 -0.000771
vn 0.000579 -0.00024 -0.000779
vn 0.000589 -0.000243 -0.000771
vn 0.000534 -0.000328 -0.000779
vn 0.000543 -0.000332 -0.000771
vn 0.000476 -0.000408 -0.000779
vn 0.000484 -0.000414 -0.000771
vn 0.000407 -0.000477 -0.000779
vn 0.000414 -0.000484 -0.000771
vn 0.000327 -0.000535 -0.000779
vn 0.000333 -0.000543 -0.000771
vn 0.00024 -0.000579 -0.000779
vn 0.000244 -0.000588 -0.000771
vn 0.000146 -0.00061 -0.000779
vn 0.000149 -0.000619 -0.000771
vn 0.000049 -0.000625 -0.000779
vn 0.00005 -0.000635 -0.000771
vn -0.000049 -0.000625 -0.000779
vn -0.00005 -0.000635 -0.000771
vn -0.000146 -0.000609 -0.000779
vn -0.000149 -0.000619 -0.000771
vn -0.00024 -0.000579 -0.000779
vn -0.000244 -0.000589 -0.000771
vn -0.000327 -0.000535 -0.000779
vn -0.000333 -0.000543 -0.000771
vn -0.000407 -0.000476 -0.000779
vn -0.000414 -0.000484 -0.000771
vn -0.000477 -0.000407 -0.000779
vn -0.000484 -0.000414 -0.000771
vn -0.000534 -0.000327 -0.000779
vn -0.000544 -0.000332 -0.000771
vn -0.000579 -0.00024 -0.000779
vn -0.000589 -0.000244 -0.000771
vn -0.000609 -0.000146 -0.000779
vn -0.000619 -0.000149 -0.000771
vn -0.000625 -0.000049 -0.000779
vn -0.000026 0.000304 -0.000952
vn 0.000024 0.000302 -0.000953
vn -0.000102 0.00024 -0.000965
vn -0.000059 0.000256 -0.000965
vn 0.00002 0.00026 -0.000965
vn 0.000061 0.000255 -0.000965
vn 0.000061 0.000254 -0.000965
vn 0.000102 0.000242 -0.000965
vn 0.00026 0.000022 -0.000965
vn 0.000262 -0.000023 -0.000965
vn -0.000052 -0.00066 0.00075
vn -0.000052 -0.000659 0.000751
vn 0.000052 -0.000663 0.000747
vn 0.000051 -0.000652 0.000756
vn 0.000153 -0.000637 0.000755
vn 0.000153 -0.000639 0.000754
vn 0.000252 -0.000609 0.000752
vn 0.00025 -0.000603 0.000758
vn 0.000342 -0.000558 0.000756
vn 0.000344 -0.000561 0.000753
vn 0.000429 -0.000503 0.00075
vn 0.000425 -0.000498 0.000756
vn 0.000503 -0.00043 0.00075
vn 0.000495 -0.000422 0.000759
vn 0.00056 -0.000343 0.000754
vn 0.000557 -0.000341 0.000757
vn 0.000607 -0.000251 0.000754
vn 0.000603 -0.00025 0.000758
vn 0.000636 -0.000153 0.000756
vn 0.000642 -0.000154 0.000751
vn 0.000663 -0.000052 0.000747
vn 0.000658 -0.000052 0.000751
vn 0.000663 0.000052 0.000747
vn 0.000656 0.000052 0.000753
vn 0.000643 0.000154 0.000751
vn 0.000632 0.000152 0.00076
vn 0.000604 0.00025 0.000757
vn 0.000596 0.000247 0.000764
vn 0.000552 0.000339 0.000762
vn 0.000556 0.000341 0.000758
vn 0.0005 0.000427 0.000753
vn 0.000498 0.000425 0.000756
vn 0.000429 0.000503 0.00075
vn 0.000421 0.000493 0.000761
vn 0.000341 0.000556 0.000758
vn 0.000345 0.000563 0.000751
vn 0.000254 0.000614 0.000747
vn 0.00025 0.000603 0.000758
vn 0.000154 0.000641 0.000752
vn 0.000152 0.000634 0.000758
vn 0.000052 0.000658 0.000751
vn 0.000052 0.000665 0.000745
vn -0.000053 0.00067 0.000741
vn -0.000051 0.000653 0.000756
vn -0.000153 0.000637 0.000755
vn -0.000154 0.00064 0.000753
vn -0.000252 0.000611 0.00075
vn -0.000247 0.000596 0.000764
vn -0.000338 0.000552 0.000762
vn -0.000337 0.00055 0.000764
vn -0.00042 0.000492 0.000762
vn -0.000429 0.000502 0.000751
vn -0.000506 0.000431 0.000747
vn -0.000496 0.000424 0.000758
vn -0.000563 0.000345 0.000751
vn -0.000556 0.000341 0.000758
vn -0.00061 0.000252 0.000752
vn -0.000602 0.00025 0.000758
vn -0.000641 0.000154 0.000752
vn -0.000634 0.000152 0.000758
vn -0.000658 0.000052 0.000752
vn -0.000658 0.000052 0.000751
vn -0.000663 -0.000052 0.000747
vn -0.000656 -0.000052 0.000753
vn -0.000643 -0.000154 0.000751
vn -0.000637 -0.000153 0.000756
vn -0.000611 -0.000253 0.00075
vn -0.0006 -0.000249 0.00076
vn -0.000559 -0.000342 0.000755
vn -0.000561 -0.000344 0.000753
vn -0.000504 -0.000431 0.000749
vn -0.000496 -0.000424 0.000758
vn -0.000428 -0.000502 0.000751
vn -0.000421 -0.000493 0.000761
vn -0.000341 -0.000557 0.000758
vn -0.000345 -0.000563 0.000751
vn -0.000254 -0.000614 0.000747
vn -0.000249 -0.000601 0.000759
vn -0.000153 -0.000639 0.000754
vn -0.000153 -0.000637 0.000755
vn -0.000598 0.000759 -0.000257
vn -0.000471 0.000844 -0.000257
vn 0.000843 0.000472 -0.000258
vn -0.000357 0.000857 0.000371
vn -0.000379 0.00092 0.000097
vn -0.000047 0.000127 0.000991
vn -0.000406 0.000881 -0.000242
vn 0.000859 0.000357 0.000367
vn 0.000919 0.000379 0.000105
vn 0.000127 0.000047 0.000991
vn 0.000881 0.000407 -0.000242
vn 0.000381 -0.000919 0.000098
vn 0.000381 -0.00092 0.000091
vn -0 0.000001 0.001
vn -0.000919 -0.00038 0.000106
vn -0.00092 -0.000381 0.000091
vn 0 0 0.001
vn -0.000483 0.000787 0.000383
vn -0.000485 0.000791 0.000373
vn -0.000142 0.000232 0.000962
vn -0.000538 0.000807 -0.000242
vn 0.000789 0.000481 0.000381
vn 0.000849 0.000522 0.000084
vn 0.000113 0.000076 0.000991
vn 0.00052 -0.000849 0.000098
vn 0.000521 -0.00085 0.000083
vn -0 0.000001 0.001
vn -0.000848 -0.000519 0.000105
vn -0.00085 -0.000521 0.000083
vn 0 0 0.001
vn -0.000597 0.000703 0.000386
vn -0.000648 0.000757 0.000083
vn -0.000093 0.0001 0.000991
vn 0.000756 0.000646 0.000106
vn 0.000758 0.000647 0.000084
vn -0 -0 0.001
vn 0.000646 -0.000757 0.000097
vn 0.000647 -0.000757 0.000084
vn -0 0 0.001
vn -0.000757 -0.000646 0.000097
vn -0.000758 -0.000647 0.000084
vn 0 0 0.001
vn -0.000969 0.000233 0.000082
vn -0.000968 0.000233 0.000097
vn 0 -0 0.001
vn -0.00085 0.000521 0.000084
vn -0.000848 0.00052 0.000106
vn 0.000233 0.000969 0.000082
vn 0.000233 0.000968 0.000097
vn -0 -0.000001 0.001
vn 0.000521 0.00085 0.000083
vn 0.00052 0.000848 0.000105
vn 0.000969 -0.000233 0.000081
vn 0.000968 -0.000233 0.000089
vn -0 0 0.001
vn 0.000849 -0.00052 0.000091
vn 0.000848 -0.00052 0.000106
vn -0.000233 -0.000969 0.000082
vn -0.000233 -0.000968 0.000097
vn 0 0 0.001
vn -0.000521 -0.00085 0.000083
vn -0.00052 -0.000848 0.000105
vn -0.000992 0.000078 0.0001
vn -0.000994 0.000078 0.000081
vn -0.000919 0.000381 0.000106
vn -0.00092 0.000381 0.000094
vn 0.000001 -0 0.001
vn 0 -0 0.001
vn -0.000758 0.000647 0.000084
vn -0.000757 0.000646 0.000097
vn 0 -0.000001 0.001
vn -0.000233 0.000969 0.000083
vn -0.000232 0.000967 0.000104
vn -0.000078 0.000993 0.000084
vn -0.000078 0.000993 0.000091
vn 0.000078 0.000992 0.0001
vn 0.000078 0.000994 0.000081
vn 0.000381 0.00092 0.000097
vn 0.000381 0.00092 0.000094
vn -0 -0.000001 0.001
vn -0 -0.000001 0.001
vn 0.000647 0.000757 0.000091
vn 0.000646 0.000756 0.000106
vn -0.000001 -0 0.001
vn 0.000968 0.000233 0.000091
vn 0.000967 0.000232 0.000103
vn 0.000994 0.000078 0.000076
vn 0.000993 0.000078 0.000091
vn 0.000993 -0.000078 0.000091
vn 0.000994 -0.000078 0.000081
vn 0.000919 -0.000381 0.000105
vn 0.000919 -0.000381 0.0001
vn -0.000001 0 0.001
vn -0 0.000001 0.001
vn 0.000758 -0.000647 0.000084
vn 0.000756 -0.000646 0.000106
vn -0 0.000001 0.001
vn 0.000232 -0.000968 0.000091
vn 0.000232 -0.000967 0.000104
vn 0.000078 -0.000993 0.000084
vn 0.000078 -0.000993 0.000091
vn -0.000078 -0.000992 0.0001
vn -0.000078 -0.000994 0.000081
vn -0.000381 -0.000919 0.000097
vn -0.000381 -0.00092 0.000094
vn 0 0.000001 0.001
vn 0 0.000001 0.001
vn -0.000647 -0.000757 0.000091
vn -0.000646 -0.000756 0.000106
vn 0.000001 0 0.001
vn -0.000969 -0.000233 0.000084
vn -0.000967 -0.000232 0.000103
vn -0.000994 -0.000078 0.000076
vn -0.000993 -0.000078 0.000091
vn -0.000314 -0.000883 0.000349
vn 0.000801 -0.000487 0.000349
vn 0.000643 0.000686 0.000341
vn -0.000433 -0.000837 0.000334
vn -0.000431 -0.000831 0.000352
vn 0.000316 -0.000888 0.000334
vn 0.000313 -0.000882 0.000352
vn 0.000731 -0.000595 0.000334
vn 0.000726 -0.000591 0.000352
vn 0.000729 0.000593 0.000342
vn 0.000727 0.000591 0.000349
vn 0.000315 0.000887 0.000336
vn 0.000314 0.000883 0.000349
vn -0.000542 -0.000769 0.00034
vn -0.000538 -0.000762 0.00036
vn 0.000192 -0.000921 0.00034
vn 0.00019 -0.000917 0.000352
vn 0.000642 -0.000687 0.00034
vn 0.000638 -0.000683 0.000356
vn 0.000805 0.00049 0.000334
vn 0.0008 0.000486 0.000352
vn 0.000661 0.000709 0.000247
vn 0.000433 0.000837 0.000334
vn 0.000431 0.000831 0.000352
vn -0.000063 0.000933 0.000353
vn -0.000067 0.000961 0.000266
vn -0.000313 0.000882 0.000352
vn -0.000316 0.000888 0.000334
vn -0.000638 0.000683 0.000356
vn -0.000644 0.000689 0.000334
vn -0.000799 0.000486 0.000355
vn -0.000803 0.000488 0.000342
vn -0.000862 0.000375 0.000341
vn -0.000868 0.000377 0.000324
vn -0.000927 0.000129 0.000351
vn -0.000955 0.00013 0.000266
vn -0.000931 -0.000129 0.000342
vn -0.000953 -0.00013 0.000273
vn -0.000905 -0.000254 0.000341
vn -0.00091 -0.000255 0.000327
vn -0.0008 -0.000486 0.000352
vn -0.000805 -0.00049 0.000334
vn 0.000928 -0.000129 0.000349
vn 0.000955 -0.00013 0.000267
vn 0.000931 0.000129 0.000342
vn 0.000953 0.00013 0.000273
vn 0.000905 0.000254 0.000341
vn 0.00091 0.000255 0.000327
vn 0 -0.000004 0.001
vn 0.000001 -0.000004 0.001
vn -0.000195 0.000941 0.000275
vn -0.000193 0.000921 0.00034
vn 0.000002 -0.000006 0.001
vn -0.000431 0.000832 0.000349
vn -0.000432 0.000834 0.000342
vn 0.000003 -0.000006 0.001
vn -0.000545 0.000772 0.000327
vn -0.000542 0.000768 0.000341
vn 0.000004 -0.000004 0.001
vn 0.000005 -0.000004 0.001
vn -0.000731 0.000594 0.000336
vn -0.000727 0.000591 0.000349
vn 0.000005 -0.000003 0.001
vn 0.000006 -0.000002 0.001
vn -0.000906 0.000253 0.000339
vn -0.000898 0.000252 0.00036
vn 0.000004 -0.000001 0.001
vn 0.000003 0 0.001
vn -0.000966 -0 0.000258
vn -0.000961 0 0.000275
vn 0.000004 0.000001 0.001
vn 0.000006 0.000002 0.001
vn -0.000863 -0.000375 0.00034
vn -0.000857 -0.000372 0.000356
vn -0.000727 -0.000591 0.000349
vn -0.000729 -0.000593 0.000342
vn 0.000005 0.000004 0.001
vn 0.000005 0.000003 0.001
vn -0.000642 -0.000687 0.000341
vn -0.000645 -0.000692 0.000324
vn 0.000004 0.000005 0.001
vn -0.000315 -0.000887 0.000336
vn -0.00019 -0.000915 0.000355
vn 0.000003 0.000005 0.001
vn -0.000191 -0.00092 0.000342
vn -0.000064 -0.000938 0.000341
vn 0.000002 0.000006 0.001
vn -0.000064 -0.000945 0.000321
vn 0.000001 0.000006 0.001
vn 0.000064 -0.000933 0.000353
vn 0.000065 -0.000938 0.00034
vn -0 0.000006 0.001
vn -0.000001 0.000006 0.001
vn 0.000431 -0.000832 0.000349
vn 0.000432 -0.000834 0.000342
vn -0.000003 0.000006 0.001
vn -0.000002 0.000006 0.001
vn 0.000542 -0.000768 0.000341
vn 0.000545 -0.000772 0.000327
vn -0.000004 0.000004 0.001
vn 0.000803 -0.000488 0.000342
vn 0.000862 -0.000375 0.000341
vn -0.000005 0.000004 0.001
vn 0.000868 -0.000377 0.000324
vn -0.000006 0.000002 0.001
vn 0.000908 -0.000254 0.000334
vn 0.000898 -0.000252 0.00036
vn -0.000005 0.000003 0.001
vn -0.000004 0.000001 0.001
vn -0.000003 -0 0.001
vn 0.000966 0 0.000258
vn 0.00096 -0 0.000282
vn -0.000004 -0.000001 0.001
vn 0.000857 0.000372 0.000356
vn 0.000862 0.000375 0.00034
vn -0.000006 -0.000002 0.001
vn -0.000005 -0.000003 0.001
vn -0.000005 -0.000004 0.001
vn 0.000542 0.000769 0.00034
vn 0.000553 0.000783 0.000286
vn -0.000003 -0.000004 0.001
vn -0.000003 -0.000005 0.001
vn -0.000002 -0.000006 0.001
vn 0.00019 0.000915 0.000355
vn 0.000191 0.00092 0.000342
vn -0.000001 -0.000006 0.001
vn 0.000064 0.000938 0.000341
vn 0.000064 0.000945 0.000321
vn -0.000038 -0.000553 0.000832
vn -0.000038 -0.000557 0.00083
vn 0.000039 -0.000562 0.000826
vn 0.000037 -0.000538 0.000842
vn 0.000109 -0.000529 0.000841
vn 0.000116 -0.000559 0.000821
vn 0.000192 -0.000538 0.000821
vn 0.000187 -0.000526 0.00083
vn 0.000259 -0.0005 0.000826
vn 0.00025 -0.000484 0.000839
vn 0.00032 -0.000453 0.000832
vn 0.000316 -0.000447 0.000837
vn 0.000374 -0.000401 0.000836
vn 0.000389 -0.000417 0.000821
vn 0.000443 -0.00036 0.000821
vn 0.000445 -0.000362 0.000819
vn 0.000491 -0.000299 0.000818
vn 0.000496 -0.000302 0.000814
vn 0.00054 -0.000234 0.000808
vn 0.000519 -0.000226 0.000824
vn 0.000557 -0.000155 0.000816
vn 0.000531 -0.000149 0.000834
vn 0.000548 -0.000075 0.000833
vn 0.000537 -0.000073 0.00084
vn 0.000545 -0 0.000838
vn 0.000566 0 0.000824
vn 0.000566 0.000078 0.000821
vn 0.00054 0.000074 0.000839
vn 0.000534 0.000149 0.000832
vn 0.000537 0.000151 0.00083
vn 0.000513 0.000222 0.00083
vn 0.000534 0.000232 0.000813
vn 0.000501 0.000306 0.00081
vn 0.000467 0.000284 0.000838
vn 0.000427 0.000347 0.000835
vn 0.000429 0.000349 0.000833
vn 0.000383 0.000409 0.000828
vn 0.000389 0.000417 0.000822
vn 0.000335 0.000476 0.000813
vn 0.000316 0.000447 0.000837
vn 0.000252 0.000487 0.000836
vn 0.000257 0.000495 0.00083
vn 0.000188 0.000531 0.000826
vn 0.000186 0.000522 0.000832
vn 0.000114 0.000554 0.000825
vn 0.000111 0.000533 0.000839
vn 0.000039 0.000553 0.000832
vn 0.00004 0.000583 0.000811
vn -0.000042 0.000589 0.000807
vn -0.000038 0.000553 0.000832
vn -0.000113 0.000543 0.000832
vn -0.000113 0.000543 0.000832
vn -0.000187 0.000526 0.00083
vn -0.000191 0.000537 0.000821
vn -0.000268 0.000515 0.000814
vn -0.00025 0.000484 0.000839
vn -0.00032 0.000453 0.000832
vn -0.000311 0.000441 0.000842
vn -0.000369 0.000395 0.000841
vn -0.000376 0.000403 0.000834
vn -0.000429 0.000349 0.000833
vn -0.000429 0.000349 0.000833
vn -0.000478 0.000291 0.000828
vn -0.000484 0.000294 0.000824
vn -0.00053 0.00023 0.000816
vn -0.000519 0.000226 0.000824
vn -0.000557 0.000155 0.000816
vn -0.000527 0.000148 0.000837
vn -0.000543 0.000074 0.000836
vn -0.000543 0.000074 0.000837
vn -0.000548 0 0.000836
vn -0.000566 -0 0.000824
vn -0.000566 -0.000078 0.000821
vn -0.000561 -0.000077 0.000824
vn -0.000556 -0.000157 0.000816
vn -0.000537 -0.000151 0.00083
vn -0.000512 -0.000223 0.000829
vn -0.000508 -0.000221 0.000832
vn -0.000477 -0.000291 0.00083
vn -0.000462 -0.000281 0.000841
vn -0.000423 -0.000344 0.000839
vn -0.000452 -0.000366 0.000814
vn -0.000401 -0.000431 0.000808
vn -0.000387 -0.000414 0.000824
vn -0.000333 -0.000473 0.000816
vn -0.000316 -0.000447 0.000837
vn -0.000252 -0.000487 0.000836
vn -0.000257 -0.000495 0.00083
vn -0.000188 -0.000531 0.000826
vn -0.000183 -0.000513 0.000839
vn -0.000113 -0.000543 0.000832
vn -0.000111 -0.000533 0.000839
vn -0.000744 0.000605 0.000286
vn -0.000654 0.000702 0.000283
vn -0.000039 -0.000593 -0.000804
vn -0.000121 -0.000574 -0.00081
vn 0.000906 0.000396 0.000148
vn 0.000953 0.000265 0.000146
vn 0.000888 0.000001 -0.000459
vn 0.000873 -0.000122 -0.000472
vn 0.000807 -0.00011 -0.00058
vn 0.000776 -0.000221 -0.000591
vn 0.000567 -0.000246 -0.000786
vn 0.000522 -0.000318 -0.000791
vn -0.000463 0.000886 -0.000011
vn -0.000332 0.000943 -0.000035
vn -0.000179 0.000856 -0.000485
vn -0.000056 0.000865 -0.000499
vn 0.000662 -0.000705 0.000257
vn 0.000557 -0.000791 0.000253
vn 0.000058 -0.000813 -0.00058
vn -0.000058 -0.000805 -0.000591
vn 0.000528 -0.000321 -0.000786
vn 0.000474 -0.000386 -0.000791
vn -0.000612 0.000654 0.000445
vn -0.000517 0.000733 0.000442
vn -0.000547 0.000773 0.000322
vn -0.000437 0.000847 0.000303
vn 0.000198 0.000561 -0.000804
vn 0.000272 0.000519 -0.00081
vn 0.000546 -0.000773 0.000322
vn 0.00044 -0.000845 0.000304
vn 0.000338 -0.000941 -0.000022
vn 0.000203 -0.000979 -0.000025
vn 0.000911 0.000257 0.000322
vn 0.000944 0.00013 0.000304
vn 0.000479 -0.00039 -0.000786
vn 0.000416 -0.000448 -0.000791
vn 0.000581 0.000077 -0.00081
vn 0.000572 0.000162 -0.000804
vn 0.000684 0.000728 -0.000035
vn 0.000574 0.000819 -0.000011
vn 0.000438 0.000847 0.000301
vn 0.000317 0.000895 0.000313
vn 0.000562 0.000242 -0.000791
vn 0.000527 0.000323 -0.000786
vn 0.000333 0.000933 0.000136
vn 0.000199 0.000967 0.000157
vn 0.000196 0.000941 0.000276
vn 0.000062 0.000954 0.000293
vn 0.000419 0.000445 -0.000791
vn 0.000355 0.000507 -0.000786
vn 0.000071 0.000997 -0.000039
vn -0.000071 0.000997 -0.000025
vn -0.000197 0.00095 0.000244
vn -0.000327 0.00091 0.000254
vn -0.00027 0.000521 -0.00081
vn -0.000342 0.000486 -0.000804
vn -0.000917 0.000398 -0.000034
vn -0.000964 0.000266 -0.000011
vn -0.000561 0.000244 -0.000791
vn -0.000596 0.000164 -0.000786
vn -0.000867 0 -0.000499
vn -0.000866 -0.000122 -0.000485
vn -0.000846 -0.000512 -0.000149
vn -0.00077 -0.000622 -0.000145
vn -0.00076 -0.00021 -0.000615
vn -0.000731 -0.000317 -0.000604
vn -0.000775 -0.000631 -0.000039
vn -0.000682 -0.000731 -0.000025
vn -0.00055 -0.000775 0.000311
vn -0.000437 -0.000843 0.000314
vn -0.000606 -0.00008 -0.000791
vn -0.000595 -0.000168 -0.000786
vn -0.00074 -0.000321 -0.000591
vn -0.000695 -0.000426 -0.00058
vn -0.000682 -0.00073 -0.000034
vn -0.000574 -0.000819 -0.000011
vn -0.000447 -0.000861 0.000244
vn -0.000324 -0.000911 0.000254
vn -0.000553 -0.000781 -0.000289
vn -0.000439 -0.000852 -0.000286
vn -0.000192 -0.000933 0.000304
vn -0.000064 -0.000945 0.000322
vn -0.000418 -0.000447 -0.000791
vn -0.000356 -0.000505 -0.000786
vn -0.000374 -0.000715 -0.000591
vn -0.000273 -0.000768 -0.00058
vn -0.000196 -0.000937 -0.000289
vn -0.000064 -0.000956 -0.000286
vn 0.00004 -0.00061 -0.000791
vn 0.000126 -0.000605 -0.000786
vn 0.000267 -0.000761 -0.000591
vn 0.000377 -0.000722 -0.00058
vn 0.00068 -0.000733 -0.000025
vn 0.000776 -0.000631 -0.000022
vn 0.000268 -0.000522 -0.00081
vn 0.000344 -0.000485 -0.000804
vn 0.000917 -0.000398 -0.000034
vn 0.000964 -0.000266 -0.000011
vn 0.000917 0.000396 -0.000039
vn 0.000852 0.000522 -0.000025
vn 0.000746 0.000608 0.000273
vn 0.000652 0.000703 0.000284
vn 0.000595 0.000641 -0.000485
vn 0.000673 0.000546 -0.000499
vn 0.000631 0.000515 -0.00058
vn 0.000691 0.000417 -0.000591
vn 0.000502 0.000706 -0.000499
vn 0.0004 0.000778 -0.000485
vn 0.000441 0.00085 -0.000289
vn 0.000319 0.000903 -0.000286
vn -0.000195 0.000938 0.000286
vn -0.000063 0.000957 0.000283
vn 0.000266 0.000742 -0.000616
vn 0.000161 0.000781 -0.000604
vn 0.000178 0.000848 -0.000499
vn 0.000057 0.000873 -0.000485
vn -0.000828 0.0005 0.000254
vn -0.000752 0.000613 0.000244
vn -0.000677 0.000722 -0.000145
vn -0.000569 0.000809 -0.000149
vn -0.000553 0.000782 -0.000286
vn -0.000439 0.000851 -0.000289
vn -0.000275 0.000767 -0.00058
vn -0.000162 0.00079 -0.000591
vn -0.000045 0.000617 -0.000786
vn 0.000045 0.00061 -0.000791
vn -0.000921 -0.000001 0.00039
vn -0.000913 0.000127 0.000387
vn -0.00095 0.000129 0.000286
vn -0.000923 0.000261 0.000283
vn -0.000917 0.000398 -0.000012
vn -0.000852 0.000522 -0.000035
vn -0.000679 0.000551 -0.000485
vn -0.000589 0.000636 -0.000499
vn -0.000285 0.000549 -0.000786
vn -0.000203 0.000577 -0.000791
vn -0.00095 -0.000133 0.000284
vn -0.000962 0.000001 0.000273
vn -0.000698 0.000421 -0.00058
vn -0.000625 0.000511 -0.000591
vn -0.000424 0.00045 -0.000786
vn -0.000352 0.0005 -0.000791
vn -0.000834 0.000237 -0.000499
vn -0.000866 0.00012 -0.000486
vn -0.000691 -0.000566 0.00045
vn -0.000767 -0.000465 0.000443
vn -0.000825 -0.000504 0.000254
vn -0.00089 -0.000385 0.000244
vn -0.000907 -0.000395 0.000148
vn -0.000953 -0.000266 0.000146
vn -0.000962 -0.000272 -0.000012
vn -0.000991 -0.000133 -0.000035
vn -0.000888 -0.000001 -0.000459
vn -0.000873 0.00012 -0.000472
vn -0.000567 0.000246 -0.000786
vn -0.000521 0.000319 -0.000791
vn -0.000196 -0.000945 0.000263
vn -0.000325 -0.000913 0.000247
vn -0.000523 -0.000316 -0.000791
vn -0.000479 -0.00039 -0.000786
vn -0.000067 -0.000967 0.000244
vn 0.000068 -0.000965 0.000254
vn 0.00006 -0.000895 0.000442
vn 0.000185 -0.000876 0.000445
vn -0.000422 -0.000452 -0.000786
vn -0.000474 -0.000386 -0.000791
vn -0.000338 -0.000479 -0.00081
vn -0.000272 -0.000529 -0.000804
vn -0.000271 -0.00076 -0.000591
vn -0.000163 -0.000798 -0.00058
vn 0.000065 -0.000987 -0.000149
vn 0.000198 -0.000969 -0.000145
vn 0.000323 -0.000915 0.000244
vn 0.000445 -0.000859 0.000254
vn 0.000554 -0.000782 -0.000286
vn 0.000439 -0.000851 -0.000289
vn 0.000124 -0.000599 -0.000791
vn 0.000209 -0.000582 -0.000786
vn 0.000775 -0.000631 -0.000025
vn 0.000854 -0.000519 -0.000022
vn 0.000921 0.000001 0.00039
vn 0.000913 -0.000127 0.000387
vn 0.000958 -0.00013 0.000257
vn 0.000931 -0.000263 0.000253
vn 0.000917 -0.000398 -0.000026
vn 0.000854 -0.000519 -0.000039
vn 0.000558 -0.000594 -0.00058
vn 0.000463 -0.000661 -0.000591
vn 0.000962 -0.000001 0.000273
vn 0.00095 0.000131 0.000284
vn 0.000748 0.000609 0.000263
vn 0.000828 0.0005 0.000254
vn 0.000922 0.00026 -0.000286
vn 0.000949 0.000129 -0.000289
vn 0.000866 0.000121 -0.000485
vn 0.000867 -0 -0.000499
vn 0.000596 -0.000165 -0.000786
vn 0.000561 -0.000244 -0.000791
vn 0.00076 0.00021 -0.000615
vn 0.00073 0.00032 -0.000604
vn 0.000555 0.000782 0.000283
vn 0.000441 0.000851 0.000286
vn -0.000059 0.000859 -0.000509
vn -0.000059 0.000854 -0.000517
vn -0.000175 0.000844 -0.000507
vn -0.000392 -0.000758 -0.00052
vn -0.000288 -0.000811 -0.000509
vn -0.000287 -0.000808 -0.000514
vn -0.000177 -0.000846 -0.000503
vn 0.000059 -0.000852 -0.00052
vn 0.000175 -0.000843 -0.000509
vn 0.000174 0.000838 -0.000518
vn 0.000059 0.000861 -0.000504
vn 0.000058 0.000852 -0.000521
vn -0.000162 0.000774 -0.000612
vn -0.000267 0.000752 -0.000603
vn -0.000266 0.000747 -0.000609
vn -0.000369 0.000713 -0.000597
vn -0.000365 0.000704 -0.000609
vn -0.000463 0.000656 -0.000597
vn -0.000458 0.000649 -0.000607
vn -0.000546 0.000584 -0.000601
vn -0.00054 0.000578 -0.000612
vn -0.000619 0.000504 -0.000603
vn -0.000615 0.0005 -0.000609
vn -0.000686 0.000417 -0.000597
vn -0.000677 0.000412 -0.00061
vn -0.000736 0.00032 -0.000597
vn -0.000727 0.000316 -0.000609
vn -0.000773 0.000217 -0.000597
vn -0.000765 0.000214 -0.000607
vn -0.000792 0.000109 -0.000601
vn -0.000787 0.000108 -0.000607
vn -0.000799 0 -0.000601
vn -0.000791 -0 -0.000612
vn -0.00079 -0.000109 -0.000603
vn -0.000785 -0.000108 -0.00061
vn -0.000773 -0.000216 -0.000597
vn -0.000765 -0.000215 -0.000607
vn -0.000733 -0.000319 -0.000601
vn -0.000729 -0.000317 -0.000607
vn -0.000683 -0.000415 -0.000601
vn -0.000679 -0.000413 -0.000607
vn -0.00062 -0.000504 -0.000601
vn -0.000613 -0.000499 -0.000612
vn -0.000545 -0.000583 -0.000603
vn -0.000541 -0.000579 -0.00061
vn -0.000463 -0.000656 -0.000597
vn -0.000458 -0.000649 -0.000607
vn -0.000368 -0.000709 -0.000601
vn -0.00016 -0.000775 -0.000612
vn -0.000054 -0.000796 -0.000603
vn -0.000054 -0.000789 -0.000612
vn 0.000054 -0.000796 -0.000603
vn 0.000163 -0.000779 -0.000606
vn 0.000269 -0.000757 -0.000596
vn 0.000265 -0.000745 -0.000612
vn 0.000367 -0.000708 -0.000603
vn 0.000365 -0.000704 -0.000609
vn 0.000463 -0.000656 -0.000597
vn 0.000458 -0.000649 -0.000607
vn 0.000546 -0.000584 -0.000601
vn 0.00054 -0.000578 -0.000612
vn 0.000619 -0.000503 -0.000603
vn 0.000617 -0.000502 -0.000605
vn 0.000686 -0.000417 -0.000596
vn 0.000676 -0.000411 -0.000612
vn 0.000732 -0.000318 -0.000603
vn 0.000727 -0.000316 -0.000609
vn 0.000773 -0.000216 -0.000597
vn 0.000765 -0.000214 -0.000607
vn 0.000792 -0.000109 -0.000601
vn 0.000787 -0.000108 -0.000607
vn 0.000799 -0 -0.000601
vn 0.000791 0 -0.000612
vn 0.00079 0.000109 -0.000603
vn 0.000785 0.000108 -0.00061
vn 0.000773 0.000216 -0.000597
vn 0.000765 0.000215 -0.000607
vn 0.000733 0.000319 -0.000601
vn 0.000729 0.000317 -0.000607
vn 0.000683 0.000415 -0.000601
vn 0.000676 0.000411 -0.000612
vn 0.000619 0.000504 -0.000603
vn 0.000615 0.0005 -0.000609
vn 0.000548 0.000586 -0.000597
vn 0.000541 0.00058 -0.00061
vn 0.000463 0.000656 -0.000597
vn 0.000458 0.000649 -0.000607
vn 0.000368 0.00071 -0.000601
vn 0.000364 0.000702 -0.000612
vn 0.000267 0.000752 -0.000603
vn 0.000265 0.000747 -0.000609
vn 0.000164 0.000785 -0.000597
vn 0.000043 0.000206 -0.000978
vn 0.000036 0.000174 -0.000984
vn 0.000062 0.000172 -0.000983
vn 0.000054 0.000152 -0.000987
vn 0.000075 0.000147 -0.000986
vn 0.000088 0.000171 -0.000981
vn 0.000114 0.000161 -0.00098
vn 0.000093 0.000131 -0.000987
vn 0.000112 0.000122 -0.000986
vn 0.000131 0.00014 -0.000981
vn 0.000153 0.000124 -0.00098
vn 0.000138 0.000112 -0.000984
vn 0.000156 0.000095 -0.000983
vn 0.000138 0.000084 -0.000987
vn 0.000152 0.000066 -0.000986
vn 0.000163 0.000071 -0.000984
vn 0.000176 0.000049 -0.000983
vn 0.000155 0.000043 -0.000987
vn 0.000164 0.000023 -0.000986
vn 0.00019 0.000026 -0.000981
vn 0.000197 -0 -0.00098
vn 0.000192 0 -0.000981
vn 0.000195 -0.000027 -0.00098
vn 0.000176 -0.000024 -0.000984
vn 0.000176 -0.00005 -0.000983
vn 0.000155 -0.000043 -0.000987
vn 0.000152 -0.000066 -0.000986
vn 0.000148 -0.000064 -0.000987
vn 0.000142 -0.000086 -0.000986
vn 0.000138 -0.000084 -0.000987
vn 0.000129 -0.000105 -0.000986
vn 0.000125 -0.000102 -0.000987
vn 0.000113 -0.000121 -0.000986
vn 0.000121 -0.00013 -0.000984
vn 0.000105 -0.000149 -0.000983
vn 0.000093 -0.000131 -0.000987
vn 0.000077 -0.000147 -0.000986
vn 0.000082 -0.000158 -0.000984
vn 0.000061 -0.000172 -0.000983
vn 0.000054 -0.000152 -0.000987
vn 0.000034 -0.000162 -0.000986
vn 0.000037 -0.000178 -0.000983
vn 0.000013 -0.000186 -0.000982
vn 0.000013 -0.000177 -0.000984
vn -0.000013 -0.000182 -0.000983
vn -0.000011 -0.000161 -0.000987
vn -0.000033 -0.000162 -0.000986
vn -0.00004 -0.000189 -0.000981
vn -0.000067 -0.000187 -0.00098
vn -0.000065 -0.000182 -0.000981
vn -0.000092 -0.000176 -0.00098
vn -0.000074 -0.000143 -0.000987
vn -0.000096 -0.000135 -0.000986
vn -0.000093 -0.000132 -0.000987
vn -0.000113 -0.000121 -0.000986
vn -0.00011 -0.000118 -0.000987
vn -0.000129 -0.000105 -0.000986
vn -0.000125 -0.000102 -0.000987
vn -0.000141 -0.000086 -0.000986
vn -0.000152 -0.000092 -0.000984
vn -0.000168 -0.000073 -0.000983
vn -0.000163 -0.000071 -0.000984
vn -0.000176 -0.000049 -0.000983
vn -0.000155 -0.000043 -0.000987
vn -0.000164 -0.000023 -0.000986
vn -0.00019 -0.000026 -0.000981
vn -0.000197 0 -0.00098
vn -0.000192 -0 -0.000981
vn -0.000195 0.000027 -0.00098
vn -0.00019 0.000026 -0.000981
vn -0.00019 0.000054 -0.00098
vn -0.000155 0.000043 -0.000987
vn -0.000152 0.000066 -0.000986
vn -0.000148 0.000064 -0.000987
vn -0.000142 0.000086 -0.000986
vn -0.000152 0.000092 -0.000984
vn -0.000142 0.000115 -0.000983
vn -0.000149 0.000121 -0.000981
vn -0.000134 0.000145 -0.00098
vn -0.00011 0.000118 -0.000987
vn -0.000096 0.000136 -0.000986
vn -0.000093 0.000131 -0.000987
vn -0.000076 0.000147 -0.000986
vn -0.000074 0.000143 -0.000987
vn -0.000056 0.000156 -0.000986
vn -0.00006 0.000168 -0.000984
vn -0.000037 0.000179 -0.000983
vn -0.000041 0.000201 -0.000979
vn -0.000014 0.00021 -0.000978
vn -0.000012 0.000181 -0.000983
vn 0.000012 0.000186 -0.000982
vn 0.000014 0.000205 -0.000979
vn -0.000068 -0.000998 0
vn -0.000068 -0.000998 -0
vn 0.000068 -0.000998 0
vn 0.000068 -0.000998 0
vn 0.000203 -0.000979 0
vn 0.000204 -0.000979 0
vn 0.000335 -0.000942 -0
vn 0.000335 -0.000942 -0
vn 0.00046 -0.000888 0
vn 0.00046 -0.000888 0
vn 0.000577 -0.000817 -0
vn 0.000577 -0.000817 0
vn 0.000683 -0.000731 -0
vn 0.000683 -0.000731 -0
vn 0.000776 -0.000631 -0
vn 0.000776 -0.000631 0
vn 0.000854 -0.000519 0
vn 0.000854 -0.000519 -0
vn 0.000917 -0.000399 0
vn 0.000917 -0.000399 0
vn 0.000963 -0.00027 -0
vn 0.000963 -0.00027 0
vn 0.000991 -0.000136 -0
vn 0.000991 -0.000136 0
vn 0.001 -0 0
vn 0.001 0 -0
vn 0.000991 0.000136 -0
vn 0.000991 0.000136 0
vn 0.000963 0.00027 -0
vn 0.000963 0.00027 0
vn 0.000917 0.000398 -0
vn 0.000917 0.000398 0
vn 0.000854 0.00052 -0
vn 0.000854 0.00052 -0
vn 0.000776 0.000631 0
vn 0.000776 0.000631 0
vn 0.000683 0.000731 -0
vn 0.000683 0.000731 0
vn 0.000577 0.000817 -0
vn 0.000577 0.000817 0
vn 0.00046 0.000888 -0
vn 0.00046 0.000888 0
vn 0.000335 0.000942 0
vn 0.000335 0.000942 0
vn 0.000204 0.000979 0
vn 0.000204 0.000979 0
vn 0.000068 0.000998 0
vn 0.000068 0.000998 0
vn -0.000068 0.000998 0
vn -0.000068 0.000998 0
vn -0.000204 0.000979 0
vn -0.000204 0.000979 -0
vn -0.000335 0.000942 -0
vn -0.000335 0.000942 0
vn -0.00046 0.000888 0
vn -0.00046 0.000888 0
vn -0.000577 0.000817 -0
vn -0.000577 0.000817 0
vn -0.000683 0.000731 -0
vn -0.000683 0.000731 -0
vn -0.000776 0.000631 0
vn -0.000776 0.000631 0
vn -0.000854 0.00052 -0
vn -0.000854 0.00052 0
vn -0.000917 0.000398 -0
vn -0.000917 0.000398 0
vn -0.000963 0.00027 -0
vn -0.000963 0.00027 0
vn -0.000991 0.000136 -0
vn -0.000991 0.000136 0
vn -0.001 0 0
vn -0.001 -0 -0
vn -0.000991 -0.000136 -0
vn -0.000991 -0.000136 0
vn -0.000963 -0.00027 -0
vn -0.000963 -0.00027 0
vn -0.000917 -0.000398 -0
vn -0.000917 -0.000398 0
vn -0.000854 -0.00052 -0
vn -0.000854 -0.00052 0
vn -0.000776 -0.000631 -0
vn -0.000776 -0.000631 -0
vn -0.000683 -0.000731 0
vn -0.000683 -0.000731 0
vn -0.000577 -0.000817 -0
vn -0.000577 -0.000817 0
vn -0.00046 -0.000888 -0
vn -0.00046 -0.000888 0
vn -0.000335 -0.000942 0
vn -0.000335 -0.000942 0
vn -0.000203 -0.000979 0
vn -0.000203 -0.000979 -0
vn 0.000054 0.000788 0.000613
vn 0.000054 0.000783 0.000619
vn 0.000161 0.000775 0.000611
vn 0.000159 0.000765 0.000624
vn 0.000264 0.000745 0.000613
vn 0.000361 0.000695 0.000621
vn 0.000458 0.000649 0.000607
vn 0.000453 0.000641 0.000619
vn 0.00054 0.000578 0.000611
vn 0.000536 0.000574 0.000619
vn 0.000614 0.0005 0.000611
vn 0.000606 0.000493 0.000624
vn 0.000675 0.00041 0.000613
vn 0.00067 0.000407 0.000621
vn 0.000729 0.000317 0.000607
vn 0.000719 0.000312 0.000621
vn 0.000765 0.000214 0.000607
vn 0.000756 0.000212 0.000619
vn 0.000784 0.000108 0.000611
vn 0.000778 0.000107 0.000619
vn 0.000792 0 0.000611
vn 0.000782 -0 0.000624
vn 0.000783 -0.000108 0.000613
vn 0.000776 -0.000107 0.000621
vn 0.000765 -0.000214 0.000607
vn 0.000756 -0.000212 0.000619
vn 0.000726 -0.000315 0.000611
vn 0.000717 -0.000312 0.000624
vn 0.000675 -0.000411 0.000613
vn 0.000669 -0.000407 0.000621
vn 0.000616 -0.000501 0.000607
vn 0.000608 -0.000495 0.000621
vn 0.000542 -0.000581 0.000607
vn 0.000535 -0.000573 0.000621
vn 0.000458 -0.000649 0.000607
vn 0.000453 -0.000642 0.000619
vn 0.000364 -0.000703 0.000611
vn 0.000359 -0.000694 0.000624
vn 0.000264 -0.000744 0.000613
vn 0.000263 -0.000741 0.000618
vn 0.000162 -0.000778 0.000607
vn 0.000159 -0.000765 0.000624
vn 0.000054 -0.000788 0.000613
vn 0.000053 -0.00078 0.000624
vn -0.000054 -0.000788 0.000613
vn -0.000054 -0.00078 0.000624
vn -0.000161 -0.000773 0.000613
vn -0.00016 -0.000767 0.000621
vn -0.000266 -0.000749 0.000607
vn -0.000263 -0.000738 0.000621
vn -0.000365 -0.000705 0.000607
vn -0.000361 -0.000696 0.000621
vn -0.000458 -0.000649 0.000607
vn -0.000453 -0.000641 0.000619
vn -0.00054 -0.000579 0.000611
vn -0.000534 -0.000571 0.000624
vn -0.000613 -0.000498 0.000613
vn -0.000608 -0.000494 0.000621
vn -0.000679 -0.000413 0.000607
vn -0.00067 -0.000407 0.000621
vn -0.000729 -0.000317 0.000607
vn -0.000719 -0.000312 0.000621
vn -0.000765 -0.000214 0.000607
vn -0.000756 -0.000212 0.000619
vn -0.000784 -0.000108 0.000611
vn -0.000778 -0.000107 0.000619
vn -0.000792 -0 0.000611
vn -0.000782 0 0.000624
vn -0.000783 0.000108 0.000613
vn -0.000776 0.000107 0.000621
vn -0.000765 0.000214 0.000607
vn -0.000756 0.000212 0.000619
vn -0.000726 0.000315 0.000611
vn -0.00072 0.000313 0.000619
vn -0.000676 0.000411 0.000611
vn -0.000671 0.000408 0.000619
vn -0.000614 0.0005 0.000611
vn -0.000606 0.000493 0.000624
vn -0.000539 0.000577 0.000613
vn -0.000535 0.000573 0.000621
vn -0.000458 0.000649 0.000607
vn -0.000453 0.000642 0.000619
vn -0.000364 0.000703 0.000611
vn -0.000359 0.000694 0.000624
vn -0.000265 0.000744 0.000613
vn -0.000262 0.000738 0.000621
vn -0.000162 0.000778 0.000607
vn -0.000159 0.000767 0.000621
vn -0.000054 0.000793 0.000607
vn -0.000053 0.00078 0.000624
vn 0.000239 0.00067 0.000703
vn 0.000332 0.000643 0.00069
vn 0.000034 0.000164 0.000986
vn 0.000083 0.00016 0.000984
vn 0.000096 0.000137 0.000986
vn 0.00013 0.000106 0.000986
vn 0.000171 0.000074 0.000982
vn 0.00018 0.00005 0.000982
vn 0.000206 0.000028 0.000978
vn 0.000166 -0.000023 0.000986
vn 0.000161 -0.000045 0.000986
vn 0.000178 -0.000108 0.000978
vn 0.00013 -0.000106 0.000986
vn 0.000038 -0.000183 0.000982
vn 0.000014 -0.000208 0.000978
vn -0.000038 -0.000183 0.000982
vn -0.000062 -0.000176 0.000982
vn -0.000143 -0.000087 0.000986
vn -0.000153 -0.000067 0.000986
vn -0.00018 -0.00005 0.000982
vn -0.000185 -0.000025 0.000982
vn -0.000166 0.000023 0.000986
vn -0.000161 0.000045 0.000986
vn -0.000159 0.000097 0.000982
vn -0.000145 0.000118 0.000982
vn -0.000034 0.000164 0.000986
vn -0.000011 0.000167 0.000986
vn 0.000577 0.000817 -0.000019
vn 0.000457 0.000889 0.000005
vn 0.000051 0.00073 0.000681
vn -0.00005 0.000723 0.000689
vn -0.000099 0.000189 0.000977
vn -0.000077 0.000149 0.000986
vn -0.000171 -0.000822 0.000543
vn -0.000055 -0.000832 0.000552
vn 0.000088 -0.00017 0.000981
vn 0.000086 -0.000166 0.000982
vn -0.000799 0.000486 -0.000354
vn -0.000798 -0.000108 0.000593
vn -0.000768 -0.000215 0.000603
vn -0.000118 -0.000125 0.000985
vn -0.000127 -0.000136 0.000982
vn -0.000049 0.000709 0.000703
vn -0.000143 0.000688 0.000711
vn -0.000099 0.000141 0.000985
vn -0.000096 0.000137 0.000986
vn -0.000463 -0.000886 -0.000005
vn -0.000332 -0.000943 0.000009
vn 0.000111 -0.000156 0.000981
vn 0.000096 -0.000137 0.000986
vn -0.000797 0.000485 -0.000359
vn -0.000859 0.000372 -0.000351
vn -0.00099 0.000139 -0.000005
vn -0.001 -0 0.000009
vn -0.000809 -0.000225 0.000543
vn -0.000763 -0.000335 0.000552
vn -0.000653 -0.000283 0.000703
vn -0.000601 -0.000366 0.000711
vn -0.00011 -0.000157 0.000981
vn -0.000108 -0.000152 0.000982
vn 0.000338 0.000941 -0.000005
vn 0.000203 0.000979 0.000008
vn -0.000141 0.000676 0.000723
vn -0.00023 0.000641 0.000733
vn -0.000118 0.000126 0.000985
vn -0.000114 0.000122 0.000986
vn -0.000638 -0.00068 -0.000361
vn -0.000538 -0.000763 -0.000358
vn -0.000063 -0.000894 0.000444
vn 0.000061 -0.000888 0.000456
vn 0.000118 -0.000126 0.000985
vn 0.000114 -0.000122 0.000986
vn -0.000844 0.000367 -0.00039
vn -0.000888 0.000248 -0.000387
vn -0.001 0 -0.000008
vn -0.00099 -0.000138 -0.000006
vn -0.000626 -0.00038 0.000681
vn -0.000562 -0.000458 0.000689
vn -0.000088 -0.00017 0.000981
vn -0.000077 -0.000148 0.000986
vn -0.00017 -0.000023 0.000985
vn -0.000765 0.00033 0.000552
vn -0.000718 0.000436 0.000543
vn -0.000683 0.000731 0.000005
vn -0.000576 0.000817 -0.000019
vn -0.000305 0.000859 -0.00041
vn -0.000181 0.000888 -0.000422
vn -0.000171 0.000023 0.000985
vn -0.000164 0.000099 0.000981
vn -0.000406 0.000574 0.000711
vn -0.000326 0.000633 0.000703
vn 0.00031 0.000882 -0.000354
vn 0.000432 0.000825 -0.000365
vn -0.000035 0.000169 0.000985
vn 0.000143 0.000688 0.000711
vn 0.000239 0.00067 0.000703
vn 0.000277 0.000786 0.000552
vn 0.000389 0.000745 0.000543
vn 0.000683 0.000731 -0.000006
vn 0.000776 0.000631 -0.000008
vn 0.000035 0.000169 0.000985
vn 0.000405 0.000574 0.000711
vn 0.000485 0.00052 0.000703
vn 0.000079 0.000153 0.000985
vn 0.000545 0.000444 0.000711
vn 0.000608 0.000369 0.000703
vn 0.000711 0.000435 0.000553
vn 0.000771 0.000333 0.000543
vn 0.00099 0.000139 0.000009
vn 0.001 -0 -0.000005
vn 0.000133 0.000109 0.000985
vn 0.000176 0.000076 0.000981
vn 0.000703 0 0.000711
vn 0.000705 -0.000096 0.000703
vn 0.000771 -0.000627 -0.000107
vn 0.000675 -0.000727 -0.000127
vn 0.000539 -0.000762 -0.000358
vn 0.000429 -0.000828 -0.000361
vn 0.000205 0.000058 0.000977
vn 0.000718 -0.000098 0.000689
vn 0.000705 -0.000197 0.000681
vn 0.000817 -0.000352 0.000456
vn 0.000764 -0.000468 0.000444
vn 0.00043 -0.000829 -0.000358
vn 0.000311 -0.000879 -0.000362
vn 0.00017 0.000022 0.000985
vn 0.000698 -0.000195 0.000689
vn 0.000671 -0.000294 0.000681
vn 0.000171 -0.000023 0.000985
vn 0.00062 -0.000374 0.000689
vn 0.000568 -0.000462 0.000681
vn 0.000063 -0.000923 -0.00038
vn -0.000063 -0.00092 -0.000388
vn 0.000146 -0.00009 0.000985
vn 0.000384 -0.00074 0.000552
vn 0.000281 -0.000792 0.000543
vn 0.000044 -0.000209 0.000977
vn -0.000771 -0.000627 -0.000107
vn -0.000849 -0.000514 -0.000127
vn -0.000857 -0.000375 -0.000354
vn -0.000897 -0.000249 -0.000365
vn -0.000039 -0.000188 0.000981
vn -0.000952 -0.000269 -0.000145
vn -0.00098 -0.000133 -0.000148
vn -0.000147 -0.000089 0.000985
vn -0.000696 -0.000097 0.000711
vn -0.000711 -0 0.000703
vn -0.000457 0.000889 -0.000008
vn -0.000577 0.000817 -0.000006
vn -0.00065 0.000532 0.000543
vn -0.000712 0.000433 0.000552
vn -0.000172 -0 0.000985
vn -0.000167 0 0.000986
vn -0.000206 0.000057 0.000977
vn -0.000546 0.000443 0.000711
vn -0.000485 0.00052 0.000703
vn 0.000069 0.000991 -0.000115
vn -0.000069 0.000992 -0.000103
vn -0.000067 0.000998 -0.000019
vn -0.000206 0.000979 0.000005
vn -0.000197 0.000953 0.000228
vn -0.000327 0.000917 0.00023
vn -0.000298 0.000845 0.000444
vn -0.000412 0.000789 0.000456
vn -0.00041 0.000581 0.000703
vn -0.00048 0.000514 0.000711
vn -0.000175 0.000077 0.000982
vn -0.000191 0.000083 0.000978
vn -0.000133 0.000109 0.000985
vn 0.000067 0.000998 -0.000006
vn 0.000204 0.000979 -0.000008
vn 0.000855 0.000368 -0.000365
vn 0.000798 0.000488 -0.000354
vn 0.000683 0.000731 -0.000008
vn 0.000577 0.000817 -0.000006
vn 0.000145 0.000696 0.000703
vn 0.000048 0.000701 0.000711
vn -0.000057 0.000162 0.000985
vn -0.00007 0.000196 0.000978
vn -0.000012 0.000172 0.000985
vn 0.000776 0.000631 0.000008
vn 0.000856 0.000517 -0.000005
vn 0.000887 0.000251 -0.000387
vn 0.000913 0.000122 -0.00039
vn 0.000952 0.000264 -0.000157
vn 0.000908 0.000397 -0.000136
vn 0.00041 0.000581 0.000703
vn 0.000322 0.000625 0.000711
vn 0.000012 0.000172 0.000985
vn 0.000011 0.000167 0.000986
vn 0.000552 0.000449 0.000703
vn 0.00048 0.000514 0.000711
vn 0.000062 0.000175 0.000983
vn 0.000056 0.000158 0.000986
vn 0.000099 0.000141 0.000985
vn 0.000731 0.000318 0.000603
vn 0.000776 0.000216 0.000593
vn 0.000856 0.000242 0.000456
vn 0.000888 0.000119 0.000444
vn 0.001 0 0.000004
vn 0.00099 -0.000137 -0.000019
vn 0.000985 -0.000134 -0.000107
vn 0.000955 -0.000268 -0.000126
vn 0.000847 -0.000365 -0.000387
vn 0.000786 -0.00048 -0.00039
vn 0.00091 -0.000398 -0.000118
vn 0.000956 -0.000268 -0.000115
vn 0.000117 0.000126 0.000985
vn 0.000114 0.000122 0.000986
vn 0.000523 -0.000741 -0.000422
vn 0.000624 -0.000665 -0.00041
vn 0.00077 -0.000627 -0.000115
vn 0.000851 -0.000514 -0.000103
vn 0.000711 0 0.000703
vn 0.000696 0.000098 0.000711
vn 0.000163 0.0001 0.000981
vn 0.000143 0.000087 0.000986
vn 0.000062 -0.000917 -0.000394
vn 0.000189 -0.000904 -0.000383
vn 0.000195 -0.000947 -0.000254
vn 0.000326 -0.000913 -0.000244
vn 0.00056 -0.000796 0.000229
vn 0.000665 -0.00071 0.00023
vn 0.000172 0 0.000985
vn 0.000167 -0 0.000986
vn 0.000166 -0.000046 0.000985
vn 0.000562 -0.000457 0.000689
vn 0.000499 -0.000536 0.000681
vn -0.000063 -0.000931 -0.000358
vn -0.00019 -0.000913 -0.000361
vn -0.000315 -0.000877 -0.000362
vn -0.00019 -0.000914 -0.000358
vn 0.000386 -0.000746 0.000543
vn 0.000483 -0.000679 0.000553
vn 0.000398 -0.000565 0.000723
vn 0.000465 -0.000497 0.000733
vn 0.000196 -0.000084 0.000977
vn 0.000153 -0.000067 0.000986
vn 0.000134 -0.000109 0.000985
vn 0.000274 -0.000769 0.000578
vn 0.000166 -0.000806 0.000568
vn 0.000183 -0.000871 0.000456
vn 0.000061 -0.000894 0.000444
vn -0.000428 -0.000832 -0.000354
vn -0.000537 -0.000761 -0.000365
vn -0.000771 -0.000627 -0.000115
vn -0.000677 -0.000729 -0.000103
vn -0.000284 -0.000791 0.000543
vn -0.000169 -0.000816 0.000552
vn 0.000064 -0.00018 0.000981
vn 0.000062 -0.000176 0.000982
vn 0.000015 -0.000213 0.000977
vn -0.000234 -0.000663 0.000711
vn -0.000328 -0.000631 0.000703
vn -0.000381 -0.000741 0.000553
vn -0.000484 -0.000686 0.000543
vn -0.000918 -0.000395 -0.000019
vn -0.000854 -0.000521 0.000005
vn -0.000575 -0.000612 0.000543
vn -0.00048 -0.000681 0.000552
vn -0.000014 -0.000191 0.000982
vn -0.000014 -0.000208 0.000978
vn -0.000058 -0.000162 0.000985
vn -0.000494 -0.000531 0.000689
vn -0.000568 -0.000462 0.000681
vn -0.000904 0.000122 -0.00041
vn -0.000873 0.000245 -0.000422
vn -0.00072 0.00059 -0.000365
vn -0.000937 0.000264 0.000229
vn -0.000964 0.000132 0.00023
vn -0.000133 -0.000109 0.000985
vn -0.00013 -0.000106 0.000986
vn -0.000176 -0.000077 0.000981
vn -0.000703 -0 0.000711
vn -0.000705 0.000097 0.000703
vn -0.000857 0.000237 0.000456
vn -0.000821 0.000358 0.000444
vn -0.000184 -0.000052 0.000981
vn -0.000674 0.000092 0.000733
vn -0.000665 0.000188 0.000723
vn -0.000778 0.000628 0.000005
vn -0.000682 0.000731 -0.000019
vn -0.000428 0.00082 -0.00038
vn -0.000309 0.000869 -0.000388
vn -0.000039 0.000581 -0.000813
vn -0.000039 0.000576 -0.000817
vn 0.00004 0.000581 -0.000813
vn 0.000039 0.000574 -0.000818
vn 0.000116 0.000563 -0.000818
vn 0.000119 0.000574 -0.00081
vn 0.000199 0.000555 -0.000808
vn 0.000186 0.000522 -0.000833
vn 0.000257 0.000497 -0.000829
vn 0.000262 0.000506 -0.000821
vn 0.000336 0.000476 -0.000813
vn 0.000332 0.00047 -0.000818
vn 0.000392 0.00042 -0.000818
vn 0.000393 0.00042 -0.000818
vn 0.000445 0.000363 -0.000818
vn 0.000454 0.000369 -0.000811
vn 0.000505 0.000306 -0.000807
vn 0.000466 0.000283 -0.000838
vn 0.000508 0.000221 -0.000832
vn 0.000513 0.000223 -0.000829
vn 0.00055 0.000153 -0.000821
vn 0.000528 0.000148 -0.000837
vn 0.000543 0.000076 -0.000836
vn 0.00058 0.00008 -0.00081
vn 0.00059 -0.000001 -0.000808
vn 0.000577 -0 -0.000817
vn 0.000581 -0.000081 -0.00081
vn 0.000549 -0.000075 -0.000832
vn 0.000544 -0.000153 -0.000825
vn 0.000537 -0.000151 -0.00083
vn 0.000512 -0.000223 -0.000829
vn 0.000508 -0.000221 -0.000832
vn 0.000476 -0.000289 -0.00083
vn 0.000488 -0.000296 -0.000822
vn 0.000448 -0.000366 -0.000816
vn 0.00043 -0.00035 -0.000832
vn 0.000385 -0.000414 -0.000825
vn 0.000372 -0.000398 -0.000839
vn 0.00032 -0.000453 -0.000832
vn 0.000316 -0.000448 -0.000837
vn 0.000252 -0.000487 -0.000836
vn 0.000252 -0.000486 -0.000837
vn 0.000184 -0.000517 -0.000836
vn 0.000189 -0.000534 -0.000824
vn 0.000116 -0.00056 -0.000821
vn 0.00011 -0.000526 -0.000843
vn 0.000037 -0.000545 -0.000838
vn 0.000037 -0.000547 -0.000836
vn -0.000038 -0.000551 -0.000833
vn -0.000037 -0.000538 -0.000842
vn -0.00011 -0.000529 -0.000841
vn -0.000113 -0.000543 -0.000832
vn -0.000186 -0.000525 -0.00083
vn -0.000194 -0.000551 -0.000812
vn -0.000274 -0.000525 -0.000806
vn -0.000251 -0.000484 -0.000839
vn -0.00032 -0.000453 -0.000832
vn -0.000311 -0.000441 -0.000842
vn -0.000368 -0.000396 -0.000841
vn -0.000389 -0.000417 -0.000821
vn -0.000447 -0.000363 -0.000818
vn -0.000429 -0.000349 -0.000833
vn -0.00048 -0.000292 -0.000827
vn -0.000493 -0.000299 -0.000817
vn -0.000538 -0.000233 -0.00081
vn -0.0005 -0.000217 -0.000839
vn -0.000534 -0.00015 -0.000832
vn -0.000548 -0.000153 -0.000822
vn -0.000566 -0.000078 -0.000821
vn -0.000568 -0.000078 -0.000819
vn -0.000577 -0 -0.000817
vn -0.000584 -0 -0.000812
vn -0.000587 0.000082 -0.000806
vn -0.000532 0.000073 -0.000843
vn -0.000526 0.000147 -0.000838
vn -0.00052 0.000146 -0.000842
vn -0.000496 0.000215 -0.000841
vn -0.000499 0.000217 -0.000839
vn -0.000467 0.000285 -0.000837
vn -0.000464 0.000282 -0.00084
vn -0.000427 0.000346 -0.000836
vn -0.000442 0.00036 -0.000821
vn -0.000397 0.000426 -0.000813
vn -0.000389 0.000417 -0.000821
vn -0.000336 0.000476 -0.000813
vn -0.000329 0.000466 -0.000821
vn -0.000262 0.000507 -0.000821
vn -0.000252 0.000487 -0.000836
vn -0.000185 0.000521 -0.000833
vn -0.000182 0.000513 -0.000839
vn -0.000114 0.000542 -0.000832
vn -0.000116 0.000558 -0.000821
vn 0.000442 -0.000854 -0.000275
vn -0.000189 -0.000917 -0.000351
vn 0.000556 -0.000788 -0.000266
vn 0.000553 -0.000783 -0.000286
vn -0.000065 -0.000938 -0.00034
vn -0.000064 -0.000933 -0.000353
vn 0.000066 0.000958 -0.000278
vn 0.000066 0.000962 -0.000266
vn 0.000322 0.000906 -0.000275
vn 0.000324 0.00091 -0.000258
vn 0.000655 0.000702 -0.00028
vn 0.000658 0.000704 -0.000266
vn 0.0008 0.000488 -0.000349
vn 0.000824 0.0005 -0.000267
vn 0.000884 0.000384 -0.000267
vn 0.000889 0.000386 -0.000247
vn 0.000952 0.000131 -0.000275
vn 0.000955 0.000131 -0.000266
vn 0.000931 -0.000129 -0.000342
vn 0.000953 -0.00013 -0.000273
vn 0.000905 -0.000254 -0.000341
vn 0.00091 -0.000255 -0.000327
vn 0.000822 -0.0005 -0.000273
vn 0.000825 -0.000502 -0.000261
vn -0.000638 -0.000683 -0.000356
vn -0.000644 -0.000689 -0.000334
vn -0.000798 -0.000487 -0.000356
vn -0.000824 -0.0005 -0.000265
vn -0.000886 -0.000385 -0.000257
vn -0.000889 -0.000386 -0.000247
vn -0.000953 -0.000131 -0.000273
vn -0.000956 -0.000131 -0.000261
vn -0.000931 0.000129 -0.000342
vn -0.000951 0.00013 -0.000282
vn -0.000905 0.000254 -0.000341
vn -0.00091 0.000255 -0.000327
vn -0.0008 0.000486 -0.000352
vn -0.000805 0.00049 -0.000334
vn -0.000542 0.000769 -0.00034
vn -0.000553 0.000783 -0.000286
vn -0.000315 0.000883 -0.000349
vn -0.000322 0.00091 -0.000261
vn -0 -0.000003 -0.001
vn -0.000001 -0.000002 -0.001
vn 0.000196 0.000944 -0.000266
vn 0.000196 0.000941 -0.000275
vn -0.000001 -0.000002 -0.001
vn 0.000443 0.000854 -0.000273
vn 0.000443 0.000856 -0.000267
vn -0.000001 -0.000003 -0.001
vn 0.000558 0.00079 -0.000253
vn 0.000556 0.000787 -0.000267
vn -0.000002 -0.000002 -0.001
vn -0.000003 -0.000003 -0.001
vn 0.000745 0.000607 -0.000275
vn 0.000732 0.000594 -0.000334
vn -0.000004 -0.000002 -0.001
vn -0.000003 -0.000001 -0.001
vn 0.000928 0.00026 -0.000266
vn 0.000923 0.000259 -0.000286
vn -0.000003 -0 -0.001
vn -0.000003 0 -0.001
vn 0.000966 -0 -0.000258
vn 0.000961 0 -0.000275
vn -0.000004 0.000002 -0.001
vn 0.000886 -0.000386 -0.000258
vn 0.000858 -0.000371 -0.000356
vn -0.000004 0.000001 -0.001
vn 0.000728 -0.000594 -0.000342
vn 0.000745 -0.000605 -0.000282
vn -0.000003 0.000003 -0.001
vn -0.000002 0.000001 -0.001
vn 0.000643 -0.000686 -0.000341
vn 0.000661 -0.000709 -0.000247
vn -0.000002 0.000002 -0.001
vn 0.000443 -0.000856 -0.000266
vn 0.000322 -0.000906 -0.000275
vn -0.000001 0.000002 -0.001
vn 0.000323 -0.00091 -0.000258
vn 0.00019 -0.00092 -0.000342
vn 0.000196 -0.000942 -0.000273
vn -0.000001 0.000004 -0.001
vn -0.000001 0.000002 -0.001
vn 0.000064 -0.000938 -0.000341
vn 0.000064 -0.000945 -0.000321
vn 0 0.000006 -0.001
vn -0.000198 -0.000946 -0.000258
vn -0.000322 -0.000907 -0.000273
vn 0.000001 0.000004 -0.001
vn -0.000324 -0.00091 -0.000261
vn 0.000001 0.000002 -0.001
vn -0.000441 -0.000852 -0.000282
vn -0.000443 -0.000856 -0.000267
vn 0.000001 0.000003 -0.001
vn -0.000555 -0.000788 -0.000267
vn -0.000546 -0.000771 -0.000327
vn 0.000004 0.000004 -0.001
vn 0.000005 0.000004 -0.001
vn -0.000729 -0.000593 -0.000341
vn -0.000727 -0.000591 -0.000349
vn 0.000003 0.000001 -0.001
vn -0.00093 -0.00026 -0.000258
vn -0.000922 -0.000259 -0.000286
vn 0.000004 0.000002 -0.001
vn 0.000003 0 -0.001
vn 0.000003 -0 -0.001
vn -0.000965 0 -0.000261
vn -0.00096 -0 -0.000282
vn 0.000006 -0.000002 -0.001
vn -0.000863 0.000375 -0.00034
vn -0.000857 0.000372 -0.000356
vn 0.000004 -0.000001 -0.001
vn -0.000728 0.000591 -0.000349
vn -0.000747 0.000609 -0.000267
vn 0.000004 -0.000003 -0.001
vn 0.000005 -0.000003 -0.001
vn -0.000661 0.000708 -0.000247
vn -0.000658 0.000704 -0.000267
vn 0.000003 -0.000004 -0.001
vn 0.000003 -0.000005 -0.001
vn -0.000433 0.000837 -0.000334
vn -0.000431 0.000831 -0.000352
vn 0.000001 -0.000004 -0.001
vn -0.000195 0.000939 -0.000282
vn -0.000196 0.000944 -0.000267
vn 0.000001 -0.000003 -0.001
vn -0.000066 0.000961 -0.000267
vn -0.000066 0.000967 -0.000244
vn -0 0.001 -0
vn -0 0.001 -0
vn 0 0.001 -0
vn -0 0.001 -0
vn -0 0.001 -0
vn -0 0.001 -0
vn 0 0.001 -0
vn -0 0.001 -0
vn 0 0.001 -0
vn -0 0.001 0
vn -0 0.001 0
vn -0 0.001 0
vn -0 0.001 0
vn 0 0.001 0
vn -0 0.001 -0
vn -0 0.001 -0
vn -0 0.001 -0
vn 0 0.001 -0
vn -0 0.001 -0
vn -0 0.001 -0
vn -0.0005 -0.000077 -0.000863
vn -0.000889 0.000038 -0.000456
vn -0.000874 0.000265 -0.000407
vn -0.000924 0.000008 -0.000382
vn -0.000796 0.000237 -0.000557
vn -0.000816 0.000142 -0.00056
vn -0.00086 0.000003 -0.00051
vn -0.000689 0.000095 -0.000719
vn -0.000679 0.000277 -0.000679
vn -0.000756 -0.000079 -0.00065
vn -0.000556 0.000248 -0.000794
vn -0.000517 0.000387 -0.000763
vn -0.000621 -0.000047 -0.000782
vn -0.000414 0.000199 -0.000888
vn -0.000393 0.000309 -0.000866
vn -0.000184 -0.000075 -0.00098
vn -0.000325 -0.000069 -0.000943
vn -0.000248 0.000292 -0.000924
vn -0.000241 0.000327 -0.000914
vn -0.000087 0.000258 -0.000962
vn -0.000085 0.000228 -0.00097
vn 0.000083 0.000313 -0.000946
vn 0.000078 0.000261 -0.000962
vn 0.000005 -0.000084 -0.000996
vn 0.000152 -0.000069 -0.000986
vn 0.000241 0.000147 -0.000959
vn 0.000248 0.000291 -0.000924
vn 0.00047 -0.000035 -0.000882
vn 0.000368 0.00042 -0.00083
vn 0.000411 0.000237 -0.00088
vn 0.000334 -0.000085 -0.000939
vn 0.000552 0.000084 -0.00083
vn 0.000549 0.000287 -0.000785
vn 0.000762 -0.000011 -0.000647
vn 0.000718 0.000148 -0.00068
vn 0.000626 -0.000073 -0.000776
vn 0.000672 0.000313 -0.000672
vn 0.000682 0.000114 -0.000722
vn 0.00085 0.000018 -0.000527
vn 0.000786 0.000283 -0.00055
vn 0.00079 0.000255 -0.000558
vn 0.00079 0.000065 -0.00061
vn 0.000931 -0.000001 -0.000364
vn 0.000901 0.00016 -0.000403
vn 0.000874 0.000265 -0.000407
vn 0.000884 0.000006 -0.000468
vn 0.000958 0.000274 -0.000084
vn 0.000991 -0.000022 -0.000135
vn 0.000977 -0.000041 -0.000209
vn 0.000929 0.000274 -0.000249
vn 0.000953 0.000111 -0.000283
vn 0.000943 -0.000017 -0.000333
vn -0.000944 -0.000021 -0.00033
vn -0.000949 0.000163 -0.000271
vn -0.000929 0.000275 -0.000249
vn -0.000978 0.000009 -0.000207
vn -0.000991 0.000009 -0.000131
vn -0.000958 0.000274 -0.000084
vn -0.000999 0.000009 -0.000044
vn -0.000996 0.000009 0.000087
vn -0.000996 0.000009 0.000087
vn -0.000976 0.000009 0.000216
vn -0.000929 0.000274 0.000249
vn -0.000954 0.000009 0.000301
vn -0.000924 0.000009 0.000383
vn -0.000872 0.000274 0.000406
vn -0.000887 0.000009 0.000462
vn -0.000819 0.000009 0.000574
vn -0.000819 0.000009 0.000574
vn -0.000707 0.000009 0.000707
vn -0.000707 0.000009 0.000707
vn -0.000574 0.000009 0.000819
vn -0.000574 0.000009 0.000819
vn -0.000423 0.000009 0.000906
vn -0.000423 0.000009 0.000906
vn -0.000259 0.000009 0.000966
vn -0.000259 0.000009 0.000966
vn -0.000087 0.000009 0.000996
vn -0.000087 0.000009 0.000996
vn 0.000087 0.000009 0.000996
vn 0.000087 0.000009 0.000996
vn 0.000259 0.000009 0.000966
vn 0.000259 0.000009 0.000966
vn 0.000423 0.000009 0.000906
vn 0.000423 0.000009 0.000906
vn 0.000574 0.000009 0.000819
vn 0.000574 0.000009 0.000819
vn 0.000707 0.000009 0.000707
vn 0.000707 0.000009 0.000707
vn 0.000819 0.000009 0.000574
vn 0.000819 0.000009 0.000574
vn 0.000906 0.000009 0.000423
vn 0.000906 0.000009 0.000423
vn 0.000966 0.000009 0.000259
vn 0.000966 0.000009 0.000259
vn 0.000991 0.000009 0.000131
vn 0.000958 0.000274 0.000084
vn 0.000999 0.000009 0.000044
vn 0.000999 0.000009 -0.000044
vn 0 -0.001 0.000001
vn 0.000019 -0.001 0.000005
vn 0.000009 -0.001 0.000002
vn 0.000049 -0.000999 0.000006
vn 0.000001 -0.001 0.000002
vn 0 -0.001 0.000001
vn 0.000002 -0.001 0.000003
vn 0 -0.001 0
vn 0.000005 -0.001 0.000005
vn 0.000001 -0.001 0
vn 0.000004 -0.001 0.000003
vn 0.000006 -0.001 0.000004
vn 0.00002 -0.001 0.000009
vn 0.000002 -0.001 0.000001
vn 0.000002 -0.001 0.000001
vn 0 -0.001 0.000002
vn 0 -0.001 0.000001
vn 0 -0.001 0.000001
vn 0 -0.001 0.000002
vn -0 -0.001 0.000001
vn -0 -0.001 0.000003
vn -0 -0.001 0.000001
vn -0.000001 -0.001 0.000003
vn -0 -0.001 0.000001
vn -0.000001 -0.001 0.000002
vn -0 -0.001 0.000001
vn -0.000001 -0.001 0.000001
vn -0.000001 -0.001 0.000002
vn 0.000141 -0.00099 0.000006
vn 0.000012 -0.001 -0.000002
vn 0 -0.001 0
vn -0.000001 -0.001 0.000001
vn -0.000002 -0.001 0.000002
vn -0.000004 -0.001 0.000004
vn -0.000307 -0.000927 0.000215
vn -0.000004 -0.001 0
vn 0.000051 -0.000999 -0.000016
vn 0.000623 0.000771 -0.000133
vn 0.000126 -0.000992 -0.000017
vn 0.000164 -0.000987 -0.000004
vn -0.000073 -0.000997 -0.000016
vn -0.000592 -0.000802 -0.000078
vn -0.000028 -0.001 0
vn -0.000079 -0.000997 -0.000005
vn -0.000106 -0.000994 0.00001
vn 0.000008 -0.001 -0.000001
vn -0.000066 -0.000997 0.000034
vn -0.000057 -0.000998 0.000021
vn 0 -0.001 0
vn -0.000008 -0.001 0.000005
vn -0.00006 -0.000998 0.000019
vn -0.00002 -0.001 0.000004
vn -0.000001 -0.001 0
vn -0.000006 -0.001 0.000001
vn -0.000129 -0.000991 -0.000045
vn -0.000487 -0.000862 -0.000138
vn 0.000888 -0.000181 -0.000423
vn 0.000456 -0.000867 -0.000203
vn 0.000931 -0.000004 -0.000364
vn 0.000123 -0.000988 -0.00009
vn 0.000454 0.000751 -0.00048
vn 0.000127 0.00098 -0.000153
vn 0.000255 0.000888 -0.000382
vn -0.000524 0.000774 -0.000354
vn -0.000739 -0.000505 -0.000446
vn 0.000535 -0.000824 -0.000188
vn 0.000043 -0.000995 -0.000095
vn 0.000186 0.00092 -0.000345
vn 0.000083 -0.00094 -0.000331
vn -0.000104 0.000913 -0.000394
vn -0.000029 0.000947 -0.000319
vn -0.000153 -0.000882 -0.000446
vn 0.000092 0.000962 -0.000256
vn 0.000311 -0.000575 -0.000757
vn 0.000188 -0.00093 -0.000317
vn -0.000222 0.000897 -0.000382
vn -0.000289 0.000887 -0.000361
vn 0.000631 -0.000277 -0.000724
vn 0.000592 -0.000566 -0.000573
vn -0.000339 0.000895 -0.000288
vn 0.000549 0.000414 -0.000726
vn 0.000126 -0.00098 -0.000156
vn 0.000221 -0.000952 -0.00021
vn 0.000758 0.000099 -0.000644
vn 0.000711 0.000443 -0.000546
vn 0.00047 -0.000824 -0.000316
vn 0.000818 -0.000161 -0.000552
vn 0.000856 0.000248 -0.000453
vn 0.00024 -0.000964 -0.00011
vn 0.000941 -0.000171 -0.000291
vn 0.000947 -0.000136 -0.000292
vn 0.000113 -0.000993 -0.000032
vn 0.000259 -0.000079 0.000963
vn 0.000259 -0.000068 0.000963
vn 0.000977 -0.00015 -0.000151
vn 0.000978 -0.000141 -0.000151
vn 0.000056 -0.000998 -0.000009
vn 0.000248 -0.000047 -0.000968
vn 0.000216 0.000472 -0.000855
vn 0.0002 0.000582 -0.000788
vn -0.000964 -0.000258 -0.000064
vn -0.000974 -0.00022 -0.000064
vn -0.000075 -0.000997 -0.000004
vn 0.000116 -0.000071 0.000991
vn 0.000116 -0.000069 0.000991
vn 0.000899 -0.000144 0.000414
vn 0.000906 -0.000079 0.000416
vn 0.000976 -0.000219 -0.000006
vn 0.000988 -0.000155 -0.000008
vn 0.000074 -0.000997 -0
vn 0.000383 -0.000049 -0.000923
vn 0.000381 0.000175 -0.000908
vn 0.000312 0.00058 -0.000752
vn -0.000427 -0.000393 -0.000814
vn -0.000443 -0.000287 -0.000849
vn -0.000439 0.000322 -0.000838
vn -0.000421 0.000414 -0.000807
vn -0.000138 -0.000953 -0.000269
vn -0.000136 0.000944 -0.000299
vn -0.000941 -0.000272 -0.000202
vn -0.000954 -0.000217 -0.000206
vn -0.000076 -0.000997 -0.000017
vn -0.00078 -0.000139 0.00061
vn -0.000785 -0.000071 0.000615
vn -0.000029 -0.00007 0.000997
vn -0.000029 -0.000068 0.000997
vn 0.000829 -0.000153 0.000538
vn 0.000836 -0.000059 0.000545
vn 0.000515 0.00007 -0.000855
vn 0.000508 0.00015 -0.000848
vn -0.000316 -0.000291 -0.000903
vn -0.000325 -0.000153 -0.000933
vn -0.000301 0.000417 -0.000858
vn -0.000281 0.000523 -0.000805
vn -0.000204 -0.000782 -0.000589
vn -0.000891 -0.000306 -0.000334
vn -0.000911 -0.000232 -0.00034
vn -0.000088 -0.000996 -0.000032
vn -0.000848 -0.00022 0.000483
vn -0.000858 -0.000154 0.00049
vn -0.000058 -0.000998 0.000034
vn -0.000174 -0.000071 0.000982
vn -0.000174 -0.000059 0.000983
vn 0.000748 -0.00007 0.00066
vn 0.000748 -0.000066 0.00066
vn 0.000965 -0.000226 0.000133
vn 0.000989 -0.00005 0.000139
vn 0.000737 0.000048 -0.000674
vn 0.000727 -0.000197 -0.000658
vn 0.000002 0.000937 -0.00035
vn -0.000024 -0.000855 -0.000518
vn -0.000044 0.000087 -0.000995
vn -0.000044 0.00008 -0.000996
vn -0.000284 -0.000933 -0.000223
vn -0.000795 0.000043 -0.000605
vn -0.000782 -0.000199 -0.000591
vn -0.000973 -0.000049 0.000224
vn -0.000963 -0.000148 0.000224
vn -0.00045 -0.000059 0.000891
vn -0.000449 -0.000079 0.00089
vn 0.000526 -0.000058 0.000848
vn 0.000526 -0.00007 0.000848
vn 0.000824 -0.000405 -0.000395
vn 0.000809 -0.000218 -0.000546
vn 0.000763 -0.000394 -0.000512
vn 0.000633 0.00007 -0.000771
vn 0.000633 0.000052 -0.000772
vn 0.000227 -0.000365 -0.000903
vn 0.000097 -0.00036 -0.000928
vn 0.000098 0.000074 -0.000992
vn 0.000092 0.000481 -0.000872
vn 0.000099 -0.000384 -0.000918
vn 0.000013 -0.000987 -0.000158
vn 0.000043 0.00096 -0.000278
vn -0.000184 -0.000041 -0.000982
vn -0.000101 -0.000854 -0.000511
vn -0.000165 0.000503 -0.000848
vn -0.000185 0.000095 -0.000978
vn -0.000188 -0.000155 -0.00097
vn -0.000533 0.000313 -0.000786
vn -0.000172 -0.000956 -0.000239
vn -0.000552 0.000344 -0.00076
vn -0.000541 0.000387 -0.000746
vn -0.000563 -0.000291 -0.000774
vn -0.000541 -0.000389 -0.000746
vn -0.000669 -0.000287 -0.000686
vn -0.000701 0.000028 -0.000713
vn -0.000646 0.00038 -0.000661
vn -0.000304 -0.000899 -0.000316
vn -0.00054 -0.000622 -0.000566
vn -0.000105 -0.000993 -0.000057
vn -0.000856 -0.000205 -0.000474
vn -0.000825 -0.000337 -0.000454
vn -0.000427 0.000904 -0.000029
vn -0.000981 -0.00018 0.000077
vn -0.000994 -0.000076 0.00008
vn -0.000064 -0.000998 0.000024
vn -0.000924 -0.000132 0.00036
vn -0.000904 -0.000238 0.000355
vn -0.000688 -0.000058 0.000724
vn -0.000687 -0.000071 0.000723
vn -0.000574 -0.000078 0.000815
vn -0.000575 -0.000068 0.000816
vn -0.000315 -0.00006 0.000947
vn -0.000315 -0.00007 0.000946
vn 0.000397 -0.000068 0.000915
vn 0.000397 -0.00006 0.000916
vn 0.000644 -0.000066 0.000762
vn 0.000643 -0.000079 0.000761
vn 0.000958 -0.000059 0.000281
vn 0.000957 -0.000075 0.00028
vn 0.000125 -0.000863 -0.00049
vn -0.000627 -0.000779 -0.000018
vn -0.000311 -0.00095 -0.000019
vn -0.000635 -0.00077 -0.000065
vn -0.000629 -0.000766 -0.000134
vn -0.000665 -0.000733 -0.000143
vn -0.000642 -0.000728 -0.000241
vn -0.00061 -0.000759 -0.000228
vn -0.000576 -0.000753 -0.000318
vn -0.000578 -0.000751 -0.000319
vn -0.000532 -0.000744 -0.000405
vn -0.000532 -0.000744 -0.000405
vn -0.000477 -0.000732 -0.000487
vn -0.00047 -0.000741 -0.00048
vn -0.000395 -0.00074 -0.000545
vn -0.000384 -0.000758 -0.000528
vn -0.000304 -0.000756 -0.00058
vn -0.000303 -0.000757 -0.000579
vn -0.000217 -0.000755 -0.000618
vn -0.000225 -0.000732 -0.000643
vn -0.000128 -0.000729 -0.000672
vn -0.000126 -0.000745 -0.000655
vn -0.000029 -0.000741 -0.000671
vn -0.000029 -0.000754 -0.000656
vn 0.000066 -0.000751 -0.000657
vn 0.000068 -0.000743 -0.000666
vn 0.000167 -0.000735 -0.000657
vn 0.000167 -0.000736 -0.000656
vn 0.000261 -0.000736 -0.000625
vn 0.000258 -0.000743 -0.000618
vn 0.000345 -0.000741 -0.000577
vn 0.000345 -0.00074 -0.000577
vn 0.000431 -0.000734 -0.000525
vn 0.000427 -0.000739 -0.000521
vn 0.000506 -0.00073 -0.000459
vn 0.000495 -0.000743 -0.00045
vn 0.000563 -0.000735 -0.000378
vn 0.000555 -0.000743 -0.000373
vn 0.000612 -0.000735 -0.000292
vn 0.000608 -0.000739 -0.00029
vn 0.000644 -0.000739 -0.000199
vn 0.000635 -0.000747 -0.000196
vn 0.000657 -0.000747 -0.000101
vn 0.000645 -0.000757 -0.0001
vn 0.000656 -0.000755 -0.000006
vn 0.00067 -0.000742 -0.000005
vn 0.000672 -0.000734 0.000095
vn 0.000659 -0.000746 0.000092
vn 0.000649 -0.000737 0.000191
vn 0.000627 -0.000757 0.000183
vn 0.000601 -0.00075 0.000276
vn 0.000591 -0.00076 0.000271
vn 0.000546 -0.000758 0.000356
vn 0.000555 -0.000749 0.000362
vn 0.0005 -0.000745 0.000441
vn 0.000491 -0.000756 0.000433
vn 0.000425 -0.000752 0.000503
vn 0.000429 -0.000746 0.000509
vn 0.000352 -0.000744 0.000567
vn 0.000357 -0.000735 0.000576
vn 0.000272 -0.000728 0.00063
vn 0.000265 -0.000747 0.00061
vn 0.000175 -0.000738 0.000652
vn 0.000171 -0.000755 0.000633
vn 0.000078 -0.000754 0.000652
vn 0.000079 -0.000735 0.000673
vn -0.00002 -0.000736 0.000677
vn -0.00002 -0.000736 0.000677
vn -0.000118 -0.000736 0.000666
vn -0.000118 -0.000736 0.000667
vn -0.000216 -0.000731 0.000647
vn -0.000208 -0.000752 0.000625
vn -0.000301 -0.000745 0.000596
vn -0.000297 -0.000753 0.000588
vn -0.000384 -0.000745 0.000545
vn -0.000381 -0.00075 0.000541
vn -0.000455 -0.000749 0.00048
vn -0.000469 -0.000733 0.000493
vn -0.000536 -0.000731 0.000421
vn -0.000534 -0.000734 0.000419
vn -0.000594 -0.00073 0.000338
vn -0.000563 -0.000762 0.000321
vn -0.000608 -0.000757 0.000238
vn -0.000616 -0.00075 0.000241
vn -0.000654 -0.000742 0.00015
vn -0.000638 -0.000756 0.000147
vn -0.000662 -0.000748 0.000053
vn -0.000613 -0.000788 0.00005
vn 0.000098 -0.000363 -0.000927
vn -0.000043 -0.000356 -0.000933
vn -0.000892 -0.000448 -0.00006
vn -0.000894 -0.000442 0.000073
vn 0.000958 -0.000288 -0.000005
vn 0.000948 -0.00028 -0.000148
vn 0.000498 -0.000263 -0.000826
vn 0.000369 -0.00026 -0.000892
vn -0.000943 -0.000262 -0.000206
vn -0.000966 -0.00025 -0.000062
vn -0.000953 -0.000294 0.000076
vn -0.000934 -0.000283 0.000217
vn -0.000905 -0.000238 0.000352
vn -0.000845 -0.000227 0.000485
vn 0.00011 -0.000291 0.000951
vn 0.00025 -0.000287 0.000925
vn 0.000729 -0.000232 0.000644
vn 0.000817 -0.000225 0.000531
vn 0.000809 -0.000262 0.000527
vn 0.000877 -0.00026 0.000404
vn 0.000882 -0.000239 0.000406
vn 0.000935 -0.000228 0.000272
vn -0.000326 -0.000104 -0.00094
vn -0.000461 -0.000101 -0.000881
vn -0.000461 -0.000103 -0.000881
vn -0.000586 -0.0001 -0.000804
vn -0.00087 -0.00011 -0.000481
vn -0.000933 -0.000095 -0.000347
vn -0.000681 -0.00016 0.000714
vn -0.00057 -0.000158 0.000806
vn -0.000574 -0.00008 0.000815
vn -0.000449 -0.000065 0.000891
vn -0.000448 -0.000109 0.000887
vn -0.000314 -0.000095 0.000945
vn 0.000516 -0.000186 0.000836
vn 0.000635 -0.000175 0.000752
vn 0.000636 -0.000167 0.000753
vn 0.00074 -0.000159 0.000653
vn 0.000988 -0.000028 -0.000151
vn 0.000955 -0.000027 -0.000296
vn 0.000635 -0.000027 -0.000772
vn 0.000513 -0.000016 -0.000858
vn -0.00004 0.000049 -0.000998
vn -0.000189 0.000068 -0.00098
vn -0.000698 -0.000037 -0.000715
vn -0.000796 -0.000017 -0.000605
vn -0.000795 -0.000037 -0.000605
vn -0.000876 -0.000017 -0.000482
vn -0.000974 -0.000037 0.000223
vn -0.000931 -0.000018 0.000366
vn -0.000317 0.000002 0.000948
vn -0.000174 0.000014 0.000985
vn 0.000258 -0.000038 0.000965
vn 0.000398 -0.000017 0.000917
vn 0.000959 -0.000009 0.000283
vn 0.00099 0.00001 0.000138
vn 0.000986 0.000093 0.000139
vn 0.000993 0.000115 -0.000009
vn 0.000951 0.000104 -0.000292
vn 0.000897 0.000104 -0.000429
vn 0.000898 0.000093 -0.000429
vn 0.000824 0.000115 -0.000554
vn 0.000827 0.000093 -0.000555
vn 0.000735 0.000115 -0.000668
vn 0.000735 0.000122 -0.000667
vn 0.000626 0.000143 -0.000766
vn 0.000384 0.000105 -0.000917
vn 0.000244 0.000104 -0.000964
vn 0.000246 0.000064 -0.000967
vn 0.0001 0.000087 -0.000991
vn -0.000189 0.000078 -0.000979
vn -0.00033 0.000091 -0.00094
vn -0.000583 0.000104 -0.000806
vn -0.000696 0.000104 -0.00071
vn -0.000933 0.000078 -0.00035
vn -0.000974 0.000091 -0.000207
vn -0.00098 0.00019 -0.000066
vn -0.000978 0.000192 0.00008
vn -0.000865 0.000107 0.000491
vn -0.000781 0.000119 0.000613
vn -0.000783 0.000104 0.000613
vn -0.000684 0.000104 0.000722
vn -0.000174 0.000105 0.000979
vn -0.000029 0.000106 0.000994
vn -0.000029 0.000104 0.000994
vn 0.000118 0.000104 0.000987
vn 0.000396 0.000064 0.000916
vn 0.000526 0.000087 0.000846
vn 0.000907 0.000422 -0.000005
vn 0.00089 0.000435 -0.00014
vn -0.000904 0.000422 0.000071
vn -0.000877 0.000435 0.000204
vn 0.000104 0.000423 0.0009
vn 0.000236 0.000435 0.000869
vn 0.00047 0.000448 0.00076
vn 0.000573 0.000461 0.000677
vn 0.000455 0.000471 -0.000756
vn 0.000337 0.000473 -0.000814
vn 0.00009 0.000516 -0.000852
vn -0.000041 0.000519 -0.000854
vn -0.000581 0.00054 0.000609
vn -0.000478 0.000552 0.000683
vn 0.000542 0.000541 0.000643
vn 0.000626 0.000551 0.000552
vn 0.000717 0.000516 0.000468
vn 0.000772 0.000527 0.000354
vn 0.000752 0.000648 -0.000115
vn 0.000719 0.000658 -0.000223
vn 0.000484 0.000648 -0.000588
vn 0.000386 0.000658 -0.000646
vn 0.000183 0.000668 -0.000721
vn 0.000074 0.000679 -0.00073
vn -0.000139 0.000669 -0.00073
vn -0.000242 0.00068 -0.000692
vn -0.000532 0.000648 -0.000545
vn -0.000599 0.000658 -0.000456
vn -0.000606 0.000649 -0.000461
vn -0.00066 0.000658 -0.000363
vn -0.000696 0.000669 -0.00026
vn -0.000717 0.00068 -0.000154
vn -0.000778 0.000605 -0.000169
vn -0.000788 0.000613 -0.00005
vn -0.000742 0.000649 0.000169
vn -0.000701 0.000658 0.000274
vn -0.000742 0.000605 0.000289
vn -0.000685 0.000613 0.000393
vn 0.000196 0.000649 0.000735
vn 0.0003 0.000658 0.000691
vn 0.000296 0.000669 0.000682
vn 0.000389 0.000679 0.000623
vn 0.000596 0.000605 0.000528
vn 0.000663 0.000613 0.00043
vn 0.000723 0.000604 0.000334
vn 0.000758 0.000613 0.00022
vn 0.000659 0.000746 0.000092
vn 0.000657 0.000753 -0.000007
vn 0.000636 0.000746 -0.000196
vn 0.000593 0.000753 -0.000284
vn 0.000601 0.000746 -0.000287
vn 0.000546 0.000753 -0.000367
vn 0.000552 0.000746 -0.000371
vn 0.000486 0.000753 -0.000443
vn 0.000257 0.000746 -0.000614
vn 0.000161 0.000753 -0.000638
vn -0.000232 0.000708 -0.000667
vn -0.000325 0.000714 -0.00062
vn -0.000328 0.000708 -0.000626
vn -0.000412 0.000714 -0.000567
vn -0.000392 0.000746 -0.000538
vn -0.00046 0.000754 -0.000469
vn -0.000618 0.000707 -0.000342
vn -0.000656 0.000714 -0.000244
vn -0.000664 0.000746 -0.000044
vn -0.000655 0.000753 0.000055
vn -0.000578 0.000746 0.000329
vn -0.000517 0.000753 0.000406
vn -0.000524 0.000747 0.000411
vn -0.000451 0.000754 0.000478
vn -0.000319 0.000708 0.00063
vn -0.000221 0.000714 0.000664
vn -0.000216 0.000727 0.000651
vn -0.000118 0.000734 0.000669
vn -0.000116 0.000746 0.000655
vn -0.000019 0.000753 0.000657
vn -0.000019 0.000746 0.000666
vn 0.000079 0.000753 0.000653
vn 0.000659 0.000727 0.000194
vn 0.000673 0.000734 0.000094
vn 0.00043 0.000814 -0.00039
vn 0.000363 0.000819 -0.000445
vn -0.000362 0.000779 0.000511
vn -0.00028 0.000783 0.000556
vn 0.000158 0.000953 -0.00026
vn 0.000114 0.000953 -0.00028
vn -0.000014 0.000921 -0.000389
vn -0.000077 0.000922 -0.000381
vn 0.000145 0.000989 0.000042
vn 0.000156 0.000987 0.000045
vn 0.000144 0.000987 0.000066
vn 0.000172 0.000982 0.000079
vn 0.000155 0.000983 0.000101
vn 0.000143 0.000985 0.000094
vn 0.000125 0.000986 0.00011
vn 0.000142 0.000982 0.000125
vn 0.000119 0.000983 0.000141
vn 0.000136 0.000978 0.00016
vn 0.000108 0.000979 0.000174
vn 0.000089 0.000985 0.000146
vn 0.000066 0.000986 0.000153
vn 0.000065 0.000987 0.000149
vn 0.000041 0.000987 0.000153
vn 0.000055 0.000978 0.000203
vn 0.000024 0.000979 0.000204
vn 0.000017 0.000988 0.000154
vn -0.000004 0.000989 0.000151
vn -0.000004 0.000988 0.000155
vn -0.000026 0.000989 0.000149
vn -0.000023 0.000991 0.000131
vn -0.000041 0.000992 0.000122
vn -0.000049 0.000988 0.000147
vn -0.000068 0.000989 0.000135
vn -0.000064 0.00099 0.000127
vn -0.00008 0.00099 0.000113
vn -0.000109 0.000982 0.000156
vn -0.000127 0.000983 0.000134
vn -0.000095 0.000991 0.000099
vn -0.000105 0.000991 0.000082
vn -0.000122 0.000988 0.000096
vn -0.000131 0.000989 0.000075
vn -0.000137 0.000987 0.000079
vn -0.000143 0.000988 0.000055
vn -0.000159 0.000985 0.000062
vn -0.000162 0.000986 0.000038
vn -0.000199 0.000979 0.000047
vn -0.000199 0.00098 0.000016
vn -0.000136 0.000991 0.00001
vn -0.000133 0.000991 -0.000009
vn -0.000157 0.000987 -0.00001
vn -0.00015 0.000988 -0.000033
vn -0.000167 0.000985 -0.000036
vn -0.000156 0.000986 -0.000058
vn -0.000145 0.000988 -0.000055
vn -0.000132 0.000989 -0.000073
vn -0.00015 0.000985 -0.000082
vn -0.000133 0.000986 -0.000101
vn -0.00013 0.000987 -0.000099
vn -0.000111 0.000987 -0.000114
vn -0.000108 0.000988 -0.000111
vn -0.000089 0.000989 -0.000122
vn -0.000081 0.000991 -0.000111
vn -0.000061 0.000991 -0.000118
vn -0.000072 0.000988 -0.000137
vn -0.00005 0.000989 -0.000142
vn -0.000052 0.000987 -0.000149
vn -0.000029 0.000988 -0.00015
vn 0.000018 0.000985 -0.00017
vn 0.000041 0.000986 -0.000162
vn 0.000038 0.000988 -0.00015
vn 0.000058 0.000989 -0.000139
vn 0.00008 0.000988 -0.000133
vn 0.000096 0.000989 -0.000116
vn 0.000091 0.00099 -0.00011
vn 0.000102 0.00099 -0.000093
vn 0.000115 0.000988 -0.000105
vn 0.000125 0.000989 -0.000084
vn 0.000129 0.000988 -0.000087
vn 0.000136 0.000989 -0.000065
vn 0.000131 0.000989 -0.000062
vn 0.000134 0.00099 -0.000042
vn 0.000148 0.000988 -0.000046
vn 0.000149 0.000989 -0.000023
vn 0.000201 0.000979 -0.000032
vn 0.000199 0.00098 -0.000001
vn 0.000155 0.000988 0
vn 0.000149 0.000989 0.000021
vn 0.000154 0.000988 0.000021
vn 0.000671 0.000669 -0.000319
vn 0.000198 0.000595 -0.000779
vn 0.000095 0.000576 0.000812
vn 0.000714 0.000664 -0.000222
vn 0.000574 0.0008 -0.000176
vn 0.00031 0.000586 -0.000749
vn 0.000211 0.00084 -0.0005
vn -0.000372 0.000594 -0.000713
vn -0.000315 0.000737 -0.000599
vn -0.000787 0.000592 -0.000171
vn -0.00066 0.000738 -0.000141
vn -0.000633 0.000596 0.000494
vn -0.00053 0.000738 0.000417
vn -0.000024 0.000564 0.000825
vn -0.000024 0.000576 0.000817
vn 0.000667 0.000738 -0.000102
vn 0.000591 0.000801 -0.000092
vn 0.000273 0.000848 -0.000455
vn 0.000304 0.000806 -0.000508
vn -0.000268 0.000586 -0.000765
vn -0.000219 0.000744 -0.000631
vn -0.000762 0.000581 -0.000285
vn -0.000751 0.000598 -0.000281
vn -0.000705 0.000583 0.000404
vn -0.000587 0.000738 0.000334
vn -0.000142 0.000563 0.000814
vn -0.000105 0.000805 0.000584
vn 0.000594 0.000596 -0.00054
vn 0.000602 0.000582 -0.000547
vn -0.000012 0.000943 -0.000332
vn -0.000025 0.000843 -0.000538
vn -0.000588 0.000673 -0.000448
vn -0.000648 0.000582 -0.000492
vn -0.000579 0.000805 0.000132
vn -0.000788 0.000588 0.000183
vn -0.000362 0.000596 0.000717
vn -0.000366 0.000583 0.000726
vn 0.000423 0.000596 0.000683
vn 0.000429 0.000582 0.000691
vn 0.0006 0.000599 0.00053
vn 0.00061 0.000581 0.000538
vn 0.00071 0.000673 0.000209
vn 0.00078 0.000583 0.000228
vn 0.000676 0.000737 -0.000006
vn 0.000801 0.000598 -0.000005
vn 0.000733 0.000582 -0.000351
vn 0.000674 0.000583 -0.000453
vn 0.000666 0.000596 -0.000448
vn 0.000377 0.000802 -0.000462
vn 0.000511 0.000595 -0.00062
vn 0.0002 0.000582 -0.000788
vn 0.000084 0.000596 -0.000799
vn 0.000031 0.000943 -0.000333
vn -0.0001 0.000843 -0.000528
vn -0.000128 0.000739 -0.000662
vn -0.000396 0.000738 -0.000547
vn -0.000477 0.000586 -0.000655
vn -0.000562 0.000594 -0.000575
vn -0.000526 0.00066 -0.000537
vn -0.000703 0.000595 -0.000388
vn -0.000709 0.000587 -0.000391
vn -0.000666 0.000745 -0.000044
vn -0.000675 0.000737 -0.000044
vn -0.000673 0.000738 0.000053
vn -0.000605 0.000794 0.000049
vn -0.000636 0.00073 0.00025
vn -0.000747 0.000598 0.000291
vn -0.000461 0.000744 0.000483
vn -0.000557 0.000586 0.000588
vn -0.000468 0.000582 0.000665
vn -0.000463 0.000595 0.000657
vn -0.00019 0.000795 0.000576
vn -0.000255 0.000596 0.000762
vn 0.000094 0.000585 0.000805
vn 0.000209 0.000594 0.000777
vn 0.000196 0.000659 0.000726
vn -0.000006 0.000976 0.000219
vn 0.000324 0.000582 0.000746
vn 0.000294 0.000672 0.00068
vn 0.000522 0.000588 0.000618
vn 0.000518 0.000595 0.000614
vn 0.000675 0.000592 0.00044
vn 0.000678 0.000587 0.000442
vn 0.000728 0.000598 0.000335
vn 0.000683 0.00066 0.000313
vn 0.000795 0.000596 0.000111
vn 0.000801 0.000587 0.000112
vn -0.000051 -0 0.000999
vn -0.00003 -0.000011 0.000999
vn 0.000022 -0.000011 0.001
vn -0.000026 -0.000001 0.001
vn 0.000117 -0.000001 0.000993
vn 0.000116 -0 0.000993
vn 0.00026 -0 0.000966
vn 0.00026 0 0.000966
vn 0.000398 -0 0.000917
vn 0.000398 0 0.000917
vn 0.000527 -0 0.00085
vn 0.000528 -0.000001 0.000849
vn 0.000645 -0 0.000764
vn 0.000645 -0.000001 0.000764
vn 0.00075 -0 0.000662
vn 0.00075 -0.000001 0.000662
vn 0.000838 -0 0.000546
vn 0.000838 -0.000001 0.000545
vn 0.000909 -0.000001 0.000418
vn 0.000908 0 0.000418
vn 0.00096 -0 0.000281
vn 0.00096 -0 0.000281
vn 0.00099 -0 0.000138
vn 0.00099 -0.000001 0.000138
vn 0.001 -0 -0.000008
vn 0.001 -0 -0.000008
vn 0.000988 -0 -0.000153
vn 0.000988 0 -0.000153
vn 0.000956 0 -0.000294
vn 0.000956 0 -0.000294
vn 0.000902 0 -0.000431
vn 0.000902 -0 -0.000432
vn 0.00083 -0 -0.000558
vn 0.00083 0 -0.000558
vn 0.00074 -0 -0.000673
vn 0.000739 -0 -0.000673
vn 0.000633 -0 -0.000774
vn 0.000633 -0 -0.000774
vn 0.000515 0 -0.000857
vn 0.000515 -0 -0.000857
vn 0.000385 -0 -0.000923
vn 0.000386 0 -0.000923
vn 0.000246 0 -0.000969
vn 0.000246 -0 -0.000969
vn 0.000101 -0 -0.000995
vn 0.000101 0 -0.000995
vn -0.000044 0 -0.000999
vn -0.000044 -0 -0.000999
vn -0.000189 -0 -0.000982
vn -0.000188 0 -0.000982
vn -0.000329 0 -0.000944
vn -0.00033 0 -0.000944
vn -0.000464 -0 -0.000886
vn -0.000464 0 -0.000886
vn -0.000587 0 -0.000809
vn -0.000588 -0 -0.000809
vn -0.000699 -0 -0.000715
vn -0.000699 -0 -0.000715
vn -0.000796 -0 -0.000605
vn -0.000796 -0 -0.000605
vn -0.000876 -0 -0.000483
vn -0.000876 -0 -0.000483
vn -0.000937 -0 -0.00035
vn -0.000937 -0 -0.00035
vn -0.000978 -0 -0.00021
vn -0.000978 -0 -0.00021
vn -0.000998 -0 -0.000066
vn -0.000998 0 -0.000066
vn -0.000997 0 0.000081
vn -0.000997 -0 0.000081
vn -0.000975 -0 0.000224
vn -0.000974 -0.000001 0.000225
vn -0.000931 -0.000001 0.000364
vn -0.000932 -0 0.000363
vn -0.000869 -0 0.000496
vn -0.000869 -0 0.000496
vn -0.000787 -0 0.000617
vn -0.000787 0 0.000617
vn -0.000689 0 0.000725
vn -0.000689 0 0.000725
vn -0.000576 0 0.000818
vn -0.000575 -0.000001 0.000818
vn -0.000451 -0 0.000893
vn -0.000451 -0 0.000893
vn -0.000316 -0 0.000949
vn -0.000315 0 0.000949
vn -0.000175 -0 0.000985
vn -0.000175 -0 0.000985
vn -0.000029 -0.00013 0.000991
vn 0.000767 -0.000596 -0.000238
vn 0.000734 -0.000583 -0.000349
vn 0.000667 -0.000594 -0.00045
vn 0.0006 -0.000586 -0.000544
vn 0.000307 -0.000595 -0.000743
vn 0.0002 -0.000583 -0.000788
vn -0.000153 -0.000599 -0.000786
vn -0.000267 -0.000587 -0.000764
vn -0.000265 -0.000596 -0.000758
vn -0.000376 -0.000582 -0.000721
vn -0.000552 -0.000596 0.000583
vn -0.000469 -0.000583 0.000663
vn 0.000321 -0.000594 0.000738
vn 0.000427 -0.000584 0.000691
vn 0.000182 -0.00067 -0.00072
vn 0.000077 -0.000664 -0.000744
vn 0.000194 -0.000669 0.000718
vn 0.000297 -0.000664 0.000686
vn 0.000675 -0.00067 0.000309
vn 0.000717 -0.000664 0.00021
vn 0.000713 -0.000669 0.000209
vn 0.00074 -0.000664 0.000105
vn 0.00066 -0.000745 -0.000103
vn 0.000645 -0.000738 -0.000198
vn 0.000608 -0.000738 -0.000292
vn 0.000562 -0.000737 -0.000376
vn 0.000498 -0.000738 -0.000455
vn 0.000429 -0.000737 -0.000523
vn -0.000312 -0.000743 -0.000593
vn -0.000401 -0.000731 -0.000552
vn -0.000394 -0.000743 -0.000542
vn -0.000477 -0.000731 -0.000488
vn -0.000467 -0.000744 -0.000477
vn -0.000537 -0.000738 -0.000409
vn -0.000585 -0.000744 -0.000322
vn -0.000632 -0.000738 -0.000237
vn -0.000668 -0.000743 -0.000043
vn -0.000681 -0.000731 0.000054
vn -0.000623 -0.000743 0.000244
vn -0.000592 -0.000731 0.000338
vn -0.000582 -0.000742 0.000332
vn -0.000538 -0.00073 0.000421
vn -0.000527 -0.000743 0.000413
vn -0.000471 -0.00073 0.000494
vn -0.0003 -0.000745 0.000596
vn -0.000214 -0.000738 0.00064
vn -0.000116 -0.000744 0.000658
vn -0.00002 -0.00073 0.000683
vn -0.000019 -0.000745 0.000667
vn 0.000079 -0.000738 0.00067
vn 0.000078 -0.000742 0.000665
vn 0.000177 -0.000731 0.000659
vn 0.000598 -0.000801 -0.000005
vn 0.000601 -0.0008 -0.000005
vn 0.000591 -0.000801 -0.000091
vn 0.000337 -0.000846 -0.000413
vn 0.000272 -0.00085 -0.000451
vn 0.00006 -0.0008 -0.000597
vn -0.000026 -0.000801 -0.000598
vn -0.000025 -0.000839 -0.000543
vn -0.000098 -0.000848 -0.000521
vn -0.000479 -0.000799 -0.000364
vn -0.000532 -0.000794 -0.000294
vn -0.000563 -0.000799 -0.00021
vn -0.000594 -0.000794 -0.000128
vn -0.000578 -0.000806 -0.000124
vn -0.000595 -0.000803 -0.00004
vn -0.000599 -0.0008 0.000049
vn -0.000583 -0.000801 0.000134
vn -0.000576 -0.000806 0.000133
vn -0.000556 -0.000803 0.000217
vn -0.000344 -0.0008 0.000492
vn -0.00027 -0.000802 0.000534
vn -0.000187 -0.000805 0.000563
vn -0.000106 -0.000794 0.000598
vn 0.000318 -0.0008 0.000509
vn 0.000386 -0.000801 0.000457
vn 0.000388 -0.000799 0.000459
vn 0.000449 -0.000801 0.000396
vn 0.00045 -0.0008 0.000397
vn 0.000501 -0.000801 0.000326
vn 0.000496 -0.000806 0.000323
vn 0.000542 -0.000803 0.00025
vn 0.000595 -0.0008 0.000082
vn 0.000169 -0.000943 -0.000286
vn 0.000132 -0.000943 -0.000307
vn 0.000146 -0.000988 -0.000046
vn 0.00011 -0.000991 -0.000075
vn 0.000152 -0.000979 -0.000138
vn 0.000015 -0.00099 -0.00014
vn -0.000007 -0.000989 -0.000151
vn -0.00007 -0.000989 -0.000134
vn -0.000107 -0.000988 -0.00011
vn -0.000122 -0.000988 -0.000093
vn -0.00017 -0.000985 0.000039
vn -0.000116 -0.000991 0.000066
vn -0.000105 -0.000991 0.000082
vn -0.000118 -0.000979 0.000168
vn -0.00009 -0.00098 0.000178
vn -0.000042 -0.000991 0.000126
vn 0.000056 -0.00099 0.000129
vn 0.000108 -0.000979 0.000174
vn 0.000152 -0.000987 0.000045
vn 0.000157 -0.000987 0.000022
vn -0.000522 -0.000422 0.000741
vn -0.000622 -0.000435 0.000651
vn -0.000579 -0.000746 0.000329
vn -0.000613 -0.000753 0.000238
vn -0.000137 -0.000991 -0.000009
vn -0.000128 -0.000992 -0.000008
vn 0.000972 0.000233 -0.000006
vn 0.000987 0.000158 -0.000008
vn 0.000979 0.000149 0.000137
vn 0.00002 -0.000984 0.000179
vn 0.000016 -0.000991 0.000132
vn 0.000824 -0.000104 -0.000556
vn 0.000898 -0.000104 -0.000427
vn 0.000787 -0.000605 -0.000122
vn 0.00079 -0.000613 -0.000005
vn 0.000112 -0.000991 0.000073
vn 0.000108 -0.000992 0.00007
vn -0.00013 -0.000991 -0.000028
vn -0.000126 -0.000992 -0.000027
vn 0.000905 -0.000093 0.000414
vn 0.000832 -0.000115 0.000543
vn 0.000492 -0.000648 0.00058
vn 0.000395 -0.000658 0.000641
vn -0.000003 -0.000991 0.000137
vn -0.000005 -0.000984 0.000175
vn 0.0001 -0.000991 0.000087
vn 0.00015 -0.00098 0.000132
vn 0.000481 -0.000648 -0.00059
vn 0.000558 -0.000658 -0.000505
vn 0.000156 -0.000987 -0.000024
vn 0.000149 -0.000989 -0.000023
vn -0.000699 0.000036 -0.000714
vn -0.000588 0.000017 -0.000809
vn -0.000898 0.000261 0.000354
vn -0.000943 0.000253 0.000217
vn -0.000997 0.000008 0.000082
vn -0.000998 -0.00001 -0.000066
vn -0.000994 -0.000093 -0.000064
vn -0.000971 -0.000115 -0.000209
vn -0.000051 -0.000988 -0.000147
vn -0.00005 -0.000989 -0.000142
vn -0.000307 0.000207 0.000929
vn -0.000443 0.000203 0.000874
vn -0.000125 -0.000991 -0.000047
vn -0.000125 -0.000991 -0.000047
vn 0.000963 0.000235 0.000133
vn 0.000933 0.000232 0.000274
vn 0.000952 0.000132 0.000278
vn 0.0009 0.00013 0.000416
vn 0.000681 -0.000422 0.000598
vn 0.00058 -0.000435 0.000689
vn 0.000267 -0.000745 0.000611
vn 0.00017 -0.000753 0.000636
vn -0.000032 -0.000984 0.000177
vn -0.000022 -0.000992 0.000127
vn 0.000842 -0.00054 -0.000007
vn 0.000826 -0.000551 0.000116
vn 0.000789 -0.000605 0.000109
vn 0.000758 -0.000613 0.000222
vn 0.000131 -0.000979 0.000157
vn 0.000098 -0.000989 0.000115
vn 0.000552 -0.000746 -0.000373
vn 0.000594 -0.000753 -0.000283
vn 0.000155 -0.000988 -0.000002
vn 0.000175 -0.000985 -0.000001
vn -0.000588 0.000008 -0.000809
vn -0.000463 -0.000011 -0.000886
vn -0.000463 -0.000093 -0.000882
vn -0.000327 -0.000116 -0.000938
vn -0.000035 -0.000648 -0.000761
vn 0.000078 -0.000658 -0.000749
vn 0.000067 -0.000745 -0.000663
vn 0.000164 -0.000753 -0.000637
vn 0.000097 -0.000988 -0.000119
vn -0.00094 0.000262 0.000217
vn -0.000963 0.00026 0.000076
vn -0.000973 -0.000093 -0.000209
vn -0.00093 -0.000115 -0.000348
vn -0.000606 -0.000649 -0.00046
vn -0.000526 -0.000658 -0.000538
vn -0.000029 -0.000988 -0.000152
vn -0.000431 0.00029 0.000854
vn -0.000552 0.000287 0.000783
vn -0.000687 0.000008 0.000726
vn -0.000788 -0.000011 0.000616
vn -0.000797 -0.000516 0.000314
vn -0.000828 -0.000527 0.000191
vn -0.000684 -0.000727 0.000057
vn -0.000678 -0.000734 -0.000045
vn -0.00012 -0.000991 -0.000066
vn -0.000113 -0.000992 -0.000062
vn 0.000083 -0.000978 0.000193
vn 0.000507 -0.000734 0.000451
vn 0.000575 -0.000728 0.000374
vn 0.000157 -0.000987 0.000046
vn 0.000737 -0.000636 -0.000228
vn 0.000702 -0.000627 -0.000337
vn 0.000759 -0.000409 -0.000507
vn 0.000677 -0.000397 -0.000619
vn 0.000634 -0.000062 -0.000771
vn 0.000511 -0.000057 -0.000857
vn 0.000368 0.000284 -0.000885
vn 0.000233 0.000294 -0.000927
vn 0.000175 -0.000978 -0.000116
vn -0.000041 -0.000162 -0.000986
vn -0.000188 -0.000158 -0.000969
vn -0.000188 -0.000014 -0.000982
vn -0.000331 -0.000001 -0.000944
vn 0.000016 -0.000988 -0.000155
vn -0.000013 -0.000933 -0.00036
vn -0.000071 -0.000932 -0.000354
vn -0.000217 -0.000753 -0.000621
vn -0.000308 -0.000746 -0.00059
vn -0.000791 -0.000105 -0.000603
vn -0.000871 -0.000104 -0.00048
vn -0.00011 -0.000987 -0.000113
vn -0.000616 -0.000753 -0.000231
vn -0.000651 -0.000746 -0.00014
vn -0.000865 0.000095 0.000492
vn -0.000781 0.00011 0.000614
vn -0.000175 -0.000984 0.00004
vn -0.000535 -0.000734 0.000419
vn -0.000471 -0.000727 0.000499
vn -0.000317 -0.000105 0.000943
vn -0.000171 -0.000104 0.00098
vn -0.000031 0.000096 0.000995
vn 0.000116 0.00011 0.000987
vn -0.000119 -0.000991 0.000068
vn 0.000379 0.000287 0.00088
vn 0.000506 0.000289 0.000813
vn -0.000118 -0.000979 0.000167
vn 0.000096 -0.000551 0.000829
vn 0.00022 -0.00054 0.000812
vn 0.000526 0.000028 0.00085
vn 0.000646 0.000028 0.000763
vn -0.000042 -0.000991 0.000126
vn 0.000748 -0.000011 0.000663
vn 0.000839 0.000008 0.000544
vn 0.00096 0.000239 -0.000149
vn 0.000929 0.000233 -0.000288
vn 0.000963 0.000225 -0.000149
vn 0.000038 -0.000989 0.00014
vn 0.000046 -0.000985 0.000169
vn 0.000083 -0.000988 0.000131
vn 0.000551 -0.000753 0.000359
vn 0.000605 -0.000746 0.000278
vn 0.0007 -0.000636 0.000324
vn 0.000747 -0.000627 0.000219
vn 0.000948 0.000123 -0.000292
vn 0.000893 0.000138 -0.000429
vn 0.000767 0.000386 -0.000513
vn 0.00068 0.000389 -0.000621
vn 0.000371 0.000261 -0.000891
vn 0.000499 0.000254 -0.000829
vn 0.000634 0.000028 -0.000773
vn 0.000741 0.000027 -0.000671
vn 0.000761 -0.000605 -0.000236
vn 0.000781 -0.000613 -0.000121
vn 0.000148 -0.000987 0.000068
vn 0.000117 -0.000992 0.000054
vn 0.000178 -0.000984 0.000025
vn 0.000163 -0.000985 -0.00005
vn 0.000435 -0.000544 -0.000718
vn 0.000322 -0.000541 -0.000777
vn 0.000347 -0.000435 -0.000831
vn 0.000221 -0.000422 -0.000879
vn 0.000246 -0.000104 -0.000964
vn 0.0001 -0.000104 -0.00099
vn 0.000103 0.000027 -0.000994
vn -0.000045 0.000028 -0.000999
vn 0.000124 -0.000991 -0.000059
vn 0.00015 -0.000986 -0.000072
vn 0.000116 -0.000988 -0.000107
vn 0.000249 -0.000921 -0.000298
vn 0.000198 -0.000921 -0.000336
vn 0.000081 -0.000978 -0.000194
vn -0.000699 0.000028 -0.000715
vn -0.000796 0.000028 -0.000604
vn -0.000227 -0.000727 -0.000648
vn -0.000126 -0.000734 -0.000667
vn 0.000034 -0.00099 -0.00014
vn 0.00005 -0.000979 -0.000199
vn -0.000315 -0.000734 -0.000601
vn -0.000404 -0.000728 -0.000555
vn -0.000442 -0.000658 -0.00061
vn -0.000532 -0.000649 -0.000544
vn -0.000869 -0.000119 -0.00048
vn -0.000931 -0.000107 -0.000348
vn -0.000064 -0.00099 -0.000122
vn -0.000523 -0.000753 -0.000399
vn -0.000583 -0.000746 -0.000322
vn -0.000624 -0.000746 -0.000233
vn -0.000576 -0.000753 -0.000318
vn -0.000092 -0.000987 -0.000128
vn -0.000078 -0.000991 -0.000108
vn -0.000106 -0.000991 -0.00008
vn -0.000643 -0.000753 -0.000138
vn -0.000664 -0.000746 -0.000044
vn -0.000847 -0.000527 0.000066
vn -0.000835 -0.000516 0.000192
vn -0.000926 -0.000116 0.00036
vn -0.000864 -0.000094 0.000495
vn -0.000662 0.000283 0.000695
vn -0.00055 0.000294 0.000782
vn -0.000171 0.000253 0.000952
vn -0.000027 0.000261 0.000965
vn -0.000406 -0.000423 0.00081
vn -0.000519 -0.000435 0.000736
vn -0.000556 -0.000707 0.000437
vn -0.000608 -0.000714 0.000347
vn -0.000179 -0.000984 0.000014
vn -0.000133 -0.000991 0.000011
vn 0.000258 0.000165 0.000952
vn 0.000116 0.000152 0.000981
vn -0.000127 -0.000991 0.000051
vn -0.000163 -0.000985 0.000064
vn -0.000108 -0.000991 0.000085
vn -0.000328 -0.000692 0.000643
vn -0.000228 -0.000687 0.00069
vn -0.00015 -0.000526 0.000837
vn -0.000023 -0.000515 0.000857
vn 0.000719 0.000288 0.000633
vn 0.000618 0.00028 0.000734
vn 0.000398 -0.000103 0.000912
vn 0.000257 -0.000103 0.000961
vn -0.000115 -0.000746 0.000656
vn -0.000208 -0.000753 0.000625
vn -0.000145 -0.000978 0.000152
vn -0.000091 -0.000991 0.000097
vn -0.00006 -0.000991 0.000123
vn -0.000022 -0.000714 0.0007
vn 0.000084 -0.000708 0.000702
vn 0.000356 -0.000435 0.000827
vn 0.000479 -0.000423 0.000769
vn -0.000019 0.000747 0.000664
vn -0.00002 0.000757 0.000653
vn 0.000077 0.00075 0.000657
vn 0.000078 0.000749 0.000658
vn 0.000174 0.000741 0.000648
vn 0.000174 0.00074 0.00065
vn 0.000269 0.00074 0.000617
vn 0.000258 0.000761 0.000596
vn 0.000342 0.000759 0.000553
vn 0.000352 0.000745 0.000567
vn 0.000431 0.000745 0.00051
vn 0.000426 0.000751 0.000504
vn 0.000498 0.000747 0.00044
vn 0.000501 0.000744 0.000442
vn 0.000568 0.000735 0.00037
vn 0.000566 0.000737 0.000369
vn 0.000624 0.000727 0.000286
vn 0.000595 0.000755 0.000274
vn 0.00063 0.000754 0.000184
vn 0.000634 0.000751 0.000185
vn 0.000654 0.00075 0.000092
vn 0.000668 0.000739 0.000093
vn 0.000679 0.000735 -0.000006
vn 0.000651 0.000759 -0.000004
vn 0.000649 0.000754 -0.0001
vn 0.000643 0.000759 -0.000099
vn 0.000627 0.000754 -0.000194
vn 0.000628 0.000754 -0.000194
vn 0.000601 0.000746 -0.000286
vn 0.00061 0.000737 -0.000291
vn 0.00056 0.000737 -0.000378
vn 0.000531 0.000768 -0.000357
vn 0.000476 0.000766 -0.000432
vn 0.000497 0.00074 -0.000453
vn 0.000426 0.000741 -0.00052
vn 0.000429 0.000736 -0.000524
vn 0.00035 0.000734 -0.000582
vn 0.00034 0.000751 -0.000567
vn 0.000256 0.000744 -0.000617
vn 0.000249 0.000764 -0.000595
vn 0.000161 0.000759 -0.000631
vn 0.000166 0.000737 -0.000655
vn 0.000069 0.000737 -0.000672
vn 0.000068 0.000748 -0.00066
vn -0.000029 0.000747 -0.000664
vn -0.000029 0.000741 -0.000671
vn -0.000127 0.00074 -0.00066
vn -0.000126 0.000744 -0.000656
vn -0.000222 0.000739 -0.000636
vn -0.00022 0.000744 -0.000631
vn -0.000315 0.000735 -0.0006
vn -0.000306 0.000751 -0.000585
vn -0.000394 0.000743 -0.000542
vn -0.000388 0.000751 -0.000535
vn -0.000468 0.000743 -0.000478
vn -0.000467 0.000745 -0.000477
vn -0.000531 0.000745 -0.000404
vn -0.000542 0.000733 -0.000412
vn -0.000595 0.000733 -0.000329
vn -0.000598 0.000731 -0.00033
vn -0.000643 0.000728 -0.00024
vn -0.000631 0.000739 -0.000236
vn -0.000665 0.000733 -0.000143
vn -0.000661 0.000737 -0.000142
vn -0.000683 0.000729 -0.000044
vn -0.000667 0.000744 -0.000044
vn -0.000676 0.000735 0.000055
vn -0.000647 0.000761 0.000052
vn -0.000634 0.00076 0.000146
vn -0.000635 0.000758 0.000146
vn -0.00061 0.000756 0.000238
vn -0.00063 0.000737 0.000246
vn -0.000594 0.000729 0.00034
vn -0.000575 0.000749 0.000328
vn -0.000528 0.000741 0.000414
vn -0.000526 0.000744 0.000412
vn -0.000467 0.000735 0.000492
vn -0.000453 0.000753 0.000477
vn -0.000383 0.000746 0.000544
vn -0.000373 0.000763 0.000528
vn -0.000292 0.000762 0.000578
vn -0.000294 0.000757 0.000584
vn -0.000208 0.000756 0.000621
vn -0.000215 0.000733 0.000645
vn -0.000118 0.000734 0.000669
vn -0.000115 0.000751 0.00065
vn 0.000806 0.000233 -0.000544
vn 0.000719 0.000245 -0.00065
vn 0.000372 0.000232 -0.000899
vn 0.00024 0.000245 -0.000939
vn -0.000044 0.000234 -0.000971
vn -0.000183 0.000244 -0.000952
vn -0.000184 0.00023 -0.000956
vn -0.00032 0.000242 -0.000916
vn -0.000321 0.000232 -0.000918
vn -0.000449 0.000245 -0.000859
vn -0.000558 0.000234 0.000796
vn -0.000439 0.000245 0.000865
vn 0.000976 0.000158 -0.000152
vn 0.000941 0.000174 -0.000289
vn 0.0001 0.000162 -0.000982
vn -0.000043 0.00017 -0.000984
vn -0.000459 0.000157 -0.000875
vn -0.000579 0.000174 -0.000797
vn -0.000581 0.000158 -0.000799
vn -0.000688 0.000174 -0.000705
vn -0.000983 0.000162 0.000081
vn -0.00096 0.00017 0.000221
vn -0.000962 0.000162 0.000222
vn -0.000918 0.00017 0.000358
vn -0.000028 0.000171 0.000985
vn 0.000113 0.00017 0.000979
vn 0.000258 0.000162 0.000952
vn 0.000392 0.000171 0.000904
vn 0.000393 0.000162 0.000905
vn 0.000519 0.00017 0.000838
vn 0.000897 0.000162 0.000411
vn 0.000945 0.00017 0.000279
vn 0.000997 0.000082 -0.000008
vn 0.000983 0.0001 -0.000152
vn 0.000952 0.000082 -0.000295
vn 0.000898 0.0001 -0.000429
vn 0.000899 0.000089 -0.000429
vn 0.000827 0.000093 -0.000555
vn 0.000244 0.00009 -0.000966
vn 0.000102 0.000092 -0.00099
vn -0.000697 0.00009 -0.000712
vn -0.000792 0.000093 -0.000604
vn -0.000873 0.000089 -0.00048
vn -0.000933 0.000093 -0.000349
vn -0.000933 0.000089 -0.000349
vn -0.000973 0.000093 -0.00021
vn -0.000974 0.000081 -0.00021
vn -0.000994 0.000091 -0.000067
vn -0.000928 0.000081 0.000363
vn -0.000865 0.000091 0.000493
vn -0.000448 0.000089 0.00089
vn -0.000316 0.000093 0.000944
vn -0.000173 0.000079 0.000982
vn -0.000029 0.000104 0.000994
vn 0.000525 0.000089 0.000846
vn 0.000642 0.000093 0.000761
vn 0.000643 0.000082 0.000761
vn 0.000746 0.000092 0.00066
vn 0 0.001 -0.000005
vn 0.000117 0.000006 0.000993
vn 0.000259 0.000024 0.000965
vn 0.00075 0.000005 0.000662
vn 0.000838 0.000025 0.000546
vn 0.000838 0.000005 0.000546
vn 0.000908 0.000026 0.000418
vn 0.00096 0.000016 0.00028
vn 0.00099 0.000014 0.000138
vn 0.00099 0.000005 0.000138
vn 0.001 0.000014 -0.000007
vn 0.000739 0.000016 -0.000674
vn 0.000634 0.000015 -0.000773
vn 0.000634 0.000005 -0.000773
vn 0.000515 0.000014 -0.000857
vn 0.000515 0.000005 -0.000857
vn 0.000385 0.000025 -0.000922
vn -0.000796 0.000016 -0.000605
vn -0.000875 0.000015 -0.000483
vn -0.000998 0.000006 -0.000065
vn -0.000996 0.000026 0.00008
vn -0.000868 0.000006 0.000496
vn -0.000787 0.000025 0.000616
vn -0.000787 0.000006 0.000617
vn -0.000689 0.000025 0.000725
vn -0.000689 0.000005 0.000725
vn -0.000577 0.000025 0.000817
vn -0.000316 0.000016 0.000949
vn -0.000175 0.000014 0.000985
usemtl Black
f 1//1 2//1 3//1
f 4//2 5//2 6//2
f 4//3 6//3 7//3
f 7//4 6//4 8//4
f 7//5 8//5 9//5
f 10//6 11//6 12//6
f 13//7 14//7 15//7
f 16//8 17//8 18//8
f 19//9 5//9 4//9
f 20//10 7//10 9//10
f 20//11 9//11 21//11
f 22//12 23//12 24//12
f 22//13 24//13 25//13
f 26//14 27//14 28//14
f 29//15 30//15 31//15
f 32//16 33//16 34//16
f 3//17 35//17 36//17
f 3//18 36//18 1//18
f 37//19 2//19 38//19
f 38//20 2//20 1//20
f 38//21 1//21 39//21
f 40//22 37//22 41//22
f 41//23 37//23 38//23
f 41//24 38//24 42//24
f 43//25 40//25 44//25
f 44//26 40//26 41//26
f 44//27 41//27 45//27
f 44//28 46//28 47//28
f 44//29 47//29 43//29
f 43//30 47//30 48//30
f 47//31 49//31 50//31
f 47//32 50//32 48//32
f 48//33 50//33 51//33
f 50//34 52//34 21//34
f 50//35 21//35 51//35
f 51//36 21//36 9//36
f 53//37 24//37 19//37
f 19//38 24//38 23//38
f 19//39 23//39 5//39
f 21//40 54//40 20//40
f 24//41 55//41 25//41
f 12//42 22//42 25//42
f 12//43 25//43 10//43
f 10//44 25//44 56//44
f 10//45 57//45 58//45
f 10//46 58//46 11//46
f 11//47 58//47 59//47
f 58//48 60//48 26//48
f 58//49 26//49 59//49
f 59//50 26//50 28//50
f 61//51 28//51 27//51
f 61//52 27//52 62//52
f 62//53 27//53 63//53
f 26//54 64//54 27//54
f 65//55 61//55 66//55
f 66//56 61//56 62//56
f 67//57 65//57 66//57
f 67//58 66//58 68//58
f 15//59 67//59 68//59
f 15//60 68//60 13//60
f 13//61 69//61 70//61
f 13//62 70//62 14//62
f 14//63 70//63 71//63
f 70//64 72//64 73//64
f 70//65 73//65 71//65
f 71//66 73//66 74//66
f 73//67 75//67 76//67
f 73//68 76//68 74//68
f 74//69 76//69 77//69
f 76//70 78//70 79//70
f 76//71 79//71 77//71
f 77//72 79//72 80//72
f 79//73 81//73 29//73
f 79//74 29//74 80//74
f 80//75 29//75 31//75
f 82//76 31//76 30//76
f 82//77 30//77 83//77
f 83//78 30//78 84//78
f 29//79 85//79 30//79
f 86//80 82//80 87//80
f 87//81 82//81 83//81
f 88//82 86//82 87//82
f 88//83 87//83 89//83
f 18//84 88//84 89//84
f 18//85 89//85 16//85
f 16//86 90//86 91//86
f 16//87 91//87 17//87
f 17//88 91//88 92//88
f 91//89 93//89 94//89
f 91//90 94//90 92//90
f 92//91 94//91 95//91
f 94//92 96//92 97//92
f 94//93 97//93 95//93
f 95//94 97//94 98//94
f 97//95 99//95 100//95
f 97//96 100//96 98//96
f 98//97 100//97 101//97
f 100//98 102//98 32//98
f 100//99 32//99 101//99
f 101//100 32//100 34//100
f 103//101 34//101 33//101
f 103//102 33//102 104//102
f 104//103 33//103 105//103
f 32//104 106//104 33//104
f 107//105 103//105 108//105
f 108//106 103//106 104//106
f 35//107 107//107 108//107
f 35//108 108//108 36//108
f 109//109 8//109 110//109
f 110//110 8//110 6//110
f 110//111 6//111 111//111
f 111//112 6//112 5//112
f 111//113 5//113 112//113
f 112//114 5//114 23//114
f 112//115 23//115 113//115
f 113//116 23//116 22//116
f 113//117 22//117 114//117
f 114//118 22//118 12//118
f 114//119 12//119 115//119
f 115//120 12//120 11//120
f 115//121 11//121 116//121
f 116//122 11//122 59//122
f 116//123 59//123 117//123
f 117//124 59//124 28//124
f 117//125 28//125 118//125
f 118//126 28//126 61//126
f 118//127 61//127 119//127
f 119//128 61//128 65//128
f 119//129 65//129 120//129
f 120//130 65//130 67//130
f 120//131 67//131 121//131
f 121//132 67//132 15//132
f 121//133 15//133 122//133
f 122//134 15//134 14//134
f 122//135 14//135 123//135
f 123//136 14//136 71//136
f 123//137 71//137 124//137
f 124//138 71//138 74//138
f 124//139 74//139 77//139
f 124//140 77//140 125//140
f 125//141 77//141 126//141
f 126//142 77//142 80//142
f 126//143 80//143 127//143
f 127//144 80//144 31//144
f 127//145 31//145 128//145
f 128//146 31//146 82//146
f 128//147 82//147 129//147
f 129//148 82//148 86//148
f 129//149 86//149 130//149
f 130//150 86//150 88//150
f 130//151 88//151 131//151
f 131//152 88//152 18//152
f 131//153 18//153 132//153
f 132//154 18//154 17//154
f 132//155 17//155 133//155
f 133//156 17//156 92//156
f 133//157 92//157 134//157
f 134//158 92//158 95//158
f 134//159 95//159 135//159
f 135//160 95//160 98//160
f 135//161 98//161 136//161
f 136//162 98//162 101//162
f 136//163 101//163 34//163
f 136//164 34//164 137//164
f 137//165 34//165 138//165
f 138//166 34//166 103//166
f 138//167 103//167 107//167
f 138//168 107//168 139//168
f 139//169 107//169 140//169
f 140//170 107//170 35//170
f 140//171 35//171 141//171
f 141//172 35//172 3//172
f 141//173 3//173 142//173
f 142//174 3//174 2//174
f 142//175 2//175 143//175
f 143//176 2//176 37//176
f 143//177 37//177 144//177
f 144//178 37//178 40//178
f 144//179 40//179 145//179
f 145//180 40//180 43//180
f 145//181 43//181 146//181
f 146//182 43//182 48//182
f 146//183 48//183 51//183
f 146//184 51//184 147//184
f 147//185 51//185 148//185
f 148//186 51//186 9//186
f 148//187 9//187 109//187
f 109//188 9//188 8//188
f 142//189 143//189 149//189
f 142//190 149//190 150//190
f 122//191 123//191 151//191
f 122//192 151//192 152//192
f 153//193 154//193 155//193
f 153//194 155//194 156//194
f 157//195 133//195 158//195
f 157//196 158//196 159//196
f 145//197 160//197 161//197
f 141//198 142//198 150//198
f 141//199 150//199 162//199
f 112//200 113//200 163//200
f 112//201 163//201 111//201
f 111//202 163//202 164//202
f 111//203 164//203 165//203
f 121//204 122//204 152//204
f 121//205 152//205 166//205
f 167//206 157//206 159//206
f 167//207 159//207 168//207
f 144//208 145//208 161//208
f 144//209 161//209 143//209
f 140//210 141//210 162//210
f 140//211 162//211 169//211
f 170//212 171//212 172//212
f 170//213 172//213 173//213
f 174//214 173//214 175//214
f 174//215 175//215 176//215
f 114//216 115//216 177//216
f 114//217 177//217 113//217
f 110//218 111//218 165//218
f 110//219 165//219 178//219
f 179//220 180//220 181//220
f 179//221 181//221 182//221
f 183//222 182//222 184//222
f 183//223 184//223 185//223
f 124//224 125//224 186//224
f 124//225 186//225 123//225
f 120//226 121//226 166//226
f 120//227 166//227 187//227
f 188//228 156//228 189//228
f 188//229 189//229 190//229
f 134//230 135//230 191//230
f 134//231 191//231 133//231
f 130//232 167//232 168//232
f 130//233 168//233 192//233
f 193//234 194//234 195//234
f 193//235 195//235 196//235
f 197//236 196//236 198//236
f 197//237 198//237 199//237
f 200//238 201//238 159//238
f 200//239 159//239 158//239
f 202//240 174//240 203//240
f 202//241 203//241 137//241
f 204//242 205//242 206//242
f 204//243 206//243 207//243
f 171//244 170//244 208//244
f 171//245 208//245 139//245
f 209//246 210//246 150//246
f 209//247 150//247 149//247
f 211//248 183//248 212//248
f 211//249 212//249 147//249
f 213//250 214//250 215//250
f 213//251 215//251 216//251
f 180//252 179//252 148//252
f 180//253 148//253 109//253
f 217//254 218//254 164//254
f 217//255 164//255 219//255
f 220//256 188//256 116//256
f 220//257 116//257 117//257
f 221//258 219//258 222//258
f 221//259 222//259 223//259
f 154//260 153//260 118//260
f 154//261 118//261 119//261
f 224//262 225//262 152//262
f 224//263 152//263 151//263
f 226//264 197//264 126//264
f 226//265 126//265 127//265
f 227//266 228//266 229//266
f 227//267 229//267 230//267
f 194//268 193//268 128//268
f 194//269 128//269 129//269
f 157//270 167//270 132//270
f 157//271 132//271 133//271
f 135//272 203//272 174//272
f 135//273 174//273 207//273
f 168//274 159//274 201//274
f 168//275 201//275 231//275
f 137//276 208//276 170//276
f 137//277 170//277 202//277
f 158//278 206//278 205//278
f 158//279 205//279 200//279
f 176//280 204//280 207//280
f 176//281 207//281 174//281
f 173//282 174//282 202//282
f 173//283 202//283 170//283
f 169//284 171//284 139//284
f 169//285 139//285 140//285
f 145//286 146//286 160//286
f 160//287 146//287 212//287
f 146//288 147//288 212//288
f 232//289 172//289 171//289
f 232//290 171//290 169//290
f 215//291 149//291 143//291
f 215//292 143//292 161//292
f 233//293 232//293 169//293
f 233//294 169//294 162//294
f 216//295 215//295 161//295
f 216//296 161//296 160//296
f 160//297 212//297 183//297
f 160//298 183//298 216//298
f 162//299 150//299 210//299
f 162//300 210//300 233//300
f 147//301 148//301 179//301
f 147//302 179//302 211//302
f 149//303 215//303 214//303
f 149//304 214//304 209//304
f 185//305 213//305 216//305
f 185//306 216//306 183//306
f 182//307 183//307 211//307
f 182//308 211//308 179//308
f 178//309 180//309 109//309
f 178//310 109//310 110//310
f 234//311 181//311 180//311
f 234//312 180//312 178//312
f 222//313 163//313 113//313
f 222//314 113//314 177//314
f 235//315 234//315 178//315
f 235//316 178//316 165//316
f 223//317 222//317 177//317
f 223//318 177//318 115//318
f 115//319 116//319 188//319
f 115//320 188//320 223//320
f 163//321 222//321 219//321
f 163//322 219//322 164//322
f 165//323 164//323 218//323
f 165//324 218//324 235//324
f 117//325 118//325 153//325
f 117//326 153//326 220//326
f 190//327 221//327 223//327
f 190//328 223//328 188//328
f 156//329 188//329 220//329
f 156//330 220//330 153//330
f 187//331 154//331 119//331
f 187//332 119//332 120//332
f 236//333 155//333 154//333
f 236//334 154//334 187//334
f 229//335 151//335 123//335
f 229//336 123//336 186//336
f 237//337 236//337 187//337
f 237//338 187//338 166//338
f 230//339 229//339 186//339
f 230//340 186//340 125//340
f 125//341 126//341 197//341
f 125//342 197//342 230//342
f 166//343 152//343 225//343
f 166//344 225//344 237//344
f 131//345 132//345 167//345
f 131//346 167//346 130//346
f 127//347 128//347 193//347
f 127//348 193//348 226//348
f 151//349 229//349 228//349
f 151//350 228//350 224//350
f 199//351 227//351 230//351
f 199//352 230//352 197//352
f 196//353 197//353 226//353
f 196//354 226//354 193//354
f 192//355 194//355 129//355
f 192//356 129//356 130//356
f 135//357 136//357 203//357
f 136//358 137//358 203//358
f 238//359 195//359 194//359
f 238//360 194//360 192//360
f 206//361 158//361 133//361
f 206//362 133//362 191//362
f 231//363 238//363 192//363
f 231//364 192//364 168//364
f 207//365 206//365 191//365
f 207//366 191//366 135//366
f 208//367 137//367 138//367
f 208//368 138//368 139//368
f 239//369 240//369 241//369
f 241//370 240//370 242//370
f 241//371 242//371 243//371
f 243//372 242//372 244//372
f 243//373 244//373 245//373
f 246//374 245//374 247//374
f 246//375 247//375 248//375
f 248//376 247//376 249//376
f 248//377 249//377 250//377
f 250//378 249//378 251//378
f 250//379 251//379 252//379
f 252//380 251//380 253//380
f 252//381 253//381 254//381
f 254//382 253//382 255//382
f 254//383 255//383 256//383
f 256//384 255//384 257//384
f 256//385 257//385 258//385
f 258//386 257//386 259//386
f 258//387 259//387 260//387
f 261//388 262//388 263//388
f 261//389 263//389 264//389
f 264//390 263//390 265//390
f 264//391 265//391 266//391
f 266//392 265//392 267//392
f 266//393 267//393 268//393
f 269//394 268//394 270//394
f 269//395 270//395 271//395
f 271//396 270//396 272//396
f 271//397 272//397 273//397
f 273//398 272//398 274//398
f 273//399 274//399 275//399
f 275//400 274//400 276//400
f 275//401 276//401 277//401
f 277//402 276//402 278//402
f 277//403 278//403 279//403
f 279//404 278//404 280//404
f 279//405 280//405 281//405
f 281//406 280//406 282//406
f 281//407 282//407 283//407
f 283//408 282//408 284//408
f 283//409 284//409 285//409
f 285//410 284//410 286//410
f 285//411 286//411 287//411
f 287//412 286//412 288//412
f 287//413 288//413 289//413
f 289//414 288//414 290//414
f 289//415 290//415 291//415
f 291//416 290//416 292//416
f 291//417 292//417 293//417
f 293//418 292//418 294//418
f 293//419 294//419 295//419
f 295//420 294//420 296//420
f 295//421 296//421 297//421
f 298//422 297//422 299//422
f 298//423 299//423 300//423
f 300//424 299//424 301//424
f 300//425 301//425 302//425
f 302//426 301//426 303//426
f 302//427 303//427 304//427
f 304//428 303//428 305//428
f 304//429 305//429 306//429
f 306//430 305//430 307//430
f 306//431 307//431 308//431
f 308//432 307//432 309//432
f 308//433 309//433 310//433
f 310//434 309//434 311//434
f 310//435 311//435 312//435
f 312//436 311//436 313//436
f 312//437 313//437 239//437
f 239//438 313//438 240//438
f 245//439 244//439 314//439
f 245//440 314//440 247//440
f 260//441 259//441 315//441
f 260//442 315//442 262//442
f 262//443 315//443 316//443
f 262//444 316//444 263//444
f 268//445 267//445 317//445
f 268//446 317//446 270//446
f 297//447 296//447 318//447
f 297//448 318//448 299//448
f 233//449 313//449 232//449
f 232//450 313//450 311//450
f 232//451 311//451 172//451
f 172//452 311//452 309//452
f 172//453 309//453 173//453
f 173//454 309//454 307//454
f 173//455 307//455 175//455
f 175//456 307//456 305//456
f 175//457 305//457 176//457
f 176//458 305//458 303//458
f 176//459 303//459 204//459
f 204//460 303//460 301//460
f 204//461 301//461 205//461
f 205//462 301//462 299//462
f 205//463 299//463 200//463
f 200//464 299//464 318//464
f 200//465 318//465 201//465
f 201//466 318//466 296//466
f 201//467 296//467 231//467
f 231//468 296//468 294//468
f 231//469 294//469 238//469
f 238//470 294//470 292//470
f 238//471 292//471 195//471
f 195//472 292//472 290//472
f 195//473 290//473 196//473
f 196//474 290//474 288//474
f 196//475 288//475 198//475
f 198//476 288//476 286//476
f 198//477 286//477 199//477
f 199//478 286//478 284//478
f 199//479 284//479 227//479
f 227//480 284//480 282//480
f 227//481 282//481 228//481
f 228//482 282//482 280//482
f 228//483 280//483 224//483
f 224//484 280//484 278//484
f 224//485 278//485 225//485
f 225//486 278//486 276//486
f 225//487 276//487 237//487
f 237//488 276//488 274//488
f 237//489 274//489 236//489
f 236//490 274//490 272//490
f 236//491 272//491 155//491
f 155//492 272//492 270//492
f 155//493 270//493 156//493
f 156//494 270//494 317//494
f 156//495 317//495 189//495
f 189//496 317//496 267//496
f 189//497 267//497 190//497
f 190//498 267//498 265//498
f 190//499 265//499 221//499
f 221//500 265//500 263//500
f 221//501 263//501 219//501
f 219//502 263//502 316//502
f 219//503 316//503 217//503
f 217//504 316//504 315//504
f 217//505 315//505 218//505
f 218//506 315//506 259//506
f 218//507 259//507 235//507
f 235//508 259//508 257//508
f 235//509 257//509 234//509
f 234//510 257//510 255//510
f 234//511 255//511 181//511
f 181//512 255//512 253//512
f 181//513 253//513 182//513
f 182//514 253//514 251//514
f 182//515 251//515 184//515
f 184//516 251//516 249//516
f 184//517 249//517 185//517
f 185//518 249//518 247//518
f 185//519 247//519 213//519
f 213//520 247//520 314//520
f 213//521 314//521 214//521
f 214//522 314//522 244//522
f 214//523 244//523 209//523
f 209//524 244//524 242//524
f 209//525 242//525 210//525
f 210//526 242//526 240//526
f 210//527 240//527 233//527
f 233//528 240//528 313//528
f 319//529 256//529 320//529
f 320//530 256//530 258//530
f 320//531 258//531 321//531
f 321//532 258//532 260//532
f 321//533 260//533 322//533
f 322//534 260//534 262//534
f 322//535 262//535 323//535
f 323//536 262//536 261//536
f 323//537 261//537 324//537
f 324//538 261//538 264//538
f 324//539 264//539 325//539
f 325//540 264//540 266//540
f 325//541 266//541 326//541
f 326//542 266//542 268//542
f 326//543 268//543 327//543
f 327//544 268//544 269//544
f 327//545 269//545 328//545
f 328//546 269//546 271//546
f 328//547 271//547 273//547
f 328//548 273//548 329//548
f 329//549 273//549 330//549
f 330//550 273//550 275//550
f 330//551 275//551 331//551
f 331//552 275//552 277//552
f 331//553 277//553 279//553
f 331//554 279//554 332//554
f 332//555 279//555 333//555
f 333//556 279//556 281//556
f 333//557 281//557 283//557
f 333//558 283//558 334//558
f 334//559 283//559 335//559
f 335//560 283//560 285//560
f 335//561 285//561 287//561
f 335//562 287//562 336//562
f 336//563 287//563 337//563
f 337//564 287//564 289//564
f 337//565 289//565 338//565
f 338//566 289//566 291//566
f 338//567 291//567 339//567
f 339//568 291//568 293//568
f 339//569 293//569 340//569
f 340//570 293//570 295//570
f 340//571 295//571 341//571
f 341//572 295//572 297//572
f 341//573 297//573 342//573
f 342//574 297//574 298//574
f 342//575 298//575 343//575
f 343//576 298//576 300//576
f 343//577 300//577 344//577
f 344//578 300//578 302//578
f 344//579 302//579 345//579
f 345//580 302//580 304//580
f 345//581 304//581 346//581
f 346//582 304//582 306//582
f 346//583 306//583 347//583
f 347//584 306//584 308//584
f 347//585 308//585 348//585
f 348//586 308//586 310//586
f 348//587 310//587 349//587
f 349//588 310//588 312//588
f 349//589 312//589 350//589
f 350//590 312//590 239//590
f 350//591 239//591 351//591
f 351//592 239//592 241//592
f 351//593 241//593 352//593
f 352//594 241//594 243//594
f 352//595 243//595 353//595
f 353//596 243//596 245//596
f 353//597 245//597 354//597
f 354//598 245//598 246//598
f 354//599 246//599 355//599
f 355//600 246//600 248//600
f 355//601 248//601 356//601
f 356//602 248//602 250//602
f 356//603 250//603 357//603
f 357//604 250//604 252//604
f 357//605 252//605 358//605
f 358//606 252//606 254//606
f 358//607 254//607 319//607
f 319//608 254//608 256//608
f 359//609 360//609 361//609
f 362//610 363//610 364//610
f 365//611 362//611 366//611
f 367//612 368//612 369//612
f 370//613 371//613 372//613
f 373//614 370//614 374//614
f 375//615 376//615 377//615
f 378//616 375//616 379//616
f 380//617 381//617 382//617
f 383//618 384//618 385//618
f 386//619 383//619 387//619
f 388//620 389//620 390//620
f 391//621 388//621 392//621
f 393//622 394//622 395//622
f 396//623 397//623 398//623
f 399//624 396//624 400//624
f 401//625 402//625 403//625
f 404//626 401//626 405//626
f 357//627 358//627 406//627
f 357//628 406//628 407//628
f 407//629 406//629 408//629
f 327//630 377//630 409//630
f 409//631 377//631 376//631
f 409//632 376//632 410//632
f 337//633 338//633 390//633
f 337//634 390//634 411//634
f 411//635 390//635 389//635
f 411//636 389//636 412//636
f 347//637 348//637 403//637
f 347//638 403//638 413//638
f 413//639 403//639 402//639
f 413//640 402//640 414//640
f 356//641 357//641 407//641
f 356//642 407//642 415//642
f 415//643 407//643 408//643
f 415//644 408//644 416//644
f 326//645 327//645 409//645
f 326//646 409//646 417//646
f 417//647 409//647 410//647
f 417//648 410//648 418//648
f 336//649 337//649 411//649
f 336//650 411//650 419//650
f 419//651 411//651 412//651
f 419//652 412//652 420//652
f 346//653 347//653 421//653
f 421//654 347//654 413//654
f 421//655 413//655 414//655
f 421//656 414//656 422//656
f 355//657 356//657 415//657
f 355//658 415//658 423//658
f 423//659 415//659 416//659
f 423//660 416//660 365//660
f 325//661 326//661 417//661
f 325//662 417//662 424//662
f 424//663 417//663 418//663
f 424//664 418//664 373//664
f 335//665 336//665 419//665
f 335//666 419//666 425//666
f 425//667 419//667 420//667
f 425//668 420//668 386//668
f 345//669 346//669 421//669
f 345//670 421//670 426//670
f 426//671 421//671 422//671
f 426//672 422//672 399//672
f 359//673 361//673 427//673
f 427//674 361//674 351//674
f 427//675 351//675 352//675
f 362//676 364//676 366//676
f 366//677 364//677 353//677
f 366//678 353//678 354//678
f 428//679 429//679 321//679
f 428//680 321//680 322//680
f 370//681 372//681 374//681
f 374//682 372//682 323//682
f 374//683 323//683 324//683
f 380//684 382//684 430//684
f 430//685 382//685 331//685
f 430//686 331//686 332//686
f 383//687 385//687 387//687
f 387//688 385//688 333//688
f 387//689 333//689 334//689
f 393//690 395//690 431//690
f 431//691 395//691 341//691
f 431//692 341//692 342//692
f 396//693 398//693 400//693
f 400//694 398//694 343//694
f 400//695 343//695 344//695
f 350//696 351//696 361//696
f 350//697 361//697 432//697
f 432//698 361//698 360//698
f 432//699 360//699 404//699
f 352//700 353//700 364//700
f 352//701 364//701 427//701
f 427//702 364//702 363//702
f 427//703 363//703 359//703
f 365//704 366//704 423//704
f 423//705 366//705 354//705
f 423//706 354//706 355//706
f 368//707 406//707 369//707
f 369//708 406//708 358//708
f 369//709 358//709 319//709
f 367//710 369//710 319//710
f 367//711 319//711 320//711
f 320//712 321//712 429//712
f 320//713 429//713 367//713
f 322//714 323//714 372//714
f 322//715 372//715 428//715
f 428//716 372//716 371//716
f 373//717 374//717 424//717
f 424//718 374//718 324//718
f 424//719 324//719 325//719
f 327//720 328//720 377//720
f 375//721 377//721 379//721
f 379//722 377//722 329//722
f 329//723 377//723 328//723
f 378//724 379//724 329//724
f 378//725 329//725 330//725
f 330//726 331//726 382//726
f 330//727 382//727 378//727
f 378//728 382//728 381//728
f 332//729 333//729 385//729
f 332//730 385//730 430//730
f 430//731 385//731 384//731
f 430//732 384//732 380//732
f 386//733 387//733 425//733
f 425//734 387//734 334//734
f 425//735 334//735 335//735
f 388//736 390//736 392//736
f 392//737 390//737 338//737
f 392//738 338//738 339//738
f 391//739 392//739 433//739
f 433//740 392//740 339//740
f 433//741 339//741 340//741
f 340//742 341//742 395//742
f 340//743 395//743 433//743
f 433//744 395//744 394//744
f 433//745 394//745 391//745
f 342//746 343//746 398//746
f 342//747 398//747 431//747
f 431//748 398//748 397//748
f 431//749 397//749 393//749
f 399//750 400//750 426//750
f 426//751 400//751 344//751
f 426//752 344//752 345//752
f 401//753 403//753 405//753
f 405//754 403//754 348//754
f 405//755 348//755 349//755
f 404//756 405//756 432//756
f 432//757 405//757 349//757
f 432//758 349//758 350//758
f 434//759 435//759 436//759
f 436//760 435//760 437//760
f 436//761 437//761 438//761
f 438//762 437//762 439//762
f 438//763 439//763 440//763
f 440//764 439//764 441//764
f 440//765 441//765 442//765
f 442//766 441//766 443//766
f 442//767 443//767 444//767
f 444//768 443//768 445//768
f 444//769 445//769 446//769
f 446//770 445//770 447//770
f 446//771 447//771 448//771
f 448//772 447//772 449//772
f 448//773 449//773 450//773
f 450//774 449//774 451//774
f 450//775 451//775 452//775
f 452//776 451//776 453//776
f 452//777 453//777 454//777
f 454//778 453//778 455//778
f 455//779 456//779 457//779
f 457//780 456//780 458//780
f 457//781 458//781 459//781
f 459//782 458//782 460//782
f 459//783 460//783 461//783
f 461//784 460//784 462//784
f 461//785 462//785 463//785
f 463//786 462//786 464//786
f 463//787 464//787 465//787
f 465//788 464//788 466//788
f 465//789 466//789 467//789
f 467//790 466//790 468//790
f 467//791 468//791 469//791
f 469//792 468//792 470//792
f 469//793 470//793 471//793
f 471//794 470//794 472//794
f 471//795 472//795 473//795
f 473//796 472//796 474//796
f 473//797 474//797 475//797
f 475//798 474//798 476//798
f 475//799 476//799 477//799
f 477//800 476//800 478//800
f 477//801 478//801 479//801
f 479//802 478//802 480//802
f 479//803 480//803 481//803
f 481//804 480//804 482//804
f 481//805 482//805 483//805
f 483//806 482//806 484//806
f 483//807 484//807 485//807
f 485//808 484//808 486//808
f 485//809 486//809 487//809
f 487//810 486//810 488//810
f 487//811 488//811 489//811
f 489//812 488//812 490//812
f 489//813 490//813 491//813
f 491//814 490//814 492//814
f 491//815 492//815 493//815
f 493//816 492//816 494//816
f 493//817 494//817 495//817
f 495//818 494//818 496//818
f 495//819 496//819 497//819
f 497//820 496//820 498//820
f 497//821 498//821 499//821
f 499//822 498//822 500//822
f 499//823 500//823 501//823
f 501//824 500//824 502//824
f 501//825 502//825 503//825
f 503//826 502//826 504//826
f 503//827 504//827 505//827
f 505//828 504//828 506//828
f 505//829 506//829 507//829
f 507//830 506//830 508//830
f 507//831 508//831 509//831
f 509//832 508//832 510//832
f 509//833 510//833 511//833
f 511//834 510//834 512//834
f 511//835 512//835 434//835
f 434//836 512//836 435//836
f 453//837 513//837 455//837
f 455//838 513//838 456//838
f 512//839 514//839 435//839
f 435//840 514//840 515//840
f 435//841 515//841 437//841
f 437//842 515//842 516//842
f 437//843 516//843 439//843
f 439//844 516//844 517//844
f 439//845 517//845 441//845
f 441//846 517//846 518//846
f 441//847 518//847 443//847
f 443//848 518//848 519//848
f 443//849 519//849 445//849
f 445//850 519//850 520//850
f 445//851 520//851 447//851
f 447//852 520//852 521//852
f 447//853 521//853 449//853
f 449//854 521//854 522//854
f 449//855 522//855 451//855
f 451//856 522//856 523//856
f 451//857 523//857 453//857
f 453//858 523//858 513//858
f 513//859 524//859 456//859
f 456//860 524//860 525//860
f 456//861 525//861 458//861
f 458//862 525//862 526//862
f 458//863 526//863 460//863
f 460//864 526//864 527//864
f 460//865 527//865 462//865
f 462//866 527//866 528//866
f 462//867 528//867 464//867
f 464//868 528//868 529//868
f 464//869 529//869 466//869
f 466//870 529//870 530//870
f 466//871 530//871 468//871
f 468//872 530//872 531//872
f 468//873 531//873 470//873
f 470//874 531//874 532//874
f 470//875 532//875 472//875
f 472//876 532//876 533//876
f 472//877 533//877 474//877
f 474//878 533//878 534//878
f 474//879 534//879 476//879
f 476//880 534//880 535//880
f 476//881 535//881 478//881
f 478//882 535//882 536//882
f 478//883 536//883 480//883
f 480//884 536//884 537//884
f 480//885 537//885 482//885
f 482//886 537//886 538//886
f 482//887 538//887 484//887
f 484//888 538//888 539//888
f 484//889 539//889 486//889
f 486//890 539//890 540//890
f 486//891 540//891 488//891
f 488//892 540//892 541//892
f 488//893 541//893 490//893
f 490//894 541//894 542//894
f 490//895 542//895 492//895
f 492//896 542//896 543//896
f 492//897 543//897 494//897
f 494//898 543//898 544//898
f 494//899 544//899 496//899
f 496//900 544//900 545//900
f 496//901 545//901 498//901
f 498//902 545//902 546//902
f 498//903 546//903 500//903
f 500//904 546//904 547//904
f 500//905 547//905 502//905
f 502//906 547//906 548//906
f 502//907 548//907 504//907
f 504//908 548//908 549//908
f 504//909 549//909 506//909
f 506//910 549//910 550//910
f 506//911 550//911 508//911
f 508//912 550//912 551//912
f 508//913 551//913 510//913
f 510//914 551//914 552//914
f 510//915 552//915 512//915
f 512//916 552//916 514//916
f 523//917 553//917 513//917
f 513//918 553//918 524//918
f 552//919 404//919 514//919
f 514//920 404//920 360//920
f 514//921 360//921 515//921
f 515//922 360//922 359//922
f 515//923 359//923 516//923
f 516//924 359//924 363//924
f 516//925 363//925 517//925
f 517//926 363//926 362//926
f 517//927 362//927 518//927
f 518//928 362//928 365//928
f 518//929 365//929 519//929
f 519//930 365//930 416//930
f 519//931 416//931 520//931
f 520//932 416//932 408//932
f 520//933 408//933 521//933
f 521//934 408//934 522//934
f 522//935 368//935 523//935
f 523//936 368//936 553//936
f 525//937 371//937 526//937
f 526//938 371//938 370//938
f 526//939 370//939 527//939
f 527//940 370//940 373//940
f 527//941 373//941 528//941
f 528//942 373//942 418//942
f 528//943 418//943 529//943
f 529//944 418//944 410//944
f 529//945 410//945 530//945
f 530//946 410//946 376//946
f 530//947 376//947 531//947
f 531//948 376//948 375//948
f 531//949 375//949 532//949
f 532//950 375//950 533//950
f 533//951 381//951 534//951
f 534//952 381//952 380//952
f 534//953 380//953 535//953
f 535//954 380//954 384//954
f 535//955 384//955 536//955
f 536//956 384//956 383//956
f 536//957 383//957 537//957
f 537//958 383//958 386//958
f 537//959 386//959 538//959
f 538//960 386//960 420//960
f 538//961 420//961 539//961
f 539//962 420//962 412//962
f 539//963 412//963 540//963
f 540//964 412//964 389//964
f 540//965 389//965 541//965
f 541//966 389//966 388//966
f 541//967 388//967 542//967
f 542//968 388//968 391//968
f 542//969 391//969 543//969
f 543//970 391//970 394//970
f 543//971 394//971 544//971
f 544//972 394//972 393//972
f 544//973 393//973 545//973
f 545//974 393//974 397//974
f 545//975 397//975 546//975
f 546//976 397//976 396//976
f 546//977 396//977 547//977
f 547//978 396//978 399//978
f 547//979 399//979 548//979
f 548//980 399//980 422//980
f 548//981 422//981 549//981
f 549//982 422//982 414//982
f 549//983 414//983 550//983
f 550//984 414//984 402//984
f 550//985 402//985 551//985
f 551//986 402//986 401//986
f 551//987 401//987 552//987
f 552//988 401//988 404//988
f 368//989 367//989 553//989
f 553//990 367//990 524//990
f 408//991 406//991 522//991
f 522//992 406//992 368//992
f 367//993 429//993 524//993
f 524//994 429//994 428//994
f 524//995 428//995 525//995
f 525//996 428//996 371//996
f 375//997 378//997 533//997
f 533//998 378//998 381//998
f 497//999 554//999 495//999
f 495//1000 554//1000 555//1000
f 495//1001 555//1001 493//1001
f 493//1002 555//1002 556//1002
f 493//1003 556//1003 491//1003
f 491//1004 556//1004 557//1004
f 491//1005 557//1005 489//1005
f 489//1006 557//1006 558//1006
f 489//1007 558//1007 487//1007
f 487//1008 558//1008 559//1008
f 487//1009 559//1009 560//1009
f 487//1010 560//1010 485//1010
f 485//1011 560//1011 483//1011
f 483//1012 560//1012 561//1012
f 483//1013 561//1013 562//1013
f 483//1014 562//1014 481//1014
f 481//1015 562//1015 479//1015
f 479//1016 562//1016 563//1016
f 479//1017 563//1017 477//1017
f 477//1018 563//1018 564//1018
f 477//1019 564//1019 475//1019
f 475//1020 564//1020 565//1020
f 475//1021 565//1021 473//1021
f 473//1022 565//1022 566//1022
f 473//1023 566//1023 567//1023
f 473//1024 567//1024 471//1024
f 471//1025 567//1025 469//1025
f 469//1026 567//1026 568//1026
f 469//1027 568//1027 569//1027
f 469//1028 569//1028 467//1028
f 467//1029 569//1029 570//1029
f 467//1030 570//1030 465//1030
f 465//1031 570//1031 463//1031
f 463//1032 570//1032 571//1032
f 463//1033 571//1033 461//1033
f 461//1034 571//1034 572//1034
f 461//1035 572//1035 459//1035
f 459//1036 572//1036 573//1036
f 459//1037 573//1037 457//1037
f 457//1038 573//1038 574//1038
f 457//1039 574//1039 455//1039
f 455//1040 574//1040 575//1040
f 455//1041 575//1041 454//1041
f 454//1042 575//1042 576//1042
f 454//1043 576//1043 452//1043
f 452//1044 576//1044 577//1044
f 452//1045 577//1045 578//1045
f 452//1046 578//1046 450//1046
f 450//1047 578//1047 579//1047
f 450//1048 579//1048 448//1048
f 448//1049 579//1049 446//1049
f 446//1050 579//1050 580//1050
f 446//1051 580//1051 444//1051
f 444//1052 580//1052 581//1052
f 444//1053 581//1053 442//1053
f 442//1054 581//1054 582//1054
f 442//1055 582//1055 440//1055
f 440//1056 582//1056 583//1056
f 440//1057 583//1057 438//1057
f 438//1058 583//1058 584//1058
f 438//1059 584//1059 436//1059
f 436//1060 584//1060 585//1060
f 436//1061 585//1061 434//1061
f 434//1062 585//1062 586//1062
f 434//1063 586//1063 587//1063
f 434//1064 587//1064 511//1064
f 511//1065 587//1065 509//1065
f 509//1066 587//1066 588//1066
f 509//1067 588//1067 507//1067
f 507//1068 588//1068 589//1068
f 507//1069 589//1069 505//1069
f 505//1070 589//1070 590//1070
f 505//1071 590//1071 503//1071
f 503//1072 590//1072 591//1072
f 503//1073 591//1073 501//1073
f 501//1074 591//1074 592//1074
f 501//1075 592//1075 499//1075
f 499//1076 592//1076 593//1076
f 499//1077 593//1077 554//1077
f 499//1078 554//1078 497//1078
f 594//1079 595//1079 596//1079
f 597//1080 598//1080 599//1080
f 600//1081 601//1081 602//1081
f 578//1082 577//1082 597//1082
f 597//1083 577//1083 603//1083
f 597//1084 603//1084 604//1084
f 597//1085 604//1085 598//1085
f 568//1086 567//1086 600//1086
f 600//1087 567//1087 605//1087
f 600//1088 605//1088 606//1088
f 600//1089 606//1089 601//1089
f 558//1090 557//1090 607//1090
f 558//1091 607//1091 608//1091
f 608//1092 607//1092 609//1092
f 588//1093 587//1093 610//1093
f 588//1094 610//1094 611//1094
f 611//1095 610//1095 612//1095
f 579//1096 578//1096 597//1096
f 579//1097 597//1097 594//1097
f 594//1098 597//1098 599//1098
f 594//1099 599//1099 595//1099
f 569//1100 568//1100 600//1100
f 569//1101 600//1101 613//1101
f 613//1102 600//1102 602//1102
f 559//1103 558//1103 608//1103
f 559//1104 608//1104 614//1104
f 614//1105 608//1105 615//1105
f 589//1106 588//1106 611//1106
f 589//1107 611//1107 616//1107
f 616//1108 611//1108 617//1108
f 580//1109 579//1109 594//1109
f 580//1110 594//1110 618//1110
f 618//1111 594//1111 596//1111
f 570//1112 569//1112 613//1112
f 570//1113 613//1113 619//1113
f 619//1114 613//1114 620//1114
f 560//1115 559//1115 614//1115
f 560//1116 614//1116 621//1116
f 621//1117 614//1117 622//1117
f 590//1118 589//1118 616//1118
f 590//1119 616//1119 623//1119
f 623//1120 616//1120 624//1120
f 625//1121 626//1121 584//1121
f 625//1122 584//1122 583//1122
f 627//1123 628//1123 629//1123
f 629//1124 628//1124 582//1124
f 629//1125 582//1125 581//1125
f 630//1126 631//1126 574//1126
f 630//1127 574//1127 573//1127
f 632//1128 633//1128 634//1128
f 634//1129 633//1129 572//1129
f 634//1130 572//1130 571//1130
f 635//1131 636//1131 564//1131
f 635//1132 564//1132 563//1132
f 637//1133 638//1133 639//1133
f 639//1134 638//1134 562//1134
f 639//1135 562//1135 561//1135
f 640//1136 641//1136 554//1136
f 640//1137 554//1137 593//1137
f 642//1138 643//1138 644//1138
f 644//1139 643//1139 592//1139
f 644//1140 592//1140 591//1140
f 585//1141 584//1141 626//1141
f 585//1142 626//1142 645//1142
f 583//1143 582//1143 628//1143
f 583//1144 628//1144 625//1144
f 625//1145 628//1145 646//1145
f 647//1146 629//1146 618//1146
f 618//1147 629//1147 581//1147
f 618//1148 581//1148 580//1148
f 648//1149 603//1149 649//1149
f 649//1150 603//1150 577//1150
f 649//1151 577//1151 576//1151
f 650//1152 649//1152 576//1152
f 650//1153 576//1153 575//1153
f 575//1154 574//1154 631//1154
f 575//1155 631//1155 650//1155
f 573//1156 572//1156 633//1156
f 573//1157 633//1157 630//1157
f 630//1158 633//1158 651//1158
f 652//1159 634//1159 619//1159
f 619//1160 634//1160 571//1160
f 619//1161 571//1161 570//1161
f 653//1162 605//1162 654//1162
f 654//1163 605//1163 567//1163
f 654//1164 567//1164 566//1164
f 655//1165 654//1165 566//1165
f 655//1166 566//1166 565//1166
f 565//1167 564//1167 636//1167
f 565//1168 636//1168 655//1168
f 563//1169 562//1169 638//1169
f 563//1170 638//1170 635//1170
f 635//1171 638//1171 656//1171
f 657//1172 639//1172 621//1172
f 621//1173 639//1173 561//1173
f 621//1174 561//1174 560//1174
f 658//1175 607//1175 659//1175
f 659//1176 607//1176 557//1176
f 659//1177 557//1177 556//1177
f 660//1178 659//1178 556//1178
f 660//1179 556//1179 555//1179
f 555//1180 554//1180 641//1180
f 555//1181 641//1181 660//1181
f 593//1182 592//1182 643//1182
f 593//1183 643//1183 640//1183
f 640//1184 643//1184 661//1184
f 662//1185 644//1185 623//1185
f 623//1186 644//1186 591//1186
f 623//1187 591//1187 590//1187
f 663//1188 610//1188 664//1188
f 664//1189 610//1189 587//1189
f 664//1190 587//1190 586//1190
f 645//1191 664//1191 586//1191
f 645//1192 586//1192 585//1192
f 665//1193 666//1193 667//1193
f 668//1194 669//1194 670//1194
f 671//1195 672//1195 673//1195
f 674//1196 665//1196 667//1196
f 674//1197 667//1197 675//1197
f 676//1198 677//1198 678//1198
f 676//1199 678//1199 679//1199
f 680//1200 668//1200 670//1200
f 680//1201 670//1201 681//1201
f 682//1202 671//1202 673//1202
f 682//1203 673//1203 683//1203
f 684//1204 685//1204 686//1204
f 684//1205 686//1205 687//1205
f 688//1206 674//1206 675//1206
f 688//1207 675//1207 689//1207
f 690//1208 676//1208 679//1208
f 690//1209 679//1209 691//1209
f 692//1210 680//1210 681//1210
f 692//1211 681//1211 693//1211
f 694//1212 682//1212 683//1212
f 694//1213 683//1213 695//1213
f 671//1214 696//1214 672//1214
f 697//1215 684//1215 687//1215
f 697//1216 687//1216 698//1216
f 699//1217 700//1217 701//1217
f 699//1218 701//1218 702//1218
f 703//1219 704//1219 705//1219
f 703//1220 705//1220 706//1220
f 707//1221 708//1221 709//1221
f 707//1222 709//1222 710//1222
f 711//1223 712//1223 713//1223
f 711//1224 713//1224 714//1224
f 715//1225 711//1225 714//1225
f 715//1226 714//1226 716//1226
f 717//1227 718//1227 719//1227
f 717//1228 719//1228 720//1228
f 721//1229 722//1229 723//1229
f 723//1230 722//1230 724//1230
f 725//1231 721//1231 723//1231
f 725//1232 723//1232 726//1232
f 727//1233 728//1233 729//1233
f 727//1234 729//1234 730//1234
f 731//1235 732//1235 733//1235
f 731//1236 733//1236 734//1236
f 735//1237 736//1237 737//1237
f 737//1238 736//1238 738//1238
f 739//1239 735//1239 737//1239
f 739//1240 737//1240 740//1240
f 701//1241 741//1241 702//1241
f 742//1242 705//1242 702//1242
f 702//1243 705//1243 699//1243
f 699//1244 705//1244 704//1244
f 705//1245 743//1245 706//1245
f 744//1246 703//1246 706//1246
f 744//1247 706//1247 745//1247
f 745//1248 706//1248 746//1248
f 745//1249 709//1249 708//1249
f 745//1250 708//1250 744//1250
f 709//1251 747//1251 710//1251
f 748//1252 713//1252 710//1252
f 710//1253 713//1253 712//1253
f 710//1254 712//1254 707//1254
f 713//1255 749//1255 714//1255
f 750//1256 719//1256 716//1256
f 716//1257 719//1257 718//1257
f 716//1258 718//1258 715//1258
f 719//1259 751//1259 720//1259
f 752//1260 724//1260 720//1260
f 720//1261 724//1261 722//1261
f 720//1262 722//1262 717//1262
f 724//1263 753//1263 723//1263
f 754//1264 729//1264 726//1264
f 726//1265 729//1265 728//1265
f 726//1266 728//1266 725//1266
f 755//1267 727//1267 730//1267
f 755//1268 730//1268 756//1268
f 756//1269 730//1269 757//1269
f 729//1270 758//1270 730//1270
f 689//1271 755//1271 756//1271
f 689//1272 756//1272 688//1272
f 688//1273 759//1273 674//1273
f 665//1274 760//1274 666//1274
f 666//1275 760//1275 761//1275
f 674//1276 762//1276 665//1276
f 760//1277 763//1277 761//1277
f 761//1278 763//1278 764//1278
f 665//1279 765//1279 760//1279
f 763//1280 766//1280 764//1280
f 760//1281 767//1281 763//1281
f 691//1282 764//1282 766//1282
f 691//1283 766//1283 690//1283
f 690//1284 766//1284 768//1284
f 690//1285 769//1285 676//1285
f 770//1286 678//1286 677//1286
f 770//1287 677//1287 771//1287
f 771//1288 677//1288 772//1288
f 676//1289 773//1289 677//1289
f 693//1290 770//1290 771//1290
f 693//1291 771//1291 692//1291
f 692//1292 774//1292 680//1292
f 668//1293 775//1293 669//1293
f 669//1294 775//1294 776//1294
f 680//1295 777//1295 668//1295
f 775//1296 778//1296 776//1296
f 779//1297 733//1297 778//1297
f 778//1298 733//1298 732//1298
f 778//1299 732//1299 776//1299
f 668//1300 780//1300 775//1300
f 733//1301 781//1301 734//1301
f 782//1302 738//1302 734//1302
f 734//1303 738//1303 736//1303
f 734//1304 736//1304 731//1304
f 738//1305 783//1305 737//1305
f 695//1306 739//1306 740//1306
f 695//1307 740//1307 694//1307
f 694//1308 740//1308 784//1308
f 694//1309 785//1309 682//1309
f 682//1310 786//1310 671//1310
f 698//1311 672//1311 697//1311
f 697//1312 672//1312 696//1312
f 697//1313 696//1313 787//1313
f 697//1314 788//1314 684//1314
f 684//1315 789//1315 685//1315
f 790//1316 686//1316 685//1316
f 790//1317 685//1317 791//1317
f 791//1318 685//1318 792//1318
f 700//1319 790//1319 791//1319
f 700//1320 791//1320 701//1320
f 793//1321 761//1321 794//1321
f 794//1322 761//1322 764//1322
f 794//1323 764//1323 795//1323
f 795//1324 764//1324 691//1324
f 795//1325 691//1325 796//1325
f 796//1326 691//1326 679//1326
f 796//1327 679//1327 797//1327
f 797//1328 679//1328 678//1328
f 797//1329 678//1329 798//1329
f 798//1330 678//1330 770//1330
f 798//1331 770//1331 799//1331
f 799//1332 770//1332 693//1332
f 799//1333 693//1333 800//1333
f 800//1334 693//1334 681//1334
f 800//1335 681//1335 801//1335
f 801//1336 681//1336 670//1336
f 801//1337 670//1337 669//1337
f 801//1338 669//1338 802//1338
f 802//1339 669//1339 803//1339
f 803//1340 669//1340 776//1340
f 803//1341 776//1341 804//1341
f 804//1342 776//1342 732//1342
f 804//1343 732//1343 731//1343
f 804//1344 731//1344 805//1344
f 805//1345 731//1345 806//1345
f 806//1346 731//1346 736//1346
f 806//1347 736//1347 807//1347
f 807//1348 736//1348 735//1348
f 807//1349 735//1349 808//1349
f 808//1350 735//1350 739//1350
f 808//1351 739//1351 809//1351
f 809//1352 739//1352 695//1352
f 809//1353 695//1353 810//1353
f 810//1354 695//1354 683//1354
f 810//1355 683//1355 673//1355
f 810//1356 673//1356 811//1356
f 811//1357 673//1357 812//1357
f 812//1358 673//1358 672//1358
f 812//1359 672//1359 813//1359
f 813//1360 672//1360 698//1360
f 813//1361 698//1361 814//1361
f 814//1362 698//1362 687//1362
f 814//1363 687//1363 815//1363
f 815//1364 687//1364 686//1364
f 815//1365 686//1365 816//1365
f 816//1366 686//1366 790//1366
f 816//1367 790//1367 817//1367
f 817//1368 790//1368 700//1368
f 817//1369 700//1369 818//1369
f 818//1370 700//1370 699//1370
f 818//1371 699//1371 819//1371
f 819//1372 699//1372 704//1372
f 819//1373 704//1373 820//1373
f 820//1374 704//1374 703//1374
f 820//1375 703//1375 821//1375
f 821//1376 703//1376 744//1376
f 821//1377 744//1377 822//1377
f 822//1378 744//1378 708//1378
f 822//1379 708//1379 823//1379
f 823//1380 708//1380 707//1380
f 823//1381 707//1381 712//1381
f 823//1382 712//1382 824//1382
f 824//1383 712//1383 825//1383
f 825//1384 712//1384 711//1384
f 825//1385 711//1385 826//1385
f 826//1386 711//1386 715//1386
f 826//1387 715//1387 827//1387
f 827//1388 715//1388 718//1388
f 827//1389 718//1389 828//1389
f 828//1390 718//1390 717//1390
f 828//1391 717//1391 829//1391
f 829//1392 717//1392 722//1392
f 829//1393 722//1393 830//1393
f 830//1394 722//1394 721//1394
f 830//1395 721//1395 831//1395
f 831//1396 721//1396 725//1396
f 831//1397 725//1397 832//1397
f 832//1398 725//1398 728//1398
f 832//1399 728//1399 833//1399
f 833//1400 728//1400 727//1400
f 833//1401 727//1401 755//1401
f 833//1402 755//1402 834//1402
f 834//1403 755//1403 835//1403
f 835//1404 755//1404 689//1404
f 835//1405 689//1405 836//1405
f 836//1406 689//1406 675//1406
f 836//1407 675//1407 837//1407
f 837//1408 675//1408 667//1408
f 837//1409 667//1409 838//1409
f 838//1410 667//1410 666//1410
f 838//1411 666//1411 793//1411
f 793//1412 666//1412 761//1412
f 823//1413 824//1413 839//1413
f 823//1414 839//1414 840//1414
f 841//1415 842//1415 843//1415
f 841//1416 843//1416 844//1416
f 808//1417 809//1417 845//1417
f 808//1418 845//1418 846//1418
f 847//1419 848//1419 849//1419
f 847//1420 849//1420 850//1420
f 850//1421 849//1421 851//1421
f 850//1422 851//1422 852//1422
f 853//1423 852//1423 854//1423
f 853//1424 854//1424 855//1424
f 820//1425 856//1425 857//1425
f 820//1426 857//1426 858//1426
f 859//1427 858//1427 860//1427
f 859//1428 860//1428 861//1428
f 799//1429 800//1429 862//1429
f 799//1430 862//1430 863//1430
f 864//1431 865//1431 842//1431
f 864//1432 842//1432 841//1432
f 866//1433 853//1433 855//1433
f 866//1434 855//1434 867//1434
f 822//1435 823//1435 840//1435
f 822//1436 840//1436 821//1436
f 821//1437 840//1437 856//1437
f 821//1438 856//1438 820//1438
f 868//1439 869//1439 870//1439
f 868//1440 870//1440 871//1440
f 798//1441 799//1441 863//1441
f 798//1442 863//1442 872//1442
f 796//1443 872//1443 873//1443
f 796//1444 873//1444 865//1444
f 807//1445 808//1445 846//1445
f 807//1446 846//1446 848//1446
f 874//1447 866//1447 867//1447
f 874//1448 867//1448 875//1448
f 876//1449 877//1449 878//1449
f 876//1450 878//1450 879//1450
f 880//1451 881//1451 812//1451
f 880//1452 812//1452 882//1452
f 883//1453 882//1453 814//1453
f 883//1454 814//1454 815//1454
f 884//1455 879//1455 885//1455
f 884//1456 885//1456 886//1456
f 887//1457 883//1457 815//1457
f 887//1458 815//1458 888//1458
f 888//1459 815//1459 816//1459
f 888//1460 816//1460 817//1460
f 889//1461 890//1461 880//1461
f 889//1462 880//1462 871//1462
f 861//1463 888//1463 817//1463
f 861//1464 817//1464 859//1464
f 858//1465 859//1465 819//1465
f 858//1466 819//1466 820//1466
f 891//1467 892//1467 893//1467
f 891//1468 893//1468 894//1468
f 895//1469 896//1469 826//1469
f 895//1470 826//1470 897//1470
f 898//1471 899//1471 895//1471
f 898//1472 895//1472 900//1472
f 901//1473 902//1473 903//1473
f 901//1474 903//1474 904//1474
f 905//1475 906//1475 907//1475
f 905//1476 907//1476 834//1476
f 908//1477 904//1477 909//1477
f 908//1478 909//1478 906//1478
f 910//1479 905//1479 834//1479
f 910//1480 834//1480 835//1480
f 911//1481 835//1481 836//1481
f 911//1482 836//1482 837//1482
f 912//1483 901//1483 904//1483
f 912//1484 904//1484 908//1484
f 913//1485 908//1485 906//1485
f 913//1486 906//1486 905//1486
f 914//1487 910//1487 835//1487
f 914//1488 835//1488 911//1488
f 915//1489 911//1489 837//1489
f 915//1490 837//1490 838//1490
f 916//1491 914//1491 911//1491
f 916//1492 911//1492 915//1492
f 917//1493 918//1493 793//1493
f 917//1494 793//1494 794//1494
f 919//1495 920//1495 914//1495
f 919//1496 914//1496 916//1496
f 921//1497 916//1497 915//1497
f 921//1498 915//1498 918//1498
f 841//1499 918//1499 917//1499
f 841//1500 917//1500 864//1500
f 922//1501 842//1501 865//1501
f 922//1502 865//1502 873//1502
f 923//1503 873//1503 872//1503
f 923//1504 872//1504 924//1504
f 874//1505 862//1505 800//1505
f 874//1506 800//1506 801//1506
f 925//1507 923//1507 924//1507
f 925//1508 924//1508 875//1508
f 852//1509 853//1509 803//1509
f 852//1510 803//1510 850//1510
f 885//1511 845//1511 809//1511
f 885//1512 809//1512 926//1512
f 881//1513 926//1513 811//1513
f 881//1514 811//1514 812//1514
f 881//1515 880//1515 890//1515
f 881//1516 890//1516 926//1516
f 926//1517 890//1517 886//1517
f 926//1518 886//1518 885//1518
f 871//1519 880//1519 882//1519
f 871//1520 882//1520 868//1520
f 868//1521 882//1521 883//1521
f 868//1522 883//1522 887//1522
f 818//1523 819//1523 859//1523
f 818//1524 859//1524 817//1524
f 869//1525 868//1525 887//1525
f 869//1526 887//1526 927//1526
f 927//1527 887//1527 888//1527
f 927//1528 888//1528 861//1528
f 824//1529 825//1529 928//1529
f 824//1530 928//1530 839//1530
f 840//1531 839//1531 894//1531
f 840//1532 894//1532 856//1532
f 856//1533 894//1533 893//1533
f 856//1534 893//1534 857//1534
f 858//1535 857//1535 929//1535
f 858//1536 929//1536 860//1536
f 861//1537 860//1537 930//1537
f 861//1538 930//1538 927//1538
f 828//1539 829//1539 931//1539
f 828//1540 931//1540 827//1540
f 827//1541 931//1541 897//1541
f 827//1542 897//1542 826//1542
f 825//1543 826//1543 896//1543
f 825//1544 896//1544 928//1544
f 839//1545 928//1545 932//1545
f 839//1546 932//1546 894//1546
f 857//1547 893//1547 892//1547
f 857//1548 892//1548 929//1548
f 829//1549 830//1549 903//1549
f 829//1550 903//1550 931//1550
f 928//1551 896//1551 933//1551
f 928//1552 933//1552 932//1552
f 894//1553 932//1553 934//1553
f 894//1554 934//1554 891//1554
f 900//1555 895//1555 897//1555
f 900//1556 897//1556 931//1556
f 833//1557 834//1557 907//1557
f 833//1558 907//1558 832//1558
f 832//1559 907//1559 906//1559
f 832//1560 906//1560 831//1560
f 831//1561 906//1561 909//1561
f 831//1562 909//1562 830//1562
f 830//1563 909//1563 904//1563
f 830//1564 904//1564 903//1564
f 931//1565 903//1565 902//1565
f 931//1566 902//1566 900//1566
f 896//1567 895//1567 899//1567
f 896//1568 899//1568 933//1568
f 838//1569 793//1569 918//1569
f 838//1570 918//1570 915//1570
f 935//1571 913//1571 905//1571
f 935//1572 905//1572 910//1572
f 864//1573 917//1573 794//1573
f 864//1574 794//1574 936//1574
f 936//1575 794//1575 795//1575
f 936//1576 795//1576 796//1576
f 910//1577 914//1577 920//1577
f 910//1578 920//1578 935//1578
f 937//1579 919//1579 916//1579
f 937//1580 916//1580 921//1580
f 844//1581 921//1581 918//1581
f 844//1582 918//1582 841//1582
f 865//1583 864//1583 936//1583
f 865//1584 936//1584 796//1584
f 872//1585 796//1585 797//1585
f 872//1586 797//1586 798//1586
f 863//1587 862//1587 924//1587
f 863//1588 924//1588 872//1588
f 938//1589 922//1589 873//1589
f 938//1590 873//1590 923//1590
f 866//1591 874//1591 801//1591
f 866//1592 801//1592 802//1592
f 805//1593 806//1593 847//1593
f 805//1594 847//1594 804//1594
f 804//1595 847//1595 850//1595
f 804//1596 850//1596 803//1596
f 802//1597 803//1597 853//1597
f 802//1598 853//1598 866//1598
f 862//1599 874//1599 875//1599
f 862//1600 875//1600 924//1600
f 848//1601 847//1601 806//1601
f 848//1602 806//1602 807//1602
f 810//1603 811//1603 926//1603
f 810//1604 926//1604 809//1604
f 846//1605 845//1605 878//1605
f 846//1606 878//1606 848//1606
f 848//1607 878//1607 877//1607
f 848//1608 877//1608 849//1608
f 852//1609 851//1609 939//1609
f 852//1610 939//1610 854//1610
f 879//1611 878//1611 845//1611
f 879//1612 845//1612 885//1612
f 882//1613 812//1613 813//1613
f 882//1614 813//1614 814//1614
f 940//1615 941//1615 942//1615
f 942//1616 941//1616 943//1616
f 942//1617 943//1617 944//1617
f 945//1618 946//1618 947//1618
f 945//1619 947//1619 948//1619
f 948//1620 947//1620 949//1620
f 948//1621 949//1621 950//1621
f 951//1622 952//1622 953//1622
f 951//1623 953//1623 954//1623
f 955//1624 956//1624 957//1624
f 955//1625 957//1625 940//1625
f 940//1626 957//1626 941//1626
f 944//1627 943//1627 958//1627
f 944//1628 958//1628 959//1628
f 959//1629 958//1629 960//1629
f 959//1630 960//1630 961//1630
f 961//1631 960//1631 962//1631
f 961//1632 962//1632 963//1632
f 963//1633 962//1633 964//1633
f 963//1634 964//1634 965//1634
f 965//1635 964//1635 966//1635
f 965//1636 966//1636 967//1636
f 967//1637 966//1637 968//1637
f 967//1638 968//1638 969//1638
f 969//1639 968//1639 970//1639
f 969//1640 970//1640 971//1640
f 971//1641 970//1641 972//1641
f 971//1642 972//1642 973//1642
f 973//1643 972//1643 974//1643
f 973//1644 974//1644 975//1644
f 975//1645 974//1645 976//1645
f 975//1646 976//1646 977//1646
f 977//1647 976//1647 978//1647
f 977//1648 978//1648 979//1648
f 979//1649 978//1649 980//1649
f 979//1650 980//1650 981//1650
f 981//1651 980//1651 982//1651
f 981//1652 982//1652 983//1652
f 983//1653 982//1653 984//1653
f 983//1654 984//1654 985//1654
f 985//1655 984//1655 986//1655
f 985//1656 986//1656 987//1656
f 987//1657 986//1657 988//1657
f 987//1658 988//1658 989//1658
f 989//1659 988//1659 990//1659
f 989//1660 990//1660 946//1660
f 946//1661 990//1661 991//1661
f 946//1662 991//1662 947//1662
f 950//1663 949//1663 992//1663
f 950//1664 992//1664 952//1664
f 952//1665 992//1665 993//1665
f 952//1666 993//1666 953//1666
f 954//1667 953//1667 994//1667
f 954//1668 994//1668 995//1668
f 995//1669 994//1669 996//1669
f 995//1670 996//1670 997//1670
f 997//1671 996//1671 998//1671
f 997//1672 998//1672 999//1672
f 999//1673 998//1673 1000//1673
f 999//1674 1000//1674 1001//1674
f 1001//1675 1000//1675 1002//1675
f 1001//1676 1002//1676 1003//1676
f 1003//1677 1002//1677 1004//1677
f 1003//1678 1004//1678 1005//1678
f 1005//1679 1004//1679 1006//1679
f 1005//1680 1006//1680 1007//1680
f 1007//1681 1006//1681 1008//1681
f 1007//1682 1008//1682 1009//1682
f 1009//1683 1008//1683 1010//1683
f 1009//1684 1010//1684 1011//1684
f 1011//1685 1010//1685 1012//1685
f 1011//1686 1012//1686 1013//1686
f 1013//1687 1012//1687 1014//1687
f 1013//1688 1014//1688 1015//1688
f 1015//1689 1014//1689 1016//1689
f 1015//1690 1016//1690 1017//1690
f 1017//1691 1016//1691 1018//1691
f 1017//1692 1018//1692 1019//1692
f 1019//1693 1018//1693 1020//1693
f 1019//1694 1020//1694 1021//1694
f 1021//1695 1020//1695 1022//1695
f 1021//1696 1022//1696 1023//1696
f 1023//1697 1022//1697 1024//1697
f 1023//1698 1024//1698 1025//1698
f 1025//1699 1024//1699 1026//1699
f 1025//1700 1026//1700 1027//1700
f 1027//1701 1026//1701 1028//1701
f 1027//1702 1028//1702 1029//1702
f 1029//1703 1028//1703 1030//1703
f 1029//1704 1030//1704 956//1704
f 956//1705 1030//1705 1031//1705
f 956//1706 1031//1706 957//1706
f 927//1707 957//1707 869//1707
f 869//1708 957//1708 1031//1708
f 869//1709 1031//1709 870//1709
f 870//1710 1031//1710 1030//1710
f 870//1711 1030//1711 871//1711
f 871//1712 1030//1712 1028//1712
f 871//1713 1028//1713 889//1713
f 889//1714 1028//1714 1026//1714
f 889//1715 1026//1715 890//1715
f 890//1716 1026//1716 1024//1716
f 890//1717 1024//1717 886//1717
f 886//1718 1024//1718 1022//1718
f 886//1719 1022//1719 884//1719
f 884//1720 1022//1720 1020//1720
f 884//1721 1020//1721 879//1721
f 879//1722 1020//1722 1018//1722
f 879//1723 1018//1723 876//1723
f 876//1724 1018//1724 1016//1724
f 876//1725 1016//1725 877//1725
f 877//1726 1016//1726 1014//1726
f 877//1727 1014//1727 849//1727
f 849//1728 1014//1728 1012//1728
f 849//1729 1012//1729 851//1729
f 851//1730 1012//1730 1010//1730
f 851//1731 1010//1731 939//1731
f 939//1732 1010//1732 1008//1732
f 939//1733 1008//1733 854//1733
f 854//1734 1008//1734 1006//1734
f 854//1735 1006//1735 855//1735
f 855//1736 1006//1736 1004//1736
f 855//1737 1004//1737 867//1737
f 867//1738 1004//1738 1002//1738
f 867//1739 1002//1739 875//1739
f 875//1740 1002//1740 1000//1740
f 875//1741 1000//1741 925//1741
f 925//1742 1000//1742 998//1742
f 925//1743 998//1743 923//1743
f 923//1744 998//1744 996//1744
f 923//1745 996//1745 938//1745
f 938//1746 996//1746 994//1746
f 938//1747 994//1747 922//1747
f 922//1748 994//1748 953//1748
f 922//1749 953//1749 842//1749
f 842//1750 953//1750 993//1750
f 842//1751 993//1751 843//1751
f 843//1752 993//1752 992//1752
f 843//1753 992//1753 844//1753
f 844//1754 992//1754 949//1754
f 844//1755 949//1755 921//1755
f 921//1756 949//1756 947//1756
f 921//1757 947//1757 937//1757
f 937//1758 947//1758 991//1758
f 937//1759 991//1759 919//1759
f 919//1760 991//1760 990//1760
f 919//1761 990//1761 920//1761
f 920//1762 990//1762 988//1762
f 920//1763 988//1763 935//1763
f 935//1764 988//1764 986//1764
f 935//1765 986//1765 913//1765
f 913//1766 986//1766 984//1766
f 913//1767 984//1767 908//1767
f 908//1768 984//1768 982//1768
f 908//1769 982//1769 912//1769
f 912//1770 982//1770 980//1770
f 912//1771 980//1771 901//1771
f 901//1772 980//1772 978//1772
f 901//1773 978//1773 902//1773
f 902//1774 978//1774 976//1774
f 902//1775 976//1775 900//1775
f 900//1776 976//1776 974//1776
f 900//1777 974//1777 898//1777
f 898//1778 974//1778 972//1778
f 898//1779 972//1779 899//1779
f 899//1780 972//1780 970//1780
f 899//1781 970//1781 933//1781
f 933//1782 970//1782 968//1782
f 933//1783 968//1783 932//1783
f 932//1784 968//1784 966//1784
f 932//1785 966//1785 934//1785
f 934//1786 966//1786 964//1786
f 934//1787 964//1787 891//1787
f 891//1788 964//1788 962//1788
f 891//1789 962//1789 892//1789
f 892//1790 962//1790 960//1790
f 892//1791 960//1791 929//1791
f 929//1792 960//1792 958//1792
f 929//1793 958//1793 860//1793
f 860//1794 958//1794 943//1794
f 860//1795 943//1795 930//1795
f 930//1796 943//1796 941//1796
f 930//1797 941//1797 927//1797
f 927//1798 941//1798 957//1798
f 1032//1799 950//1799 1033//1799
f 1033//1800 950//1800 952//1800
f 1033//1801 952//1801 1034//1801
f 1034//1802 952//1802 951//1802
f 1034//1803 951//1803 1035//1803
f 1035//1804 951//1804 954//1804
f 1035//1805 954//1805 1036//1805
f 1036//1806 954//1806 995//1806
f 1036//1807 995//1807 1037//1807
f 1037//1808 995//1808 997//1808
f 1037//1809 997//1809 1038//1809
f 1038//1810 997//1810 999//1810
f 1038//1811 999//1811 1039//1811
f 1039//1812 999//1812 1001//1812
f 1039//1813 1001//1813 1003//1813
f 1039//1814 1003//1814 1040//1814
f 1040//1815 1003//1815 1041//1815
f 1041//1816 1003//1816 1005//1816
f 1041//1817 1005//1817 1042//1817
f 1042//1818 1005//1818 1007//1818
f 1042//1819 1007//1819 1043//1819
f 1043//1820 1007//1820 1009//1820
f 1043//1821 1009//1821 1044//1821
f 1044//1822 1009//1822 1011//1822
f 1044//1823 1011//1823 1045//1823
f 1045//1824 1011//1824 1013//1824
f 1045//1825 1013//1825 1046//1825
f 1046//1826 1013//1826 1015//1826
f 1046//1827 1015//1827 1047//1827
f 1047//1828 1015//1828 1017//1828
f 1047//1829 1017//1829 1048//1829
f 1048//1830 1017//1830 1019//1830
f 1048//1831 1019//1831 1049//1831
f 1049//1832 1019//1832 1021//1832
f 1049//1833 1021//1833 1050//1833
f 1050//1834 1021//1834 1023//1834
f 1050//1835 1023//1835 1051//1835
f 1051//1836 1023//1836 1025//1836
f 1051//1837 1025//1837 1052//1837
f 1052//1838 1025//1838 1027//1838
f 1052//1839 1027//1839 1053//1839
f 1053//1840 1027//1840 1029//1840
f 1053//1841 1029//1841 956//1841
f 1053//1842 956//1842 1054//1842
f 1054//1843 956//1843 1055//1843
f 1055//1844 956//1844 955//1844
f 1055//1845 955//1845 1056//1845
f 1056//1846 955//1846 940//1846
f 1056//1847 940//1847 1057//1847
f 1057//1848 940//1848 942//1848
f 1057//1849 942//1849 1058//1849
f 1058//1850 942//1850 944//1850
f 1058//1851 944//1851 959//1851
f 1058//1852 959//1852 1059//1852
f 1059//1853 959//1853 1060//1853
f 1060//1854 959//1854 961//1854
f 1060//1855 961//1855 1061//1855
f 1061//1856 961//1856 963//1856
f 1061//1857 963//1857 1062//1857
f 1062//1858 963//1858 965//1858
f 1062//1859 965//1859 1063//1859
f 1063//1860 965//1860 967//1860
f 1063//1861 967//1861 1064//1861
f 1064//1862 967//1862 969//1862
f 1064//1863 969//1863 1065//1863
f 1065//1864 969//1864 971//1864
f 1065//1865 971//1865 1066//1865
f 1066//1866 971//1866 973//1866
f 1066//1867 973//1867 1067//1867
f 1067//1868 973//1868 975//1868
f 1067//1869 975//1869 1068//1869
f 1068//1870 975//1870 977//1870
f 1068//1871 977//1871 1069//1871
f 1069//1872 977//1872 979//1872
f 1069//1873 979//1873 1070//1873
f 1070//1874 979//1874 981//1874
f 1070//1875 981//1875 1071//1875
f 1071//1876 981//1876 983//1876
f 1071//1877 983//1877 1072//1877
f 1072//1878 983//1878 985//1878
f 1072//1879 985//1879 1073//1879
f 1073//1880 985//1880 987//1880
f 1073//1881 987//1881 1074//1881
f 1074//1882 987//1882 989//1882
f 1074//1883 989//1883 1075//1883
f 1075//1884 989//1884 946//1884
f 1075//1885 946//1885 1076//1885
f 1076//1886 946//1886 945//1886
f 1076//1887 945//1887 948//1887
f 1076//1888 948//1888 1077//1888
f 1077//1889 948//1889 1032//1889
f 1032//1890 948//1890 950//1890
f 1056//1891 1078//1891 1055//1891
f 1055//1892 1078//1892 1079//1892
f 1055//1893 1079//1893 1054//1893
f 1054//1894 1079//1894 1080//1894
f 1054//1895 1080//1895 1053//1895
f 1052//1896 1053//1896 1081//1896
f 1052//1897 1081//1897 1051//1897
f 1051//1898 1081//1898 1082//1898
f 1051//1899 1082//1899 1050//1899
f 1050//1900 1082//1900 1083//1900
f 1050//1901 1083//1901 1049//1901
f 1049//1902 1083//1902 1084//1902
f 1049//1903 1084//1903 1048//1903
f 1048//1904 1084//1904 1085//1904
f 1048//1905 1085//1905 1047//1905
f 1047//1906 1085//1906 1086//1906
f 1047//1907 1086//1907 1046//1907
f 1046//1908 1086//1908 1087//1908
f 1046//1909 1087//1909 1045//1909
f 1045//1910 1087//1910 1088//1910
f 1045//1911 1088//1911 1044//1911
f 1044//1912 1088//1912 1089//1912
f 1044//1913 1089//1913 1043//1913
f 1043//1914 1089//1914 1090//1914
f 1043//1915 1090//1915 1042//1915
f 1042//1916 1090//1916 1091//1916
f 1042//1917 1091//1917 1041//1917
f 1041//1918 1091//1918 1092//1918
f 1041//1919 1092//1919 1040//1919
f 1040//1920 1092//1920 1093//1920
f 1040//1921 1093//1921 1039//1921
f 1039//1922 1093//1922 1094//1922
f 1039//1923 1094//1923 1038//1923
f 1038//1924 1094//1924 1095//1924
f 1038//1925 1095//1925 1037//1925
f 1037//1926 1095//1926 1096//1926
f 1037//1927 1096//1927 1036//1927
f 1036//1928 1096//1928 1097//1928
f 1036//1929 1097//1929 1035//1929
f 1035//1930 1097//1930 1098//1930
f 1035//1931 1098//1931 1034//1931
f 1034//1932 1098//1932 1099//1932
f 1034//1933 1099//1933 1033//1933
f 1033//1934 1099//1934 1100//1934
f 1033//1935 1100//1935 1032//1935
f 1032//1936 1100//1936 1101//1936
f 1032//1937 1101//1937 1077//1937
f 1077//1938 1101//1938 1102//1938
f 1077//1939 1102//1939 1076//1939
f 1076//1940 1102//1940 1103//1940
f 1076//1941 1103//1941 1075//1941
f 1075//1942 1103//1942 1104//1942
f 1075//1943 1104//1943 1074//1943
f 1074//1944 1104//1944 1105//1944
f 1074//1945 1105//1945 1073//1945
f 1073//1946 1105//1946 1106//1946
f 1073//1947 1106//1947 1072//1947
f 1072//1948 1106//1948 1107//1948
f 1072//1949 1107//1949 1071//1949
f 1071//1950 1107//1950 1108//1950
f 1071//1951 1108//1951 1070//1951
f 1070//1952 1108//1952 1109//1952
f 1070//1953 1109//1953 1069//1953
f 1069//1954 1109//1954 1110//1954
f 1069//1955 1110//1955 1068//1955
f 1068//1956 1110//1956 1111//1956
f 1068//1957 1111//1957 1067//1957
f 1067//1958 1111//1958 1112//1958
f 1067//1959 1112//1959 1066//1959
f 1066//1960 1112//1960 1113//1960
f 1066//1961 1113//1961 1065//1961
f 1065//1962 1113//1962 1114//1962
f 1065//1963 1114//1963 1064//1963
f 1064//1964 1114//1964 1115//1964
f 1064//1965 1115//1965 1063//1965
f 1063//1966 1115//1966 1116//1966
f 1063//1967 1116//1967 1062//1967
f 1062//1968 1116//1968 1117//1968
f 1062//1969 1117//1969 1061//1969
f 1061//1970 1117//1970 1118//1970
f 1061//1971 1118//1971 1060//1971
f 1060//1972 1118//1972 1119//1972
f 1060//1973 1119//1973 1059//1973
f 1059//1974 1119//1974 1120//1974
f 1059//1975 1120//1975 1058//1975
f 1058//1976 1120//1976 1121//1976
f 1058//1977 1121//1977 1057//1977
f 1057//1978 1121//1978 1122//1978
f 1057//1979 1122//1979 1056//1979
f 1056//1980 1122//1980 1078//1980
f 1053//1981 1080//1981 1123//1981
f 1053//1982 1123//1982 1081//1982
f 1080//1983 1079//1983 1124//1983
f 1081//1984 1123//1984 1125//1984
f 1082//1985 1081//1985 1126//1985
f 1084//1986 1083//1986 1127//1986
f 1086//1987 1085//1987 1128//1987
f 1087//1988 1086//1988 1129//1988
f 1088//1989 1087//1989 1130//1989
f 1090//1990 1089//1990 1131//1990
f 1091//1991 1090//1991 1132//1991
f 1093//1992 1092//1992 1133//1992
f 1094//1993 1093//1993 1134//1993
f 1099//1994 1098//1994 1135//1994
f 1100//1995 1099//1995 1136//1995
f 1102//1996 1101//1996 1137//1996
f 1103//1997 1102//1997 1138//1997
f 1108//1998 1107//1998 1139//1998
f 1109//1999 1108//1999 1140//1999
f 1110//2000 1109//2000 1141//2000
f 1111//2001 1110//2001 1142//2001
f 1113//2002 1112//2002 1143//2002
f 1114//2003 1113//2003 1144//2003
f 1116//2004 1115//2004 1145//2004
f 1117//2005 1116//2005 1146//2005
f 1122//2006 1121//2006 1147//2006
f 1078//2007 1122//2007 1148//2007
f 1149//2008 1150//2008 1151//2008
f 1149//2009 1151//2009 1152//2009
f 1153//2010 1154//2010 1155//2010
f 1153//2011 1155//2011 1148//2011
f 1156//2012 1157//2012 1120//2012
f 1156//2013 1120//2013 1119//2013
f 1158//2014 1159//2014 1137//2014
f 1158//2015 1137//2015 1160//2015
f 1161//2016 1162//2016 1097//2016
f 1161//2017 1097//2017 1096//2017
f 1163//2018 1164//2018 1165//2018
f 1166//2019 1167//2019 1142//2019
f 1166//2020 1142//2020 1141//2020
f 1168//2021 1169//2021 1106//2021
f 1168//2022 1106//2022 1105//2022
f 1170//2023 1153//2023 1148//2023
f 1170//2024 1148//2024 1147//2024
f 1171//2025 1156//2025 1119//2025
f 1171//2026 1119//2026 1118//2026
f 1172//2027 1173//2027 1174//2027
f 1172//2028 1174//2028 1159//2028
f 1175//2029 1161//2029 1096//2029
f 1175//2030 1096//2030 1095//2030
f 1176//2031 1163//2031 1165//2031
f 1176//2032 1165//2032 1177//2032
f 1178//2033 1179//2033 1180//2033
f 1178//2034 1180//2034 1167//2034
f 1181//2035 1166//2035 1141//2035
f 1181//2036 1141//2036 1182//2036
f 1182//2037 1141//2037 1140//2037
f 1182//2038 1140//2038 1139//2038
f 1183//2039 1168//2039 1105//2039
f 1183//2040 1105//2040 1104//2040
f 1184//2041 1152//2041 1185//2041
f 1184//2042 1185//2042 1154//2042
f 1186//2043 1170//2043 1147//2043
f 1186//2044 1147//2044 1157//2044
f 1187//2045 1171//2045 1118//2045
f 1187//2046 1118//2046 1117//2046
f 1188//2047 1189//2047 1190//2047
f 1188//2048 1190//2048 1173//2048
f 1191//2049 1158//2049 1160//2049
f 1191//2050 1160//2050 1136//2050
f 1192//2051 1175//2051 1095//2051
f 1192//2052 1095//2052 1094//2052
f 1193//2053 1176//2053 1177//2053
f 1193//2054 1177//2054 1179//2054
f 1194//2055 1178//2055 1167//2055
f 1194//2056 1167//2056 1166//2056
f 1195//2057 1182//2057 1139//2057
f 1195//2058 1139//2058 1169//2058
f 1196//2059 1183//2059 1104//2059
f 1196//2060 1104//2060 1103//2060
f 1111//2061 1142//2061 1197//2061
f 1145//2062 1198//2062 1165//2062
f 1145//2063 1165//2063 1164//2063
f 1199//2064 1200//2064 1201//2064
f 1199//2065 1201//2065 1202//2065
f 1203//2066 1204//2066 1205//2066
f 1203//2067 1205//2067 1206//2067
f 1113//2068 1143//2068 1144//2068
f 1116//2069 1145//2069 1146//2069
f 1156//2070 1171//2070 1207//2070
f 1156//2071 1207//2071 1157//2071
f 1152//2072 1184//2072 1208//2072
f 1152//2073 1208//2073 1149//2073
f 1122//2074 1147//2074 1148//2074
f 1209//2075 1124//2075 1185//2075
f 1209//2076 1185//2076 1125//2076
f 1125//2077 1185//2077 1152//2077
f 1125//2078 1152//2078 1151//2078
f 1210//2079 1211//2079 1212//2079
f 1210//2080 1212//2080 1213//2080
f 1080//2081 1124//2081 1209//2081
f 1214//2082 1126//2082 1211//2082
f 1214//2083 1211//2083 1210//2083
f 1081//2084 1125//2084 1126//2084
f 1215//2085 1127//2085 1216//2085
f 1215//2086 1216//2086 1128//2086
f 1128//2087 1216//2087 1217//2087
f 1128//2088 1217//2088 1218//2088
f 1219//2089 1220//2089 1221//2089
f 1219//2090 1221//2090 1222//2090
f 1084//2091 1127//2091 1215//2091
f 1086//2092 1128//2092 1129//2092
f 1131//2093 1223//2093 1224//2093
f 1131//2094 1224//2094 1225//2094
f 1226//2095 1227//2095 1228//2095
f 1226//2096 1228//2096 1229//2096
f 1230//2097 1229//2097 1231//2097
f 1230//2098 1231//2098 1232//2098
f 1087//2099 1129//2099 1130//2099
f 1132//2100 1131//2100 1225//2100
f 1132//2101 1225//2101 1233//2101
f 1133//2102 1233//2102 1234//2102
f 1133//2103 1234//2103 1227//2103
f 1235//2104 1230//2104 1232//2104
f 1235//2105 1232//2105 1236//2105
f 1088//2106 1130//2106 1223//2106
f 1237//2107 1132//2107 1233//2107
f 1237//2108 1233//2108 1133//2108
f 1090//2109 1131//2109 1132//2109
f 1134//2110 1133//2110 1227//2110
f 1134//2111 1227//2111 1226//2111
f 1191//2112 1238//2112 1239//2112
f 1191//2113 1239//2113 1240//2113
f 1093//2114 1133//2114 1134//2114
f 1162//2115 1161//2115 1235//2115
f 1162//2116 1235//2116 1241//2116
f 1099//2117 1135//2117 1136//2117
f 1195//2118 1242//2118 1243//2118
f 1195//2119 1243//2119 1244//2119
f 1181//2120 1244//2120 1245//2120
f 1181//2121 1245//2121 1246//2121
f 1102//2122 1137//2122 1138//2122
f 1166//2123 1181//2123 1246//2123
f 1166//2124 1246//2124 1194//2124
f 1108//2125 1139//2125 1140//2125
f 1197//2126 1142//2126 1167//2126
f 1197//2127 1167//2127 1180//2127
f 1202//2128 1204//2128 1207//2128
f 1202//2129 1207//2129 1199//2129
f 1164//2130 1200//2130 1146//2130
f 1164//2131 1146//2131 1145//2131
f 1197//2132 1143//2132 1112//2132
f 1197//2133 1112//2133 1111//2133
f 1114//2134 1144//2134 1198//2134
f 1187//2135 1146//2135 1200//2135
f 1187//2136 1200//2136 1199//2136
f 1247//2137 1248//2137 1153//2137
f 1247//2138 1153//2138 1206//2138
f 1206//2139 1153//2139 1170//2139
f 1206//2140 1170//2140 1203//2140
f 1203//2141 1170//2141 1186//2141
f 1203//2142 1186//2142 1204//2142
f 1204//2143 1186//2143 1157//2143
f 1204//2144 1157//2144 1207//2144
f 1199//2145 1207//2145 1171//2145
f 1199//2146 1171//2146 1187//2146
f 1198//2147 1145//2147 1115//2147
f 1198//2148 1115//2148 1114//2148
f 1117//2149 1146//2149 1187//2149
f 1154//2150 1153//2150 1248//2150
f 1154//2151 1248//2151 1184//2151
f 1249//2152 1250//2152 1217//2152
f 1249//2153 1217//2153 1213//2153
f 1150//2154 1212//2154 1211//2154
f 1150//2155 1211//2155 1151//2155
f 1154//2156 1185//2156 1124//2156
f 1154//2157 1124//2157 1155//2157
f 1157//2158 1147//2158 1121//2158
f 1157//2159 1121//2159 1120//2159
f 1078//2160 1148//2160 1155//2160
f 1216//2161 1210//2161 1213//2161
f 1216//2162 1213//2162 1217//2162
f 1220//2163 1250//2163 1251//2163
f 1220//2164 1251//2164 1221//2164
f 1250//2165 1220//2165 1218//2165
f 1250//2166 1218//2166 1217//2166
f 1151//2167 1211//2167 1126//2167
f 1151//2168 1126//2168 1125//2168
f 1155//2169 1124//2169 1079//2169
f 1155//2170 1079//2170 1078//2170
f 1210//2171 1216//2171 1127//2171
f 1210//2172 1127//2172 1214//2172
f 1209//2173 1125//2173 1123//2173
f 1209//2174 1123//2174 1080//2174
f 1082//2175 1126//2175 1214//2175
f 1129//2176 1128//2176 1218//2176
f 1129//2177 1218//2177 1130//2177
f 1130//2178 1218//2178 1220//2178
f 1130//2179 1220//2179 1219//2179
f 1224//2180 1219//2180 1222//2180
f 1224//2181 1222//2181 1225//2181
f 1225//2182 1222//2182 1252//2182
f 1225//2183 1252//2183 1253//2183
f 1234//2184 1253//2184 1254//2184
f 1234//2185 1254//2185 1255//2185
f 1253//2186 1234//2186 1233//2186
f 1253//2187 1233//2187 1225//2187
f 1214//2188 1127//2188 1083//2188
f 1214//2189 1083//2189 1082//2189
f 1256//2190 1231//2190 1229//2190
f 1256//2191 1229//2191 1228//2191
f 1255//2192 1228//2192 1227//2192
f 1255//2193 1227//2193 1234//2193
f 1219//2194 1224//2194 1223//2194
f 1219//2195 1223//2195 1130//2195
f 1215//2196 1128//2196 1085//2196
f 1215//2197 1085//2197 1084//2197
f 1257//2198 1239//2198 1238//2198
f 1257//2199 1238//2199 1236//2199
f 1236//2200 1238//2200 1241//2200
f 1236//2201 1241//2201 1235//2201
f 1229//2202 1230//2202 1258//2202
f 1229//2203 1258//2203 1226//2203
f 1223//2204 1131//2204 1089//2204
f 1223//2205 1089//2205 1088//2205
f 1091//2206 1132//2206 1237//2206
f 1192//2207 1134//2207 1226//2207
f 1192//2208 1226//2208 1258//2208
f 1158//2209 1191//2209 1240//2209
f 1158//2210 1240//2210 1259//2210
f 1259//2211 1172//2211 1159//2211
f 1259//2212 1159//2212 1158//2212
f 1230//2213 1235//2213 1161//2213
f 1230//2214 1161//2214 1258//2214
f 1258//2215 1161//2215 1175//2215
f 1258//2216 1175//2216 1192//2216
f 1237//2217 1133//2217 1092//2217
f 1237//2218 1092//2218 1091//2218
f 1094//2219 1134//2219 1192//2219
f 1135//2220 1162//2220 1241//2220
f 1135//2221 1241//2221 1136//2221
f 1136//2222 1241//2222 1238//2222
f 1136//2223 1238//2223 1191//2223
f 1173//2224 1172//2224 1260//2224
f 1173//2225 1260//2225 1188//2225
f 1189//2226 1243//2226 1242//2226
f 1189//2227 1242//2227 1190//2227
f 1159//2228 1174//2228 1138//2228
f 1159//2229 1138//2229 1137//2229
f 1162//2230 1135//2230 1098//2230
f 1162//2231 1098//2231 1097//2231
f 1100//2232 1136//2232 1160//2232
f 1196//2233 1138//2233 1174//2233
f 1196//2234 1174//2234 1183//2234
f 1183//2235 1174//2235 1173//2235
f 1183//2236 1173//2236 1190//2236
f 1244//2237 1181//2237 1182//2237
f 1244//2238 1182//2238 1195//2238
f 1190//2239 1242//2239 1168//2239
f 1190//2240 1168//2240 1183//2240
f 1160//2241 1137//2241 1101//2241
f 1160//2242 1101//2242 1100//2242
f 1103//2243 1138//2243 1196//2243
f 1169//2244 1168//2244 1242//2244
f 1169//2245 1242//2245 1195//2245
f 1179//2246 1178//2246 1261//2246
f 1179//2247 1261//2247 1193//2247
f 1163//2248 1262//2248 1164//2248
f 1179//2249 1177//2249 1263//2249
f 1179//2250 1263//2250 1180//2250
f 1169//2251 1139//2251 1107//2251
f 1169//2252 1107//2252 1106//2252
f 1109//2253 1140//2253 1141//2253
f 1143//2254 1197//2254 1180//2254
f 1143//2255 1180//2255 1263//2255
f 1198//2256 1263//2256 1177//2256
f 1198//2257 1177//2257 1165//2257
f 1110//2258 1141//2258 1142//2258
f 1144//2259 1143//2259 1263//2259
f 1144//2260 1263//2260 1198//2260
f 1200//2261 1164//2261 1262//2261
f 1200//2262 1262//2262 1201//2262
f 1204//2263 1202//2263 1264//2263
f 1204//2264 1264//2264 1205//2264
f 1206//2265 1265//2265 1247//2265
f 1247//2266 1265//2266 1266//2266
f 1247//2267 1266//2267 1248//2267
f 1248//2268 1266//2268 1267//2268
f 1248//2269 1267//2269 1184//2269
f 1184//2270 1267//2270 1268//2270
f 1184//2271 1268//2271 1208//2271
f 1208//2272 1268//2272 1269//2272
f 1208//2273 1269//2273 1149//2273
f 1149//2274 1269//2274 1270//2274
f 1149//2275 1270//2275 1150//2275
f 1150//2276 1270//2276 1271//2276
f 1150//2277 1271//2277 1212//2277
f 1212//2278 1271//2278 1272//2278
f 1212//2279 1272//2279 1213//2279
f 1213//2280 1272//2280 1273//2280
f 1213//2281 1273//2281 1249//2281
f 1249//2282 1273//2282 1274//2282
f 1249//2283 1274//2283 1250//2283
f 1250//2284 1274//2284 1275//2284
f 1250//2285 1275//2285 1251//2285
f 1251//2286 1275//2286 1276//2286
f 1251//2287 1276//2287 1221//2287
f 1221//2288 1276//2288 1277//2288
f 1221//2289 1277//2289 1222//2289
f 1222//2290 1277//2290 1278//2290
f 1222//2291 1278//2291 1252//2291
f 1252//2292 1278//2292 1279//2292
f 1252//2293 1279//2293 1253//2293
f 1253//2294 1279//2294 1280//2294
f 1253//2295 1280//2295 1254//2295
f 1254//2296 1280//2296 1281//2296
f 1254//2297 1281//2297 1282//2297
f 1254//2298 1282//2298 1255//2298
f 1255//2299 1282//2299 1228//2299
f 1228//2300 1282//2300 1283//2300
f 1228//2301 1283//2301 1256//2301
f 1256//2302 1283//2302 1284//2302
f 1256//2303 1284//2303 1231//2303
f 1231//2304 1284//2304 1285//2304
f 1231//2305 1285//2305 1232//2305
f 1232//2306 1285//2306 1286//2306
f 1232//2307 1286//2307 1236//2307
f 1236//2308 1286//2308 1287//2308
f 1236//2309 1287//2309 1257//2309
f 1257//2310 1287//2310 1288//2310
f 1257//2311 1288//2311 1239//2311
f 1239//2312 1288//2312 1289//2312
f 1239//2313 1289//2313 1240//2313
f 1240//2314 1289//2314 1290//2314
f 1240//2315 1290//2315 1259//2315
f 1259//2316 1290//2316 1291//2316
f 1259//2317 1291//2317 1292//2317
f 1259//2318 1292//2318 1172//2318
f 1172//2319 1292//2319 1260//2319
f 1260//2320 1292//2320 1293//2320
f 1260//2321 1293//2321 1188//2321
f 1188//2322 1293//2322 1294//2322
f 1188//2323 1294//2323 1189//2323
f 1189//2324 1294//2324 1295//2324
f 1189//2325 1295//2325 1243//2325
f 1243//2326 1295//2326 1296//2326
f 1243//2327 1296//2327 1244//2327
f 1244//2328 1296//2328 1297//2328
f 1244//2329 1297//2329 1245//2329
f 1245//2330 1297//2330 1298//2330
f 1245//2331 1298//2331 1246//2331
f 1246//2332 1298//2332 1299//2332
f 1246//2333 1299//2333 1300//2333
f 1246//2334 1300//2334 1194//2334
f 1194//2335 1300//2335 1301//2335
f 1194//2336 1301//2336 1178//2336
f 1178//2337 1301//2337 1261//2337
f 1261//2338 1301//2338 1302//2338
f 1261//2339 1302//2339 1193//2339
f 1193//2340 1302//2340 1303//2340
f 1193//2341 1303//2341 1176//2341
f 1176//2342 1303//2342 1304//2342
f 1176//2343 1304//2343 1163//2343
f 1163//2344 1304//2344 1305//2344
f 1163//2345 1305//2345 1262//2345
f 1262//2346 1305//2346 1306//2346
f 1262//2347 1306//2347 1201//2347
f 1201//2348 1306//2348 1307//2348
f 1201//2349 1307//2349 1202//2349
f 1202//2350 1307//2350 1308//2350
f 1202//2351 1308//2351 1264//2351
f 1264//2352 1308//2352 1309//2352
f 1264//2353 1309//2353 1205//2353
f 1205//2354 1309//2354 1310//2354
f 1205//2355 1310//2355 1206//2355
f 1206//2356 1310//2356 1265//2356
f 1311//2357 1286//2357 1285//2357
f 1312//2358 1291//2358 1290//2358
f 1313//2359 1311//2359 1285//2359
f 1313//2360 1285//2360 1284//2360
f 1314//2361 1312//2361 1290//2361
f 1314//2362 1290//2362 1289//2362
f 1267//2363 1266//2363 1315//2363
f 1267//2364 1315//2364 1316//2364
f 1269//2365 1268//2365 1317//2365
f 1269//2366 1317//2366 1318//2366
f 1272//2367 1271//2367 1319//2367
f 1272//2368 1319//2368 1320//2368
f 1274//2369 1273//2369 1321//2369
f 1274//2370 1321//2370 1322//2370
f 1275//2371 1274//2371 1322//2371
f 1275//2372 1322//2372 1323//2372
f 1277//2373 1276//2373 1324//2373
f 1277//2374 1324//2374 1325//2374
f 1279//2375 1278//2375 1326//2375
f 1326//2376 1278//2376 1327//2376
f 1280//2377 1279//2377 1326//2377
f 1280//2378 1326//2378 1328//2378
f 1282//2379 1281//2379 1329//2379
f 1282//2380 1329//2380 1330//2380
f 1295//2381 1294//2381 1331//2381
f 1295//2382 1331//2382 1332//2382
f 1297//2383 1296//2383 1333//2383
f 1297//2384 1333//2384 1334//2384
f 1298//2385 1297//2385 1334//2385
f 1298//2386 1334//2386 1335//2386
f 1300//2387 1299//2387 1336//2387
f 1300//2388 1336//2388 1337//2388
f 1302//2389 1301//2389 1338//2389
f 1338//2390 1301//2390 1339//2390
f 1303//2391 1302//2391 1338//2391
f 1303//2392 1338//2392 1340//2392
f 1305//2393 1304//2393 1341//2393
f 1305//2394 1341//2394 1342//2394
f 1308//2395 1307//2395 1343//2395
f 1343//2396 1307//2396 1344//2396
f 1310//2397 1309//2397 1345//2397
f 1310//2398 1345//2398 1346//2398
f 1315//2399 1347//2399 1316//2399
f 1348//2400 1317//2400 1316//2400
f 1316//2401 1317//2401 1268//2401
f 1316//2402 1268//2402 1267//2402
f 1317//2403 1349//2403 1318//2403
f 1270//2404 1269//2404 1318//2404
f 1270//2405 1318//2405 1350//2405
f 1350//2406 1318//2406 1351//2406
f 1350//2407 1319//2407 1271//2407
f 1350//2408 1271//2408 1270//2408
f 1319//2409 1352//2409 1320//2409
f 1353//2410 1321//2410 1320//2410
f 1320//2411 1321//2411 1272//2411
f 1272//2412 1321//2412 1273//2412
f 1321//2413 1354//2413 1322//2413
f 1355//2414 1324//2414 1323//2414
f 1323//2415 1324//2415 1276//2415
f 1323//2416 1276//2416 1275//2416
f 1324//2417 1356//2417 1325//2417
f 1357//2418 1327//2418 1325//2418
f 1325//2419 1327//2419 1278//2419
f 1325//2420 1278//2420 1277//2420
f 1358//2421 1329//2421 1328//2421
f 1328//2422 1329//2422 1281//2422
f 1328//2423 1281//2423 1280//2423
f 1327//2424 1359//2424 1326//2424
f 1283//2425 1282//2425 1360//2425
f 1360//2426 1282//2426 1330//2426
f 1360//2427 1330//2427 1361//2427
f 1329//2428 1362//2428 1330//2428
f 1284//2429 1283//2429 1360//2429
f 1284//2430 1360//2430 1313//2430
f 1313//2431 1363//2431 1311//2431
f 1311//2432 1364//2432 1286//2432
f 1286//2433 1364//2433 1287//2433
f 1311//2434 1365//2434 1364//2434
f 1364//2435 1366//2435 1287//2435
f 1288//2436 1287//2436 1367//2436
f 1367//2437 1287//2437 1366//2437
f 1367//2438 1366//2438 1368//2438
f 1364//2439 1369//2439 1366//2439
f 1289//2440 1288//2440 1367//2440
f 1289//2441 1367//2441 1314//2441
f 1314//2442 1370//2442 1312//2442
f 1312//2443 1371//2443 1291//2443
f 1291//2444 1371//2444 1292//2444
f 1312//2445 1372//2445 1371//2445
f 1371//2446 1373//2446 1292//2446
f 1371//2447 1374//2447 1373//2447
f 1293//2448 1292//2448 1373//2448
f 1293//2449 1373//2449 1375//2449
f 1375//2450 1373//2450 1376//2450
f 1375//2451 1331//2451 1293//2451
f 1293//2452 1331//2452 1294//2452
f 1331//2453 1377//2453 1332//2453
f 1378//2454 1333//2454 1332//2454
f 1332//2455 1333//2455 1296//2455
f 1332//2456 1296//2456 1295//2456
f 1379//2457 1336//2457 1335//2457
f 1335//2458 1336//2458 1299//2458
f 1335//2459 1299//2459 1298//2459
f 1333//2460 1380//2460 1334//2460
f 1336//2461 1381//2461 1337//2461
f 1382//2462 1339//2462 1337//2462
f 1337//2463 1339//2463 1301//2463
f 1337//2464 1301//2464 1300//2464
f 1383//2465 1341//2465 1340//2465
f 1340//2466 1341//2466 1304//2466
f 1340//2467 1304//2467 1303//2467
f 1339//2468 1384//2468 1338//2468
f 1306//2469 1305//2469 1342//2469
f 1306//2470 1342//2470 1385//2470
f 1385//2471 1342//2471 1386//2471
f 1341//2472 1387//2472 1342//2472
f 1385//2473 1344//2473 1307//2473
f 1385//2474 1307//2474 1306//2474
f 1344//2475 1388//2475 1343//2475
f 1389//2476 1345//2476 1343//2476
f 1343//2477 1345//2477 1309//2477
f 1343//2478 1309//2478 1308//2478
f 1345//2479 1390//2479 1346//2479
f 1265//2480 1310//2480 1346//2480
f 1265//2481 1346//2481 1391//2481
f 1391//2482 1346//2482 1392//2482
f 1266//2483 1265//2483 1391//2483
f 1266//2484 1391//2484 1315//2484
f 1393//2485 1394//2485 1395//2485
f 1395//2486 1394//2486 1396//2486
f 1395//2487 1396//2487 1397//2487
f 1398//2485 1399//2485 1395//2485
f 1395//2488 1399//2488 1400//2488
f 1395//2489 1400//2489 1393//2489
f 1401//2490 1402//2490 1395//2490
f 1395//2491 1402//2491 1403//2491
f 1395//2492 1403//2492 1398//2492
f 1395//2493 1404//2493 1401//2493
f 1405//2494 1406//2494 1395//2494
f 1395//2495 1406//2495 1407//2495
f 1395//2496 1407//2496 1408//2496
f 1409//2485 1410//2485 1395//2485
f 1395//2497 1410//2497 1411//2497
f 1395//2498 1411//2498 1405//2498
f 1412//2485 1413//2485 1395//2485
f 1395//2499 1413//2499 1414//2499
f 1395//2500 1414//2500 1409//2500
f 1415//2485 1416//2485 1395//2485
f 1395//2501 1416//2501 1417//2501
f 1395//2502 1417//2502 1412//2502
f 1418//2485 1419//2485 1395//2485
f 1395//2485 1419//2485 1420//2485
f 1395//2485 1420//2485 1415//2485
f 1421//2485 1422//2485 1395//2485
f 1395//2485 1422//2485 1423//2485
f 1395//2485 1423//2485 1418//2485
f 1424//2485 1425//2485 1395//2485
f 1395//2485 1425//2485 1426//2485
f 1395//2485 1426//2485 1421//2485
f 1397//2485 1427//2485 1395//2485
f 1395//2503 1427//2503 1428//2503
f 1395//2504 1428//2504 1424//2504
f 1429//2505 1430//2505 1411//2505
f 1407//2506 1431//2506 1432//2506
f 1407//2507 1432//2507 1408//2507
f 1408//2508 1432//2508 1433//2508
f 1406//2509 1434//2509 1407//2509
f 1407//2510 1434//2510 1435//2510
f 1435//2511 1431//2511 1407//2511
f 1405//2512 1436//2512 1437//2512
f 1405//2513 1437//2513 1406//2513
f 1406//2514 1437//2514 1434//2514
f 1411//2515 1430//2515 1405//2515
f 1405//2516 1430//2516 1438//2516
f 1405//2517 1438//2517 1436//2517
f 1410//2518 1439//2518 1411//2518
f 1411//2519 1439//2519 1429//2519
f 1409//2520 1440//2520 1441//2520
f 1410//2521 1442//2521 1439//2521
f 1409//2522 1441//2522 1410//2522
f 1410//2523 1441//2523 1442//2523
f 1414//2524 1443//2524 1440//2524
f 1414//2525 1440//2525 1409//2525
f 1444//2526 1414//2526 1413//2526
f 1444//2527 1445//2527 1414//2527
f 1414//2528 1445//2528 1443//2528
f 1413//2529 1446//2529 1444//2529
f 1446//2530 1413//2530 1447//2530
f 1447//2531 1413//2531 1412//2531
f 1417//2532 1448//2532 1449//2532
f 1417//2533 1449//2533 1450//2533
f 1417//2534 1450//2534 1412//2534
f 1412//2535 1450//2535 1447//2535
f 1448//2536 1417//2536 1451//2536
f 1451//2537 1417//2537 1416//2537
f 1452//2538 1453//2538 1415//2538
f 1415//2539 1453//2539 1454//2539
f 1416//2540 1455//2540 1451//2540
f 1415//2541 1454//2541 1416//2541
f 1416//2542 1454//2542 1455//2542
f 1456//2543 1420//2543 1457//2543
f 1420//2544 1456//2544 1415//2544
f 1456//2545 1458//2545 1415//2545
f 1415//2546 1458//2546 1452//2546
f 1459//2547 1460//2547 1419//2547
f 1419//2548 1460//2548 1461//2548
f 1419//2549 1461//2549 1420//2549
f 1420//2550 1461//2550 1457//2550
f 1462//2551 1418//2551 1423//2551
f 1462//2552 1463//2552 1418//2552
f 1418//2553 1463//2553 1464//2553
f 1418//2554 1464//2554 1419//2554
f 1419//2555 1464//2555 1465//2555
f 1419//2556 1465//2556 1459//2556
f 1433//2557 1466//2557 1408//2557
f 1408//2558 1466//2558 1467//2558
f 1408//2559 1467//2559 1395//2559
f 1467//2560 1468//2560 1395//2560
f 1395//2561 1468//2561 1469//2561
f 1395//2562 1469//2562 1404//2562
f 1469//2563 1470//2563 1404//2563
f 1404//2564 1470//2564 1471//2564
f 1404//2565 1471//2565 1401//2565
f 1401//2566 1471//2566 1472//2566
f 1401//2567 1472//2567 1402//2567
f 1472//2568 1473//2568 1402//2568
f 1402//2569 1473//2569 1474//2569
f 1402//2570 1474//2570 1403//2570
f 1474//2571 1475//2571 1403//2571
f 1403//2572 1475//2572 1476//2572
f 1403//2573 1476//2573 1398//2573
f 1398//2574 1476//2574 1477//2574
f 1398//2575 1477//2575 1399//2575
f 1399//2576 1477//2576 1478//2576
f 1399//2577 1478//2577 1400//2577
f 1400//2578 1478//2578 1479//2578
f 1400//2579 1479//2579 1393//2579
f 1393//2580 1479//2580 1480//2580
f 1393//2581 1480//2581 1394//2581
f 1394//2582 1480//2582 1481//2582
f 1394//2583 1481//2583 1396//2583
f 1396//2584 1481//2584 1482//2584
f 1396//2585 1482//2585 1397//2585
f 1397//2586 1482//2586 1483//2586
f 1397//2587 1483//2587 1427//2587
f 1427//2588 1483//2588 1484//2588
f 1427//2589 1484//2589 1428//2589
f 1428//2590 1484//2590 1485//2590
f 1428//2591 1485//2591 1424//2591
f 1424//2592 1485//2592 1486//2592
f 1424//2593 1486//2593 1425//2593
f 1425//2594 1486//2594 1487//2594
f 1425//2595 1487//2595 1426//2595
f 1426//2596 1487//2596 1488//2596
f 1426//2597 1488//2597 1421//2597
f 1421//2598 1488//2598 1489//2598
f 1421//2599 1489//2599 1422//2599
f 1422//2600 1489//2600 1490//2600
f 1422//2601 1490//2601 1423//2601
f 1423//2602 1490//2602 1491//2602
f 1423//2603 1491//2603 1462//2603
f 1483//2604 1492//2604 1493//2604
f 1488//2605 1494//2605 1489//2605
f 1489//2606 1494//2606 1495//2606
f 1489//2607 1495//2607 1490//2607
f 1483//2608 1493//2608 1484//2608
f 1484//2609 1493//2609 1496//2609
f 1484//2610 1496//2610 1485//2610
f 1485//2611 1496//2611 1497//2611
f 1485//2612 1497//2612 1486//2612
f 1486//2613 1497//2613 1498//2613
f 1486//2614 1498//2614 1487//2614
f 1487//2615 1498//2615 1499//2615
f 1487//2616 1499//2616 1488//2616
f 1488//2617 1499//2617 1500//2617
f 1488//2618 1500//2618 1494//2618
f 1492//2619 1483//2619 1501//2619
f 1501//2620 1483//2620 1482//2620
f 1501//2621 1482//2621 1502//2621
f 1502//2622 1482//2622 1481//2622
f 1502//2623 1481//2623 1503//2623
f 1503//2624 1481//2624 1480//2624
f 1503//2625 1480//2625 1504//2625
f 1504//2626 1480//2626 1479//2626
f 1504//2627 1479//2627 1505//2627
f 1505//2628 1479//2628 1478//2628
f 1505//2629 1478//2629 1506//2629
f 1506//2630 1478//2630 1477//2630
f 1506//2631 1477//2631 1507//2631
f 1490//2632 1495//2632 1491//2632
f 1491//2633 1495//2633 1508//2633
f 1491//2634 1508//2634 1462//2634
f 1507//2635 1477//2635 1509//2635
f 1509//2636 1477//2636 1476//2636
f 1509//2637 1476//2637 1510//2637
f 1510//2638 1476//2638 1475//2638
f 1510//2639 1475//2639 1511//2639
f 1465//2640 1464//2640 1512//2640
f 1512//2641 1464//2641 1463//2641
f 1463//2642 1462//2642 1513//2642
f 1513//2643 1462//2643 1508//2643
f 1468//2644 1467//2644 1514//2644
f 1468//2645 1514//2645 1469//2645
f 1469//2646 1514//2646 1515//2646
f 1469//2634 1515//2634 1470//2634
f 1470//2647 1515//2647 1516//2647
f 1470//2648 1516//2648 1517//2648
f 1511//2649 1475//2649 1518//2649
f 1518//2650 1475//2650 1474//2650
f 1518//2651 1474//2651 1519//2651
f 1519//2652 1474//2652 1473//2652
f 1519//2653 1473//2653 1520//2653
f 1520//2654 1473//2654 1472//2654
f 1520//2655 1472//2655 1517//2655
f 1517//2656 1472//2656 1471//2656
f 1517//2657 1471//2657 1470//2657
f 1433//2658 1521//2658 1466//2658
f 1466//2659 1521//2659 1467//2659
f 1522//2660 1523//2660 1524//2660
f 1461//2661 1460//2661 1523//2661
f 1523//2662 1460//2662 1459//2662
f 1458//2663 1456//2663 1457//2663
f 1455//2664 1454//2664 1525//2664
f 1451//2665 1455//2665 1526//2665
f 1451//2666 1527//2666 1448//2666
f 1434//2667 1528//2667 1435//2667
f 1528//2668 1431//2668 1435//2668
f 1523//2669 1459//2669 1465//2669
f 1449//2670 1529//2670 1450//2670
f 1530//2671 1449//2671 1448//2671
f 1446//2672 1447//2672 1529//2672
f 1442//2673 1441//2673 1531//2673
f 1532//2674 1440//2674 1443//2674
f 1439//2675 1442//2675 1533//2675
f 1447//2676 1450//2676 1529//2676
f 1529//2677 1449//2677 1530//2677
f 1530//2678 1448//2678 1527//2678
f 1534//2679 1430//2679 1429//2679
f 1438//2680 1535//2680 1436//2680
f 1526//2681 1455//2681 1525//2681
f 1525//2682 1454//2682 1453//2682
f 1536//2683 1434//2683 1437//2683
f 1527//2684 1451//2684 1526//2684
f 1527//2685 1526//2685 1525//2685
f 1525//2686 1453//2686 1537//2686
f 1537//2687 1453//2687 1452//2687
f 1452//2688 1458//2688 1537//2688
f 1537//2689 1458//2689 1457//2689
f 1537//2690 1457//2690 1522//2690
f 1522//2691 1457//2691 1461//2691
f 1522//2692 1461//2692 1523//2692
f 1538//2693 1524//2693 1523//2693
f 1538//2694 1523//2694 1512//2694
f 1512//2695 1523//2695 1465//2695
f 1539//2696 1540//2696 1492//2696
f 1539//2697 1492//2697 1501//2697
f 1541//2698 1538//2698 1512//2698
f 1541//2699 1512//2699 1513//2699
f 1513//2700 1512//2700 1463//2700
f 1542//2701 1543//2701 1544//2701
f 1544//2702 1543//2702 1545//2702
f 1544//2703 1545//2703 1529//2703
f 1546//2704 1547//2704 1514//2704
f 1514//2705 1547//2705 1516//2705
f 1514//2706 1516//2706 1515//2706
f 1548//2707 1539//2707 1501//2707
f 1548//2708 1501//2708 1502//2708
f 1549//2709 1550//2709 1499//2709
f 1499//2710 1550//2710 1500//2710
f 1551//2711 1541//2711 1495//2711
f 1495//2712 1541//2712 1513//2712
f 1495//2713 1513//2713 1508//2713
f 1552//2714 1542//2714 1544//2714
f 1552//2715 1544//2715 1530//2715
f 1530//2716 1544//2716 1529//2716
f 1553//2717 1554//2717 1555//2717
f 1553//2718 1555//2718 1556//2718
f 1556//2719 1555//2719 1534//2719
f 1556//2720 1534//2720 1533//2720
f 1533//2721 1534//2721 1429//2721
f 1533//2722 1429//2722 1439//2722
f 1557//2723 1546//2723 1514//2723
f 1557//2724 1514//2724 1521//2724
f 1521//2725 1514//2725 1467//2725
f 1558//2726 1559//2726 1510//2726
f 1510//2727 1559//2727 1509//2727
f 1560//2728 1548//2728 1502//2728
f 1560//2729 1502//2729 1503//2729
f 1561//2730 1549//2730 1499//2730
f 1561//2731 1499//2731 1498//2731
f 1562//2732 1552//2732 1527//2732
f 1527//2733 1552//2733 1530//2733
f 1563//2734 1553//2734 1556//2734
f 1563//2735 1556//2735 1564//2735
f 1564//2736 1556//2736 1533//2736
f 1564//2737 1533//2737 1531//2737
f 1531//2738 1533//2738 1442//2738
f 1565//2739 1557//2739 1432//2739
f 1432//2740 1557//2740 1521//2740
f 1432//2741 1521//2741 1433//2741
f 1566//2742 1558//2742 1518//2742
f 1518//2743 1558//2743 1510//2743
f 1518//2744 1510//2744 1511//2744
f 1567//2745 1560//2745 1503//2745
f 1567//2746 1503//2746 1504//2746
f 1568//2747 1561//2747 1498//2747
f 1568//2748 1498//2748 1497//2748
f 1569//2749 1551//2749 1495//2749
f 1569//2750 1495//2750 1494//2750
f 1525//2751 1537//2751 1570//2751
f 1570//2752 1537//2752 1571//2752
f 1443//2753 1445//2753 1572//2753
f 1443//2754 1572//2754 1532//2754
f 1532//2755 1572//2755 1573//2755
f 1532//2756 1573//2756 1574//2756
f 1434//2757 1536//2757 1528//2757
f 1528//2758 1536//2758 1575//2758
f 1528//2759 1575//2759 1576//2759
f 1520//2760 1517//2760 1577//2760
f 1520//2761 1577//2761 1578//2761
f 1505//2762 1506//2762 1579//2762
f 1505//2763 1579//2763 1580//2763
f 1496//2764 1493//2764 1581//2764
f 1496//2765 1581//2765 1582//2765
f 1524//2766 1583//2766 1522//2766
f 1537//2767 1522//2767 1571//2767
f 1571//2768 1522//2768 1583//2768
f 1527//2769 1525//2769 1570//2769
f 1527//2770 1570//2770 1562//2770
f 1542//2771 1584//2771 1543//2771
f 1584//2772 1573//2772 1543//2772
f 1543//2773 1573//2773 1572//2773
f 1543//2774 1572//2774 1545//2774
f 1545//2775 1572//2775 1445//2775
f 1545//2776 1445//2776 1444//2776
f 1545//2777 1444//2777 1446//2777
f 1441//2778 1440//2778 1532//2778
f 1441//2779 1532//2779 1531//2779
f 1531//2780 1532//2780 1564//2780
f 1564//2781 1532//2781 1574//2781
f 1564//2782 1574//2782 1563//2782
f 1438//2783 1430//2783 1534//2783
f 1438//2784 1534//2784 1535//2784
f 1535//2785 1534//2785 1555//2785
f 1535//2786 1555//2786 1585//2786
f 1585//2787 1555//2787 1586//2787
f 1586//2788 1555//2788 1554//2788
f 1586//2789 1575//2789 1585//2789
f 1585//2790 1575//2790 1536//2790
f 1585//2791 1536//2791 1535//2791
f 1535//2792 1536//2792 1437//2792
f 1535//2793 1437//2793 1436//2793
f 1431//2794 1528//2794 1432//2794
f 1432//2795 1528//2795 1576//2795
f 1432//2796 1576//2796 1565//2796
f 1547//2797 1546//2797 1587//2797
f 1547//2798 1577//2798 1516//2798
f 1516//2799 1577//2799 1517//2799
f 1519//2800 1520//2800 1518//2800
f 1518//2801 1520//2801 1578//2801
f 1518//2802 1578//2802 1566//2802
f 1507//2803 1509//2803 1559//2803
f 1507//2804 1559//2804 1588//2804
f 1588//2805 1579//2805 1506//2805
f 1588//2806 1506//2806 1507//2806
f 1504//2807 1505//2807 1580//2807
f 1504//2808 1580//2808 1567//2808
f 1540//2809 1581//2809 1493//2809
f 1540//2810 1493//2810 1492//2810
f 1497//2811 1496//2811 1582//2811
f 1497//2812 1582//2812 1568//2812
f 1494//2813 1500//2813 1550//2813
f 1494//2814 1550//2814 1569//2814
f 1529//2815 1545//2815 1446//2815
f 1589//2816 1547//2816 1587//2816
f 1589//2817 1587//2817 1590//2817
f 1590//2818 1587//2818 1546//2818
f 1590//2819 1546//2819 1591//2819
f 1591//2820 1546//2820 1557//2820
f 1591//2821 1557//2821 1592//2821
f 1592//2822 1557//2822 1565//2822
f 1592//2823 1565//2823 1593//2823
f 1593//2824 1565//2824 1576//2824
f 1593//2825 1576//2825 1594//2825
f 1594//2826 1576//2826 1575//2826
f 1594//2827 1575//2827 1595//2827
f 1595//2828 1575//2828 1586//2828
f 1595//2829 1586//2829 1596//2829
f 1596//2830 1586//2830 1554//2830
f 1596//2831 1554//2831 1597//2831
f 1597//2832 1554//2832 1553//2832
f 1597//2833 1553//2833 1598//2833
f 1598//2834 1553//2834 1563//2834
f 1598//2835 1563//2835 1599//2835
f 1599//2836 1563//2836 1574//2836
f 1599//2837 1574//2837 1600//2837
f 1600//2838 1574//2838 1573//2838
f 1600//2839 1573//2839 1601//2839
f 1601//2840 1573//2840 1584//2840
f 1601//2841 1584//2841 1602//2841
f 1602//2842 1584//2842 1542//2842
f 1602//2843 1542//2843 1603//2843
f 1603//2844 1542//2844 1552//2844
f 1603//2845 1552//2845 1562//2845
f 1603//2846 1562//2846 1604//2846
f 1604//2847 1562//2847 1605//2847
f 1605//2848 1562//2848 1570//2848
f 1605//2849 1570//2849 1606//2849
f 1606//2850 1570//2850 1571//2850
f 1606//2851 1571//2851 1607//2851
f 1607//2852 1571//2852 1583//2852
f 1607//2853 1583//2853 1608//2853
f 1608//2854 1583//2854 1524//2854
f 1608//2855 1524//2855 1609//2855
f 1609//2856 1524//2856 1538//2856
f 1609//2857 1538//2857 1610//2857
f 1610//2858 1538//2858 1541//2858
f 1610//2859 1541//2859 1611//2859
f 1611//2860 1541//2860 1551//2860
f 1611//2861 1551//2861 1612//2861
f 1612//2862 1551//2862 1569//2862
f 1612//2863 1569//2863 1613//2863
f 1613//2864 1569//2864 1550//2864
f 1613//2865 1550//2865 1614//2865
f 1614//2866 1550//2866 1549//2866
f 1614//2867 1549//2867 1615//2867
f 1615//2868 1549//2868 1561//2868
f 1615//2869 1561//2869 1616//2869
f 1616//2870 1561//2870 1568//2870
f 1616//2871 1568//2871 1617//2871
f 1617//2872 1568//2872 1582//2872
f 1617//2873 1582//2873 1618//2873
f 1618//2874 1582//2874 1581//2874
f 1618//2875 1581//2875 1619//2875
f 1619//2876 1581//2876 1540//2876
f 1619//2877 1540//2877 1620//2877
f 1620//2878 1540//2878 1539//2878
f 1620//2879 1539//2879 1621//2879
f 1621//2880 1539//2880 1548//2880
f 1621//2881 1548//2881 1622//2881
f 1622//2882 1548//2882 1560//2882
f 1622//2883 1560//2883 1623//2883
f 1623//2884 1560//2884 1567//2884
f 1623//2885 1567//2885 1624//2885
f 1624//2886 1567//2886 1580//2886
f 1624//2887 1580//2887 1625//2887
f 1625//2888 1580//2888 1579//2888
f 1625//2889 1579//2889 1626//2889
f 1626//2890 1579//2890 1588//2890
f 1626//2891 1588//2891 1627//2891
f 1627//2892 1588//2892 1559//2892
f 1627//2893 1559//2893 1558//2893
f 1627//2894 1558//2894 1628//2894
f 1628//2895 1558//2895 1629//2895
f 1629//2896 1558//2896 1566//2896
f 1629//2897 1566//2897 1630//2897
f 1630//2898 1566//2898 1578//2898
f 1630//2899 1578//2899 1631//2899
f 1631//2900 1578//2900 1577//2900
f 1631//2901 1577//2901 1589//2901
f 1589//2902 1577//2902 1547//2902
f 1601//2903 1632//2903 1600//2903
f 1600//2904 1632//2904 1599//2904
f 1590//2905 1633//2905 1589//2905
f 1589//2906 1633//2906 1631//2906
f 1611//2907 1634//2907 1610//2907
f 1610//2908 1634//2908 1609//2908
f 1604//2909 1635//2909 1603//2909
f 1603//2910 1635//2910 1602//2910
f 1591//2911 1636//2911 1590//2911
f 1590//2912 1636//2912 1633//2912
f 1633//2913 1637//2913 1631//2913
f 1631//2914 1637//2914 1630//2914
f 1630//2915 1638//2915 1629//2915
f 1629//2916 1638//2916 1628//2916
f 1621//2917 1639//2917 1620//2917
f 1620//2918 1639//2918 1619//2918
f 1616//2919 1640//2919 1615//2919
f 1615//2920 1640//2920 1641//2920
f 1615//2921 1641//2921 1614//2921
f 1614//2922 1641//2922 1642//2922
f 1614//2923 1642//2923 1613//2923
f 1613//2924 1642//2924 1612//2924
f 1598//2925 1643//2925 1597//2925
f 1597//2926 1643//2926 1644//2926
f 1597//2927 1644//2927 1596//2927
f 1596//2928 1644//2928 1595//2928
f 1593//2929 1645//2929 1592//2929
f 1592//2930 1645//2930 1591//2930
f 1627//2931 1646//2931 1626//2931
f 1626//2932 1646//2932 1647//2932
f 1626//2933 1647//2933 1625//2933
f 1625//2934 1647//2934 1648//2934
f 1625//2935 1648//2935 1624//2935
f 1624//2936 1648//2936 1623//2936
f 1618//2937 1649//2937 1617//2937
f 1617//2938 1649//2938 1650//2938
f 1617//2939 1650//2939 1616//2939
f 1616//2940 1650//2940 1640//2940
f 1634//2941 1651//2941 1609//2941
f 1609//2942 1651//2942 1608//2942
f 1605//2943 1652//2943 1604//2943
f 1604//2944 1652//2944 1635//2944
f 1632//2945 1653//2945 1599//2945
f 1599//2946 1653//2946 1598//2946
f 1595//2947 1654//2947 1594//2947
f 1594//2948 1654//2948 1655//2948
f 1594//2949 1655//2949 1593//2949
f 1593//2950 1655//2950 1645//2950
f 1637//2951 1656//2951 1630//2951
f 1630//2952 1656//2952 1638//2952
f 1648//2953 1657//2953 1623//2953
f 1623//2954 1657//2954 1622//2954
f 1639//2955 1658//2955 1619//2955
f 1619//2956 1658//2956 1618//2956
f 1642//2957 1659//2957 1612//2957
f 1612//2958 1659//2958 1611//2958
f 1659//2959 1660//2959 1611//2959
f 1611//2960 1660//2960 1634//2960
f 1651//2961 1661//2961 1608//2961
f 1608//2962 1661//2962 1662//2962
f 1608//2963 1662//2963 1607//2963
f 1607//2964 1662//2964 1663//2964
f 1607//2965 1663//2965 1606//2965
f 1606//2966 1663//2966 1664//2966
f 1606//2967 1664//2967 1605//2967
f 1605//2968 1664//2968 1652//2968
f 1635//2969 1665//2969 1602//2969
f 1602//2970 1665//2970 1666//2970
f 1602//2971 1666//2971 1601//2971
f 1601//2972 1666//2972 1632//2972
f 1653//2973 1667//2973 1598//2973
f 1598//2974 1667//2974 1643//2974
f 1644//2975 1668//2975 1595//2975
f 1595//2976 1668//2976 1654//2976
f 1645//2977 1669//2977 1591//2977
f 1591//2978 1669//2978 1636//2978
f 1636//2979 1670//2979 1633//2979
f 1633//2980 1670//2980 1637//2980
f 1638//2981 1671//2981 1628//2981
f 1628//2982 1671//2982 1672//2982
f 1628//2983 1672//2983 1627//2983
f 1627//2984 1672//2984 1646//2984
f 1657//2985 1673//2985 1622//2985
f 1622//2986 1673//2986 1674//2986
f 1622//2987 1674//2987 1621//2987
f 1621//2988 1674//2988 1639//2988
f 1658//2989 1675//2989 1618//2989
f 1618//2990 1675//2990 1649//2990
f 1660//2991 1676//2991 1634//2991
f 1634//2992 1676//2992 1651//2992
f 1670//2993 1677//2993 1637//2993
f 1637//2994 1677//2994 1656//2994
f 1674//2995 1678//2995 1639//2995
f 1639//2996 1678//2996 1658//2996
f 1675//2997 1679//2997 1649//2997
f 1649//2998 1679//2998 1650//2998
f 1652//2999 1680//2999 1635//2999
f 1635//3000 1680//3000 1665//3000
f 1666//3001 1681//3001 1632//3001
f 1632//3002 1681//3002 1653//3002
f 1672//3003 1682//3003 1646//3003
f 1646//3004 1682//3004 1647//3004
f 1679//3005 1683//3005 1650//3005
f 1650//3006 1683//3006 1640//3006
f 1640//3007 1684//3007 1641//3007
f 1641//3008 1684//3008 1642//3008
f 1676//3009 1685//3009 1651//3009
f 1651//3010 1685//3010 1661//3010
f 1664//3011 1686//3011 1652//3011
f 1652//3012 1686//3012 1680//3012
f 1665//3013 1687//3013 1666//3013
f 1666//3014 1687//3014 1681//3014
f 1653//3015 1688//3015 1667//3015
f 1667//3016 1688//3016 1643//3016
f 1668//3017 1689//3017 1654//3017
f 1654//3018 1689//3018 1690//3018
f 1654//3019 1690//3019 1655//3019
f 1655//3020 1690//3020 1645//3020
f 1645//3021 1691//3021 1669//3021
f 1669//3022 1691//3022 1692//3022
f 1669//3023 1692//3023 1636//3023
f 1636//3024 1692//3024 1670//3024
f 1677//3025 1693//3025 1656//3025
f 1656//3026 1693//3026 1694//3026
f 1656//3027 1694//3027 1638//3027
f 1638//3028 1694//3028 1671//3028
f 1678//3029 1695//3029 1658//3029
f 1658//3030 1695//3030 1696//3030
f 1658//3031 1696//3031 1675//3031
f 1675//3032 1696//3032 1679//3032
f 1683//3033 1697//3033 1640//3033
f 1640//3034 1697//3034 1684//3034
f 1684//3035 1698//3035 1642//3035
f 1642//3036 1698//3036 1659//3036
f 1659//3037 1699//3037 1660//3037
f 1660//3038 1699//3038 1676//3038
f 1685//3039 1700//3039 1661//3039
f 1661//3040 1700//3040 1701//3040
f 1661//3041 1701//3041 1662//3041
f 1662//3042 1701//3042 1702//3042
f 1662//3043 1702//3043 1663//3043
f 1663//3044 1702//3044 1664//3044
f 1680//3045 1703//3045 1665//3045
f 1665//3046 1703//3046 1687//3046
f 1688//3047 1704//3047 1643//3047
f 1643//3048 1704//3048 1705//3048
f 1643//3049 1705//3049 1644//3049
f 1644//3050 1705//3050 1706//3050
f 1644//3051 1706//3051 1668//3051
f 1668//3052 1706//3052 1689//3052
f 1690//3053 1707//3053 1645//3053
f 1645//3054 1707//3054 1691//3054
f 1692//3055 1708//3055 1670//3055
f 1670//3056 1708//3056 1677//3056
f 1694//3057 1709//3057 1671//3057
f 1671//3058 1709//3058 1710//3058
f 1671//3059 1710//3059 1672//3059
f 1672//3060 1710//3060 1682//3060
f 1647//3061 1711//3061 1648//3061
f 1648//3062 1711//3062 1712//3062
f 1648//3063 1712//3063 1657//3063
f 1657//3064 1712//3064 1713//3064
f 1657//3065 1713//3065 1673//3065
f 1673//3066 1713//3066 1714//3066
f 1673//3067 1714//3067 1674//3067
f 1674//3068 1714//3068 1678//3068
f 1698//3069 1715//3069 1659//3069
f 1659//3070 1715//3070 1699//3070
f 1702//3071 1716//3071 1664//3071
f 1664//3072 1716//3072 1686//3072
f 1682//3073 1717//3073 1647//3073
f 1647//3074 1717//3074 1711//3074
f 1686//3075 1718//3075 1680//3075
f 1680//3076 1718//3076 1703//3076
f 1681//3077 1719//3077 1653//3077
f 1653//3078 1719//3078 1688//3078
f 1720//3079 1715//3079 1721//3079
f 1721//3080 1715//3080 1698//3080
f 1721//3081 1698//3081 1722//3081
f 1722//3082 1698//3082 1684//3082
f 1722//3083 1684//3083 1723//3083
f 1723//3084 1684//3084 1697//3084
f 1723//3085 1697//3085 1724//3085
f 1724//3086 1697//3086 1683//3086
f 1724//3087 1683//3087 1725//3087
f 1725//3088 1683//3088 1679//3088
f 1725//3089 1679//3089 1726//3089
f 1726//3090 1679//3090 1696//3090
f 1726//3091 1696//3091 1727//3091
f 1727//3092 1696//3092 1695//3092
f 1727//3093 1695//3093 1728//3093
f 1728//3094 1695//3094 1678//3094
f 1728//3095 1678//3095 1729//3095
f 1729//3096 1678//3096 1714//3096
f 1729//3097 1714//3097 1730//3097
f 1730//3098 1714//3098 1713//3098
f 1730//3099 1713//3099 1731//3099
f 1731//3100 1713//3100 1712//3100
f 1731//3101 1712//3101 1732//3101
f 1732//3102 1712//3102 1711//3102
f 1732//3103 1711//3103 1733//3103
f 1733//3104 1711//3104 1717//3104
f 1733//3105 1717//3105 1734//3105
f 1734//3106 1717//3106 1682//3106
f 1734//3107 1682//3107 1735//3107
f 1735//3108 1682//3108 1710//3108
f 1735//3109 1710//3109 1736//3109
f 1736//3110 1710//3110 1709//3110
f 1736//3111 1709//3111 1737//3111
f 1737//3112 1709//3112 1694//3112
f 1737//3113 1694//3113 1738//3113
f 1738//3114 1694//3114 1693//3114
f 1738//3115 1693//3115 1739//3115
f 1739//3116 1693//3116 1677//3116
f 1739//3117 1677//3117 1740//3117
f 1740//3118 1677//3118 1708//3118
f 1740//3119 1708//3119 1741//3119
f 1741//3120 1708//3120 1692//3120
f 1741//3121 1692//3121 1742//3121
f 1742//3122 1692//3122 1691//3122
f 1742//3123 1691//3123 1743//3123
f 1743//3124 1691//3124 1707//3124
f 1743//3125 1707//3125 1744//3125
f 1744//3126 1707//3126 1690//3126
f 1744//3127 1690//3127 1745//3127
f 1745//3128 1690//3128 1689//3128
f 1745//3129 1689//3129 1746//3129
f 1746//3130 1689//3130 1706//3130
f 1746//3131 1706//3131 1747//3131
f 1747//3132 1706//3132 1705//3132
f 1747//3133 1705//3133 1748//3133
f 1748//3134 1705//3134 1704//3134
f 1748//3135 1704//3135 1749//3135
f 1749//3136 1704//3136 1688//3136
f 1749//3137 1688//3137 1719//3137
f 1750//3138 1681//3138 1687//3138
f 1750//3139 1687//3139 1751//3139
f 1751//3140 1687//3140 1703//3140
f 1751//3141 1703//3141 1718//3141
f 1752//3142 1718//3142 1686//3142
f 1752//3143 1686//3143 1753//3143
f 1753//3144 1686//3144 1716//3144
f 1753//3145 1716//3145 1754//3145
f 1754//3146 1716//3146 1702//3146
f 1754//3147 1702//3147 1755//3147
f 1755//3148 1702//3148 1701//3148
f 1755//3149 1701//3149 1756//3149
f 1756//3150 1701//3150 1700//3150
f 1756//3151 1700//3151 1757//3151
f 1757//3152 1700//3152 1685//3152
f 1757//3153 1685//3153 1758//3153
f 1758//3154 1685//3154 1676//3154
f 1758//3155 1676//3155 1759//3155
f 1759//3156 1676//3156 1699//3156
f 1759//3157 1699//3157 1720//3157
f 1720//3158 1699//3158 1715//3158
f 1760//3159 1755//3159 1756//3159
f 1761//3160 1750//3160 1751//3160
f 1762//3161 1728//3161 1729//3161
f 1763//3162 1760//3162 1756//3162
f 1763//3163 1756//3163 1757//3163
f 1764//3164 1761//3164 1751//3164
f 1764//3165 1751//3165 1718//3165
f 1765//3166 1766//3166 1748//3166
f 1748//3167 1766//3167 1747//3167
f 1767//3168 1768//3168 1742//3168
f 1742//3169 1768//3169 1741//3169
f 1769//3170 1770//3170 1736//3170
f 1736//3171 1770//3171 1735//3171
f 1771//3172 1762//3172 1729//3172
f 1771//3173 1729//3173 1730//3173
f 1772//3174 1763//3174 1758//3174
f 1758//3175 1763//3175 1757//3175
f 1773//3176 1764//3176 1718//3176
f 1773//3177 1718//3177 1752//3177
f 1774//3178 1765//3178 1748//3178
f 1774//3179 1748//3179 1749//3179
f 1775//3180 1767//3180 1742//3180
f 1775//3181 1742//3181 1743//3181
f 1776//3182 1769//3182 1736//3182
f 1776//3183 1736//3183 1737//3183
f 1777//3184 1771//3184 1730//3184
f 1777//3185 1730//3185 1731//3185
f 1753//3186 1754//3186 1778//3186
f 1753//3187 1778//3187 1779//3187
f 1719//3188 1681//3188 1780//3188
f 1719//3189 1780//3189 1781//3189
f 1744//3190 1745//3190 1782//3190
f 1744//3191 1782//3191 1783//3191
f 1738//3192 1739//3192 1784//3192
f 1738//3193 1784//3193 1785//3193
f 1732//3194 1733//3194 1786//3194
f 1732//3195 1786//3195 1787//3195
f 1725//3196 1726//3196 1788//3196
f 1725//3197 1788//3197 1789//3197
f 1723//3198 1724//3198 1790//3198
f 1723//3199 1790//3199 1791//3199
f 1720//3200 1721//3200 1792//3200
f 1720//3201 1792//3201 1793//3201
f 1758//3202 1759//3202 1772//3202
f 1772//3203 1759//3203 1794//3203
f 1760//3204 1795//3204 1755//3204
f 1795//3205 1778//3205 1754//3205
f 1795//3206 1754//3206 1755//3206
f 1752//3207 1753//3207 1773//3207
f 1773//3208 1753//3208 1779//3208
f 1761//3209 1796//3209 1750//3209
f 1796//3210 1780//3210 1750//3210
f 1750//3211 1780//3211 1681//3211
f 1749//3212 1719//3212 1781//3212
f 1749//3213 1781//3213 1774//3213
f 1746//3214 1747//3214 1766//3214
f 1746//3215 1766//3215 1797//3215
f 1797//3216 1782//3216 1746//3216
f 1746//3217 1782//3217 1745//3217
f 1743//3218 1744//3218 1783//3218
f 1743//3219 1783//3219 1775//3219
f 1740//3220 1741//3220 1768//3220
f 1740//3221 1768//3221 1798//3221
f 1798//3222 1784//3222 1740//3222
f 1740//3223 1784//3223 1739//3223
f 1737//3224 1738//3224 1776//3224
f 1776//3225 1738//3225 1785//3225
f 1734//3226 1735//3226 1770//3226
f 1734//3227 1770//3227 1799//3227
f 1799//3228 1786//3228 1733//3228
f 1799//3229 1733//3229 1734//3229
f 1731//3230 1732//3230 1777//3230
f 1777//3231 1732//3231 1787//3231
f 1762//3232 1800//3232 1728//3232
f 1728//3233 1800//3233 1801//3233
f 1728//3234 1801//3234 1727//3234
f 1771//3235 1802//3235 1762//3235
f 1801//3236 1788//3236 1726//3236
f 1801//3237 1726//3237 1727//3237
f 1789//3238 1790//3238 1724//3238
f 1789//3239 1724//3239 1725//3239
f 1722//3240 1723//3240 1791//3240
f 1722//3241 1791//3241 1803//3241
f 1803//3242 1792//3242 1722//3242
f 1722//3243 1792//3243 1721//3243
f 1759//3244 1720//3244 1793//3244
f 1759//3245 1793//3245 1794//3245
f 1771//3246 1804//3246 1802//3246
f 1802//3247 1804//3247 1805//3247
f 1802//3248 1805//3248 1762//3248
f 1762//3249 1805//3249 1806//3249
f 1762//3250 1806//3250 1800//3250
f 1800//3251 1806//3251 1807//3251
f 1800//3252 1807//3252 1801//3252
f 1801//3253 1807//3253 1808//3253
f 1801//3254 1808//3254 1788//3254
f 1788//3255 1808//3255 1809//3255
f 1788//3256 1809//3256 1789//3256
f 1789//3257 1809//3257 1810//3257
f 1789//3258 1810//3258 1790//3258
f 1790//3259 1810//3259 1811//3259
f 1790//3260 1811//3260 1791//3260
f 1791//3261 1811//3261 1812//3261
f 1791//3262 1812//3262 1803//3262
f 1803//3263 1812//3263 1813//3263
f 1803//3264 1813//3264 1792//3264
f 1792//3265 1813//3265 1814//3265
f 1792//3266 1814//3266 1793//3266
f 1793//3267 1814//3267 1815//3267
f 1793//3268 1815//3268 1794//3268
f 1794//3269 1815//3269 1816//3269
f 1794//3270 1816//3270 1772//3270
f 1772//3271 1816//3271 1817//3271
f 1772//3272 1817//3272 1763//3272
f 1763//3273 1817//3273 1818//3273
f 1763//3274 1818//3274 1760//3274
f 1760//3275 1818//3275 1819//3275
f 1760//3276 1819//3276 1795//3276
f 1795//3277 1819//3277 1820//3277
f 1795//3278 1820//3278 1778//3278
f 1778//3279 1820//3279 1821//3279
f 1778//3280 1821//3280 1779//3280
f 1779//3281 1821//3281 1822//3281
f 1779//3282 1822//3282 1773//3282
f 1773//3283 1822//3283 1823//3283
f 1773//3284 1823//3284 1764//3284
f 1764//3285 1823//3285 1824//3285
f 1764//3286 1824//3286 1761//3286
f 1761//3287 1824//3287 1825//3287
f 1761//3288 1825//3288 1796//3288
f 1796//3289 1825//3289 1826//3289
f 1796//3290 1826//3290 1780//3290
f 1780//3291 1826//3291 1827//3291
f 1780//3292 1827//3292 1781//3292
f 1781//3293 1827//3293 1828//3293
f 1781//3294 1828//3294 1774//3294
f 1774//3295 1828//3295 1829//3295
f 1774//3296 1829//3296 1765//3296
f 1765//3297 1829//3297 1830//3297
f 1765//3298 1830//3298 1766//3298
f 1766//3299 1830//3299 1831//3299
f 1766//3300 1831//3300 1797//3300
f 1797//3301 1831//3301 1832//3301
f 1797//3302 1832//3302 1782//3302
f 1782//3303 1832//3303 1833//3303
f 1782//3304 1833//3304 1834//3304
f 1782//3305 1834//3305 1783//3305
f 1783//3306 1834//3306 1775//3306
f 1775//3307 1834//3307 1835//3307
f 1775//3308 1835//3308 1767//3308
f 1767//3309 1835//3309 1836//3309
f 1767//3310 1836//3310 1768//3310
f 1768//3311 1836//3311 1837//3311
f 1768//3312 1837//3312 1798//3312
f 1798//3313 1837//3313 1838//3313
f 1798//3314 1838//3314 1784//3314
f 1784//3315 1838//3315 1839//3315
f 1784//3316 1839//3316 1785//3316
f 1785//3317 1839//3317 1840//3317
f 1785//3318 1840//3318 1776//3318
f 1776//3319 1840//3319 1841//3319
f 1776//3320 1841//3320 1842//3320
f 1776//3321 1842//3321 1769//3321
f 1769//3322 1842//3322 1843//3322
f 1769//3323 1843//3323 1770//3323
f 1770//3324 1843//3324 1799//3324
f 1799//3325 1843//3325 1844//3325
f 1799//3326 1844//3326 1786//3326
f 1786//3327 1844//3327 1845//3327
f 1786//3328 1845//3328 1787//3328
f 1787//3329 1845//3329 1846//3329
f 1787//3330 1846//3330 1847//3330
f 1787//3331 1847//3331 1777//3331
f 1777//3332 1847//3332 1804//3332
f 1777//3333 1804//3333 1771//3333
f 1806//3334 1805//3334 1804//3334
f 1819//3335 1818//3335 1848//3335
f 1819//3336 1848//3336 1820//3336
f 1821//3337 1820//3337 1849//3337
f 1821//3338 1849//3338 1822//3338
f 1825//3339 1824//3339 1850//3339
f 1825//3340 1850//3340 1826//3340
f 1829//3341 1828//3341 1851//3341
f 1829//3342 1851//3342 1830//3342
f 1830//3343 1851//3343 1852//3343
f 1830//3344 1852//3344 1831//3344
f 1844//3345 1843//3345 1853//3345
f 1844//3346 1853//3346 1845//3346
f 1809//3347 1808//3347 1854//3347
f 1809//3348 1854//3348 1810//3348
f 1826//3349 1850//3349 1855//3349
f 1826//3350 1855//3350 1827//3350
f 1808//3351 1807//3351 1856//3351
f 1808//3352 1856//3352 1854//3352
f 1814//3353 1813//3353 1857//3353
f 1814//3354 1857//3354 1815//3354
f 1815//3355 1857//3355 1858//3355
f 1815//3356 1858//3356 1816//3356
f 1818//3357 1817//3357 1859//3357
f 1818//3358 1859//3358 1848//3358
f 1820//3359 1848//3359 1860//3359
f 1820//3360 1860//3360 1849//3360
f 1822//3361 1849//3361 1861//3361
f 1822//3362 1861//3362 1823//3362
f 1831//3363 1852//3363 1862//3363
f 1831//3364 1862//3364 1832//3364
f 1832//3365 1862//3365 1863//3365
f 1832//3366 1863//3366 1833//3366
f 1833//3367 1863//3367 1864//3367
f 1833//3368 1864//3368 1834//3368
f 1835//3369 1834//3369 1865//3369
f 1835//3370 1865//3370 1836//3370
f 1838//3371 1837//3371 1866//3371
f 1838//3372 1866//3372 1839//3372
f 1841//3373 1840//3373 1867//3373
f 1841//3374 1867//3374 1842//3374
f 1842//3375 1867//3375 1868//3375
f 1842//3376 1868//3376 1843//3376
f 1843//3377 1868//3377 1869//3377
f 1843//3378 1869//3378 1853//3378
f 1846//3379 1845//3379 1870//3379
f 1846//3380 1870//3380 1847//3380
f 1804//3381 1847//3381 1871//3381
f 1804//3382 1871//3382 1806//3382
f 1806//3383 1871//3383 1872//3383
f 1806//3384 1872//3384 1807//3384
f 1807//3385 1872//3385 1873//3385
f 1807//3386 1873//3386 1856//3386
f 1816//3387 1874//3387 1817//3387
f 1817//3388 1874//3388 1875//3388
f 1817//3389 1875//3389 1859//3389
f 1823//3390 1861//3390 1876//3390
f 1823//3391 1876//3391 1824//3391
f 1827//3392 1855//3392 1877//3392
f 1827//3393 1877//3393 1828//3393
f 1828//3394 1877//3394 1878//3394
f 1828//3395 1878//3395 1851//3395
f 1834//3396 1864//3396 1879//3396
f 1834//3397 1879//3397 1865//3397
f 1836//3398 1865//3398 1880//3398
f 1836//3399 1880//3399 1837//3399
f 1837//3400 1880//3400 1881//3400
f 1837//3401 1881//3401 1866//3401
f 1839//3402 1866//3402 1882//3402
f 1839//3403 1882//3403 1840//3403
f 1840//3404 1882//3404 1883//3404
f 1840//3405 1883//3405 1867//3405
f 1845//3406 1853//3406 1884//3406
f 1845//3407 1884//3407 1870//3407
f 1847//3408 1870//3408 1885//3408
f 1847//3409 1885//3409 1871//3409
f 1810//3410 1854//3410 1886//3410
f 1810//3411 1886//3411 1811//3411
f 1811//3412 1886//3412 1887//3412
f 1811//3413 1887//3413 1812//3413
f 1812//3414 1887//3414 1888//3414
f 1812//3415 1888//3415 1813//3415
f 1813//3416 1888//3416 1889//3416
f 1813//3417 1889//3417 1857//3417
f 1816//3418 1858//3418 1874//3418
f 1824//3419 1876//3419 1890//3419
f 1824//3420 1890//3420 1850//3420
f 1848//3421 1859//3421 1891//3421
f 1849//3422 1860//3422 1892//3422
f 1861//3423 1849//3423 1893//3423
f 1877//3424 1855//3424 1894//3424
f 1878//3425 1877//3425 1895//3425
f 1862//3426 1852//3426 1896//3426
f 1864//3427 1863//3427 1897//3427
f 1879//3428 1864//3428 1898//3428
f 1883//3429 1882//3429 1899//3429
f 1868//3430 1867//3430 1900//3430
f 1869//3431 1868//3431 1901//3431
f 1884//3432 1853//3432 1902//3432
f 1870//3433 1884//3433 1903//3433
f 1885//3434 1870//3434 1904//3434
f 1854//3435 1856//3435 1905//3435
f 1886//3436 1854//3436 1906//3436
f 1858//3437 1857//3437 1907//3437
f 1874//3438 1858//3438 1908//3438
f 1909//3439 1910//3439 1902//3439
f 1909//3440 1902//3440 1911//3440
f 1912//3441 1913//3441 1900//3441
f 1912//3442 1900//3442 1914//3442
f 1915//3443 1916//3443 1866//3443
f 1915//3444 1866//3444 1881//3444
f 1917//3445 1918//3445 1919//3445
f 1919//3446 1918//3446 1920//3446
f 1919//3447 1920//3447 1921//3447
f 1922//3448 1923//3448 1873//3448
f 1922//3449 1873//3449 1872//3449
f 1924//3450 1925//3450 1926//3450
f 1924//3451 1926//3451 1927//3451
f 1918//3452 1928//3452 1929//3452
f 1918//3453 1929//3453 1930//3453
f 1931//3454 1932//3454 1889//3454
f 1931//3455 1889//3455 1888//3455
f 1933//3456 1915//3456 1881//3456
f 1933//3457 1881//3457 1880//3457
f 1934//3458 1935//3458 1936//3458
f 1934//3459 1936//3459 1937//3459
f 1938//3460 1939//3460 1940//3460
f 1938//3461 1940//3461 1906//3461
f 1941//3462 1922//3462 1872//3462
f 1941//3463 1872//3463 1871//3463
f 1939//3464 1931//3464 1888//3464
f 1939//3465 1888//3465 1887//3465
f 1942//3466 1943//3466 1944//3466
f 1942//3467 1944//3467 1893//3467
f 1929//3468 1891//3468 1859//3468
f 1929//3469 1859//3469 1875//3469
f 1945//3470 1946//3470 1947//3470
f 1945//3471 1947//3471 1948//3471
f 1949//3472 1950//3472 1951//3472
f 1949//3473 1951//3473 1952//3473
f 1953//3474 1952//3474 1954//3474
f 1953//3475 1954//3475 1955//3475
f 1955//3476 1954//3476 1956//3476
f 1955//3477 1956//3477 1957//3477
f 1958//3478 1896//3478 1852//3478
f 1958//3479 1852//3479 1851//3479
f 1959//3480 1960//3480 1961//3480
f 1959//3481 1961//3481 1910//3481
f 1962//3482 1933//3482 1880//3482
f 1962//3483 1880//3483 1865//3483
f 1963//3484 1919//3484 1921//3484
f 1963//3485 1921//3485 1964//3485
f 1964//3486 1921//3486 1935//3486
f 1964//3487 1935//3487 1934//3487
f 1965//3488 1937//3488 1939//3488
f 1965//3489 1939//3489 1938//3489
f 1966//3490 1906//3490 1905//3490
f 1966//3491 1905//3491 1923//3491
f 1967//3492 1941//3492 1871//3492
f 1967//3493 1871//3493 1885//3493
f 1920//3494 1918//3494 1930//3494
f 1920//3495 1930//3495 1921//3495
f 1921//3496 1930//3496 1908//3496
f 1921//3497 1908//3497 1907//3497
f 1940//3498 1939//3498 1887//3498
f 1940//3499 1887//3499 1886//3499
f 1926//3500 1893//3500 1892//3500
f 1926//3501 1892//3501 1968//3501
f 1930//3502 1929//3502 1875//3502
f 1930//3503 1875//3503 1874//3503
f 1969//3504 1945//3504 1948//3504
f 1969//3505 1948//3505 1970//3505
f 1970//3506 1948//3506 1971//3506
f 1970//3507 1971//3507 1972//3507
f 1973//3508 1974//3508 1895//3508
f 1973//3509 1895//3509 1975//3509
f 1975//3510 1895//3510 1894//3510
f 1975//3511 1894//3511 1976//3511
f 1944//3512 1876//3512 1861//3512
f 1977//3513 1949//3513 1952//3513
f 1977//3514 1952//3514 1953//3514
f 1978//3515 1955//3515 1957//3515
f 1978//3516 1957//3516 1979//3516
f 1980//3517 1981//3517 1898//3517
f 1980//3518 1898//3518 1897//3518
f 1878//3519 1958//3519 1851//3519
f 1982//3520 1959//3520 1910//3520
f 1982//3521 1910//3521 1909//3521
f 1983//3522 1909//3522 1911//3522
f 1983//3523 1911//3523 1913//3523
f 1951//3524 1912//3524 1914//3524
f 1951//3525 1914//3525 1899//3525
f 1954//3526 1899//3526 1916//3526
f 1954//3527 1916//3527 1915//3527
f 1984//3528 1962//3528 1865//3528
f 1984//3529 1865//3529 1879//3529
f 1854//3530 1905//3530 1906//3530
f 1931//3531 1939//3531 1937//3531
f 1931//3532 1937//3532 1936//3532
f 1858//3533 1907//3533 1908//3533
f 1968//3534 1891//3534 1927//3534
f 1968//3535 1927//3535 1926//3535
f 1893//3536 1926//3536 1925//3536
f 1893//3537 1925//3537 1942//3537
f 1943//3538 1942//3538 1985//3538
f 1943//3539 1985//3539 1986//3539
f 1987//3540 1986//3540 1988//3540
f 1987//3541 1988//3541 1989//3541
f 1849//3542 1892//3542 1893//3542
f 1974//3543 1973//3543 1990//3543
f 1974//3544 1990//3544 1972//3544
f 1972//3545 1990//3545 1991//3545
f 1972//3546 1991//3546 1970//3546
f 1877//3547 1894//3547 1895//3547
f 1878//3548 1895//3548 1974//3548
f 1878//3549 1974//3549 1958//3549
f 1896//3550 1958//3550 1971//3550
f 1896//3551 1971//3551 1948//3551
f 1981//3552 1980//3552 1992//3552
f 1981//3553 1992//3553 1993//3553
f 1864//3554 1897//3554 1898//3554
f 1933//3555 1962//3555 1957//3555
f 1933//3556 1957//3556 1956//3556
f 1913//3557 1950//3557 1994//3557
f 1913//3558 1994//3558 1983//3558
f 1883//3559 1899//3559 1914//3559
f 1995//3560 1901//3560 1911//3560
f 1995//3561 1911//3561 1902//3561
f 1996//3562 1961//3562 1960//3562
f 1996//3563 1960//3563 1997//3563
f 1998//3564 1997//3564 1999//3564
f 1998//3565 1999//3565 2000//3565
f 1868//3566 1900//3566 1901//3566
f 2001//3567 2002//3567 2003//3567
f 2001//3568 2003//3568 2004//3568
f 1884//3569 1902//3569 1903//3569
f 1923//3570 1998//3570 2005//3570
f 1923//3571 2005//3571 1966//3571
f 1938//3572 2001//3572 2004//3572
f 1938//3573 2004//3573 1965//3573
f 1885//3574 1904//3574 1967//3574
f 1937//3575 1965//3575 2006//3575
f 1937//3576 2006//3576 1934//3576
f 1917//3577 2007//3577 1918//3577
f 2007//3578 2008//3578 1928//3578
f 2007//3579 1928//3579 1918//3579
f 1923//3580 1905//3580 1856//3580
f 1923//3581 1856//3581 1873//3581
f 1886//3582 1906//3582 1940//3582
f 1932//3583 1931//3583 1936//3583
f 1932//3584 1936//3584 1907//3584
f 1907//3585 1936//3585 1935//3585
f 1907//3586 1935//3586 1921//3586
f 1927//3587 1928//3587 2008//3587
f 1927//3588 2008//3588 1924//3588
f 1925//3589 1924//3589 2009//3589
f 1925//3590 2009//3590 2010//3590
f 2011//3591 1988//3591 1986//3591
f 2011//3592 1986//3592 1985//3592
f 2010//3593 1985//3593 1942//3593
f 2010//3594 1942//3594 1925//3594
f 1928//3595 1927//3595 1891//3595
f 1928//3596 1891//3596 1929//3596
f 1932//3597 1907//3597 1857//3597
f 1932//3598 1857//3598 1889//3598
f 1874//3599 1908//3599 1930//3599
f 1848//3600 1891//3600 1968//3600
f 1890//3601 1943//3601 1986//3601
f 1890//3602 1986//3602 1976//3602
f 1976//3603 1986//3603 1987//3603
f 1976//3604 1987//3604 1975//3604
f 1975//3605 1987//3605 1989//3605
f 1975//3606 1989//3606 1973//3606
f 1973//3607 1989//3607 2012//3607
f 1973//3608 2012//3608 1990//3608
f 1968//3609 1892//3609 1860//3609
f 1968//3610 1860//3610 1848//3610
f 1861//3611 1893//3611 1944//3611
f 1876//3612 1944//3612 1943//3612
f 1876//3613 1943//3613 1890//3613
f 1850//3614 1890//3614 1976//3614
f 1980//3615 1947//3615 1946//3615
f 1980//3616 1946//3616 1992//3616
f 1972//3617 1971//3617 1958//3617
f 1972//3618 1958//3618 1974//3618
f 1976//3619 1894//3619 1855//3619
f 1976//3620 1855//3620 1850//3620
f 2013//3621 1896//3621 1948//3621
f 2013//3622 1948//3622 1897//3622
f 1897//3623 1948//3623 1947//3623
f 1897//3624 1947//3624 1980//3624
f 1979//3625 1981//3625 1993//3625
f 1979//3626 1993//3626 1978//3626
f 1862//3627 1896//3627 2013//3627
f 1984//3628 1898//3628 1981//3628
f 1984//3629 1981//3629 1979//3629
f 1979//3630 1957//3630 1962//3630
f 1979//3631 1962//3631 1984//3631
f 2013//3632 1897//3632 1863//3632
f 2013//3633 1863//3633 1862//3633
f 1879//3634 1898//3634 1984//3634
f 1915//3635 1933//3635 1956//3635
f 1915//3636 1956//3636 1954//3636
f 1899//3637 1954//3637 1952//3637
f 1899//3638 1952//3638 1951//3638
f 1912//3639 1951//3639 1950//3639
f 1912//3640 1950//3640 1913//3640
f 1909//3641 1983//3641 2014//3641
f 1909//3642 2014//3642 1982//3642
f 1960//3643 2015//3643 1997//3643
f 2015//3644 1999//3644 1997//3644
f 1910//3645 1961//3645 1903//3645
f 1910//3646 1903//3646 1902//3646
f 1913//3647 1911//3647 1901//3647
f 1913//3648 1901//3648 1900//3648
f 1916//3649 1899//3649 1882//3649
f 1916//3650 1882//3650 1866//3650
f 2000//3651 2002//3651 2005//3651
f 2000//3652 2005//3652 1998//3652
f 1914//3653 1900//3653 1867//3653
f 1914//3654 1867//3654 1883//3654
f 1869//3655 1901//3655 1995//3655
f 1904//3656 1903//3656 1961//3656
f 1904//3657 1961//3657 1996//3657
f 1941//3658 1996//3658 1997//3658
f 1941//3659 1997//3659 1998//3659
f 2016//3660 2006//3660 1965//3660
f 2016//3661 1965//3661 2004//3661
f 2002//3662 2001//3662 1966//3662
f 2002//3663 1966//3663 2005//3663
f 1996//3664 1941//3664 1967//3664
f 1996//3665 1967//3665 1904//3665
f 1995//3666 1902//3666 1853//3666
f 1995//3667 1853//3667 1869//3667
f 1870//3668 1903//3668 1904//3668
f 1922//3669 1941//3669 1998//3669
f 1922//3670 1998//3670 1923//3670
f 1906//3671 1966//3671 2001//3671
f 1906//3672 2001//3672 1938//3672
f 2015//3673 2017//3673 1999//3673
f 1999//3674 2017//3674 2018//3674
f 1999//3675 2018//3675 2000//3675
f 2000//3676 2018//3676 2019//3676
f 2000//3677 2019//3677 2002//3677
f 2002//3678 2019//3678 2020//3678
f 2002//3679 2020//3679 2003//3679
f 2003//3680 2020//3680 2021//3680
f 2003//3681 2021//3681 2004//3681
f 2004//3682 2021//3682 2022//3682
f 2004//3683 2022//3683 2016//3683
f 2016//3684 2022//3684 2023//3684
f 2016//3685 2023//3685 2006//3685
f 2006//3686 2023//3686 2024//3686
f 2006//3687 2024//3687 1934//3687
f 1934//3688 2024//3688 2025//3688
f 1934//3689 2025//3689 1964//3689
f 1964//3690 2025//3690 2026//3690
f 1964//3691 2026//3691 1963//3691
f 1963//3692 2026//3692 2027//3692
f 1963//3693 2027//3693 1919//3693
f 1919//3694 2027//3694 2028//3694
f 1919//3695 2028//3695 1917//3695
f 1917//3696 2028//3696 2029//3696
f 1917//3697 2029//3697 2030//3697
f 1917//3698 2030//3698 2007//3698
f 2007//3699 2030//3699 2008//3699
f 2008//3700 2030//3700 2031//3700
f 2008//3701 2031//3701 1924//3701
f 1924//3702 2031//3702 2032//3702
f 1924//3703 2032//3703 2009//3703
f 2009//3704 2032//3704 2033//3704
f 2009//3705 2033//3705 2010//3705
f 2010//3706 2033//3706 2034//3706
f 2010//3707 2034//3707 1985//3707
f 1985//3708 2034//3708 2035//3708
f 1985//3709 2035//3709 2036//3709
f 1985//3710 2036//3710 2011//3710
f 2011//3711 2036//3711 1988//3711
f 1988//3712 2036//3712 2037//3712
f 1988//3713 2037//3713 1989//3713
f 1989//3714 2037//3714 2038//3714
f 1989//3715 2038//3715 2012//3715
f 2012//3716 2038//3716 2039//3716
f 2012//3717 2039//3717 1990//3717
f 1990//3718 2039//3718 2040//3718
f 1990//3719 2040//3719 1991//3719
f 1991//3720 2040//3720 2041//3720
f 1991//3721 2041//3721 1970//3721
f 1970//3722 2041//3722 2042//3722
f 1970//3723 2042//3723 1969//3723
f 1969//3724 2042//3724 2043//3724
f 1969//3725 2043//3725 1945//3725
f 1945//3726 2043//3726 2044//3726
f 1945//3727 2044//3727 1946//3727
f 1946//3728 2044//3728 2045//3728
f 1946//3729 2045//3729 1992//3729
f 1992//3730 2045//3730 2046//3730
f 1992//3731 2046//3731 1993//3731
f 1993//3732 2046//3732 2047//3732
f 1993//3733 2047//3733 1978//3733
f 1978//3734 2047//3734 2048//3734
f 1978//3735 2048//3735 1955//3735
f 1955//3736 2048//3736 2049//3736
f 1955//3737 2049//3737 1953//3737
f 1953//3738 2049//3738 2050//3738
f 1953//3739 2050//3739 1977//3739
f 1977//3740 2050//3740 2051//3740
f 1977//3741 2051//3741 1949//3741
f 1949//3742 2051//3742 2052//3742
f 1949//3743 2052//3743 1950//3743
f 1950//3744 2052//3744 2053//3744
f 1950//3745 2053//3745 1994//3745
f 1994//3746 2053//3746 2054//3746
f 1994//3747 2054//3747 1983//3747
f 1983//3748 2054//3748 2055//3748
f 1983//3749 2055//3749 2014//3749
f 2014//3750 2055//3750 2056//3750
f 2014//3751 2056//3751 1982//3751
f 1982//3752 2056//3752 2057//3752
f 1982//3753 2057//3753 1959//3753
f 1959//3754 2057//3754 2058//3754
f 1959//3755 2058//3755 1960//3755
f 1960//3756 2058//3756 2059//3756
f 1960//3757 2059//3757 2015//3757
f 2015//3758 2059//3758 2017//3758
f 2033//3759 2032//3759 2060//3759
f 2033//3760 2060//3760 2034//3760
f 2037//3761 2036//3761 2061//3761
f 2037//3762 2061//3762 2038//3762
f 2040//3763 2039//3763 2062//3763
f 2040//3764 2062//3764 2041//3764
f 2041//3765 2062//3765 2063//3765
f 2041//3766 2063//3766 2042//3766
f 2042//3767 2063//3767 2064//3767
f 2042//3768 2064//3768 2043//3768
f 2057//3769 2056//3769 2065//3769
f 2057//3770 2065//3770 2058//3770
f 2030//3771 2029//3771 2066//3771
f 2030//3772 2066//3772 2031//3772
f 2039//3773 2038//3773 2067//3773
f 2039//3774 2067//3774 2062//3774
f 2043//3775 2064//3775 2068//3775
f 2043//3776 2068//3776 2044//3776
f 2044//3777 2068//3777 2069//3777
f 2044//3778 2069//3778 2045//3778
f 2051//3779 2050//3779 2070//3779
f 2051//3780 2070//3780 2052//3780
f 2052//3781 2070//3781 2071//3781
f 2052//3782 2071//3782 2053//3782
f 2018//3783 2017//3783 2072//3783
f 2018//3784 2072//3784 2019//3784
f 2020//3785 2019//3785 2073//3785
f 2020//3786 2073//3786 2021//3786
f 2021//3787 2073//3787 2074//3787
f 2021//3788 2074//3788 2022//3788
f 2026//3789 2025//3789 2075//3789
f 2026//3790 2075//3790 2027//3790
f 2029//3791 2028//3791 2076//3791
f 2029//3792 2076//3792 2066//3792
f 2031//3793 2066//3793 2077//3793
f 2031//3794 2077//3794 2032//3794
f 2032//3795 2077//3795 2078//3795
f 2032//3796 2078//3796 2060//3796
f 2038//3797 2061//3797 2079//3797
f 2038//3798 2079//3798 2067//3798
f 2045//3799 2069//3799 2080//3799
f 2045//3800 2080//3800 2046//3800
f 2047//3801 2046//3801 2081//3801
f 2047//3802 2081//3802 2048//3802
f 2048//3803 2081//3803 2082//3803
f 2048//3804 2082//3804 2049//3804
f 2049//3805 2082//3805 2083//3805
f 2049//3806 2083//3806 2050//3806
f 2053//3807 2071//3807 2084//3807
f 2053//3808 2084//3808 2054//3808
f 2058//3809 2065//3809 2085//3809
f 2058//3810 2085//3810 2059//3810
f 2017//3811 2059//3811 2086//3811
f 2017//3812 2086//3812 2072//3812
f 2022//3813 2074//3813 2087//3813
f 2022//3814 2087//3814 2023//3814
f 2023//3815 2087//3815 2088//3815
f 2023//3816 2088//3816 2024//3816
f 2086//3817 2089//3817 2072//3817
f 2019//3818 2072//3818 2090//3818
f 2019//3819 2090//3819 2073//3819
f 2024//3820 2088//3820 2091//3820
f 2024//3821 2091//3821 2025//3821
f 2025//3822 2091//3822 2092//3822
f 2025//3823 2092//3823 2075//3823
f 2027//3824 2075//3824 2093//3824
f 2027//3825 2093//3825 2028//3825
f 2028//3826 2093//3826 2094//3826
f 2028//3827 2094//3827 2076//3827
f 2034//3828 2060//3828 2095//3828
f 2034//3829 2095//3829 2035//3829
f 2035//3830 2095//3830 2096//3830
f 2035//3831 2096//3831 2036//3831
f 2036//3832 2096//3832 2097//3832
f 2036//3833 2097//3833 2061//3833
f 2046//3834 2080//3834 2098//3834
f 2046//3835 2098//3835 2081//3835
f 2050//3836 2083//3836 2099//3836
f 2050//3837 2099//3837 2070//3837
f 2054//3838 2084//3838 2100//3838
f 2054//3839 2100//3839 2055//3839
f 2055//3840 2100//3840 2101//3840
f 2055//3841 2101//3841 2056//3841
f 2056//3842 2101//3842 2102//3842
f 2056//3843 2102//3843 2065//3843
f 2059//3844 2085//3844 2103//3844
f 2059//3845 2103//3845 2086//3845
