mtllib ../materials.mtl
v 0.000462 0.178884 0.056586
v 0.005504 0.178539 0.056586
v -0.027594 0.169065 0.056516
v -0.01742 0.175252 0.056516
v -0.011671 0.177304 0.056588
v -0.005954 0.178464 0.056516
v -0.023015 0.172344 0.056587
v -0.041286 0.149597 0.056588
v -0.038822 0.155264 0.056516
v -0.035633 0.160508 0.056589
v -0.032344 0.164596 0.056582
v -0.043658 0.132506 0.056587
v -0.043669 0.137608 0.056586
v -0.042809 0.144044 0.056516
v -0.038822 0.115032 0.056516
v -0.041191 0.120426 0.056588
v -0.042809 0.126252 0.056516
v -0.027594 0.101231 0.056516
v -0.032321 0.105677 0.056585
v -0.035492 0.109584 0.056587
v -0.011515 0.09295 0.056587
v -0.01742 0.095044 0.056516
v -0.022861 0.097858 0.056579
v 0.005776 0.091797 0.05658
v -0 0.091424 0.056516
v -0.005954 0.091831 0.056516
v 0.02202 0.097342 0.056578
v 0.01758 0.095094 0.056588
v 0.011796 0.093045 0.056516
v 0.035721 0.109933 0.056516
v 0.031734 0.105051 0.056577
v 0.027982 0.101532 0.056586
v 0.0429 0.12662 0.056587
v 0.041199 0.120506 0.056516
v 0.038796 0.114942 0.056588
v 0.042843 0.143937 0.05659
v 0.043622 0.138132 0.056516
v 0.043595 0.131581 0.056584
v 0.036143 0.159799 0.056579
v 0.038719 0.155497 0.056587
v 0.041199 0.14979 0.056516
v 0.022718 0.172506 0.056516
v 0.027823 0.168894 0.056588
v 0.031581 0.165407 0.056586
v 0.011796 0.17725 0.056516
v 0.017314 0.175317 0.056588
v -0.003353 0.178746 0.056611
v -0.007448 0.178235 0.05661
v -0.0157 0.175959 0.056611
v -0.019482 0.174295 0.05661
v -0.026714 0.169764 0.05661
v -0.029894 0.16706 0.056613
v -0.037792 0.157143 0.056611
v -0.039698 0.15348 0.05661
v -0.042507 0.145402 0.056611
v -0.043287 0.141334 0.05661
v -0.043244 0.128667 0.05661
v -0.042434 0.124594 0.056611
v -0.039565 0.11653 0.056611
v -0.03763 0.112875 0.05661
v -0.029667 0.103024 0.05661
v -0.026479 0.100351 0.056611
v -0.019215 0.095869 0.05661
v -0.015411 0.094227 0.056611
v -0.007147 0.09201 0.056611
v -0.003027 0.091526 0.05661
v 0.001141 0.091437 0.056611
v 0.009628 0.092494 0.056611
v 0.013607 0.093592 0.05661
v 0.024932 0.099226 0.056611
v 0.034193 0.107892 0.05661
v 0.036625 0.111261 0.056611
v 0.040569 0.118835 0.05661
v 0.041931 0.122746 0.056611
v 0.043727 0.135296 0.05661
v 0.043513 0.139446 0.056611
v 0.041842 0.147845 0.056611
v 0.040458 0.151736 0.05661
v 0.034018 0.162621 0.056611
v 0.024679 0.171245 0.056611
v 0.021166 0.173411 0.05661
v 0.013324 0.176794 0.05661
v 0.009327 0.177868 0.056611
v 0.005357 0.091502 0.056529
v -0.023154 0.097763 0.056529
v 0.031507 0.104472 0.056529
v 0.019441 0.095566 0.056522
v 0.026688 0.100038 0.056521
v 0.035613 0.109135 0.056521
v 0.040823 0.118248 0.056522
v 0.043622 0.128665 0.056521
v 0.044052 0.137164 0.056522
v 0.042634 0.148506 0.056496
v 0.041636 0.149676 0.056522
v 0.037099 0.159144 0.056522
v 0.028688 0.16875 0.056522
v 0.019646 0.174632 0.056521
v 0.011695 0.177667 0.056522
v 0.003306 0.179125 0.056521
v -0.005202 0.178938 0.056522
v -0.013632 0.177091 0.056522
v -0.021376 0.17372 0.056521
v -0.028353 0.168928 0.056521
v -0.034311 0.162851 0.056522
v -0.038994 0.155743 0.056522
v -0.042228 0.147866 0.056521
v -0.044118 0.137541 0.056522
v -0.043301 0.126785 0.056521
v -0.040886 0.118625 0.056522
v -0.035885 0.108534 0.056495
v -0.034454 0.107623 0.056522
v -0.028524 0.101513 0.056521
v -0.017715 0.094761 0.056521
v -0.009628 0.092113 0.056522
v -0.001178 0.091062 0.056521
v 0.011478 0.092566 0.056521
v -0.014663 0.177374 0.056516
v -0.008904 0.178952 0.056516
v 0.008903 0.178952 0.056516
v 0.002986 0.179747 0.056516
v -0.002986 0.179747 0.056516
v -0.02016 0.175043 0.056516
v -0.025298 0.172 0.056516
v -0.029984 0.168299 0.056516
v -0.034135 0.164007 0.056516
v -0.041713 0.119082 0.056516
v -0.039199 0.113666 0.056516
v -0.044675 0.136641 0.056516
v -0.044475 0.130674 0.056516
v -0.043482 0.124786 0.056516
v -0.037677 0.1592 0.056516
v -0.040547 0.153963 0.056516
v -0.032131 0.104073 0.056516
v -0.027703 0.100068 0.056516
v -0.02278 0.096688 0.056516
v -0.042693 0.148391 0.056516
v -0.044077 0.142583 0.056516
v 0.034135 0.164007 0.056516
v 0.029984 0.168299 0.056516
v 0.025297 0.172 0.056516
v 0.02016 0.175043 0.056516
v 0.014662 0.177374 0.056516
v 0.044674 0.136641 0.056516
v 0.044077 0.142583 0.056516
v 0.040546 0.153963 0.056516
v 0.037677 0.1592 0.056516
v 0.02278 0.096688 0.056516
v 0.027702 0.100068 0.056516
v 0.032131 0.104073 0.056516
v 0.041713 0.119082 0.056516
v 0.043482 0.124786 0.056516
v 0.044475 0.130674 0.056516
v -0.01745 0.093995 0.056516
v -0.011809 0.092037 0.056516
v -0.005958 0.090847 0.056516
v -0 0.090448 0.056516
v 0.005958 0.090847 0.056516
v 0.035986 0.108633 0.056516
v 0.039199 0.113666 0.056516
v 0.011809 0.092037 0.056516
v 0.01745 0.093995 0.056516
v -0.005998 0.09055 0.057036
v -0.011889 0.091747 0.057036
v -0.017567 0.093719 0.057036
v -0.022933 0.09643 0.057036
v -0.027888 0.099832 0.057036
v -0.032347 0.103865 0.057036
v -0.036228 0.108455 0.057036
v -0.039462 0.113522 0.057036
v -0.041993 0.118975 0.057036
v -0.043774 0.124716 0.057036
v -0.044773 0.130644 0.057036
v -0.044974 0.136652 0.057036
v -0.044373 0.142633 0.057036
v -0.042979 0.14848 0.057036
v -0.040819 0.15409 0.057036
v -0.03793 0.159361 0.057036
v -0.034364 0.164201 0.057036
v -0.030185 0.168522 0.057036
v -0.025467 0.172247 0.057036
v -0.020295 0.175311 0.057036
v -0.014761 0.177657 0.057036
v -0 0.180147 0.057036
v -0.008963 0.179245 0.057036
v -0.003006 0.180047 0.057036
v 0.003006 0.180047 0.057036
v 0.008963 0.179245 0.057036
v 0.014761 0.177657 0.057036
v 0.020295 0.175311 0.057036
v 0.025467 0.172247 0.057036
v 0.030185 0.168522 0.057036
v 0.034364 0.164201 0.057036
v 0.03793 0.159361 0.057036
v 0.040819 0.15409 0.057036
v 0.042979 0.14848 0.057036
v 0.044773 0.130644 0.057036
v 0.044373 0.142633 0.057036
v 0.044974 0.136651 0.057036
v 0.043774 0.124716 0.057036
v 0.036228 0.108455 0.057036
v 0.041993 0.118975 0.057036
v 0.039462 0.113522 0.057036
v 0.032347 0.103865 0.057036
v 0.027888 0.099832 0.057036
v 0.022932 0.09643 0.057036
v 0.017567 0.093719 0.057036
v 0.011889 0.091747 0.057036
v 0.005998 0.09055 0.057036
v -0 0.090148 0.057036
v -0.005998 0.179746 0.057316
v -0 0.180147 0.057316
v -0.011889 0.178548 0.057316
v -0.022933 0.173865 0.057316
v -0.017567 0.176576 0.057316
v -0.027888 0.170463 0.057316
v -0.032347 0.166431 0.057316
v -0.039462 0.156774 0.057316
v -0.036228 0.16184 0.057316
v -0.041993 0.151321 0.057316
v -0.044773 0.139652 0.057316
v -0.043774 0.14558 0.057316
v -0.044373 0.127663 0.057316
v -0.044974 0.133644 0.057316
v -0.040819 0.116206 0.057316
v -0.042979 0.121816 0.057316
v -0.034364 0.106095 0.057316
v -0.03793 0.110934 0.057316
v -0.025467 0.098048 0.057316
v -0.030185 0.101774 0.057316
v -0.014761 0.092638 0.057316
v -0.020295 0.094985 0.057316
v -0.003006 0.090249 0.057316
v -0.008963 0.09105 0.057316
v 0.003006 0.090249 0.057316
v 0.014761 0.092638 0.057316
v 0.008963 0.09105 0.057316
v 0.020295 0.094985 0.057316
v 0.025467 0.098048 0.057316
v 0.030185 0.101774 0.057316
v 0.034364 0.106095 0.057316
v 0.040819 0.116206 0.057316
v 0.03793 0.110934 0.057316
v 0.044373 0.127663 0.057316
v 0.042979 0.121816 0.057316
v 0.044773 0.139652 0.057316
v 0.044974 0.133644 0.057316
v 0.041993 0.151321 0.057316
v 0.043774 0.14558 0.057316
v 0.036228 0.161841 0.057316
v 0.039462 0.156774 0.057316
v 0.027888 0.170463 0.057316
v 0.032347 0.166431 0.057316
v 0.017567 0.176577 0.057316
v 0.022932 0.173865 0.057316
v 0.005998 0.179746 0.057316
v 0.011889 0.178548 0.057316
v 0.034206 0.162977 0.057316
v 0.030098 0.167376 0.057316
v 0.02543 0.171174 0.057316
v 0.020287 0.174301 0.057316
v 0.014767 0.176699 0.057316
v 0.008972 0.178322 0.057316
v 0.003009 0.179142 0.057316
v -0.003009 0.179142 0.057316
v -0.008972 0.178322 0.057316
v -0.014767 0.176699 0.057316
v -0.020288 0.174301 0.057316
v -0.02543 0.171174 0.057316
v -0.030099 0.167376 0.057316
v -0.034207 0.162977 0.057316
v -0.037677 0.15806 0.057316
v -0.040446 0.152716 0.057316
v -0.042462 0.147045 0.057316
v -0.043686 0.141152 0.057316
v -0.044097 0.135148 0.057316
v -0.043686 0.129143 0.057316
v -0.042462 0.123251 0.057316
v -0.040446 0.117579 0.057316
v -0.037677 0.112236 0.057316
v -0.034207 0.107319 0.057316
v -0.030099 0.10292 0.057316
v -0.02543 0.099122 0.057316
v -0.020288 0.095995 0.057316
v -0.014767 0.093597 0.057316
v -0.008972 0.091973 0.057316
v -0.003009 0.091154 0.057316
v 0.003009 0.091154 0.057316
v 0.008972 0.091973 0.057316
v 0.014767 0.093597 0.057316
v 0.020287 0.095995 0.057316
v 0.02543 0.099122 0.057316
v 0.030099 0.10292 0.057316
v 0.034207 0.107319 0.057316
v 0.037677 0.112236 0.057316
v 0.040446 0.117579 0.057316
v 0.042462 0.123251 0.057316
v 0.043686 0.129143 0.057316
v 0.044097 0.135148 0.057316
v 0.043686 0.141152 0.057316
v 0.042462 0.147045 0.057316
v 0.040446 0.152716 0.057316
v 0.037677 0.15806 0.057316
v 0.044004 0.132076 0.057883
v 0.044085 0.13636 0.057842
v 0.043492 0.127801 0.057879
v 0.042588 0.123693 0.057844
v 0.041281 0.119629 0.057844
v 0.037519 0.111968 0.057844
v 0.039576 0.115675 0.057877
v 0.035146 0.108452 0.057942
v 0.032361 0.105177 0.057877
v 0.029317 0.102201 0.057842
v 0.026058 0.099559 0.057881
v 0.022497 0.097209 0.057877
v 0.014742 0.093582 0.057845
v 0.018698 0.09517 0.057942
v 0.010691 0.092363 0.05784
v 0.006488 0.091526 0.057843
v 0.002227 0.091102 0.057844
v -0.001987 0.091091 0.057842
v -0.006249 0.091482 0.057883
v -0.014513 0.093502 0.057845
v -0.010477 0.092302 0.057879
v -0.01844 0.09508 0.057878
v -0.02226 0.097075 0.057844
v -0.025844 0.099411 0.057845
v -0.029134 0.10204 0.057842
v -0.032217 0.105018 0.057883
v -0.034999 0.108303 0.057879
v -0.037391 0.111761 0.057844
v -0.039478 0.115488 0.057844
v -0.042525 0.123458 0.057845
v -0.041212 0.119429 0.057878
v -0.043447 0.127583 0.05784
v -0.043986 0.131833 0.057883
v -0.044091 0.136117 0.057843
v -0.043807 0.140301 0.05788
v -0.04309 0.144542 0.057843
v -0.040484 0.152642 0.057845
v -0.041974 0.1487 0.057878
v -0.038616 0.156469 0.057884
v -0.036349 0.160132 0.057877
v -0.03377 0.163513 0.057844
v -0.030909 0.166605 0.057842
v -0.027739 0.169441 0.057877
v -0.024279 0.172005 0.057942
v -0.020614 0.174136 0.057844
v -0.016759 0.175976 0.057941
v -0.012694 0.177389 0.057877
v -0.00857 0.178409 0.057845
v -0.004405 0.179029 0.057842
v -0.000122 0.179259 0.057883
v 0.004177 0.179058 0.057879
v 0.008337 0.178454 0.057844
v 0.012489 0.177444 0.057843
v 0.020399 0.174249 0.057845
v 0.016556 0.17603 0.057878
v 0.024062 0.172119 0.057884
v 0.027549 0.169593 0.057877
v 0.030737 0.166774 0.057843
v 0.033644 0.163716 0.057943
v 0.036244 0.160284 0.057878
v 0.04038 0.152881 0.057845
v 0.038509 0.156654 0.057878
v 0.041935 0.148906 0.057941
v 0.043049 0.14475 0.057877
v 0.043769 0.14056 0.057844
v -0.025906 0.099333 0.057982
v -0.029242 0.102 0.057982
v -0.032465 0.104983 0.058024
v -0.035225 0.108257 0.058024
v -0.039583 0.115474 0.057982
v -0.0375 0.111746 0.057982
v -0.0398 0.115307 0.057986
v -0.041443 0.119452 0.058024
v -0.044201 0.131958 0.058024
v -0.043733 0.127623 0.05801
v -0.044391 0.131789 0.05792
v -0.044511 0.136075 0.057917
v -0.042626 0.123446 0.057982
v -0.042802 0.123437 0.05801
v -0.04399 0.14051 0.058024
v -0.044364 0.136165 0.05801
v -0.044209 0.140408 0.057917
v -0.043454 0.144608 0.057986
v -0.042141 0.148861 0.058024
v -0.042387 0.148767 0.057917
v -0.040858 0.152835 0.057915
v -0.044192 0.136123 0.057982
v -0.040705 0.152819 0.05801
v -0.038963 0.15669 0.057916
v -0.043556 0.127614 0.057982
v -0.043181 0.144595 0.057982
v -0.03646 0.160339 0.058024
v -0.038721 0.156702 0.058024
v -0.036706 0.160339 0.057919
v -0.034114 0.163755 0.057916
v -0.033952 0.163721 0.05801
v -0.031173 0.166937 0.057914
v -0.027734 0.169712 0.058024
v -0.031036 0.166864 0.05801
v -0.027966 0.169788 0.057918
v -0.024513 0.172315 0.057914
v -0.040562 0.152716 0.057982
v -0.030943 0.166714 0.057982
v -0.033845 0.16358 0.057982
v -0.020624 0.174244 0.057982
v -0.020671 0.174414 0.05801
v -0.016825 0.176314 0.057986
v -0.004338 0.17931 0.05801
v -0.00858 0.178686 0.05801
v -0.004392 0.17945 0.057918
v -0.000109 0.179665 0.057919
v -0.004359 0.179135 0.057982
v -0.008584 0.178509 0.057982
v 0.00002 0.179464 0.058024
v 0.008401 0.178545 0.057982
v 0.004297 0.179255 0.058024
v 0.008472 0.178707 0.05801
v 0.012649 0.177782 0.057986
v 0.024303 0.172206 0.058024
v 0.020573 0.174466 0.05801
v 0.024313 0.172442 0.057917
v 0.027788 0.169929 0.057918
v 0.02046 0.17433 0.057982
v 0.01673 0.176185 0.058024
v 0.033881 0.163805 0.05801
v 0.030957 0.166941 0.05801
v 0.033968 0.163926 0.057917
v 0.036572 0.160533 0.057918
v 0.01255 0.177531 0.057982
v 0.03874 0.156667 0.058024
v 0.036483 0.160306 0.058024
v 0.03885 0.156887 0.057918
v 0.040785 0.153014 0.057908
v 0.030809 0.166844 0.057982
v 0.027766 0.169687 0.058024
v 0.040661 0.15292 0.05801
v 0.042305 0.149012 0.057917
v 0.043276 0.144691 0.058024
v 0.042186 0.148913 0.05801
v 0.043444 0.144871 0.057918
v 0.044178 0.140664 0.057915
v 0.044045 0.140551 0.05801
v 0.044505 0.13633 0.057916
v 0.040487 0.152886 0.057982
v 0.044198 0.131918 0.058024
v 0.044361 0.136275 0.05801
v 0.044419 0.132063 0.057906
v 0.043973 0.128019 0.05788
v 0.044187 0.136309 0.057982
v 0.043869 0.140568 0.057982
v 0.041511 0.119464 0.05801
v 0.042831 0.123543 0.05801
v 0.04167 0.119479 0.057917
v 0.039965 0.115534 0.057917
v 0.042674 0.123625 0.057982
v 0.04368 0.127667 0.058024
v 0.035293 0.108249 0.05801
v 0.037724 0.11178 0.05801
v 0.035448 0.108215 0.057917
v 0.032687 0.104924 0.057918
v 0.037598 0.111904 0.057982
v 0.032437 0.104953 0.058024
v 0.022449 0.096939 0.058024
v 0.026032 0.099284 0.058024
v 0.022682 0.096841 0.057918
v 0.01889 0.094835 0.057917
v 0.029381 0.102123 0.057982
v 0.014759 0.093482 0.057982
v 0.01478 0.093306 0.05801
v 0.010773 0.092002 0.057986
v 0.006479 0.091422 0.057982
v 0.010669 0.092252 0.057982
v 0.006568 0.091164 0.057986
v 0.002199 0.090827 0.05801
v -0.010625 0.092124 0.058024
v -0.006423 0.0913 0.058024
v -0.010509 0.091887 0.057918
v -0.014679 0.093116 0.057916
v 0.002228 0.091001 0.057982
v -0.002014 0.090722 0.057986
v -0.014677 0.09327 0.05801
v -0.018636 0.094719 0.05792
v -0.026039 0.099215 0.05801
v -0.022409 0.096735 0.057986
v -0.02604 0.099035 0.057915
v -0.02938 0.101764 0.057986
v -0.002043 0.090992 0.057982
v -0.032504 0.104729 0.05792
v -0.035282 0.107997 0.057918
v -0.014584 0.09342 0.057982
v -0.018693 0.094967 0.058024
v -0.022329 0.096999 0.057982
v -0.043867 0.127547 0.057917
v -0.037699 0.111559 0.057986
v -0.024364 0.172236 0.05801
v -0.020784 0.174524 0.057911
v -0.008674 0.178814 0.057918
v -0.012833 0.177775 0.05792
v -0.009487 0.178765 0.05754
v -0.013565 0.177678 0.057537
v -0.012653 0.177619 0.058024
v -0.001079 0.179739 0.057616
v 0.004164 0.179472 0.057918
v 0.016684 0.176421 0.057919
v 0.015584 0.176971 0.057553
v 0.008469 0.178857 0.057914
v 0.020568 0.174638 0.05791
v 0.031005 0.167096 0.057917
v 0.030024 0.168176 0.057541
v 0.026699 0.170878 0.057613
v 0.038112 0.158376 0.057553
v 0.043111 0.146728 0.057538
v 0.044589 0.134168 0.057618
v 0.042984 0.123542 0.057913
v 0.041032 0.117589 0.057554
v 0.039717 0.115489 0.058024
v 0.037904 0.111787 0.05791
v 0.034454 0.106765 0.057538
v 0.041363 0.11956 0.057982
v 0.02964 0.101942 0.057923
v 0.021391 0.096007 0.057611
v 0.02626 0.099196 0.057916
v 0.02507 0.098233 0.057561
v 0.029467 0.101969 0.05801
v 0.018749 0.094928 0.05801
v 0.014931 0.093199 0.057908
v 0.009522 0.091543 0.057553
v -0.006299 0.091078 0.057919
v -0.007362 0.091155 0.057614
v -0.003134 0.090616 0.057536
v 0.002307 0.090687 0.057915
v -0.019447 0.094975 0.057552
v -0.029974 0.102062 0.057535
v -0.038085 0.111849 0.057533
v -0.041574 0.119226 0.057919
v -0.042916 0.123302 0.057916
v 0.044331 0.129918 0.057539
v 0.044497 0.138358 0.057602
v 0.044011 0.142593 0.057542
v 0.041821 0.150781 0.057534
v 0.040146 0.154676 0.057536
v 0.035683 0.161911 0.057617
v 0.033016 0.165203 0.057534
v 0.023211 0.173287 0.057533
v 0.01948 0.175306 0.057544
v 0.011519 0.178285 0.057532
v 0.007348 0.179183 0.057535
v 0.003168 0.179682 0.057533
v -0.005329 0.179467 0.057548
v -0.017601 0.176171 0.057546
v -0.021496 0.174279 0.057533
v -0.025048 0.172108 0.057532
v -0.028486 0.169533 0.05753
v -0.031641 0.166649 0.057532
v -0.034441 0.16356 0.057532
v -0.037 0.160127 0.057544
v -0.039229 0.156468 0.057532
v -0.041081 0.152632 0.057533
v 0.043632 0.125685 0.057534
v 0.042518 0.121568 0.057543
v 0.039188 0.113774 0.057549
v 0.037003 0.110169 0.057536
v 0.031578 0.103582 0.057532
v 0.028447 0.100737 0.057534
v 0.0176 0.094116 0.057533
v 0.013586 0.092623 0.057537
v 0.005317 0.09085 0.057597
v 0.001077 0.090516 0.057535
v -0.011528 0.092014 0.057532
v -0.015571 0.093312 0.057539
v -0.023214 0.097019 0.057547
v -0.026768 0.099418 0.057535
v -0.033022 0.105095 0.057531
v -0.035728 0.10839 0.057548
v -0.040151 0.115612 0.05753
v -0.04182 0.119537 0.057547
v -0.043128 0.123609 0.057534
v -0.044015 0.127665 0.057533
v -0.044534 0.131922 0.05753
v -0.044634 0.136216 0.057533
v -0.044342 0.140362 0.057532
v -0.043641 0.144591 0.05753
v -0.042527 0.148742 0.057533
v -0.001143 0.180118 0.057577
v 0.003208 0.180019 0.057578
v 0.003088 0.179867 0.057478
v -0.001199 0.179887 0.05747
v 0.026901 0.171203 0.057577
v 0.030251 0.168453 0.05761
v 0.030106 0.168406 0.057481
v 0.026714 0.171056 0.05747
v 0.043447 0.146839 0.05761
v 0.044367 0.142628 0.05761
v 0.044224 0.142681 0.057481
v 0.043307 0.14685 0.057481
v -0.00538 0.179806 0.057574
v -0.00546 0.179623 0.057474
v 0.023377 0.173578 0.057574
v 0.023236 0.173481 0.057478
v 0.042142 0.150904 0.057607
v 0.041999 0.150914 0.057481
v -0.044677 0.140454 0.057607
v -0.043975 0.144665 0.05761
v -0.043856 0.144591 0.057481
v -0.044555 0.140379 0.057481
v -0.009583 0.179108 0.05761
v -0.009629 0.178963 0.057481
v 0.019642 0.175627 0.05761
v 0.019516 0.175541 0.057481
v 0.040462 0.154825 0.05761
v 0.04031 0.154835 0.057481
v -0.042759 0.148717 0.057481
v -0.041276 0.15272 0.057481
v -0.042862 0.148829 0.05761
v -0.041372 0.152826 0.057607
v -0.037207 0.160182 0.057473
v -0.034653 0.163637 0.057481
v -0.037272 0.160351 0.05761
v -0.034707 0.16378 0.05761
v -0.031788 0.166802 0.057481
v -0.028625 0.169643 0.057478
v -0.028697 0.169791 0.057577
v -0.031839 0.166936 0.057607
v -0.025223 0.172246 0.057481
v -0.025235 0.172398 0.05761
v -0.017766 0.176323 0.057473
v -0.02158 0.174437 0.057478
v -0.021592 0.174608 0.057574
v -0.017756 0.176489 0.05761
v -0.01375 0.177849 0.057481
v -0.013718 0.177998 0.05761
v 0.007345 0.179403 0.057481
v 0.011519 0.178504 0.057481
v 0.007442 0.179521 0.05761
v 0.01161 0.178615 0.057607
v 0.015556 0.177208 0.057473
v 0.015705 0.177311 0.05761
v 0.035748 0.162076 0.05747
v 0.033131 0.165394 0.057481
v 0.035986 0.162136 0.057574
v 0.03328 0.165427 0.05761
v 0.038228 0.158593 0.057473
v 0.038409 0.158582 0.05761
v 0.044617 0.138446 0.057477
v 0.044728 0.13419 0.057477
v 0.044853 0.138448 0.057558
v 0.044924 0.134124 0.057525
v 0.044999 0.134288 0.057663
v 0.044555 0.129916 0.057481
v 0.044677 0.129825 0.05761
v 0.043856 0.125705 0.057481
v 0.042759 0.121579 0.057481
v 0.043969 0.125603 0.05761
v 0.042865 0.121482 0.057607
v 0.039418 0.113764 0.057473
v 0.037193 0.110096 0.057479
v 0.037276 0.109963 0.05759
v 0.039499 0.113602 0.05761
v 0.031788 0.103494 0.057481
v 0.028628 0.100632 0.057479
v 0.028671 0.100481 0.05759
v 0.031828 0.103347 0.05761
v 0.017747 0.093947 0.057481
v 0.01375 0.092446 0.057481
v 0.017729 0.093795 0.05761
v 0.013733 0.092304 0.057607
v 0.005417 0.090738 0.057477
v 0.001163 0.090302 0.057481
v 0.00533 0.090485 0.057561
v 0.00109 0.090168 0.05761
v -0.00729 0.09099 0.05747
v -0.011519 0.091791 0.057481
v -0.007458 0.090785 0.057578
v -0.011627 0.091683 0.05761
v -0.019484 0.094757 0.057473
v -0.015588 0.093082 0.057481
v -0.01569 0.092981 0.057607
v -0.019616 0.094656 0.05761
v -0.023235 0.096792 0.057473
v -0.023401 0.096719 0.05761
v -0.026808 0.099178 0.057481
v -0.030106 0.101889 0.057481
v -0.026948 0.099118 0.05761
v -0.030238 0.101833 0.057607
v -0.033131 0.104902 0.057481
v -0.03328 0.104869 0.05761
v -0.035826 0.108175 0.057473
v -0.038256 0.111718 0.057481
v -0.036007 0.108169 0.05761
v -0.038399 0.111701 0.057607
v -0.041974 0.119361 0.057473
v -0.043307 0.123445 0.057481
v -0.042149 0.119406 0.05761
v -0.043455 0.123484 0.05761
v -0.04474 0.131853 0.057481
v -0.04485 0.13612 0.057481
v -0.044877 0.131919 0.05761
v -0.044981 0.136199 0.05761
v -0.039395 0.156534 0.057478
v -0.039517 0.156643 0.057577
v 0.041272 0.117608 0.057473
v 0.041379 0.117481 0.05761
v 0.034653 0.106659 0.057481
v 0.034725 0.106538 0.05761
v 0.025216 0.098128 0.057476
v 0.025287 0.09795 0.057561
v 0.021535 0.095933 0.057477
v 0.021637 0.095714 0.057561
v 0.009652 0.091354 0.057473
v 0.009611 0.091193 0.05761
v -0.003106 0.090395 0.057481
v -0.003174 0.090269 0.057607
v -0.04031 0.115461 0.057481
v -0.04045 0.115445 0.05761
v -0.044224 0.127615 0.057481
v -0.044362 0.127652 0.057607
v 0.044865 0.138389 0.066199
v 0.044981 0.134118 0.066154
v 0.044666 0.129804 0.066195
v 0.043956 0.125582 0.066195
v 0.042854 0.121479 0.066199
v 0.04138 0.117501 0.066195
v 0.039481 0.113586 0.066195
v 0.037268 0.109959 0.066199
v 0.034732 0.106558 0.066195
v 0.031807 0.103336 0.066195
v 0.028662 0.10048 0.066199
v 0.02527 0.097931 0.066195
v 0.021618 0.095698 0.066195
v 0.017734 0.093809 0.066199
v 0.013762 0.092319 0.066195
v 0.009628 0.091205 0.066195
v 0.005337 0.090481 0.066195
v 0.001099 0.09018 0.066199
v -0.003142 0.090272 0.066195
v -0.007463 0.090786 0.066195
v -0.011646 0.091697 0.066195
v -0.015692 0.092992 0.066199
v -0.019595 0.094655 0.066195
v -0.023416 0.096738 0.066195
v -0.026933 0.099121 0.066199
v -0.03021 0.101816 0.066195
v -0.033289 0.104891 0.066195
v -0.036014 0.108192 0.066195
v -0.038394 0.111712 0.066199
v -0.040434 0.115431 0.066195
v -0.04215 0.11943 0.066195
v -0.043453 0.123508 0.066195
v -0.044354 0.12766 0.066199
v -0.044871 0.131942 0.066195
v -0.044972 0.136222 0.066195
v -0.044667 0.140459 0.066199
v -0.043972 0.144644 0.066195
v -0.042848 0.148848 0.066195
v -0.041361 0.152828 0.066199
v -0.039515 0.156648 0.066195
v -0.037252 0.160365 0.066195
v -0.034705 0.163765 0.066199
v -0.031857 0.166909 0.066195
v -0.028694 0.169794 0.066195
v -0.025212 0.172404 0.066195
v -0.021583 0.174613 0.066199
v -0.017771 0.176474 0.066195
v -0.013694 0.177998 0.066195
v -0.009559 0.179105 0.066195
v -0.005369 0.179808 0.066199
v -0.001138 0.180119 0.066195
v 0.003212 0.180018 0.066195
v 0.007431 0.179511 0.066199
v 0.011578 0.178618 0.066195
v 0.015724 0.177295 0.066195
v 0.019628 0.175621 0.066199
v 0.023356 0.173595 0.066195
v 0.026905 0.171201 0.066195
v 0.030262 0.168432 0.066195
v 0.033265 0.165426 0.066199
v 0.035972 0.16216 0.066195
v 0.038413 0.158558 0.066195
v 0.040465 0.154801 0.066195
v 0.042135 0.150894 0.066199
v 0.043435 0.146856 0.066195
v 0.044363 0.142604 0.066195
v 0.003131 0.17966 0.066192
v 0.007339 0.179185 0.066237
v 0.003266 0.179802 0.066302
v 0.007473 0.179346 0.066295
v -0.003125 0.090615 0.066236
v -0.007496 0.091006 0.066302
v -0.003238 0.090439 0.066295
v -0.001093 0.179738 0.066156
v -0.001 0.179892 0.066303
v 0.001085 0.090517 0.066237
v 0.001027 0.090334 0.066295
v -0.005341 0.179449 0.066193
v -0.005244 0.179613 0.066302
v 0.005328 0.090818 0.06624
v 0.005282 0.090634 0.066295
v -0.043793 0.144715 0.066295
v -0.042685 0.148834 0.066295
v -0.043636 0.144615 0.066242
v -0.042522 0.148756 0.06624
v -0.041191 0.15283 0.066295
v -0.039324 0.156665 0.066295
v -0.041074 0.152646 0.066239
v -0.039203 0.15652 0.066242
v -0.037039 0.160304 0.066302
v -0.034541 0.163719 0.066295
v -0.034422 0.16358 0.066239
v -0.036969 0.160137 0.066193
v -0.031669 0.166872 0.066295
v -0.031624 0.166662 0.066239
v -0.028473 0.169747 0.066298
v -0.025092 0.172293 0.066295
v -0.025013 0.172127 0.066238
v -0.028456 0.169543 0.066227
v -0.021448 0.174509 0.066295
v -0.021474 0.174288 0.066237
v -0.017609 0.17637 0.066295
v -0.013564 0.177817 0.066302
v -0.017613 0.176176 0.066241
v -0.013611 0.177638 0.066187
v -0.009447 0.178914 0.066302
v -0.00947 0.178745 0.066182
v 0.01164 0.178436 0.066295
v 0.015702 0.177133 0.066295
v 0.011509 0.178288 0.06624
v 0.015592 0.176977 0.066235
v 0.019614 0.175376 0.066303
v 0.019511 0.175251 0.066144
v 0.023364 0.173403 0.066295
v 0.026873 0.170937 0.066303
v 0.023202 0.173293 0.066239
v 0.02669 0.170884 0.066159
v 0.030153 0.168221 0.066303
v 0.030031 0.168126 0.066158
v 0.033196 0.165271 0.066295
v 0.035868 0.161916 0.066303
v 0.033009 0.165211 0.066239
v 0.035673 0.161924 0.066155
v 0.038299 0.158407 0.066298
v 0.038105 0.158387 0.066219
v 0.040285 0.154645 0.066303
v 0.042013 0.150776 0.066295
v 0.041817 0.150791 0.066239
v 0.040161 0.154591 0.066184
v 0.044146 0.142505 0.066303
v 0.044714 0.138306 0.066295
v 0.04453 0.138373 0.066238
v 0.043984 0.142546 0.066152
v 0.044431 0.12977 0.066303
v 0.043793 0.125581 0.066295
v 0.043635 0.125696 0.066238
v 0.044286 0.12984 0.066159
v 0.041191 0.117466 0.066295
v 0.039324 0.11363 0.066295
v 0.041049 0.117606 0.066235
v 0.039202 0.113779 0.066239
v 0.037027 0.110008 0.066303
v 0.034541 0.106577 0.066295
v 0.03446 0.106772 0.066234
v 0.037039 0.110267 0.066183
v 0.031668 0.103423 0.066295
v 0.031585 0.103589 0.066241
v 0.028509 0.100557 0.066295
v 0.025055 0.097998 0.066298
v 0.028455 0.100744 0.066239
v 0.025082 0.098241 0.066211
v 0.021411 0.095785 0.066298
v 0.021434 0.096004 0.066216
v 0.017572 0.093928 0.066298
v 0.013611 0.092438 0.066295
v 0.013594 0.092626 0.066235
v 0.017607 0.09413 0.066223
v 0.009489 0.091338 0.066295
v 0.009549 0.09154 0.066236
v -0.01164 0.09186 0.066295
v -0.015702 0.093237 0.066303
v -0.011519 0.092011 0.06624
v -0.015503 0.093323 0.066158
v -0.019628 0.094906 0.066302
v -0.01945 0.094992 0.066188
v -0.023364 0.096893 0.066295
v -0.026895 0.099287 0.066295
v -0.023208 0.097004 0.066241
v -0.026761 0.099413 0.066237
v -0.030189 0.102058 0.066301
v -0.029999 0.102101 0.066212
v -0.033196 0.105025 0.066295
v -0.035909 0.108316 0.066295
v -0.033046 0.105119 0.066243
v -0.035761 0.108414 0.066241
v -0.038297 0.111851 0.066295
v -0.038102 0.111873 0.066241
v -0.040338 0.115597 0.066295
v -0.042013 0.11952 0.066295
v -0.040161 0.115632 0.066243
v -0.04184 0.119562 0.066241
v -0.044212 0.127754 0.066295
v -0.044714 0.13199 0.066295
v -0.044018 0.127679 0.06624
v -0.044536 0.131946 0.066243
v -0.044339 0.140376 0.06624
v -0.044504 0.140509 0.066295
v 0.043247 0.146668 0.066303
v 0.043068 0.146761 0.066163
v 0.044865 0.134058 0.066289
v 0.044621 0.134125 0.06623
v 0.04261 0.121458 0.066303
v 0.042508 0.121654 0.066145
v 0.029636 0.101947 0.065835
v -0.007344 0.091144 0.06618
v -0.043309 0.123584 0.066295
v -0.043134 0.123623 0.06624
v -0.044812 0.136254 0.066295
v -0.044634 0.136231 0.06624
v -0.029459 0.101744 0.065895
v -0.032523 0.104733 0.065873
v -0.035285 0.108008 0.065842
v -0.037767 0.111557 0.065874
v -0.039816 0.115337 0.065787
v -0.041573 0.119238 0.06584
v -0.042934 0.123331 0.065875
v -0.026031 0.099039 0.065841
v -0.022399 0.096729 0.065787
v -0.018654 0.094717 0.065871
v -0.014689 0.093112 0.065873
v -0.01053 0.091882 0.065873
v -0.006308 0.091089 0.065836
v -0.002002 0.090722 0.065787
v 0.00231 0.090695 0.06584
v 0.006557 0.091125 0.065837
v 0.01077 0.091942 0.065873
v 0.014932 0.093209 0.065846
v 0.018876 0.094839 0.065838
v 0.022666 0.096843 0.065837
v 0.026254 0.099181 0.065876
v 0.032671 0.104922 0.065837
v 0.035447 0.108198 0.065874
v 0.037898 0.111793 0.065845
v 0.03995 0.115526 0.065837
v 0.041655 0.119469 0.065837
v 0.042989 0.123536 0.065877
v 0.043895 0.127776 0.065838
v 0.044399 0.132031 0.065837
v 0.044514 0.136318 0.065876
v 0.04417 0.140662 0.065841
v 0.043437 0.144854 0.065837
v 0.042301 0.148993 0.065837
v 0.040793 0.153015 0.065883
v 0.038849 0.156868 0.065837
v 0.036573 0.160514 0.065837
v 0.033975 0.163929 0.065872
v 0.031009 0.167079 0.065838
v 0.027795 0.16991 0.065837
v 0.024326 0.172444 0.065874
v 0.020567 0.174629 0.065845
v 0.016696 0.176406 0.065836
v 0.012644 0.177823 0.065837
v 0.00847 0.178864 0.065876
v 0.004168 0.179463 0.065838
v -0.000099 0.179675 0.065872
v -0.00437 0.179443 0.065838
v -0.008663 0.178825 0.065873
v -0.012827 0.177787 0.065871
v -0.016835 0.17631 0.065787
v -0.02077 0.174537 0.065876
v -0.024441 0.1723 0.065786
v -0.027957 0.169803 0.06587
v -0.031169 0.166947 0.065871
v -0.034044 0.16376 0.065786
v -0.036646 0.160342 0.065786
v -0.038962 0.156701 0.06587
v -0.04086 0.152848 0.065873
v -0.042385 0.148795 0.065872
v -0.043443 0.14466 0.065787
v -0.044215 0.140419 0.065872
v -0.044518 0.136106 0.065873
v -0.044348 0.131833 0.065787
v -0.043877 0.127554 0.065873
v -0.037622 0.111579 0.065765
v -0.039513 0.115486 0.065831
v -0.041337 0.11923 0.065754
v -0.043661 0.127435 0.065745
v -0.042614 0.123403 0.06579
v -0.043454 0.12758 0.065893
v -0.04401 0.131842 0.065831
v -0.029327 0.101792 0.065769
v -0.032393 0.10479 0.065765
v -0.042791 0.123321 0.065765
v -0.044329 0.135967 0.065745
v -0.044098 0.136149 0.065891
v -0.043897 0.14034 0.06579
v -0.040579 0.152675 0.06579
v -0.041967 0.148727 0.065892
v -0.040482 0.152647 0.065927
v -0.038618 0.156458 0.065894
v -0.042244 0.148609 0.065745
v -0.043119 0.144561 0.065831
v -0.044091 0.14033 0.065765
v -0.038871 0.156474 0.065745
v -0.036383 0.16013 0.065831
v -0.033873 0.163547 0.06579
v -0.033767 0.163517 0.065929
v -0.030909 0.166652 0.06583
v -0.040768 0.152722 0.065765
v -0.031132 0.166798 0.065765
v -0.027959 0.169558 0.065745
v -0.020782 0.174378 0.065765
v -0.020663 0.174224 0.06579
v -0.016748 0.175981 0.065831
v -0.008765 0.178609 0.065745
v -0.012919 0.177561 0.065745
v -0.008548 0.178421 0.065891
v -0.004479 0.179175 0.065755
v -0.000252 0.179484 0.065745
v 0.008363 0.178748 0.065765
v 0.004063 0.179215 0.065755
v 0.008358 0.178553 0.06579
v 0.012454 0.177614 0.065755
v 0.027548 0.169782 0.065755
v 0.024051 0.172122 0.065893
v 0.027534 0.169599 0.065928
v 0.030742 0.166769 0.065929
v 0.016495 0.176258 0.065754
v 0.020381 0.17443 0.065755
v 0.036327 0.160496 0.065754
v 0.033661 0.163693 0.06583
v 0.036254 0.160271 0.065893
v 0.038523 0.156632 0.065892
v 0.04047 0.152926 0.06579
v 0.040383 0.152875 0.065927
v 0.041908 0.148886 0.065927
v 0.024086 0.172371 0.065745
v 0.038603 0.156872 0.065754
v 0.042024 0.149021 0.065755
v 0.043053 0.144736 0.065894
v 0.030763 0.166962 0.065755
v 0.043906 0.140689 0.065755
v 0.043769 0.140556 0.065928
v 0.044092 0.136205 0.065937
v 0.033822 0.163905 0.065765
v 0.043203 0.144926 0.065754
v 0.044186 0.136353 0.06579
v 0.043996 0.132041 0.0659
v 0.040633 0.153033 0.065765
v 0.044377 0.13639 0.065765
v 0.044196 0.132164 0.065754
v 0.04288 0.123649 0.065765
v 0.043701 0.127912 0.065754
v 0.042686 0.123667 0.06579
v 0.041452 0.11965 0.065755
v 0.039808 0.115718 0.065754
v 0.035378 0.108328 0.065765
v 0.037702 0.111975 0.065755
v 0.035138 0.108442 0.065831
v 0.03259 0.105147 0.065754
v 0.018838 0.095103 0.065755
v 0.022481 0.097199 0.065894
v 0.018677 0.095195 0.065927
v 0.014733 0.093579 0.065927
v 0.026232 0.099332 0.065765
v 0.029542 0.102141 0.065754
v 0.026092 0.099468 0.06579
v 0.02265 0.09708 0.065754
v 0.006601 0.091388 0.065755
v 0.010695 0.092356 0.065893
v 0.006476 0.091523 0.065928
v 0.002221 0.091102 0.065929
v -0.006188 0.091328 0.065755
v -0.001999 0.09099 0.06579
v -0.006264 0.091493 0.065928
v -0.010501 0.092307 0.065892
v 0.014885 0.093472 0.065755
v -0.014542 0.093406 0.06579
v -0.014519 0.093504 0.065927
v -0.018458 0.095088 0.065894
v 0.010855 0.09216 0.065745
v -0.010366 0.09204 0.065745
v 0.002346 0.090956 0.065755
v -0.018455 0.094835 0.065745
v -0.022282 0.097051 0.065831
v -0.025843 0.099223 0.065755
v -0.025846 0.099413 0.065928
v -0.029148 0.102052 0.06593
v -0.029209 0.101971 0.06579
v -0.032221 0.105034 0.065928
v -0.014575 0.093214 0.065765
v -0.032275 0.104945 0.06579
v -0.037477 0.111709 0.06579
v -0.03506 0.108074 0.065754
v -0.043796 0.140335 0.065929
v -0.027703 0.169467 0.065898
v -0.024258 0.172021 0.065829
v -0.020608 0.174139 0.065927
v -0.004385 0.179031 0.065931
v -0.000134 0.179255 0.065894
v -0.012681 0.177394 0.065894
v 0.004161 0.179055 0.065924
v 0.008347 0.178453 0.065928
v 0.012503 0.177441 0.065928
v 0.016568 0.176026 0.065894
v 0.020407 0.174245 0.065927
v 0.04349 0.12778 0.065892
v 0.042587 0.123685 0.065928
v 0.041277 0.119615 0.065927
v 0.039571 0.115663 0.065894
v 0.037514 0.11196 0.065928
v 0.03235 0.105165 0.065894
v 0.029297 0.102173 0.065891
v 0.026027 0.099544 0.065928
v -0.002002 0.091092 0.065929
v -0.035012 0.108318 0.065892
v -0.037396 0.111769 0.065928
v -0.041217 0.119441 0.065894
v -0.042527 0.123467 0.065927
v 0.043686 0.129143 0.066566
v 0.044097 0.135148 0.066566
v 0.042462 0.123251 0.066566
v 0.040446 0.117579 0.066566
v 0.037677 0.112236 0.066566
v 0.034207 0.107319 0.066566
v 0.030099 0.10292 0.066566
v 0.02543 0.099122 0.066566
v 0.020287 0.095995 0.066566
v 0.014767 0.093597 0.066566
v 0.008972 0.091973 0.066566
v 0.003009 0.091154 0.066566
v -0.003009 0.091154 0.066566
v -0.008972 0.091973 0.066566
v -0.014767 0.093597 0.066566
v -0.020288 0.095995 0.066566
v -0.02543 0.099122 0.066566
v -0.030099 0.10292 0.066566
v -0.034207 0.107319 0.066566
v -0.037677 0.112236 0.066566
v -0.040446 0.117579 0.066566
v -0.042462 0.123251 0.066566
v -0.043686 0.129143 0.066566
v -0.044097 0.135148 0.066566
v -0.043686 0.141152 0.066566
v -0.042462 0.147045 0.066566
v -0.040446 0.152716 0.066566
v -0.037677 0.15806 0.066566
v -0.034207 0.162977 0.066566
v -0.030099 0.167376 0.066566
v -0.02543 0.171174 0.066566
v -0.020288 0.174301 0.066566
v -0.014767 0.176699 0.066566
v -0.008972 0.178322 0.066566
v -0.003009 0.179142 0.066566
v 0.003009 0.179142 0.066566
v 0.008972 0.178322 0.066566
v 0.014767 0.176699 0.066566
v 0.020287 0.174301 0.066566
v 0.02543 0.171174 0.066566
v 0.030098 0.167376 0.066566
v 0.034206 0.162977 0.066566
v 0.037677 0.15806 0.066566
v 0.040446 0.152716 0.066566
v 0.042462 0.147045 0.066566
v 0.043686 0.141152 0.066566
vn 0.000001 0.000005 -0.001
vn 0.00003 -0.00005 -0.000998
vn -0.000023 0.000054 -0.000998
vn 0.000013 -0.000029 -0.000999
vn -0.000086 0.000141 -0.000986
vn 0.000033 -0.000027 -0.000999
vn -0.000068 0.000055 -0.000996
vn -0.00005 0.000039 -0.000998
vn -0.000004 -0 -0.001
vn 0.000023 -0.000014 -0.001
vn -0.000038 0.000023 -0.000999
vn -0.000021 0.000004 -0.001
vn 0.000019 -0.000007 -0.001
vn -0.000023 0.000008 -0.001
vn -0.000014 -0 -0.001
vn -0.000002 -0.000001 -0.001
vn 0.000016 -0.000003 -0.001
vn 0.000013 0.000002 -0.001
vn -0.000012 -0.000002 -0.001
vn 0.000013 -0 -0.001
vn 0.000011 0.000004 -0.001
vn 0 -0 -0.001
vn -0.000014 -0.000004 -0.001
vn -0.000001 -0.000002 -0.001
vn 0.00001 0.000005 -0.001
vn -0.00001 -0.000005 -0.001
vn -0.000007 -0.000007 -0.001
vn -0.000001 -0.000002 -0.001
vn 0.000001 0 -0.001
vn 0.000007 0.00001 -0.001
vn -0.000007 -0.00001 -0.001
vn 0.000009 0.000009 -0.001
vn 0.000006 0.000013 -0.001
vn -0.000004 -0.00001 -0.001
vn 0.000001 -0.000001 -0.001
vn 0.000001 -0.000002 -0.001
vn 0.000004 0.000014 -0.001
vn -0.000004 -0.000014 -0.001
vn 0.000001 -0.000018 -0.001
vn 0.000001 0.000002 -0.001
vn 0.000001 0.000002 -0.001
vn -0.000006 0.000027 -0.001
vn 0.000005 -0.000023 -0.001
vn -0.000002 0.000023 -0.001
vn -0.000024 0.000515 -0.000857
vn -0.000113 0.000905 0.00041
vn -0.000151 0.000699 -0.000699
vn -0.000207 0.000607 -0.000767
vn -0.000264 0.000487 -0.000833
vn -0.000363 0.000824 0.000434
vn -0.000469 0.000667 -0.000579
vn -0.000343 0.000351 -0.000871
vn -0.000602 0.000709 0.000367
vn -0.000493 0.000311 -0.000812
vn -0.000558 0.000233 -0.000797
vn -0.000798 0.000415 0.000436
vn -0.000726 0.000208 -0.000655
vn -0.000483 0.000055 -0.000874
vn -0.0009 0.000173 0.000401
vn -0.000526 -0.000062 -0.000848
vn -0.000648 -0.000189 -0.000738
vn -0.000885 -0.000176 0.000432
vn -0.000636 -0.00027 -0.000723
vn -0.0008 -0.000424 0.000425
vn -0.000442 -0.000281 -0.000851
vn -0.000345 -0.000353 -0.00087
vn -0.000587 -0.000699 0.000408
vn -0.000431 -0.000617 -0.000659
vn -0.000295 -0.000552 -0.00078
vn -0.000186 -0.000551 -0.000813
vn -0.000356 -0.000823 0.000442
vn -0.000165 -0.000782 -0.0006
vn -0.000045 -0.000664 -0.000747
vn -0.000108 -0.00092 0.000376
vn 0.000058 -0.000805 -0.00059
vn -0.00002 -0.000929 0.000369
vn 0.000111 -0.000575 -0.000811
vn 0.000217 -0.000584 -0.000782
vn 0.00024 -0.000868 0.000434
vn 0.000125 -0.000176 -0.000976
vn 0.000413 -0.000348 -0.000841
vn 0.000734 -0.00053 0.000426
vn 0.000605 -0.000361 -0.00071
vn 0.000595 -0.000267 -0.000758
vn 0.000533 -0.000139 -0.000835
vn 0.00085 -0.000296 0.000436
vn 0.000483 -0.000011 -0.000876
vn 0.00075 0.000109 -0.000653
vn 0.000917 0.000047 0.000396
vn 0.00058 0.000153 -0.0008
vn 0.000534 0.000242 -0.00081
vn 0.000847 0.000302 0.000437
vn 0.000166 0.000136 -0.000977
vn 0.000328 0.000446 -0.000833
vn 0.000289 0.000574 -0.000766
vn 0.000474 0.000768 0.00043
vn 0.000241 0.000661 -0.000711
vn 0.000235 0.000875 0.000424
vn 0.000096 0.000515 -0.000852
vn -0.000031 0.000213 -0.000976
vn -0.000022 0.000202 -0.000979
vn 0.000108 0.000183 -0.000977
vn 0.000111 0.000174 -0.000978
vn -0.000125 0.000131 -0.000983
vn -0.000148 0.000139 -0.000979
vn -0.000068 0.000131 -0.000989
vn -0.000179 0.000289 -0.00094
vn -0.000194 0.000316 -0.000929
vn -0.000117 0.000144 -0.000983
vn -0.000183 0.0002 -0.000963
vn -0.000251 0.000219 -0.000943
vn -0.000167 0.000121 -0.000979
vn -0.000394 0.000225 -0.000891
vn -0.000489 0.000283 -0.000825
vn -0.00016 0.000079 -0.000984
vn -0.000188 0.000066 -0.00098
vn -0.000654 0.000176 -0.000736
vn -0.000243 0.000055 -0.000968
vn -0.000147 0.00002 -0.000989
vn -0.000338 0.000017 -0.000941
vn -0.000363 0.000019 -0.000932
vn -0.000206 -0.00001 -0.000978
vn -0.000349 -0.000046 -0.000936
vn -0.000151 -0.000027 -0.000988
vn -0.000052 -0.000023 -0.000998
vn -0.000353 -0.000085 -0.000932
vn -0.000195 -0.00007 -0.000978
vn -0.000411 -0.000197 -0.00089
vn -0.00054 -0.000254 -0.000802
vn -0.000103 -0.000064 -0.000993
vn -0.000107 -0.000069 -0.000992
vn -0.000719 -0.00063 -0.000293
vn -0.00061 -0.000539 -0.000581
vn -0.000092 -0.000099 -0.000991
vn -0.000095 -0.000117 -0.000989
vn -0.000375 -0.000576 -0.000726
vn -0.000179 -0.000291 -0.00094
vn -0.000078 -0.000168 -0.000983
vn -0.000118 -0.000308 -0.000944
vn -0.000129 -0.000336 -0.000933
vn -0.000054 -0.0002 -0.000978
vn -0.000068 -0.000391 -0.000918
vn -0.000037 -0.000247 -0.000968
vn -0.00001 -0.000147 -0.000989
vn 0.000007 -0.000339 -0.000941
vn 0.000007 -0.000366 -0.000931
vn 0.000026 -0.000206 -0.000978
vn 0.000084 -0.000384 -0.00092
vn 0.000059 -0.000247 -0.000967
vn 0.000052 -0.000172 -0.000984
vn 0.000155 -0.000355 -0.000922
vn 0.000141 -0.000319 -0.000937
vn 0.000094 -0.000159 -0.000983
vn 0.000172 -0.00025 -0.000953
vn 0.000204 -0.000301 -0.000932
vn 0.000134 -0.000158 -0.000978
vn 0.000288 -0.000282 -0.000915
vn 0.000166 -0.000153 -0.000974
vn 0.000112 -0.000092 -0.000989
vn 0.000287 -0.000189 -0.000939
vn 0.000303 -0.000201 -0.000932
vn 0.000184 -0.000095 -0.000978
vn 0.000362 -0.000148 -0.00092
vn 0.000234 -0.00009 -0.000968
vn 0.000171 -0.000055 -0.000984
vn 0.000461 -0.000084 -0.000883
vn 0.00064 -0.000123 -0.000758
vn 0.000143 -0.000008 -0.00099
vn 0.000142 0 -0.00099
vn 0.000643 0.000049 -0.000764
vn 0.000358 0.000033 -0.000933
vn 0.000202 0.00004 -0.000978
vn 0.000376 0.000111 -0.00092
vn 0.000236 0.000076 -0.000969
vn 0.00017 0.000065 -0.000983
vn 0.000314 0.000158 -0.000936
vn 0.000199 0.000106 -0.000974
vn 0.000048 0.000045 -0.000998
vn 0.000209 0.000143 -0.000967
vn 0.000114 0.000093 -0.000989
vn 0.000244 0.000237 -0.00094
vn 0.00026 0.000251 -0.000932
vn 0.000133 0.000158 -0.000979
vn 0.000213 0.000303 -0.000929
vn 0.000159 0.000291 -0.000943
vn 0.000082 0.000189 -0.000978
vn 0.000123 0.000374 -0.000919
vn 0.000073 0.000239 -0.000968
vn 0.000043 0.000173 -0.000984
vn 0.00005 0.0004 -0.000915
vn 0.000039 0.000337 -0.000941
vn 0.000005 0.000206 -0.000979
vn -0.000024 0.000369 -0.000929
vn -0.000059 0.000331 -0.000942
vn -0.000055 0.000199 -0.000978
vn -0.000137 0.000364 -0.000921
vn -0.000094 0.000233 -0.000968
vn 0.000003 -0.00001 -0.001
vn -0.000001 -0.000008 -0.001
vn 0 -0.000008 -0.001
vn 0 -0.000007 -0.001
vn 0.000001 -0.00001 -0.001
vn 0.000001 -0.000007 -0.001
vn 0.000005 -0.000008 -0.001
vn 0.000003 -0.000005 -0.001
vn 0.000006 -0.000007 -0.001
vn 0.000005 -0.000005 -0.001
vn 0.000009 0.000004 -0.001
vn -0.00001 -0.000002 -0.001
vn 0.000003 -0.000008 -0.001
vn 0.000003 -0.000006 -0.001
vn 0.000009 0 -0.001
vn 0.000006 0 -0.001
vn 0.000009 0.000002 -0.001
vn 0.000006 0.000002 -0.001
vn 0.000008 0.000002 -0.001
vn 0.000005 -0.000005 -0.001
vn 0.000008 -0.000006 -0.001
vn 0.000006 -0.000004 -0.001
vn 0.000009 -0.000005 -0.001
vn 0.000034 0.000023 -0.000999
vn 0.000004 0.000004 -0.001
vn 0.000006 0.000007 -0.001
vn 0.000004 0.000005 -0.001
vn 0.000006 -0.000003 -0.001
vn 0.000007 -0.000003 -0.001
vn 0.000008 -0.000002 -0.001
vn 0.000006 -0.000001 -0.001
vn 0.000012 -0.000001 -0.001
vn -0.000006 -0.000006 -0.001
vn -0.000007 -0.000009 -0.001
vn -0.000003 -0.000005 -0.001
vn -0.000004 -0.000007 -0.001
vn -0.000003 -0.000008 -0.001
vn -0.000002 -0.000006 -0.001
vn -0.000003 -0.00001 -0.001
vn -0.000001 -0.000006 -0.001
vn -0.000009 -0.000001 -0.001
vn 0.00001 -0.000001 -0.001
vn -0.000038 -0.000011 -0.000999
vn -0.000006 -0.000003 -0.001
vn -0.000009 -0.000005 -0.001
vn -0.000009 -0.000006 -0.001
vn -0.000004 -0.000004 -0.001
vn -0.000005 0.000007 -0.001
vn -0.000005 0.000005 -0.001
vn -0.000009 0.000003 -0.001
vn -0.000006 0.000001 -0.001
vn -0.000009 0.000002 -0.001
vn -0.000006 0 -0.001
vn -0.000008 0 -0.001
vn 0.000013 0.000016 -0.001
vn 0.000006 0.000014 -0.001
vn 0.000004 0.000008 -0.001
vn 0.000002 0.000007 -0.001
vn 0.000002 0.000007 -0.001
vn 0.000002 0.00001 -0.001
vn 0.000001 0.000006 -0.001
vn 0.000001 0.000009 -0.001
vn -0 0.000007 -0.001
vn -0.000011 0.000014 -0.001
vn -0.000014 0.00001 -0.001
vn -0.000006 0.000005 -0.001
vn -0.000007 0.000004 -0.001
vn -0.000005 0.000003 -0.001
vn -0.000011 0.000005 -0.001
vn -0 0.000019 -0.001
vn -0.000004 0.000016 -0.001
vn -0.000002 0.000008 -0.001
vn -0.000003 0.000007 -0.001
vn -0.000002 0.000006 -0.001
vn -0.000005 0.000009 -0.001
vn -0.000003 0.000005 -0.001
vn -0.000058 -0.000865 -0.000499
vn -0.000173 -0.000849 -0.000499
vn -0.000173 -0.000849 -0.000499
vn -0.000284 -0.000819 -0.000499
vn -0.000284 -0.000819 -0.000499
vn -0.000391 -0.000773 -0.000499
vn -0.000391 -0.000773 -0.000499
vn -0.00049 -0.000714 -0.000499
vn -0.00049 -0.000714 -0.000499
vn -0.000581 -0.000643 -0.000499
vn -0.000581 -0.000643 -0.000499
vn -0.000662 -0.000559 -0.000499
vn -0.000661 -0.000559 -0.000501
vn -0.000717 -0.000461 -0.000522
vn -0.00073 -0.000466 -0.000499
vn -0.000786 -0.000365 -0.000499
vn -0.000786 -0.000365 -0.000499
vn -0.000828 -0.000257 -0.000499
vn -0.000828 -0.000257 -0.000499
vn -0.000854 -0.000144 -0.000499
vn -0.000854 -0.000144 -0.000499
vn -0.000866 -0.000029 -0.000499
vn -0.000866 -0.000029 -0.000499
vn -0.000862 0.000087 -0.000499
vn -0.000862 0.000087 -0.000499
vn -0.000843 0.000201 -0.000499
vn -0.000843 0.000201 -0.000499
vn -0.000809 0.000311 -0.000499
vn -0.000809 0.000311 -0.000499
vn -0.00076 0.000416 -0.000499
vn -0.00076 0.000416 -0.000499
vn -0.000698 0.000514 -0.000499
vn -0.000698 0.000514 -0.000499
vn -0.000623 0.000602 -0.000499
vn -0.000623 0.000602 -0.000499
vn -0.000537 0.00068 -0.000499
vn -0.000537 0.00068 -0.000499
vn -0.000442 0.000746 -0.000499
vn -0.000442 0.000746 -0.000499
vn -0.000338 0.000798 -0.000499
vn -0.000338 0.000798 -0.000499
vn -0.000229 0.000836 -0.000499
vn -0 0.000793 -0.00061
vn -0.000229 0.000836 -0.000499
vn -0.000115 0.000859 -0.000499
vn -0.000115 0.000859 -0.000499
vn -0.000029 0.000866 -0.0005
vn 0.000029 0.000866 -0.0005
vn 0.000115 0.000859 -0.000499
vn 0.000115 0.000859 -0.000499
vn 0.000229 0.000836 -0.000499
vn 0.000229 0.000836 -0.000499
vn 0.000442 0.000746 -0.000499
vn 0.000338 0.000798 -0.000499
vn 0.000338 0.000798 -0.000499
vn 0.000442 0.000746 -0.000499
vn 0.000537 0.00068 -0.000499
vn 0.000537 0.00068 -0.000499
vn 0.000623 0.000602 -0.000499
vn 0.000623 0.000602 -0.000499
vn 0.000698 0.000514 -0.000499
vn 0.000698 0.000514 -0.000499
vn 0.00076 0.000416 -0.000499
vn 0.00076 0.000416 -0.000499
vn 0.000809 0.000311 -0.000499
vn 0.000808 0.000311 -0.000501
vn 0.00083 0.0002 -0.00052
vn 0.000866 -0.000029 -0.000499
vn 0.000843 0.000201 -0.000499
vn 0.000862 0.000087 -0.000499
vn 0.000862 0.000087 -0.000499
vn 0.000866 -0.000029 -0.000499
vn 0.000854 -0.000144 -0.000499
vn 0.000854 -0.000144 -0.000499
vn 0.000828 -0.000257 -0.000499
vn 0.00073 -0.000466 -0.000499
vn 0.000828 -0.000257 -0.000499
vn 0.000786 -0.000365 -0.000499
vn 0.000786 -0.000365 -0.000499
vn 0.00073 -0.000466 -0.000499
vn 0.000662 -0.000559 -0.000499
vn 0.000662 -0.000559 -0.000499
vn 0.000581 -0.000643 -0.000499
vn 0.000581 -0.000643 -0.000499
vn 0.00049 -0.000714 -0.000499
vn 0.00049 -0.000714 -0.000499
vn 0.000391 -0.000773 -0.000499
vn 0.000391 -0.000773 -0.000499
vn 0.000284 -0.000819 -0.000499
vn 0.000284 -0.000819 -0.000499
vn 0.000173 -0.000849 -0.000499
vn 0.000173 -0.000849 -0.000499
vn 0.000058 -0.000865 -0.000499
vn 0.000058 -0.000865 -0.000499
vn -0.000058 -0.000865 -0.000499
vn -0.000063 0.000939 0.000337
vn -0.000125 0.000933 -0.000337
vn -0.000188 0.000922 0.000337
vn -0.000425 0.00084 0.000337
vn -0.000249 0.000908 -0.000337
vn -0.000309 0.000889 0.000337
vn -0.000367 0.000867 -0.000337
vn -0.00048 0.00081 -0.000337
vn -0.000533 0.000776 0.000337
vn -0.000583 0.000739 -0.000337
vn -0.000631 0.000698 0.000337
vn -0.000793 0.000507 0.000337
vn -0.000677 0.000654 -0.000337
vn -0.000719 0.000608 0.000337
vn -0.000758 0.000558 -0.000337
vn -0.000826 0.000452 -0.000337
vn -0.000854 0.000396 0.000337
vn -0.000928 0.000157 0.000337
vn -0.000878 0.000338 -0.000337
vn -0.000899 0.000279 0.000337
vn -0.000916 0.000218 -0.000337
vn -0.000937 -0.000094 0.000337
vn -0.000937 0.000094 -0.000337
vn -0.000941 0.000031 0.000337
vn -0.000941 -0.000031 -0.000337
vn -0.000878 -0.000338 0.000337
vn -0.000928 -0.000157 -0.000337
vn -0.000916 -0.000218 0.000337
vn -0.000899 -0.000279 -0.000337
vn -0.000758 -0.000558 0.000337
vn -0.000854 -0.000396 -0.000337
vn -0.000826 -0.000452 0.000337
vn -0.000793 -0.000507 -0.000337
vn -0.000583 -0.000739 0.000337
vn -0.000719 -0.000608 -0.000337
vn -0.000677 -0.000654 0.000337
vn -0.000631 -0.000698 -0.000337
vn -0.000368 -0.000867 0.000337
vn -0.000533 -0.000776 -0.000337
vn -0.00048 -0.00081 0.000337
vn -0.000425 -0.00084 -0.000337
vn -0.000125 -0.000933 0.000337
vn -0.000309 -0.000889 -0.000337
vn -0.000249 -0.000908 0.000337
vn -0.000187 -0.000922 -0.000337
vn -0.000063 -0.000939 -0.000337
vn 0 -0.000941 0.000337
vn 0.000249 -0.000908 0.000337
vn 0.000063 -0.000939 -0.000337
vn 0.000125 -0.000933 0.000337
vn 0.000188 -0.000922 -0.000337
vn 0.000309 -0.000889 -0.000337
vn 0.000367 -0.000867 0.000337
vn 0.000425 -0.00084 -0.000337
vn 0.00048 -0.00081 0.000337
vn 0.000533 -0.000776 -0.000337
vn 0.000583 -0.000739 0.000337
vn 0.000631 -0.000698 -0.000337
vn 0.000677 -0.000654 0.000337
vn 0.000826 -0.000452 0.000337
vn 0.000719 -0.000608 -0.000337
vn 0.000758 -0.000558 0.000337
vn 0.000793 -0.000507 -0.000337
vn 0.000916 -0.000218 0.000337
vn 0.000854 -0.000396 -0.000337
vn 0.000878 -0.000338 0.000337
vn 0.000899 -0.000279 -0.000337
vn 0.000941 0.000031 0.000337
vn 0.000928 -0.000157 -0.000337
vn 0.000937 -0.000094 0.000337
vn 0.000941 -0.000031 -0.000337
vn 0.000899 0.000279 0.000337
vn 0.000937 0.000094 -0.000337
vn 0.000928 0.000157 0.000337
vn 0.000916 0.000218 -0.000337
vn 0.000793 0.000507 0.000337
vn 0.000878 0.000338 -0.000337
vn 0.000854 0.000396 0.000337
vn 0.000826 0.000452 -0.000337
vn 0.000631 0.000698 0.000337
vn 0.000758 0.000558 -0.000337
vn 0.000719 0.000608 0.000337
vn 0.000677 0.000654 -0.000337
vn 0.000425 0.00084 0.000337
vn 0.000583 0.000739 -0.000337
vn 0.000533 0.000776 0.000337
vn 0.00048 0.00081 -0.000337
vn 0.000188 0.000922 0.000337
vn 0.000367 0.000867 -0.000337
vn 0.000309 0.000889 0.000337
vn 0.000249 0.000908 -0.000337
vn 0.000125 0.000933 -0.000337
vn 0.000063 0.000939 0.000337
vn 0.000033 0.000999 -0
vn -0.000033 0.000999 -0
vn 0 -0 0.001
vn 0 0 0.001
vn -0 0 0.001
vn -0 0 0.001
vn 0 -0 0.001
vn -0 0 0.001
vn 0 -0 0.001
vn 0 -0 0.001
vn -0 0 0.001
vn -0 0 0.001
vn 0 -0 0.001
vn -0 0 0.001
vn 0 -0 0.001
vn -0 0 0.001
vn -0 0 0.001
vn -0 0 0.001
vn 0 -0 0.001
vn 0 -0 0.001
vn -0 0 0.001
vn 0 -0 0.001
vn 0 -0 0.001
vn -0 0 0.001
vn -0 0 0.001
vn 0 -0 0.001
vn -0 0 0.001
vn 0 -0 0.001
vn -0 0 0.001
vn 0 -0 0.001
vn -0 0 0.001
vn 0 -0 0.001
vn -0 0 0.001
vn 0 -0 0.001
vn -0 0 0.001
vn 0 -0 0.001
vn 0 -0 0.001
vn -0 0 0.001
vn -0 0 0.001
vn 0 -0 0.001
vn -0 0 0.001
vn -0 0 0.001
vn 0.000977 -0.000067 -0.000202
vn 0.000998 -0.000018 0.000065
vn 0.000991 -0.000119 0.000059
vn 0.000969 -0.000201 -0.000146
vn 0.000975 -0.000214 -0.000055
vn 0.000952 -0.000306 0.000028
vn 0.000925 -0.000329 -0.000188
vn 0.000874 -0.000485 0.000016
vn 0.000873 -0.000452 -0.000182
vn 0.000915 -0.000394 0.000082
vn 0.000828 -0.00056 -0.000036
vn 0.000804 -0.000567 -0.000179
vn 0.000761 -0.000648 0.000031
vn 0.000717 -0.000669 -0.000197
vn 0.000697 -0.000714 0.000061
vn 0.000626 -0.00077 -0.000121
vn 0.000626 -0.000773 -0.000099
vn 0.00055 -0.000834 0.000033
vn 0.00051 -0.000838 -0.000193
vn 0.000373 -0.000928 -0.000008
vn 0.000391 -0.0009 -0.000194
vn 0.000473 -0.00088 0.000042
vn 0.000288 -0.000957 -0.000013
vn 0.000266 -0.000949 -0.000167
vn 0.000195 -0.000977 0.000088
vn 0.000134 -0.000972 -0.000196
vn 0.000099 -0.000994 0.00005
vn 0 -0.000995 -0.000097
vn 0.000003 -0.000992 -0.000123
vn -0.000091 -0.000994 0.000058
vn -0.000133 -0.00097 -0.000201
vn -0.000284 -0.000958 -0.000035
vn -0.000266 -0.000951 -0.000157
vn -0.00019 -0.00098 0.000064
vn -0.000373 -0.000928 0.000013
vn -0.000392 -0.000902 -0.000181
vn -0.000462 -0.000883 0.000081
vn -0.00051 -0.000839 -0.000189
vn -0.000546 -0.000837 0.000031
vn -0.00063 -0.000774 -0.000069
vn -0.000616 -0.000771 -0.000162
vn -0.000693 -0.000718 0.000068
vn -0.000716 -0.000668 -0.000202
vn -0.000762 -0.000645 0.000056
vn -0.000809 -0.000571 -0.00014
vn -0.00082 -0.000568 -0.000065
vn -0.000872 -0.000488 0.000035
vn -0.000872 -0.000452 -0.000191
vn -0.000951 -0.00031 0.000009
vn -0.000927 -0.00033 -0.000178
vn -0.000912 -0.000402 0.000081
vn -0.000975 -0.000218 -0.00003
vn -0.000967 -0.000201 -0.000157
vn -0.000989 -0.000126 0.000075
vn -0.000977 -0.000067 -0.0002
vn -0.000998 -0.000024 0.000056
vn -0.000991 0.000068 -0.000113
vn -0.000992 0.000068 -0.000109
vn -0.000985 0.000167 0.000041
vn -0.00096 0.000199 -0.000197
vn -0.000935 0.000353 -0.000018
vn -0.000929 0.00033 -0.000166
vn -0.000963 0.000258 0.000077
vn -0.000899 0.000439 -0.000003
vn -0.000874 0.000453 -0.000177
vn -0.000848 0.000525 0.000069
vn -0.000802 0.000566 -0.000192
vn -0.000794 0.000606 0.000041
vn -0.000728 0.00068 -0.000088
vn -0.000727 0.000673 -0.000136
vn -0.000666 0.000744 0.000063
vn -0.000619 0.00076 -0.000198
vn -0.000595 0.000803 0.000029
vn -0.000511 0.000841 -0.000176
vn -0.000503 0.000863 -0.000041
vn -0.000431 0.000902 0.000016
vn -0.00039 0.000898 -0.000205
vn -0.000327 0.000944 0.000048
vn -0.000265 0.000946 -0.000185
vn -0.00024 0.000971 0.000023
vn -0.000136 0.000989 -0.000059
vn -0.000145 0.000974 -0.000175
vn -0.000054 0.000996 0.000071
vn -0 0.000979 -0.000202
vn 0.000047 0.000998 0.000052
vn 0.000135 0.000982 -0.000133
vn 0.000143 0.000987 -0.000076
vn 0.000236 0.000971 0.000041
vn 0.000265 0.000945 -0.000193
vn 0.000421 0.000907 0.000001
vn 0.000392 0.000903 -0.000175
vn 0.000327 0.000942 0.00008
vn 0.000503 0.000864 -0.000021
vn 0.000512 0.000842 -0.000168
vn 0.000585 0.000808 0.000065
vn 0.000619 0.000761 -0.000195
vn 0.000662 0.000748 0.000052
vn 0.000727 0.000679 -0.000105
vn 0.000719 0.000678 -0.000154
vn 0.000797 0.000604 0.000004
vn 0.000801 0.000566 -0.000195
vn 0.000896 0.000444 -0.000026
vn 0.000876 0.000454 -0.000162
vn 0.000846 0.000528 0.000068
vn 0.000931 0.000364 0.000003
vn 0.000923 0.000328 -0.000199
vn 0.000965 0.000258 0.000045
vn 0.000961 0.0002 -0.00019
vn 0.000985 0.000169 0.000036
vn 0.000995 0.000068 -0.000079
vn 0.000986 0.000074 -0.000149
vn -0.000442 -0.000678 -0.000587
vn -0.000505 -0.000631 -0.000589
vn -0.000403 -0.000424 -0.000811
vn -0.000424 -0.000357 -0.000832
vn -0.000012 -0.000007 -0.001
vn -0.000019 0.000002 -0.001
vn 0.000444 0.000051 -0.000895
vn 0.000471 0.000013 -0.000882
vn -0.000153 -0.000055 -0.000987
vn -0.000154 -0.000034 -0.000987
vn 0.000453 -0.000036 -0.000891
vn 0.000464 -0.000069 -0.000883
vn -0.000668 -0.000468 -0.000578
vn -0.000701 -0.000392 -0.000596
vn -0.000535 -0.000242 -0.00081
vn -0.000538 -0.000168 -0.000826
vn 0.000436 -0.000127 -0.000891
vn 0.000447 -0.000168 -0.000878
vn -0.000711 -0.000398 -0.000579
vn -0.000739 -0.00032 -0.000593
vn -0.000162 -0.000009 -0.000987
vn -0.000156 0.000016 -0.000988
vn 0.000504 -0.000186 -0.000843
vn 0.000493 -0.000242 -0.000835
vn -0.000769 -0.000255 -0.000586
vn -0.000787 -0.000176 -0.000592
vn -0.000579 -0.000078 -0.000812
vn -0.000552 -0.000007 -0.000834
vn -0.000013 -0.000008 -0.001
vn -0.000012 0.000013 -0.001
vn 0.00038 -0.000237 -0.000894
vn 0.000375 -0.000285 -0.000882
vn -0.0008 -0.00018 -0.000572
vn -0.000801 -0.000096 -0.000591
vn 0.000425 -0.000318 -0.000847
vn 0.000405 -0.000375 -0.000834
vn -0.000811 -0.000025 -0.000585
vn -0.000808 0.00006 -0.000586
vn 0.000298 -0.000341 -0.000892
vn 0.000279 -0.000383 -0.000881
vn -0.000527 0.000252 -0.000812
vn -0.000468 0.000291 -0.000834
vn -0.000118 0.00011 -0.000987
vn -0.0001 0.000121 -0.000988
vn -0.000075 0.000141 -0.000987
vn -0.000076 0.00014 -0.000987
vn 0.000078 -0.00053 -0.000845
vn 0.000028 -0.000545 -0.000838
vn -0.000024 0.000159 -0.000987
vn -0.000002 0.000157 -0.000988
vn 0.000018 0.000162 -0.000987
vn 0.000029 0.000157 -0.000987
vn -0.000233 -0.000391 -0.00089
vn -0.000278 -0.000384 -0.000881
vn 0.000063 0.00015 -0.000987
vn 0.000084 0.000133 -0.000988
vn -0.000394 -0.000368 -0.000842
vn -0.000435 -0.000334 -0.000836
vn 0.000112 0.000809 -0.000577
vn 0.000191 0.000781 -0.000595
vn 0.000187 0.000556 -0.00081
vn 0.000243 0.000508 -0.000826
vn -0.000384 -0.000238 -0.000892
vn -0.000427 -0.000211 -0.000879
vn 0.000193 0.000792 -0.000579
vn 0.000269 0.000759 -0.000592
vn 0.000104 0.000125 -0.000987
vn 0.000115 0.000108 -0.000987
vn -0.000494 -0.00025 -0.000833
vn -0.000526 -0.000202 -0.000826
vn 0.000337 0.000737 -0.000586
vn 0.000409 0.000693 -0.000593
vn 0.000343 0.000475 -0.00081
vn 0.000379 0.000417 -0.000826
vn -0.000439 -0.000116 -0.000891
vn -0.000469 -0.000081 -0.000879
vn -0.000525 -0.000095 -0.000846
vn -0.000558 -0.000042 -0.000829
vn 0.000534 0.00061 -0.000586
vn 0.000596 0.000548 -0.000587
vn 0.000462 0.000365 -0.000808
vn 0.000479 0.000297 -0.000826
vn 0.00026 0.000105 -0.00096
vn 0.000262 0.000065 -0.000963
vn -0.000477 0.000015 -0.000878
vn -0.0005 0.000061 -0.000864
vn 0.000161 0.000012 -0.000987
vn 0.000157 -0.000009 -0.000988
vn -0.000508 0.000164 -0.000845
vn -0.000507 0.000219 -0.000834
vn 0.00016 -0.00003 -0.000987
vn 0.00015 -0.000049 -0.000987
vn -0.00044 0.000303 -0.000845
vn -0.000422 0.000354 -0.000834
vn 0.000233 -0.000154 -0.00096
vn 0.000201 -0.000178 -0.000963
vn -0.000247 0.000377 -0.000893
vn -0.000223 0.000421 -0.000879
vn 0.000377 -0.000456 -0.000806
vn 0.000303 -0.000463 -0.000833
vn 0.000054 -0.00015 -0.000987
vn 0.000055 -0.00015 -0.000987
vn 0.000002 -0.000013 -0.001
vn -0.000004 -0.000015 -0.001
vn 0.000086 0.000441 -0.000893
vn 0.000135 0.000458 -0.000879
vn 0.000016 -0.00016 -0.000987
vn 0.00001 -0.000159 -0.000987
vn 0.000149 0.000516 -0.000844
vn 0.000206 0.00051 -0.000835
vn 0.000314 -0.000747 -0.000586
vn 0.000232 -0.000771 -0.000593
vn 0.000237 -0.000786 -0.000571
vn 0.000157 -0.000793 -0.000589
vn 0.000299 0.000445 -0.000844
vn 0.00034 0.000438 -0.000832
vn 0.00008 -0.000806 -0.000586
vn 0.000002 -0.000809 -0.000588
vn -0.000049 -0.000583 -0.000811
vn -0.000107 -0.000544 -0.000833
vn 0.000319 0.000317 -0.000893
vn 0.00036 0.000306 -0.000882
vn -0.000217 -0.000555 -0.000803
vn -0.000264 -0.000488 -0.000832
vn -0.000009 -0.000011 -0.001
vn -0.000018 -0.000006 -0.001
vn 0.000542 0.000067 -0.000838
vn 0.000521 0.000116 -0.000846
vn -0.000013 -0.000007 -0.001
vn -0.000005 -0.000015 -0.001
vn -0.000441 -0.000676 -0.00059
vn -0.000373 -0.000723 -0.000582
vn 0.00055 -0.000038 -0.000834
vn 0.000526 0.000018 -0.00085
vn -0.000465 -0.000313 -0.000828
vn -0.000443 -0.000376 -0.000814
vn -0.000563 -0.000575 -0.000594
vn -0.000511 -0.000641 -0.000573
vn -0.000156 -0.000014 -0.000988
vn -0.000157 -0.000035 -0.000987
vn 0.000404 -0.000249 -0.00088
vn 0.000407 -0.000205 -0.00089
vn 0.000368 -0.000412 -0.000834
vn 0.000396 -0.000368 -0.000841
vn -0.000138 0.000074 -0.000988
vn -0.000154 0.000052 -0.000987
vn -0.000541 0.000099 -0.000835
vn -0.000591 0.000035 -0.000806
vn -0.000567 0.000146 -0.000811
vn -0.000524 0.000206 -0.000827
vn 0.000319 -0.00043 -0.000845
vn 0.000283 -0.000479 -0.000831
vn 0.000225 -0.000902 -0.000367
vn 0.000313 -0.000872 -0.000376
vn 0.000242 -0.0005 -0.000831
vn 0.000277 -0.00047 -0.000838
vn -0.000116 0.000107 -0.000987
vn -0.000132 0.000094 -0.000987
vn -0.000777 0.000214 -0.000592
vn -0.000805 0.000131 -0.000578
vn -0.000762 0.000283 -0.000582
vn -0.000719 0.000357 -0.000597
vn -0.000499 0.000307 -0.000811
vn -0.000444 0.000347 -0.000826
vn 0.000142 -0.000429 -0.000892
vn 0.000113 -0.000456 -0.000883
vn 0.000047 -0.000927 -0.000372
vn 0.000081 -0.000543 -0.000836
vn 0.000132 -0.000514 -0.000848
vn -0.000138 0.000233 -0.000963
vn -0.000169 0.000221 -0.00096
vn -0.000647 0.000488 -0.000587
vn -0.000593 0.000549 -0.000588
vn -0.000401 0.00044 -0.000803
vn -0.000321 0.000454 -0.000831
vn -0.000064 0.000118 -0.000991
vn -0.00003 0.000125 -0.000992
vn 0.000019 -0.00045 -0.000893
vn -0.000022 -0.00047 -0.000882
vn -0.000299 -0.000866 -0.000402
vn -0.000601 0.000556 -0.000574
vn -0.000532 0.000603 -0.000594
vn -0.000022 -0.000449 -0.000893
vn -0.000068 -0.000471 -0.000879
vn -0.000123 -0.000536 -0.000835
vn -0.000073 -0.000538 -0.00084
vn -0.000023 0.000156 -0.000987
vn -0.000044 0.000157 -0.000987
vn -0.000421 0.000698 -0.000579
vn -0.000333 0.00073 -0.000597
vn -0.000204 0.000551 -0.000809
vn -0.000128 0.000549 -0.000826
vn -0.000158 -0.000426 -0.000891
vn -0.000199 -0.000429 -0.000881
vn -0.000607 -0.000689 -0.000395
vn -0.000538 -0.000744 -0.000395
vn -0.000285 -0.000489 -0.000825
vn -0.000224 -0.000495 -0.000839
vn -0.000199 0.000784 -0.000587
vn -0.000118 0.000799 -0.00059
vn -0.000036 0.000583 -0.000812
vn 0.000027 0.000554 -0.000832
vn 0.000003 0.000012 -0.001
vn 0.000013 0.000009 -0.001
vn -0.000266 -0.000365 -0.000892
vn -0.000314 -0.000356 -0.00088
vn -0.000774 -0.000484 -0.000408
vn -0.000404 -0.000377 -0.000834
vn -0.000349 -0.000402 -0.000846
vn 0.000087 0.000554 -0.000828
vn 0.000026 0.00058 -0.000814
vn -0.000037 0.000804 -0.000594
vn -0.000121 0.000811 -0.000572
vn -0.000879 -0.000242 -0.000412
vn -0.000403 -0.000252 -0.00088
vn -0.000362 -0.000273 -0.000891
vn 0.000289 0.000507 -0.000812
vn 0.000324 0.000445 -0.000835
vn 0.000199 0.000193 -0.000961
vn 0.000214 0.000156 -0.000964
vn -0.0005 -0.00019 -0.000845
vn -0.00053 -0.000146 -0.000835
vn -0.000916 0.000019 -0.0004
vn -0.000551 0.000013 -0.000835
vn -0.000536 -0.00004 -0.000843
vn 0.000147 0.000056 -0.000987
vn 0.000143 0.000077 -0.000987
vn 0.000494 0.000308 -0.000813
vn 0.000507 0.000243 -0.000827
vn -0.000499 0.000061 -0.000865
vn -0.000546 0.000115 -0.00083
vn -0.000837 0.000362 -0.000411
vn -0.000529 0.00017 -0.000831
vn -0.000534 0.000113 -0.000838
vn 0.000157 0.000012 -0.000987
vn 0.000159 0.000033 -0.000987
vn 0.000727 0.000365 -0.000581
vn 0.000752 0.00028 -0.000597
vn 0.000565 0.000164 -0.000809
vn 0.000557 0.000088 -0.000826
vn -0.000415 0.000184 -0.000891
vn -0.000418 0.000231 -0.000879
vn -0.000699 0.000586 -0.00041
vn -0.000469 0.000321 -0.000823
vn -0.000476 0.000259 -0.00084
vn 0.000797 0.000141 -0.000587
vn 0.000806 0.00006 -0.000589
vn 0.000584 -0.000006 -0.000811
vn 0.00055 -0.000067 -0.000832
vn 0.000153 -0.000049 -0.000987
vn 0.000142 -0.000067 -0.000988
vn -0.000344 0.000295 -0.000891
vn -0.000334 0.00034 -0.000879
vn -0.000429 0.00081 -0.000399
vn -0.000507 0.000769 -0.00039
vn 0.000817 0.000062 -0.000573
vn 0.000804 -0.000021 -0.000594
vn 0.000578 -0.000068 -0.000813
vn 0.000547 -0.000128 -0.000828
vn -0.00037 0.000372 -0.000851
vn -0.00035 0.000433 -0.000831
vn -0.000263 0.000398 -0.000879
vn -0.000283 0.000358 -0.00089
vn 0.00013 -0.000089 -0.000987
vn 0.000145 -0.000074 -0.000987
vn 0.000797 -0.00017 -0.000579
vn 0.000764 -0.000247 -0.000596
vn 0.000541 -0.000227 -0.00081
vn 0.000489 -0.00028 -0.000826
vn -0.00025 0.000466 -0.000848
vn -0.00021 0.000512 -0.000833
vn -0.000176 0.000886 -0.000429
vn -0.000172 0.000542 -0.000823
vn -0.000207 0.000506 -0.000837
vn 0.000094 -0.000126 -0.000988
vn 0.000117 -0.000112 -0.000987
vn 0.000737 -0.000323 -0.000593
vn 0.000776 -0.000249 -0.00058
vn 0.000711 -0.000389 -0.000586
vn 0.000661 -0.000462 -0.000592
vn 0.000457 -0.000372 -0.000808
vn 0.000389 -0.000408 -0.000826
vn 0.000175 0.000909 -0.000378
vn 0.000082 0.000905 -0.000418
vn -0.000009 0.000555 -0.000832
vn -0.000046 0.000534 -0.000844
vn 0.000103 -0.000252 -0.000962
vn 0.000136 -0.000244 -0.00096
vn 0.000431 0.000818 -0.00038
vn 0.00009 0.000465 -0.000881
vn 0.000051 0.000449 -0.000892
vn 0.000003 -0.000013 -0.001
vn 0.000004 -0.000013 -0.001
vn 0.000252 -0.000495 -0.000831
vn 0.000327 -0.000494 -0.000805
vn 0.000506 -0.000633 -0.000586
vn 0.000571 -0.000577 -0.000584
vn 0.000635 0.000661 -0.0004
vn 0.000208 0.000418 -0.000884
vn 0.000172 0.000414 -0.000894
vn -0.00001 -0.000014 -0.001
vn 0 -0.000013 -0.001
vn 0.000802 0.000449 -0.000394
vn -0.000064 -0.000143 -0.000988
vn -0.000041 -0.000157 -0.000987
vn 0.00008 -0.000804 -0.00059
vn 0.000158 -0.000798 -0.000581
vn 0.000002 -0.000818 -0.000575
vn -0.000079 -0.0008 -0.000595
vn -0.00011 -0.000572 -0.000813
vn -0.000167 -0.000537 -0.000827
vn 0.000004 -0.000014 -0.001
vn -0.000013 -0.000009 -0.001
vn 0.000342 0.000289 -0.000894
vn 0.000381 0.000275 -0.000883
vn -0.000092 -0.00013 -0.000987
vn -0.000088 -0.000135 -0.000987
vn -0.000228 -0.000782 -0.000581
vn -0.000303 -0.000743 -0.000597
vn 0.000416 0.000173 -0.000893
vn 0.00045 0.000148 -0.000881
vn 0.000501 0.000168 -0.000849
vn 0.000542 0.000121 -0.000832
vn -0.000916 0.000104 -0.000387
vn -0.00099 0.000062 -0.000129
vn -0.000992 -0.000022 -0.00012
vn -0.000905 -0.000068 -0.00042
vn -0.000981 -0.000115 -0.000155
vn -0.0009 -0.000157 -0.000407
vn -0.000961 -0.000209 -0.000181
vn -0.000935 -0.000298 -0.000192
vn -0.000849 -0.000323 -0.000419
vn -0.000903 -0.000388 -0.000183
vn -0.000815 -0.000406 -0.000414
vn -0.000861 -0.000473 -0.000186
vn -0.000817 -0.000559 -0.000145
vn -0.000725 -0.000556 -0.000406
vn -0.000762 -0.000622 -0.000179
vn -0.000664 -0.00062 -0.000418
vn -0.000692 -0.000696 -0.000193
vn -0.000626 -0.000766 -0.00015
vn -0.000555 -0.00081 -0.00019
vn -0.000461 -0.000787 -0.000411
vn -0.000468 -0.000864 -0.000186
vn -0.000386 -0.000839 -0.000383
vn -0.000386 -0.000902 -0.000195
vn -0.000294 -0.000914 -0.00028
vn -0.000218 -0.000877 -0.000428
vn -0.000206 -0.000955 -0.000213
vn -0.00013 -0.000909 -0.000397
vn -0.000115 -0.000966 -0.00023
vn -0.000042 -0.000918 -0.000394
vn -0.000017 -0.000983 -0.000183
vn 0.000066 -0.000975 -0.000211
vn 0.000136 -0.000913 -0.000386
vn 0.000163 -0.000961 -0.000225
vn 0.00025 -0.000938 -0.00024
vn 0.000333 -0.000895 -0.000298
vn 0.000383 -0.00083 -0.000406
vn 0.000425 -0.000874 -0.000235
vn 0.000479 -0.000784 -0.000395
vn 0.000495 -0.000836 -0.000239
vn 0.000556 -0.000742 -0.000376
vn 0.000571 -0.000781 -0.000253
vn 0.000622 -0.000681 -0.000387
vn 0.000645 -0.000725 -0.000243
vn 0.000688 -0.000623 -0.000372
vn 0.000707 -0.000653 -0.000271
vn 0.000749 -0.00056 -0.000354
vn 0.000766 -0.000582 -0.000272
vn 0.0008 -0.000486 -0.000352
vn 0.000818 -0.000506 -0.000275
vn 0.000844 -0.000407 -0.00035
vn 0.000862 -0.000424 -0.000277
vn -0.000978 0.000162 -0.000128
vn -0.000884 0.000192 -0.000427
vn -0.000951 0.000257 -0.000175
vn -0.00087 0.000281 -0.000404
vn -0.000923 0.000344 -0.00017
vn -0.000886 0.000429 -0.000177
vn -0.000797 0.000439 -0.000415
vn -0.000841 0.00051 -0.00018
vn -0.000749 0.000514 -0.000418
vn -0.000786 0.000588 -0.000189
vn -0.000727 0.000658 -0.000197
vn -0.000633 0.000646 -0.000427
vn -0.000569 0.000702 -0.000428
vn -0.000587 0.00079 -0.000176
vn -0.000514 0.000847 -0.000138
vn -0.000436 0.000881 -0.000186
vn -0.000347 0.000843 -0.000411
vn -0.000343 0.000921 -0.000188
vn -0.000259 0.000872 -0.000416
vn -0.000248 0.000931 -0.000269
vn -0.00016 0.000953 -0.000256
vn -0.000094 0.0009 -0.000425
vn -0.000074 0.000977 -0.000198
vn 0.000001 0.000911 -0.000411
vn 0.000023 0.000959 -0.000284
vn 0.000122 0.000977 -0.000175
vn 0.000201 0.000955 -0.000217
vn 0.00026 0.00088 -0.000397
vn 0.000298 0.000928 -0.000222
vn 0.000348 0.000859 -0.000375
vn 0.000384 0.000896 -0.000222
vn 0.000456 0.00084 -0.000293
vn 0.000494 0.000767 -0.000409
vn 0.000545 0.000806 -0.000231
vn 0.000579 0.000719 -0.000385
vn 0.000605 0.000733 -0.000311
vn 0.000681 0.000684 -0.000263
vn 0.000706 0.0006 -0.000376
vn 0.000748 0.000615 -0.000249
vn 0.000767 0.000527 -0.000366
vn 0.000782 0.000531 -0.000325
vn 0.000827 0.000454 -0.000332
vn 0.000839 0.000373 -0.000396
vn 0.000886 0.000378 -0.000269
vn 0.000892 0.000293 -0.000344
vn 0.000916 0.000294 -0.000273
vn 0.000916 0.000205 -0.000344
vn 0.000933 0.000204 -0.000297
vn 0.000938 0.000116 -0.000326
vn 0.000944 0.000115 -0.000308
vn 0.000941 0.000026 -0.000337
vn 0.000955 0.000022 -0.000297
vn 0.000943 -0.000066 -0.000326
vn 0.000946 -0.000067 -0.000318
vn 0.000938 -0.000164 -0.000304
vn 0.000916 -0.000152 -0.00037
vn 0.000902 -0.000237 -0.000361
vn 0.000916 -0.000246 -0.000318
vn 0.000892 -0.000335 -0.000304
vn 0.000882 -0.000328 -0.000339
vn 0.000013 0.000544 -0.000839
vn 0.000004 0.000422 -0.000907
vn 0 -0.000287 -0.000958
vn -0.000023 -0.00071 -0.000704
vn 0.000453 0.000544 -0.000706
vn 0.000262 0.000331 -0.000906
vn -0.000152 -0.000199 -0.000968
vn -0.000451 -0.000536 -0.000713
vn 0.000693 0.000151 -0.000705
vn 0.000677 0.000149 -0.000721
vn -0.000253 -0.000056 -0.000966
vn -0.00025 -0.000055 -0.000967
vn -0.000031 0.000429 -0.000903
vn -0.000031 0.000487 -0.000873
vn 0.000024 -0.000409 -0.000912
vn 0.000055 -0.000677 -0.000734
vn 0.000241 0.000356 -0.000903
vn 0.000293 0.000423 -0.000858
vn -0.000177 -0.00025 -0.000952
vn -0.000372 -0.000563 -0.000738
vn 0.000671 0.000215 -0.000709
vn 0.000654 0.000211 -0.000726
vn -0.000237 -0.000076 -0.000969
vn -0.000232 -0.000075 -0.00097
vn -0.000695 0.000116 -0.000709
vn -0.000678 0.000113 -0.000726
vn 0.000223 -0.000037 -0.000974
vn 0.000233 -0.000039 -0.000972
vn -0.000119 0.00068 -0.000723
vn -0.000081 0.000502 -0.000861
vn 0.00004 -0.000259 -0.000965
vn 0.000066 -0.000379 -0.000923
vn 0.000327 0.000609 -0.000723
vn 0.000257 0.000465 -0.000847
vn -0.000142 -0.000256 -0.000956
vn -0.000131 -0.000238 -0.000962
vn 0.000646 0.000277 -0.000711
vn 0.000634 0.000273 -0.000724
vn -0.000218 -0.000094 -0.000971
vn -0.000232 -0.000099 -0.000968
vn 0.000226 -0.000084 -0.00097
vn 0.000222 -0.000082 -0.000972
vn -0.000647 0.00024 -0.000724
vn -0.000659 0.000245 -0.000711
vn 0.000268 -0.000203 -0.000942
vn 0.000186 -0.000135 -0.000973
vn -0.000535 0.000397 -0.000746
vn -0.000568 0.000425 -0.000705
vn 0.000158 -0.000173 -0.000972
vn 0.000189 -0.000212 -0.000959
vn -0.000357 0.000397 -0.000845
vn -0.000466 0.000506 -0.000726
vn 0.000174 -0.000231 -0.000957
vn 0.000141 -0.000183 -0.000973
vn -0.00032 0.000419 -0.00085
vn -0.000422 0.000569 -0.000706
vn 0.000147 -0.000295 -0.000944
vn 0.00013 -0.000265 -0.000955
vn -0.00023 0.000463 -0.000856
vn -0.000296 0.000617 -0.000729
vn 0.000118 -0.000323 -0.000939
vn 0.000087 -0.000224 -0.000971
vn -0.000236 0.000625 -0.000744
vn -0.000248 0.000664 -0.000705
vn -0.000053 -0.000242 -0.000969
vn -0.000049 -0.000228 -0.000972
vn 0.000145 0.000674 -0.000724
vn 0.000149 0.000687 -0.000711
vn -0.000101 -0.000327 -0.00094
vn -0.000075 -0.000227 -0.000971
vn 0.000209 0.000654 -0.000727
vn 0.00021 0.000657 -0.000724
vn -0.000523 -0.000442 -0.000729
vn -0.000196 -0.000151 -0.000969
vn 0.00033 0.000263 -0.000906
vn 0.00053 0.000443 -0.000723
vn -0.000591 -0.000394 -0.000704
vn -0.000277 -0.000199 -0.00094
vn 0.000338 0.00024 -0.00091
vn 0.000572 0.000382 -0.000726
vn -0.000714 -0.000018 -0.0007
vn -0.000709 -0.000019 -0.000705
vn 0.000325 0.000009 -0.000946
vn 0.000243 0.000011 -0.00097
vn 0.000868 0.000018 -0.000496
vn -0.000714 0.000056 -0.000698
vn -0.000254 0.00001 -0.000967
vn 0.000236 -0.00001 -0.000972
vn 0.000706 -0.000054 -0.000707
vn 0.000904 -0.00006 -0.000423
vn -0.000237 0.000062 -0.000969
vn -0.000253 0.000067 -0.000965
vn 0.000667 -0.000177 -0.000724
vn 0.000679 -0.000181 -0.000711
vn -0.0003 0.000185 -0.000936
vn -0.000234 0.00014 -0.000962
vn 0.00053 -0.000323 -0.000784
vn 0.00057 -0.000344 -0.000746
vn -0.000656 0.000721 -0.000223
vn -0.000161 0.000177 -0.000971
vn -0.000179 0.000198 -0.000964
vn 0.000417 -0.00046 -0.000784
vn 0.000466 -0.000509 -0.000724
vn -0.000086 0.000228 -0.00097
vn -0.000086 0.000229 -0.00097
vn 0.000242 -0.000646 -0.000724
vn 0.000246 -0.000658 -0.000711
vn -0.000046 0.000709 -0.000704
vn -0.000025 0.000237 -0.000971
vn 0.000033 -0.000325 -0.000945
vn 0.000045 -0.000706 -0.000707
vn 0.000156 0.000688 -0.000709
vn 0.000041 0.000228 -0.000973
vn -0.000081 -0.000413 -0.000907
vn -0.000154 -0.000691 -0.000707
vn 0.000133 0.000317 -0.000939
vn 0.000103 0.000236 -0.000966
vn -0.00027 -0.000632 -0.000727
vn -0.00027 -0.00063 -0.000728
vn 0.00017 0.00031 -0.000935
vn 0.000157 0.00029 -0.000944
vn -0.000319 -0.000587 -0.000744
vn -0.00033 -0.000606 -0.000724
vn 0.000159 0.000193 -0.000968
vn 0.000153 0.000186 -0.000971
vn -0.000438 -0.000533 -0.000724
vn -0.000447 -0.000542 -0.000711
vn 0.000172 0.000171 -0.00097
vn 0.000161 0.000161 -0.000974
vn -0.000485 -0.000487 -0.000726
vn -0.000501 -0.000501 -0.000705
vn 0.000292 0.000195 -0.000937
vn 0.000194 0.000135 -0.000972
vn -0.00055 -0.000376 -0.000746
vn -0.000582 -0.000395 -0.000711
vn 0.000332 0.000104 -0.000938
vn 0.000222 0.000074 -0.000972
vn -0.000634 -0.000206 -0.000746
vn -0.000675 -0.000216 -0.000705
vn 0.000232 0.000006 -0.000973
vn 0.000232 0.000006 -0.000973
vn -0.00069 -0.000018 -0.000724
vn -0.000709 -0.000017 -0.000705
vn -0.000685 0.000183 -0.000705
vn -0.00067 0.000178 -0.000721
vn 0.000224 -0.000059 -0.000973
vn 0.000223 -0.000059 -0.000973
vn 0.000213 -0.000103 -0.000972
vn 0.000259 -0.000128 -0.000957
vn -0.000479 0.000236 -0.000845
vn -0.000621 0.000296 -0.000726
vn -0.000586 0.000361 -0.000726
vn -0.000452 0.00027 -0.00085
vn 0.00025 -0.000151 -0.000956
vn 0.000279 -0.000167 -0.000946
vn -0.000521 0.000472 -0.000711
vn -0.000511 0.000463 -0.000724
vn 0.000174 -0.000158 -0.000972
vn 0.000176 -0.00016 -0.000971
vn -0.000364 0.000587 -0.000723
vn -0.000274 0.000455 -0.000847
vn 0.000152 -0.000254 -0.000955
vn 0.000125 -0.000204 -0.000971
vn 0.000066 -0.000245 -0.000967
vn 0.000065 -0.000242 -0.000968
vn -0.00018 0.000666 -0.000724
vn -0.000184 0.000685 -0.000705
vn 0.000088 0.000702 -0.000707
vn 0.000057 0.000518 -0.000853
vn -0.000026 -0.000242 -0.00097
vn -0.000035 -0.000301 -0.000953
vn -0.000143 -0.00033 -0.000933
vn -0.0001 -0.000243 -0.000965
vn 0.00026 0.000613 -0.000746
vn 0.000279 0.000652 -0.000705
vn 0.000501 0.000502 -0.000705
vn 0.000487 0.000489 -0.000724
vn -0.000168 -0.000168 -0.000971
vn -0.000187 -0.000186 -0.000965
vn -0.000321 -0.000172 -0.000931
vn -0.000213 -0.00012 -0.00097
vn 0.000583 0.000322 -0.000746
vn 0.000622 0.00034 -0.000705
vn 0.000686 0.000089 -0.000723
vn 0.000324 0.000031 -0.000945
vn -0.000266 -0.000024 -0.000964
vn -0.000686 -0.000089 -0.000722
vn 0.000699 -0.000117 -0.000705
vn 0.000681 -0.000113 -0.000724
vn -0.000236 0.000039 -0.000971
vn -0.000254 0.000043 -0.000966
vn -0.000325 0.000119 -0.000938
vn -0.000253 0.000097 -0.000963
vn 0.000644 -0.00024 -0.000727
vn 0.000643 -0.000239 -0.000728
vn 0.000621 -0.000301 -0.000724
vn 0.000602 -0.00029 -0.000744
vn -0.000303 0.000146 -0.000942
vn -0.000326 0.000159 -0.000932
vn -0.000223 0.000166 -0.00096
vn -0.000201 0.000148 -0.000968
vn 0.000487 -0.00036 -0.000796
vn 0.000563 -0.000423 -0.00071
vn 0.000525 -0.000477 -0.000705
vn 0.000514 -0.000465 -0.000721
vn -0.000171 0.000155 -0.000973
vn -0.000187 0.000171 -0.000967
vn -0.000267 0.00035 -0.000898
vn -0.000163 0.000223 -0.000961
vn 0.000246 -0.000334 -0.00091
vn 0.000367 -0.000482 -0.000795
vn -0.000366 0.000589 -0.00072
vn -0.000233 0.000391 -0.00089
vn 0.000208 -0.00035 -0.000913
vn 0.000172 -0.000281 -0.000944
vn 0.000305 -0.000638 -0.000707
vn 0.000152 -0.000291 -0.000945
vn -0.00011 0.000208 -0.000972
vn -0.00031 0.00065 -0.000693
vn -0.000092 0.000331 -0.000939
vn -0.000064 0.000248 -0.000967
vn 0.000178 -0.000664 -0.000727
vn 0.000178 -0.000662 -0.000728
vn 0.000117 -0.000659 -0.000743
vn 0.000047 -0.000329 -0.000943
vn -0.000053 0.000356 -0.000933
vn -0.000118 0.000673 -0.00073
vn 0.000006 0.000249 -0.000968
vn 0.000005 0.000244 -0.00097
vn -0.000015 -0.00069 -0.000724
vn -0.000016 -0.000703 -0.000711
vn -0.000078 -0.000683 -0.000726
vn -0.000059 -0.000428 -0.000902
vn 0.000038 0.000247 -0.000968
vn 0.000072 0.000674 -0.000735
vn -0.000213 -0.00067 -0.000711
vn -0.000209 -0.000657 -0.000724
vn 0.000076 0.000239 -0.000968
vn 0.000072 0.000229 -0.000971
vn -0.000397 -0.000587 -0.000705
vn -0.000371 -0.000553 -0.000746
vn 0.000131 0.000198 -0.000971
vn 0.000195 0.000285 -0.000938
vn -0.000532 -0.000439 -0.000724
vn -0.000531 -0.000439 -0.000724
vn 0.000183 0.000148 -0.000972
vn 0.000254 0.000214 -0.000943
vn 0.00021 0.000114 -0.000971
vn 0.000198 0.000109 -0.000974
vn -0.000603 -0.000331 -0.000726
vn -0.000618 -0.000338 -0.000709
vn -0.000634 -0.000272 -0.000724
vn -0.000637 -0.000273 -0.000721
vn 0.000216 0.00009 -0.000972
vn 0.000302 0.000133 -0.000944
vn 0.000241 0.000052 -0.000969
vn 0.000231 0.000051 -0.000972
vn -0.000674 -0.000148 -0.000724
vn -0.000687 -0.00015 -0.000711
vn -0.000704 -0.000084 -0.000705
vn -0.000682 -0.000083 -0.000726
vn 0.000225 0.000027 -0.000974
vn 0.000236 0.000028 -0.000971
vn 0.000242 -0.000017 -0.00097
vn 0.000235 -0.000016 -0.000972
vn -0.000688 0.000048 -0.000724
vn -0.000701 0.000049 -0.000711
vn 0.000999 0.000035 -0.000001
vn 0.001 0.000027 0.000003
vn 0.000997 -0.000072 0.000001
vn 0.000997 -0.000073 0.000001
vn 0.000986 -0.000165 0.000001
vn 0.000986 -0.000166 0.000001
vn 0.000966 -0.000259 0.000001
vn 0.000966 -0.000259 0.000001
vn 0.000937 -0.000348 0.000001
vn 0.000938 -0.000348 0.000001
vn 0.0009 -0.000436 0.000001
vn 0.0009 -0.000436 0.000001
vn 0.000853 -0.000521 0.000001
vn 0.000854 -0.000521 0.000001
vn 0.000802 -0.000597 0.000001
vn 0.000802 -0.000598 0.000001
vn 0.00074 -0.000672 0.000001
vn 0.00074 -0.000672 0.000001
vn 0.000672 -0.00074 0.000001
vn 0.000672 -0.00074 0.000001
vn 0.000599 -0.000801 0.000001
vn 0.000601 -0.000799 -0.000001
vn 0.000522 -0.000853 -0.000001
vn 0.000522 -0.000853 -0.000001
vn 0.000441 -0.000898 -0.000001
vn 0.000437 -0.000899 0.000001
vn 0.000351 -0.000936 0.000001
vn 0.00035 -0.000937 0.000001
vn 0.00026 -0.000966 0.000001
vn 0.00026 -0.000966 0.000001
vn 0.000163 -0.000987 0.000001
vn 0.000166 -0.000986 -0.000001
vn 0.000074 -0.000997 -0.000001
vn 0.000071 -0.000997 0.000001
vn -0.000022 -0.001 0.000001
vn -0.000024 -0.001 0.000001
vn -0.00012 -0.000993 0.000001
vn -0.000118 -0.000993 0
vn -0.000211 -0.000978 0
vn -0.000213 -0.000977 0.000001
vn -0.000304 -0.000953 0.000001
vn -0.000305 -0.000952 0.000001
vn -0.000392 -0.00092 0.000001
vn -0.000392 -0.00092 0.000001
vn -0.000479 -0.000878 0.000001
vn -0.000479 -0.000878 0.000001
vn -0.00056 -0.000828 0.000001
vn -0.000561 -0.000828 0.000001
vn -0.000635 -0.000772 0.000001
vn -0.000637 -0.000771 0.000001
vn -0.000706 -0.000708 0.000001
vn -0.000707 -0.000708 0.000001
vn -0.000771 -0.000637 0.000001
vn -0.000771 -0.000637 0.000001
vn -0.000828 -0.000561 0.000001
vn -0.000828 -0.00056 0.000001
vn -0.000877 -0.00048 0.000001
vn -0.000877 -0.000481 0.000001
vn -0.000919 -0.000394 0.000001
vn -0.000919 -0.000394 0.000001
vn -0.000952 -0.000305 0.000001
vn -0.000953 -0.000304 0.000001
vn -0.000977 -0.000213 0.000001
vn -0.000977 -0.000212 0.000001
vn -0.000993 -0.00012 0.000001
vn -0.000993 -0.00012 0.000001
vn -0.001 -0.000024 0.000001
vn -0.001 -0.000024 0.000001
vn -0.000997 0.000071 0.000001
vn -0.000997 0.000072 0.000001
vn -0.000986 0.000165 0.000001
vn -0.000986 0.000164 0.000001
vn -0.000966 0.000258 0.000001
vn -0.000966 0.000258 0.000001
vn -0.000937 0.000349 0.000001
vn -0.000937 0.00035 0.000001
vn -0.000899 0.000437 0.000001
vn -0.0009 0.000435 -0
vn -0.000855 0.000518 -0
vn -0.000854 0.00052 0.000001
vn -0.000801 0.000599 0.000001
vn -0.0008 0.0006 0.000001
vn -0.000741 0.000671 0.000001
vn -0.00074 0.000673 0.000001
vn -0.000672 0.00074 0.000001
vn -0.000674 0.000739 -0
vn -0.000602 0.000799 -0
vn -0.0006 0.0008 0.000001
vn -0.000519 0.000855 0.000001
vn -0.00052 0.000854 0
vn -0.00044 0.000898 -0
vn -0.000439 0.000899 0.000001
vn -0.00035 0.000937 0.000001
vn -0.00035 0.000937 0.000001
vn -0.000259 0.000966 0.000001
vn -0.000259 0.000966 0.000001
vn -0.000164 0.000986 0.000001
vn -0.000165 0.000986 0
vn -0.000073 0.000997 -0
vn -0.000073 0.000997 -0
vn 0.000023 0.001 -0
vn 0.000023 0.001 0
vn 0.000117 0.000993 0
vn 0.000119 0.000993 0.000001
vn 0.000211 0.000978 0.000001
vn 0.000212 0.000977 0.000001
vn 0.000304 0.000953 0.000001
vn 0.000304 0.000953 0.000001
vn 0.000393 0.000919 0.000001
vn 0.000394 0.000919 0.000001
vn 0.000478 0.000879 0.000001
vn 0.000481 0.000877 -0.000001
vn 0.000559 0.000829 -0
vn 0.000559 0.000829 -0
vn 0.000634 0.000773 -0
vn 0.000636 0.000772 0.000001
vn 0.000707 0.000707 0.000001
vn 0.000707 0.000707 0.000001
vn 0.00077 0.000638 0.000001
vn 0.000772 0.000635 -0.000001
vn 0.000826 0.000563 -0
vn 0.000828 0.000561 0.000001
vn 0.000877 0.00048 0.000001
vn 0.000878 0.000479 0.000001
vn 0.000919 0.000394 0.000001
vn 0.000919 0.000393 0.000001
vn 0.000952 0.000306 0.000001
vn 0.000952 0.000306 0.000001
vn 0.000977 0.000213 0.000001
vn 0.000977 0.000213 0.000001
vn 0.000993 0.000115 0.000001
vn 0.000993 0.000118 -0.000001
vn -0.000073 -0.000567 0.000821
vn -0.000032 -0.000312 0.00095
vn 0.000057 0.000512 0.000857
vn 0.000054 0.000455 0.000889
vn 0.00004 0.000291 0.000956
vn -0.000058 -0.000445 0.000894
vn -0.000064 -0.00054 0.000839
vn -0.000019 -0.000682 0.000731
vn -0.000013 -0.000605 0.000796
vn 0.00001 0.000447 0.000894
vn 0.00001 0.000436 0.0009
vn 0.000007 0.000311 0.00095
vn 0.000007 0.000298 0.000955
vn -0.000013 -0.000519 0.000854
vn -0.000012 -0.000532 0.000847
vn 0.000054 -0.000704 0.000708
vn 0.000037 -0.00057 0.000821
vn -0.000027 0.000417 0.000909
vn -0.000032 0.000453 0.000891
vn -0.000023 0.000306 0.000952
vn -0.00002 0.000288 0.000958
vn 0.000036 -0.000515 0.000856
vn 0.000039 -0.000533 0.000845
vn -0.000525 0.00014 0.000839
vn -0.000508 0.000137 0.00085
vn 0.000272 -0.000073 0.000959
vn 0.000286 -0.000076 0.000955
vn -0.000479 0.000232 0.000847
vn -0.000467 0.000228 0.000854
vn 0.000259 -0.000126 0.000958
vn 0.000264 -0.000128 0.000956
vn -0.000367 0.000274 0.000889
vn -0.000415 0.000305 0.000857
vn 0.000242 -0.000175 0.000954
vn 0.000454 -0.000346 0.000821
vn -0.000394 0.000358 0.000847
vn -0.000384 0.00035 0.000854
vn 0.000216 -0.000197 0.000956
vn 0.000227 -0.000206 0.000952
vn -0.000313 0.000417 0.000854
vn -0.000316 0.000421 0.00085
vn 0.000182 -0.00024 0.000954
vn 0.000226 -0.000305 0.000925
vn -0.000279 0.000456 0.000845
vn -0.000268 0.000441 0.000856
vn 0.000154 -0.000253 0.000955
vn 0.000162 -0.000266 0.00095
vn -0.00019 0.000509 0.000839
vn -0.000153 0.000422 0.000894
vn 0.000094 -0.000268 0.000959
vn 0.000218 -0.000568 0.000794
vn -0.000119 0.000443 0.000889
vn -0.000115 0.000433 0.000894
vn 0.00015 -0.000563 0.000813
vn 0.000158 -0.000588 0.000793
vn 0.000165 0.000518 0.000839
vn 0.000161 0.000501 0.00085
vn -0.000088 -0.000273 0.000958
vn -0.000093 -0.000295 0.000951
vn 0.00021 0.000491 0.000845
vn 0.000168 0.000377 0.000911
vn -0.000125 -0.000274 0.000954
vn -0.000275 -0.000661 0.000698
vn 0.000304 0.00045 0.000839
vn 0.000239 0.000344 0.000908
vn -0.000168 -0.000236 0.000957
vn -0.000389 -0.000587 0.00071
vn 0.000277 0.000336 0.0009
vn 0.000268 0.000324 0.000907
vn -0.000431 -0.00052 0.000738
vn -0.00044 -0.000533 0.000723
vn 0.00041 0.000339 0.000847
vn 0.000327 0.000262 0.000908
vn -0.000228 -0.00018 0.000957
vn -0.000547 -0.000461 0.000699
vn 0.00036 0.000244 0.0009
vn 0.000409 0.000282 0.000868
vn -0.000345 -0.00024 0.000908
vn -0.000568 -0.000378 0.000731
vn 0.000394 0.00017 0.000903
vn 0.00047 0.000208 0.000858
vn -0.00028 -0.000127 0.000951
vn -0.000607 -0.000254 0.000753
vn 0.000426 0.000052 0.000903
vn 0.000509 0.000067 0.000858
vn -0.000306 -0.000043 0.000951
vn -0.000689 -0.000075 0.000721
vn 0.000423 -0.000071 0.000903
vn 0.000519 -0.000081 0.000851
vn -0.000306 0.000045 0.000951
vn -0.000669 0.000119 0.000734
vn 0.000489 -0.000237 0.000839
vn 0.000473 -0.00023 0.00085
vn -0.000273 0.000133 0.000953
vn -0.000272 0.000133 0.000953
vn 0.00034 -0.000255 0.000905
vn 0.000417 -0.000305 0.000856
vn -0.00026 0.000186 0.000948
vn -0.000503 0.000382 0.000775
vn 0.000403 -0.000365 0.000839
vn 0.000389 -0.000354 0.00085
vn -0.000223 0.000203 0.000953
vn -0.000219 0.0002 0.000955
vn 0.000319 -0.000426 0.000847
vn 0.000294 -0.000396 0.00087
vn -0.000174 0.000236 0.000956
vn -0.000267 0.00035 0.000898
vn 0.000272 -0.000444 0.000854
vn 0.000256 -0.000421 0.00087
vn -0.000212 0.000349 0.000913
vn -0.000221 0.000362 0.000905
vn 0.000178 -0.000478 0.00086
vn 0.000182 -0.000486 0.000855
vn -0.00011 0.000291 0.00095
vn -0.000134 0.000366 0.000921
vn 0.000141 -0.000525 0.000839
vn 0.000134 -0.000502 0.000854
vn -0.000079 0.000294 0.000952
vn -0.000081 0.000302 0.00095
vn -0.000162 -0.000509 0.000845
vn -0.000131 -0.000392 0.000911
vn 0.000094 0.000271 0.000958
vn 0.000211 0.000686 0.000696
vn -0.000167 -0.000391 0.000905
vn -0.000173 -0.000407 0.000897
vn 0.000238 0.00056 0.000793
vn 0.000268 0.000621 0.000736
vn -0.000299 -0.000443 0.000845
vn -0.00029 -0.000427 0.000856
vn 0.000161 0.000237 0.000958
vn 0.00017 0.000252 0.000953
vn -0.000339 -0.00041 0.000847
vn -0.000301 -0.00036 0.000883
vn 0.000193 0.000228 0.000954
vn 0.000318 0.000391 0.000864
vn -0.000412 -0.00034 0.000845
vn -0.000406 -0.000335 0.00085
vn 0.000219 0.000181 0.000959
vn 0.000225 0.000186 0.000956
vn -0.000442 -0.0003 0.000845
vn -0.000428 -0.000289 0.000856
vn 0.000241 0.000163 0.000957
vn 0.000246 0.000166 0.000955
vn -0.0005 -0.000214 0.000839
vn -0.000484 -0.000207 0.00085
vn 0.000259 0.000111 0.000959
vn 0.000268 0.000115 0.000957
vn -0.000528 -0.000063 0.000847
vn -0.000523 -0.000062 0.00085
vn 0.000284 0.000034 0.000958
vn 0.000288 0.000034 0.000957
vn 0.000287 -0.000048 0.000957
vn 0.000282 -0.000048 0.000958
vn -0.000512 0.000087 0.000854
vn -0.000525 0.000088 0.000847
vn 0.000287 -0.000107 0.000952
vn 0.000273 -0.000102 0.000956
vn -0.000484 0.000181 0.000856
vn -0.000501 0.000186 0.000845
vn 0.000515 -0.000307 0.0008
vn 0.000237 -0.000151 0.00096
vn -0.000381 0.000237 0.000894
vn -0.000464 0.000283 0.000839
vn 0.000273 -0.000297 0.000915
vn 0.000192 -0.000215 0.000958
vn -0.000331 0.000367 0.00087
vn -0.000366 0.000402 0.000839
vn 0.00013 -0.000267 0.000955
vn 0.000127 -0.000263 0.000956
vn -0.000227 0.000468 0.000854
vn -0.000233 0.000478 0.000847
vn -0.000077 0.000452 0.000889
vn -0.000072 0.000432 0.000899
vn 0.000098 -0.000587 0.000803
vn 0.000099 -0.000593 0.000799
vn -0.000064 -0.000293 0.000954
vn -0.000063 -0.000289 0.000955
vn 0.000111 0.000508 0.000854
vn 0.000113 0.00052 0.000847
vn -0.000345 -0.000616 0.000708
vn -0.000141 -0.000272 0.000952
vn 0.000242 0.000456 0.000856
vn 0.000204 0.000373 0.000905
vn -0.000489 -0.000479 0.000729
vn -0.000213 -0.000222 0.000951
vn 0.000359 0.000368 0.000858
vn 0.000303 0.000304 0.000903
vn -0.000577 -0.00032 0.000751
vn -0.000354 -0.000186 0.000917
vn 0.000372 0.000198 0.000907
vn 0.00045 0.000246 0.000859
vn 0.000507 0.000162 0.000847
vn 0.000401 0.000122 0.000908
vn -0.000278 -0.000082 0.000957
vn -0.000668 -0.000221 0.000711
vn -0.000693 -0.000152 0.000705
vn -0.000653 -0.000141 0.000744
vn 0.000411 0.000089 0.000907
vn 0.000426 0.000093 0.0009
vn 0.000756 0.000014 0.000654
vn 0.00053 0.000018 0.000848
vn -0.000296 -0.000012 0.000955
vn -0.000236 -0.000007 0.000972
vn -0.000692 0.000042 0.00072
vn -0.000227 0.000026 0.000974
vn 0.00042 -0.00004 0.000906
vn 0.000769 -0.00005 0.000637
vn 0.000516 -0.000138 0.000845
vn 0.000397 -0.000112 0.000911
vn -0.00028 0.000082 0.000956
vn -0.000708 0.000181 0.000683
vn -0.000644 0.000248 0.000724
vn -0.000299 0.000104 0.000949
vn 0.000486 -0.000175 0.000856
vn 0.000398 -0.000149 0.000905
vn -0.000601 0.000359 0.000714
vn -0.000244 0.000157 0.000957
vn 0.00035 -0.00022 0.000911
vn 0.000457 -0.000278 0.000845
vn -0.000655 0.00072 0.000231
vn -0.000205 0.000225 0.000952
vn -0.000194 0.000214 0.000957
vn 0.000347 -0.000382 0.000856
vn 0.00036 -0.000395 0.000845
vn -0.00018 0.00037 0.000912
vn -0.000175 0.000361 0.000916
vn 0.000213 -0.00044 0.000872
vn 0.000228 -0.000468 0.000854
vn 0.000091 -0.000536 0.000839
vn 0.000087 -0.000519 0.00085
vn -0.000049 0.000294 0.000955
vn -0.000049 0.000294 0.000955
vn 0.000067 0.00062 0.000782
vn 0.000131 0.000574 0.000809
vn 0.000059 0.000297 0.000953
vn -0.000108 -0.000515 0.000851
vn -0.000098 -0.000448 0.000889
vn 0.000281 0.000503 0.000817
vn 0.000139 0.000265 0.000954
vn -0.000248 -0.000463 0.000851
vn -0.000223 -0.000409 0.000885
vn 0.000338 0.000333 0.00088
vn 0.000202 0.000207 0.000957
vn -0.00037 -0.000373 0.000851
vn -0.000349 -0.00035 0.000869
vn 0.000253 0.000138 0.000957
vn 0.00025 0.000136 0.000959
vn -0.000456 -0.000249 0.000854
vn -0.000467 -0.000255 0.000847
vn -0.000509 -0.000163 0.000845
vn -0.000501 -0.00016 0.00085
vn 0.000275 0.000088 0.000958
vn 0.00028 0.00009 0.000956
vn 0.000294 0.000064 0.000954
vn 0.000287 0.000062 0.000956
vn -0.000505 -0.000109 0.000856
vn -0.000522 -0.000114 0.000845
vn -0.000534 -0.000013 0.000845
vn -0.000526 -0.000012 0.00085
vn 0.000282 0.000006 0.000959
vn 0.000294 0.000007 0.000956
vn -0.000533 0.000038 0.000845
vn -0.000515 0.000037 0.000856
vn 0.000291 -0.000021 0.000957
vn 0.000302 -0.000021 0.000953
vn 0.000654 0.000657 0.000376
vn 0.000678 0.000697 0.000232
vn 0.000709 0.000585 0.000394
vn 0.00074 0.000626 0.000245
vn 0.000764 0.000517 0.000385
vn 0.000794 0.000553 0.00025
vn 0.000818 0.000448 0.000362
vn 0.000826 0.000456 0.000331
vn 0.000841 0.00036 0.000404
vn 0.000879 0.000392 0.00027
vn 0.000887 0.000283 0.000364
vn 0.000917 0.000303 0.000261
vn 0.000623 0.000752 0.000214
vn 0.000577 0.000723 0.000379
vn 0.000544 0.000803 0.000244
vn 0.000493 0.000765 0.000414
vn 0.000454 0.000839 0.000299
vn 0.000384 0.000906 0.000178
vn 0.00035 0.000865 0.000359
vn 0.000305 0.000936 0.000177
vn 0.000261 0.000882 0.000394
vn 0.000202 0.000957 0.000208
vn 0.000119 0.000972 0.000203
vn 0.000022 0.000959 0.000284
vn 0.000001 0.000911 0.000412
vn -0.000069 0.000972 0.000224
vn -0.000091 0.000907 0.000411
vn -0.000164 0.000959 0.000231
vn -0.000254 0.000947 0.000196
vn -0.000264 0.000876 0.000405
vn -0.000344 0.000919 0.000194
vn -0.000348 0.000844 0.000407
vn -0.00043 0.00088 0.000202
vn -0.000514 0.000838 0.000186
vn -0.000589 0.000792 0.000161
vn -0.000569 0.000702 0.000428
vn -0.000633 0.000645 0.000428
vn -0.000725 0.000655 0.000213
vn -0.000794 0.000588 0.000153
vn -0.000749 0.000514 0.000418
vn -0.000838 0.000513 0.000186
vn -0.000794 0.000437 0.000422
vn -0.000881 0.000425 0.000209
vn -0.000926 0.000337 0.000169
vn -0.000867 0.00028 0.000412
vn -0.000956 0.000263 0.000132
vn -0.000884 0.000193 0.000426
vn -0.000971 0.000156 0.000178
vn -0.000984 0.000075 0.00016
vn -0.000986 -0.000022 0.000165
vn -0.000903 -0.000068 0.000425
vn -0.000978 -0.000124 0.000169
vn -0.000898 -0.000157 0.000412
vn -0.000968 -0.000211 0.000136
vn -0.000937 -0.000294 0.000189
vn -0.000847 -0.000322 0.000423
vn -0.000907 -0.000393 0.000154
vn -0.000814 -0.000406 0.000416
vn -0.000863 -0.000469 0.000185
vn -0.000814 -0.000557 0.000165
vn -0.000723 -0.000555 0.000411
vn -0.000764 -0.000623 0.000166
vn -0.000663 -0.00062 0.00042
vn -0.00069 -0.0007 0.000181
vn -0.00063 -0.000763 0.000147
vn -0.000557 -0.000812 0.000173
vn -0.00046 -0.000787 0.000411
vn -0.000466 -0.000869 0.000166
vn -0.000386 -0.000839 0.000384
vn -0.00039 -0.000898 0.000205
vn -0.000297 -0.000926 0.000232
vn -0.000217 -0.000886 0.00041
vn -0.000206 -0.000957 0.000204
vn -0.00013 -0.000908 0.000399
vn -0.000112 -0.00097 0.000214
vn -0.000043 -0.00092 0.000389
vn -0.000019 -0.000988 0.000151
vn 0.000068 -0.000976 0.000205
vn 0.000134 -0.000913 0.000385
vn 0.000165 -0.00097 0.000178
vn 0.000254 -0.00095 0.000184
vn 0.000331 -0.000894 0.000303
vn 0.000382 -0.000828 0.000411
vn 0.000427 -0.000874 0.00023
vn 0.000475 -0.000795 0.000378
vn 0.000495 -0.00081 0.000316
vn 0.000581 -0.000775 0.000247
vn 0.00062 -0.000697 0.000359
vn 0.000651 -0.000715 0.000253
vn 0.000687 -0.000629 0.000363
vn 0.000699 -0.000634 0.000331
vn 0.00076 -0.000567 0.000317
vn 0.000786 -0.000491 0.000375
vn 0.000817 -0.000501 0.000285
vn 0.000842 -0.000415 0.000344
vn 0.000866 -0.000418 0.000275
vn 0.000883 -0.000332 0.000333
vn 0.000895 -0.000333 0.000298
vn 0.000918 -0.000241 0.000316
vn 0.000902 -0.000242 0.000358
vn 0.000914 -0.000159 0.000372
vn 0.000941 -0.000156 0.0003
vn 0.000947 -0.000067 0.000313
vn 0.000945 -0.000067 0.000321
vn 0.000956 0.000032 0.00029
vn 0.000926 0.000021 0.000377
vn 0.000928 0.00011 0.000356
vn 0.000939 0.000114 0.000323
vn 0.000934 0.000209 0.000289
vn 0.000918 0.0002 0.000344
vn -0.000111 -0.00007 0.000991
vn -0.000125 -0.000041 0.000991
vn -0.00052 -0.000125 0.000845
vn -0.000554 -0.00006 0.00083
vn 0.000456 0.000564 0.000688
vn 0.000493 0.00051 0.000705
vn 0.000445 0.000456 0.000771
vn 0.000474 0.000407 0.000781
vn -0.000121 -0.000046 0.000992
vn -0.000131 -0.000023 0.000991
vn -0.000523 -0.000023 0.000852
vn -0.000562 0.000047 0.000826
vn 0.000526 0.000361 0.00077
vn 0.000542 0.000312 0.00078
vn 0.000345 0.000143 0.000928
vn 0.000345 0.00012 0.000931
vn -0.00013 -0.00003 0.000991
vn -0.000131 0.000011 0.000991
vn -0.000755 0.000281 0.000593
vn -0.000725 0.00036 0.000587
vn -0.000508 0.000128 0.000852
vn -0.000527 0.000206 0.000825
vn 0.000608 0.000195 0.00077
vn 0.000612 0.000133 0.00078
vn -0.000132 0.000015 0.000991
vn -0.000122 0.000048 0.000991
vn -0.000484 0.000228 0.000845
vn -0.000471 0.000301 0.00083
vn -0.000643 0.00048 0.000597
vn -0.000594 0.00056 0.000578
vn 0.000557 0.000125 0.000821
vn 0.000541 0.000077 0.000838
vn 0.000564 0.000006 0.000826
vn 0.000544 -0.000033 0.000839
vn 0.000541 -0.000155 0.000827
vn 0.00051 -0.000187 0.000839
vn -0.000173 0.000173 0.00097
vn -0.00016 0.000192 0.000968
vn -0.00006 0.000116 0.000991
vn -0.000062 0.000115 0.000991
vn -0.000129 0.000511 0.00085
vn -0.000075 0.000556 0.000828
vn 0.000179 -0.000533 0.000827
vn 0.000132 -0.000523 0.000842
vn 0.000038 -0.000308 0.000951
vn 0.000025 -0.000303 0.000953
vn 0.000012 0.000129 0.000992
vn 0.000038 0.000128 0.000991
vn 0.000429 0.000602 0.000674
vn 0.000504 0.000571 0.000648
vn 0.000226 -0.000907 0.000354
vn 0.000024 -0.000567 0.000823
vn -0.00002 -0.000542 0.00084
vn 0.000047 -0.000927 0.000371
vn -0.000095 -0.000639 0.000764
vn -0.000145 -0.000609 0.00078
vn -0.000123 -0.000352 0.000928
vn -0.000151 -0.000319 0.000936
vn 0.000454 0.000359 0.000815
vn 0.000519 0.000323 0.000791
vn 0.00072 0.000362 0.000592
vn 0.000756 0.000289 0.000588
vn -0.000138 -0.000296 0.000945
vn -0.000154 -0.000282 0.000947
vn 0.000489 0.000307 0.000817
vn 0.000553 0.000269 0.000788
vn 0.000688 0.000268 0.000674
vn 0.000734 0.000197 0.000649
vn -0.000187 -0.000245 0.000951
vn -0.000198 -0.000225 0.000954
vn 0.000726 0.00013 0.000675
vn 0.00076 0.000058 0.000647
vn -0.000302 -0.000865 0.000402
vn -0.000292 -0.000492 0.00082
vn -0.000316 -0.000445 0.000838
vn -0.000207 -0.000235 0.00095
vn -0.000217 -0.000215 0.000952
vn 0.000557 0.00016 0.000815
vn 0.000607 0.000101 0.000788
vn 0.000812 0.000057 0.000581
vn 0.000851 -0.000024 0.000524
vn -0.000298 -0.000222 0.000929
vn -0.000302 -0.00019 0.000934
vn -0.000292 -0.000103 0.000951
vn -0.000291 -0.000084 0.000953
vn 0.000128 0.000016 0.000992
vn 0.000133 -0.000008 0.000991
vn 0.000127 -0.000022 0.000992
vn 0.000125 -0.000047 0.000991
vn -0.000292 0.000102 0.000951
vn -0.000279 0.000116 0.000953
vn 0.000206 -0.000129 0.00097
vn 0.000187 -0.000167 0.000968
vn 0.000348 -0.000649 0.000676
vn 0.000288 -0.000704 0.000649
vn 0.000086 -0.000097 0.000992
vn 0.000069 -0.000114 0.000991
vn 0.000148 -0.000724 0.000674
vn 0.000075 -0.000758 0.000648
vn -0.000065 -0.000737 0.000673
vn -0.000149 -0.000748 0.000647
vn -0.000698 0.000587 0.000411
vn -0.000402 0.000503 0.000765
vn -0.000348 0.000521 0.000779
vn -0.000145 0.000275 0.00095
vn -0.000116 0.00028 0.000953
vn -0.000225 -0.000774 0.000592
vn -0.000306 -0.000749 0.000588
vn -0.000123 0.000304 0.000945
vn -0.000103 0.000308 0.000946
vn -0.00009 -0.000515 0.000852
vn -0.000168 -0.00054 0.000825
vn -0.000506 0.00077 0.000389
vn -0.000053 0.000302 0.000952
vn -0.00003 0.000299 0.000954
vn -0.000192 -0.0005 0.000845
vn -0.000266 -0.000491 0.000829
vn -0.000394 -0.000622 0.000677
vn -0.000476 -0.000596 0.000647
vn -0.000428 0.00081 0.000402
vn -0.000161 0.000546 0.000822
vn -0.000111 0.000535 0.000837
vn -0.000031 0.000314 0.000949
vn -0.00001 0.000312 0.00095
vn -0.000508 -0.00063 0.000587
vn -0.000565 -0.000582 0.000584
vn 0.000037 0.000303 0.000952
vn 0.000048 0.000298 0.000953
vn 0.000111 0.000555 0.000824
vn 0.00015 0.000525 0.000837
vn -0.000057 -0.000082 0.000995
vn -0.000071 -0.000073 0.000995
vn -0.00011 -0.00007 0.000991
vn -0.000103 -0.000078 0.000992
vn -0.000798 0.000141 0.000586
vn -0.000806 0.000053 0.000589
vn 0.000301 0.000217 0.000929
vn 0.000292 0.00024 0.000926
vn 0.000433 0.000821 0.000373
vn -0.00013 0.000014 0.000991
vn -0.000129 0.000002 0.000992
vn -0.000117 0.000064 0.000991
vn -0.000123 0.000039 0.000992
vn 0.000636 -0.000045 0.00077
vn 0.000612 -0.000096 0.000785
vn -0.000121 0.000059 0.000991
vn -0.0001 0.000086 0.000991
vn -0.000365 0.000395 0.000843
vn -0.000328 0.000464 0.000823
vn -0.000417 0.00069 0.000592
vn -0.000336 0.000736 0.000587
vn -0.000017 0.000004 0.001
vn -0.000011 0.000009 0.001
vn 0.0006 -0.000226 0.000767
vn 0.000553 -0.000276 0.000786
vn -0.000035 0.000762 0.000647
vn -0.000114 0.000735 0.000668
vn -0.000135 0.000546 0.000827
vn -0.000185 0.000495 0.000849
vn -0.000059 0.000114 0.000992
vn -0.000086 0.000096 0.000992
vn 0.000465 -0.000277 0.000841
vn 0.000509 -0.00025 0.000824
vn -0.000063 0.000117 0.000991
vn -0.00003 0.000126 0.000992
vn 0.000029 0.000733 0.00068
vn 0.000107 0.000751 0.000652
vn 0.000462 -0.000437 0.000772
vn 0.000407 -0.000462 0.000788
vn -0.000037 0.000533 0.000845
vn 0.000033 0.000558 0.000829
vn 0.000118 0.000799 0.00059
vn 0.000192 0.000786 0.000587
vn 0.000255 0.000718 0.000648
vn 0.000171 0.000719 0.000673
vn 0.000327 -0.000432 0.000841
vn 0.000377 -0.000424 0.000824
vn 0.000733 -0.000558 0.00039
vn 0.000321 -0.000558 0.000765
vn 0.000272 -0.000564 0.00078
vn 0.000305 0.000671 0.000676
vn 0.000388 0.000656 0.000647
vn 0.000261 0.000556 0.000789
vn 0.000184 0.000548 0.000816
vn 0.000538 -0.000744 0.000396
vn 0.000138 -0.000553 0.000822
vn 0.000084 -0.000538 0.000839
vn 0.000261 0.000466 0.000845
vn 0.000332 0.000447 0.00083
vn 0.000487 0.000555 0.000674
vn 0.000567 0.000517 0.000641
vn -0.000035 -0.000303 0.000952
vn -0.000022 -0.000308 0.000951
vn 0.000314 -0.000874 0.000369
vn -0.000095 -0.000285 0.000954
vn -0.00008 -0.000298 0.000951
vn 0.000203 0.000146 0.000968
vn 0.000169 0.000172 0.00097
vn 0.000127 0.000042 0.000991
vn 0.000113 0.000063 0.000992
vn -0.000538 -0.000742 0.0004
vn -0.000471 -0.000436 0.000767
vn -0.000491 -0.000382 0.000783
vn -0.000318 -0.000198 0.000927
vn -0.000319 -0.000166 0.000933
vn 0.000593 -0.000006 0.000805
vn 0.000619 -0.000075 0.000782
vn 0.000789 -0.000169 0.000591
vn 0.00077 -0.000248 0.000588
vn 0.000697 -0.000306 0.000648
vn 0.000705 -0.000222 0.000674
vn 0.000599 -0.000137 0.000789
vn 0.000573 -0.000067 0.000817
vn -0.000606 -0.000688 0.000398
vn -0.00059 -0.000289 0.000754
vn -0.000595 -0.000232 0.000769
vn -0.000361 -0.000099 0.000927
vn -0.000351 -0.000058 0.000935
vn 0.000647 -0.000353 0.000676
vn 0.000625 -0.00044 0.000644
vn 0.000536 -0.000301 0.000789
vn 0.000534 -0.000224 0.000815
vn -0.000311 -0.000032 0.00095
vn -0.000313 -0.000054 0.000948
vn -0.000772 -0.000482 0.000413
vn -0.000371 0.000014 0.000928
vn -0.000355 0.000041 0.000934
vn -0.000877 -0.000241 0.000415
vn -0.000643 -0.000045 0.000764
vn -0.000626 0.00001 0.000779
vn -0.000372 0.000044 0.000927
vn -0.000355 0.000071 0.000932
vn 0.000449 -0.000366 0.000815
vn 0.000429 -0.000438 0.00079
vn 0.00051 -0.000626 0.00059
vn 0.000443 -0.000678 0.000587
vn 0.000381 -0.000481 0.00079
vn 0.000405 -0.000411 0.000817
vn -0.000914 0.000021 0.000406
vn -0.000633 0.000142 0.000761
vn -0.000601 0.000189 0.000776
vn -0.000343 0.000148 0.000928
vn -0.000311 0.000175 0.000934
vn 0.000329 -0.000486 0.000809
vn 0.00028 -0.000539 0.000795
vn 0.000281 -0.000682 0.000675
vn 0.000216 -0.00073 0.000648
vn -0.000269 0.000174 0.000947
vn -0.000284 0.000158 0.000946
vn -0.000905 0.000107 0.000411
vn -0.00028 0.000242 0.000929
vn -0.000251 0.000255 0.000934
vn 0.000163 -0.000509 0.000845
vn 0.000102 -0.000548 0.00083
vn 0.000075 -0.000735 0.000674
vn 0.000002 -0.000764 0.000646
vn -0.000076 -0.000807 0.000585
vn -0.000002 -0.000809 0.000588
vn -0.000232 0.000277 0.000932
vn -0.000259 0.000263 0.000929
vn -0.000482 0.0004 0.000779
vn -0.000527 0.000366 0.000767
vn -0.000834 0.000361 0.000418
vn -0.000164 0.000316 0.000934
vn -0.000199 0.000312 0.000929
vn -0.000009 -0.000013 0.001
vn 0.000008 -0.000013 0.001
vn -0.000623 -0.000523 0.000582
vn -0.000561 -0.000578 0.000593
vn -0.000056 -0.000121 0.000991
vn -0.00003 -0.000126 0.000992
vn -0.000178 0.000899 0.000399
vn -0.000047 -0.00012 0.000992
vn -0.000086 -0.000106 0.000991
vn -0.000661 -0.000463 0.000591
vn -0.00071 -0.000389 0.000587
vn -0.000508 -0.000345 0.000789
vn -0.000434 -0.000376 0.000819
vn 0.000082 0.000904 0.000419
vn 0.000182 0.000616 0.000766
vn 0.000236 0.000574 0.000784
vn -0.000092 -0.000092 0.000992
vn -0.000105 -0.000082 0.000991
vn -0.000761 -0.000253 0.000597
vn -0.000795 -0.000174 0.000582
vn 0.000174 0.000909 0.000379
vn 0.000212 0.000525 0.000824
vn 0.000243 0.000488 0.000838
vn 0.000179 0.000259 0.000949
vn 0.000188 0.00025 0.00095
vn -0.000526 -0.00024 0.000816
vn -0.000587 -0.000186 0.000788
vn 0.000992 -0.000118 -0.000051
vn 0.000984 -0.000067 0.000165
vn 0.000978 -0.000203 0.000053
vn 0.000966 -0.000212 0.000147
vn 0.000952 -0.000306 -0.000022
vn 0.000931 -0.000331 0.000156
vn 0.000916 -0.000395 -0.000067
vn 0.000877 -0.000455 0.000154
vn 0.000874 -0.000486 -0.000013
vn 0.000761 -0.000648 -0.000026
vn 0.000807 -0.00057 0.000152
vn 0.000828 -0.00056 0.000031
vn 0.000721 -0.000673 0.000166
vn 0.000699 -0.000714 -0.000041
vn 0.000629 -0.000773 0.000076
vn 0.000623 -0.000773 0.000116
vn 0.000552 -0.000833 -0.000036
vn 0.000513 -0.000843 0.000162
vn 0.000465 -0.000883 -0.000066
vn 0.000394 -0.000908 0.000142
vn 0.000379 -0.000925 0.000006
vn 0.000267 -0.000953 0.000142
vn 0.00029 -0.000957 0.000011
vn 0.000193 -0.000979 -0.000064
vn 0.000134 -0.000977 0.000163
vn 0.000099 -0.000994 -0.000041
vn 0 -0.000995 0.000097
vn 0.000002 -0.000997 0.000078
vn -0.000094 -0.000994 -0.000051
vn -0.000134 -0.000977 0.000166
vn -0.000188 -0.00098 -0.000059
vn -0.00027 -0.000962 0.000036
vn -0.00028 -0.000945 0.000168
vn -0.000373 -0.000928 -0.00001
vn -0.000394 -0.000907 0.000151
vn -0.000456 -0.000889 -0.000041
vn -0.000511 -0.000841 0.000179
vn -0.000553 -0.000833 -0.00002
vn -0.000627 -0.000771 0.000115
vn -0.000624 -0.00078 0.000051
vn -0.000695 -0.000716 -0.000061
vn -0.000721 -0.000673 0.000167
vn -0.000761 -0.000647 -0.000051
vn -0.000815 -0.000576 0.000061
vn -0.000814 -0.000564 0.000136
vn -0.000869 -0.000495 -0.000021
vn -0.000873 -0.000453 0.000179
vn -0.000918 -0.000395 -0.000041
vn -0.000931 -0.000331 0.000151
vn -0.000951 -0.000309 -0.000007
vn -0.00097 -0.000202 0.000134
vn -0.000975 -0.00022 0.000026
vn -0.000991 -0.00013 -0.00004
vn -0.00098 -0.000067 0.000186
vn -0.000999 -0.00002 -0.000028
vn -0.000994 0.000068 0.000083
vn -0.000992 0.000071 0.000106
vn -0.000987 0.000157 -0.000032
vn -0.000962 0.0002 0.000184
vn -0.000963 0.000267 -0.000041
vn -0.000942 0.000335 0.000017
vn -0.000919 0.000346 0.00019
vn -0.000898 0.000439 0.000003
vn -0.000878 0.000455 0.000145
vn -0.000854 0.000519 -0.000042
vn -0.000803 0.000567 0.000182
vn -0.000791 0.000612 -0.000028
vn -0.00066 0.000751 -0.000012
vn -0.000724 0.000676 0.000133
vn -0.000737 0.000673 0.000062
vn -0.000623 0.000765 0.000164
vn -0.000519 0.000854 0.000044
vn -0.000497 0.000848 0.000184
vn -0.000596 0.000803 -0.000024
vn -0.000431 0.000902 -0.000012
vn -0.000392 0.000903 0.000175
vn -0.000327 0.000944 -0.00004
vn -0.000266 0.000951 0.000156
vn -0.000241 0.00097 -0.000009
vn -0.000135 0.000984 0.00012
vn -0.000145 0.000988 0.000054
vn -0.000053 0.000997 -0.00006
vn -0 0.000986 0.000166
vn 0.000136 0.000988 0.000069
vn 0.000141 0.000983 0.00012
vn 0.000047 0.000998 -0.000051
vn 0.000236 0.000971 -0.000033
vn 0.000266 0.00095 0.00016
vn 0.000328 0.000943 -0.000066
vn 0.000394 0.000907 0.000148
vn 0.000421 0.000907 -0.000001
vn 0.000515 0.000846 0.000138
vn 0.000503 0.000864 0.000018
vn 0.000586 0.000808 -0.000062
vn 0.000622 0.000765 0.000165
vn 0.000661 0.000749 -0.000045
vn 0.000797 0.000604 -0.000003
vn 0.000725 0.000677 0.000122
vn 0.000724 0.000685 0.00008
vn 0.000806 0.000569 0.000165
vn 0.000847 0.000528 -0.000056
vn 0.000888 0.00046 0.000026
vn 0.000881 0.000438 0.000179
vn 0.000934 0.000357 -0.000004
vn 0.000932 0.000331 0.000147
vn 0.000962 0.000266 -0.000067
vn 0.000966 0.000201 0.00016
vn 0.000985 0.000169 -0.000029
vn 0.000999 -0.000022 -0.000046
vn 0.000992 0.000068 0.000106
vn 0.000995 0.000074 0.00006
usemtl Black
f 1//1 2//1 3//1
f 4//2 5//2 3//2
f 3//3 5//3 6//3
f 3//4 6//4 1//4
f 3//5 7//5 4//5
f 8//6 9//6 3//6
f 3//7 9//7 10//7
f 3//8 10//8 11//8
f 12//9 13//9 3//9
f 3//10 13//10 14//10
f 3//11 14//11 8//11
f 15//12 16//12 3//12
f 3//13 16//13 17//13
f 3//14 17//14 12//14
f 18//15 19//15 3//15
f 3//16 19//16 20//16
f 3//17 20//17 15//17
f 21//18 22//18 3//18
f 3//19 22//19 23//19
f 3//20 23//20 18//20
f 24//21 25//21 3//21
f 3//22 25//22 26//22
f 3//23 26//23 21//23
f 27//24 28//24 3//24
f 3//25 28//25 29//25
f 3//26 29//26 24//26
f 30//27 31//27 3//27
f 3//28 31//28 32//28
f 3//29 32//29 27//29
f 33//30 34//30 3//30
f 3//31 34//31 35//31
f 3//32 35//32 30//32
f 36//33 37//33 3//33
f 3//34 37//34 38//34
f 3//35 38//35 33//35
f 39//36 40//36 3//36
f 3//37 40//37 41//37
f 3//38 41//38 36//38
f 42//39 43//39 3//39
f 3//40 43//40 44//40
f 3//41 44//41 39//41
f 2//42 45//42 3//42
f 3//43 45//43 46//43
f 3//44 46//44 42//44
f 1//45 6//45 47//45
f 47//46 6//46 48//46
f 48//47 6//47 5//47
f 4//48 49//48 5//48
f 7//49 50//49 4//49
f 4//50 50//50 49//50
f 51//51 7//51 3//51
f 11//52 52//52 3//52
f 3//53 52//53 51//53
f 9//54 53//54 10//54
f 8//55 54//55 9//55
f 9//56 54//56 53//56
f 55//57 8//57 14//57
f 13//58 56//58 14//58
f 14//59 56//59 55//59
f 17//60 57//60 12//60
f 16//61 58//61 17//61
f 17//62 58//62 57//62
f 59//63 16//63 15//63
f 59//64 15//64 60//64
f 60//65 15//65 20//65
f 61//66 19//66 18//66
f 61//67 18//67 62//67
f 62//68 18//68 23//68
f 22//69 63//69 23//69
f 21//70 64//70 22//70
f 22//71 64//71 63//71
f 65//72 21//72 26//72
f 25//73 66//73 26//73
f 26//74 66//74 65//74
f 24//75 67//75 25//75
f 25//76 67//76 66//76
f 29//77 68//77 24//77
f 28//78 69//78 29//78
f 29//79 69//79 68//79
f 70//80 27//80 32//80
f 71//81 31//81 30//81
f 71//82 30//82 72//82
f 72//83 30//83 35//83
f 34//84 73//84 35//84
f 33//85 74//85 34//85
f 34//86 74//86 73//86
f 37//87 75//87 38//87
f 36//88 76//88 37//88
f 37//89 76//89 75//89
f 41//90 77//90 36//90
f 40//91 78//91 41//91
f 41//92 78//92 77//92
f 44//93 79//93 39//93
f 42//94 80//94 43//94
f 46//95 81//95 42//95
f 42//96 81//96 80//96
f 82//97 46//97 45//97
f 82//98 45//98 83//98
f 83//99 45//99 2//99
f 24//100 68//100 84//100
f 24//101 84//101 67//101
f 23//102 63//102 85//102
f 23//103 85//103 62//103
f 32//104 31//104 86//104
f 86//105 31//105 71//105
f 87//106 28//106 27//106
f 87//107 27//107 88//107
f 88//108 27//108 70//108
f 88//109 70//109 32//109
f 88//110 32//110 86//110
f 89//111 86//111 71//111
f 89//112 71//112 72//112
f 89//113 72//113 90//113
f 90//114 72//114 35//114
f 90//115 35//115 73//115
f 90//116 73//116 74//116
f 90//117 74//117 91//117
f 91//118 74//118 33//118
f 91//119 33//119 38//119
f 91//120 38//120 92//120
f 92//121 38//121 75//121
f 92//122 75//122 76//122
f 92//123 76//123 93//123
f 93//124 76//124 36//124
f 93//125 36//125 94//125
f 94//126 36//126 77//126
f 94//127 77//127 78//127
f 94//128 78//128 95//128
f 95//129 78//129 40//129
f 95//130 40//130 39//130
f 95//131 39//131 79//131
f 95//132 79//132 96//132
f 96//133 79//133 44//133
f 96//134 44//134 43//134
f 96//135 43//135 80//135
f 96//136 80//136 97//136
f 97//137 80//137 81//137
f 97//138 81//138 46//138
f 97//139 46//139 98//139
f 98//140 46//140 82//140
f 98//141 82//141 83//141
f 98//142 83//142 99//142
f 99//143 83//143 2//143
f 99//144 2//144 1//144
f 99//145 1//145 100//145
f 100//146 1//146 47//146
f 100//147 47//147 48//147
f 100//148 48//148 101//148
f 101//149 48//149 5//149
f 101//150 5//150 49//150
f 101//151 49//151 102//151
f 102//152 49//152 50//152
f 102//153 50//153 7//153
f 102//154 7//154 103//154
f 103//155 7//155 51//155
f 103//156 51//156 52//156
f 103//157 52//157 104//157
f 104//158 52//158 11//158
f 104//159 11//159 10//159
f 104//160 10//160 105//160
f 105//161 10//161 53//161
f 105//162 53//162 54//162
f 105//163 54//163 106//163
f 106//164 54//164 8//164
f 106//165 8//165 55//165
f 106//166 55//166 107//166
f 107//167 55//167 56//167
f 107//168 56//168 13//168
f 107//169 13//169 12//169
f 107//170 12//170 108//170
f 108//171 12//171 57//171
f 108//172 57//172 58//172
f 108//173 58//173 109//173
f 109//174 58//174 16//174
f 109//175 16//175 59//175
f 109//176 59//176 110//176
f 110//177 59//177 60//177
f 110//178 60//178 111//178
f 111//179 60//179 20//179
f 111//180 20//180 19//180
f 111//181 19//181 112//181
f 112//182 19//182 61//182
f 112//183 61//183 62//183
f 112//184 62//184 85//184
f 113//185 85//185 63//185
f 113//186 63//186 64//186
f 113//187 64//187 114//187
f 114//188 64//188 21//188
f 114//189 21//189 65//189
f 114//190 65//190 115//190
f 115//191 65//191 66//191
f 115//192 66//192 67//192
f 115//193 67//193 84//193
f 116//194 84//194 68//194
f 116//195 68//195 69//195
f 116//196 69//196 87//196
f 87//197 69//197 28//197
f 101//198 117//198 118//198
f 119//199 99//199 120//199
f 120//200 99//200 121//200
f 121//201 99//201 100//201
f 121//202 100//202 118//202
f 118//203 100//203 101//203
f 122//204 102//204 123//204
f 123//205 102//205 103//205
f 123//206 103//206 124//206
f 124//207 103//207 125//207
f 126//208 109//208 127//208
f 127//209 109//209 110//209
f 117//210 101//210 122//210
f 122//211 101//211 102//211
f 128//212 107//212 129//212
f 129//213 107//213 108//213
f 129//214 108//214 130//214
f 130//215 108//215 126//215
f 126//216 108//216 109//216
f 103//217 104//217 125//217
f 125//218 104//218 131//218
f 131//219 104//219 105//219
f 131//220 105//220 132//220
f 110//221 111//221 133//221
f 133//222 111//222 112//222
f 133//223 112//223 134//223
f 134//224 112//224 135//224
f 132//225 105//225 106//225
f 132//226 106//226 136//226
f 136//227 106//227 137//227
f 137//228 106//228 107//228
f 137//229 107//229 128//229
f 138//230 96//230 139//230
f 139//231 96//231 140//231
f 140//232 96//232 97//232
f 140//233 97//233 141//233
f 141//234 97//234 142//234
f 142//235 97//235 98//235
f 142//236 98//236 119//236
f 119//237 98//237 99//237
f 143//238 92//238 144//238
f 144//239 92//239 93//239
f 93//240 94//240 145//240
f 145//241 94//241 95//241
f 145//242 95//242 146//242
f 146//243 95//243 138//243
f 138//244 95//244 96//244
f 147//245 88//245 148//245
f 148//246 88//246 149//246
f 150//247 90//247 151//247
f 151//248 90//248 91//248
f 151//249 91//249 152//249
f 152//250 91//250 143//250
f 143//251 91//251 92//251
f 112//252 85//252 135//252
f 135//253 85//253 113//253
f 135//254 113//254 153//254
f 153//255 113//255 154//255
f 113//256 114//256 154//256
f 154//257 114//257 155//257
f 155//258 114//258 115//258
f 155//259 115//259 156//259
f 156//260 115//260 157//260
f 88//261 86//261 149//261
f 149//262 86//262 89//262
f 149//263 89//263 158//263
f 158//264 89//264 159//264
f 159//265 89//265 90//265
f 159//266 90//266 150//266
f 115//267 84//267 157//267
f 157//268 84//268 116//268
f 157//269 116//269 160//269
f 160//270 116//270 161//270
f 161//271 116//271 87//271
f 161//272 87//272 147//272
f 147//273 87//273 88//273
f 155//274 156//274 162//274
f 155//275 162//275 154//275
f 162//276 163//276 154//276
f 154//277 163//277 153//277
f 163//278 164//278 153//278
f 153//279 164//279 165//279
f 153//280 165//280 135//280
f 135//281 165//281 134//281
f 165//282 166//282 134//282
f 134//283 166//283 167//283
f 134//284 167//284 133//284
f 133//285 167//285 168//285
f 133//286 168//286 110//286
f 110//287 168//287 127//287
f 168//288 169//288 127//288
f 127//289 169//289 170//289
f 127//290 170//290 126//290
f 126//291 170//291 171//291
f 126//292 171//292 130//292
f 130//293 171//293 172//293
f 130//294 172//294 129//294
f 129//295 172//295 173//295
f 129//296 173//296 128//296
f 128//297 173//297 174//297
f 128//298 174//298 137//298
f 137//299 174//299 136//299
f 174//300 175//300 136//300
f 136//301 175//301 176//301
f 136//302 176//302 132//302
f 132//303 176//303 177//303
f 132//304 177//304 131//304
f 131//305 177//305 178//305
f 131//306 178//306 125//306
f 125//307 178//307 179//307
f 125//308 179//308 124//308
f 124//309 179//309 123//309
f 179//310 180//310 123//310
f 123//311 180//311 181//311
f 123//312 181//312 122//312
f 122//313 181//313 117//313
f 181//314 182//314 117//314
f 117//315 182//315 118//315
f 183//316 120//316 121//316
f 182//317 184//317 118//317
f 118//318 184//318 185//318
f 118//319 185//319 121//319
f 121//320 185//320 183//320
f 183//321 186//321 120//321
f 120//322 186//322 187//322
f 120//323 187//323 119//323
f 119//324 187//324 188//324
f 119//325 188//325 142//325
f 189//326 140//326 141//326
f 142//327 188//327 189//327
f 142//328 189//328 141//328
f 189//329 190//329 140//329
f 140//330 190//330 191//330
f 140//331 191//331 139//331
f 139//332 191//332 192//332
f 139//333 192//333 138//333
f 138//334 192//334 146//334
f 192//335 193//335 146//335
f 146//336 193//336 145//336
f 193//337 194//337 145//337
f 145//338 194//338 195//338
f 145//339 195//339 93//339
f 93//340 195//340 144//340
f 196//341 152//341 143//341
f 195//342 197//342 144//342
f 144//343 197//343 198//343
f 144//344 198//344 143//344
f 143//345 198//345 196//345
f 152//346 196//346 199//346
f 152//347 199//347 151//347
f 151//348 199//348 150//348
f 200//349 158//349 159//349
f 199//350 201//350 150//350
f 150//351 201//351 159//351
f 159//352 201//352 202//352
f 159//353 202//353 200//353
f 158//354 200//354 149//354
f 200//355 203//355 149//355
f 149//356 203//356 204//356
f 149//357 204//357 148//357
f 148//358 204//358 205//358
f 148//359 205//359 147//359
f 147//360 205//360 206//360
f 147//361 206//361 161//361
f 161//362 206//362 207//362
f 161//363 207//363 160//363
f 160//364 207//364 208//364
f 160//365 208//365 157//365
f 157//366 208//366 156//366
f 156//367 208//367 209//367
f 156//368 209//368 162//368
f 210//369 211//369 185//369
f 210//370 185//370 184//370
f 210//371 184//371 212//371
f 181//372 213//372 214//372
f 184//373 182//373 212//373
f 212//374 182//374 214//374
f 214//375 182//375 181//375
f 213//376 181//376 180//376
f 213//377 180//377 215//377
f 180//378 179//378 215//378
f 215//379 179//379 216//379
f 177//380 217//380 218//380
f 216//381 179//381 178//381
f 216//382 178//382 218//382
f 218//383 178//383 177//383
f 217//384 177//384 176//384
f 217//385 176//385 219//385
f 174//386 220//386 221//386
f 219//387 176//387 175//387
f 219//388 175//388 221//388
f 221//389 175//389 174//389
f 172//390 222//390 223//390
f 220//391 174//391 173//391
f 220//392 173//392 223//392
f 223//393 173//393 172//393
f 170//394 224//394 225//394
f 222//395 172//395 171//395
f 222//396 171//396 225//396
f 225//397 171//397 170//397
f 168//398 226//398 227//398
f 224//399 170//399 169//399
f 224//400 169//400 227//400
f 227//401 169//401 168//401
f 166//402 228//402 229//402
f 226//403 168//403 167//403
f 226//404 167//404 229//404
f 229//405 167//405 166//405
f 164//406 230//406 231//406
f 166//407 165//407 228//407
f 228//408 165//408 231//408
f 231//409 165//409 164//409
f 162//410 232//410 233//410
f 164//411 163//411 230//411
f 230//412 163//412 233//412
f 233//413 163//413 162//413
f 232//414 162//414 209//414
f 232//415 209//415 234//415
f 207//416 235//416 236//416
f 209//417 208//417 234//417
f 234//418 208//418 236//418
f 236//419 208//419 207//419
f 235//420 207//420 206//420
f 235//421 206//421 237//421
f 237//422 206//422 205//422
f 237//423 205//423 238//423
f 238//424 205//424 204//424
f 238//425 204//425 239//425
f 239//426 204//426 203//426
f 239//427 203//427 240//427
f 202//428 241//428 242//428
f 203//429 200//429 240//429
f 240//430 200//430 242//430
f 242//431 200//431 202//431
f 199//432 243//432 244//432
f 202//433 201//433 241//433
f 241//434 201//434 244//434
f 244//435 201//435 199//435
f 198//436 245//436 246//436
f 243//437 199//437 196//437
f 243//438 196//438 246//438
f 246//439 196//439 198//439
f 195//440 247//440 248//440
f 245//441 198//441 197//441
f 245//442 197//442 248//442
f 248//443 197//443 195//443
f 193//444 249//444 250//444
f 247//445 195//445 194//445
f 247//446 194//446 250//446
f 250//447 194//447 193//447
f 191//448 251//448 252//448
f 193//449 192//449 249//449
f 249//450 192//450 252//450
f 252//451 192//451 191//451
f 189//452 253//452 254//452
f 251//453 191//453 190//453
f 251//454 190//454 254//454
f 254//455 190//455 189//455
f 187//456 255//456 256//456
f 253//457 189//457 188//457
f 253//458 188//458 256//458
f 256//459 188//459 187//459
f 255//460 187//460 186//460
f 255//461 186//461 211//461
f 211//462 186//462 183//462
f 211//463 183//463 185//463
f 250//464 249//464 257//464
f 257//465 249//465 252//465
f 257//466 252//466 258//466
f 258//465 252//465 251//465
f 258//467 251//467 259//467
f 259//465 251//465 254//465
f 259//468 254//468 260//468
f 260//465 254//465 253//465
f 260//469 253//469 261//469
f 261//470 253//470 256//470
f 261//471 256//471 262//471
f 262//472 256//472 255//472
f 262//465 255//465 263//465
f 263//465 255//465 211//465
f 263//465 211//465 264//465
f 264//465 211//465 210//465
f 264//473 210//473 265//473
f 265//465 210//465 212//465
f 265//471 212//471 266//471
f 266//465 212//465 214//465
f 266//465 214//465 267//465
f 267//465 214//465 213//465
f 267//474 213//474 268//474
f 268//465 213//465 215//465
f 268//475 215//475 269//475
f 269//465 215//465 216//465
f 269//476 216//476 270//476
f 270//465 216//465 218//465
f 270//477 218//477 271//477
f 271//465 218//465 217//465
f 271//478 217//478 272//478
f 272//465 217//465 219//465
f 272//479 219//479 273//479
f 273//465 219//465 221//465
f 273//480 221//480 274//480
f 274//481 221//481 220//481
f 274//465 220//465 275//465
f 275//482 220//482 223//482
f 275//465 223//465 276//465
f 276//465 223//465 222//465
f 276//465 222//465 277//465
f 277//465 222//465 225//465
f 277//465 225//465 278//465
f 278//483 225//483 224//483
f 278//465 224//465 279//465
f 279//465 224//465 227//465
f 279//484 227//484 280//484
f 280//465 227//465 226//465
f 280//485 226//485 281//485
f 281//465 226//465 229//465
f 281//465 229//465 282//465
f 282//465 229//465 228//465
f 282//465 228//465 283//465
f 283//465 228//465 231//465
f 283//486 231//486 284//486
f 284//487 231//487 230//487
f 284//488 230//488 285//488
f 285//465 230//465 233//465
f 285//465 233//465 286//465
f 286//465 233//465 232//465
f 286//465 232//465 287//465
f 287//489 232//489 234//489
f 287//465 234//465 288//465
f 288//465 234//465 236//465
f 288//490 236//490 289//490
f 289//465 236//465 235//465
f 289//491 235//491 290//491
f 290//492 235//492 237//492
f 290//465 237//465 291//465
f 291//465 237//465 238//465
f 291//493 238//493 292//493
f 292//494 238//494 239//494
f 292//495 239//495 293//495
f 293//496 239//496 240//496
f 293//497 240//497 294//497
f 294//465 240//465 242//465
f 294//465 242//465 295//465
f 295//465 242//465 241//465
f 295//498 241//498 296//498
f 296//465 241//465 244//465
f 296//499 244//499 297//499
f 297//465 244//465 243//465
f 297//465 243//465 298//465
f 298//465 243//465 246//465
f 298//465 246//465 299//465
f 299//500 246//500 245//500
f 299//501 245//501 300//501
f 300//502 245//502 248//502
f 300//465 248//465 301//465
f 301//465 248//465 247//465
f 301//465 247//465 302//465
f 302//465 247//465 250//465
f 302//503 250//503 257//503
f 297//504 298//504 303//504
f 303//505 298//505 304//505
f 303//506 305//506 297//506
f 297//507 305//507 296//507
f 296//508 305//508 306//508
f 296//509 306//509 307//509
f 296//510 307//510 295//510
f 308//511 294//511 309//511
f 309//512 294//512 295//512
f 309//513 295//513 307//513
f 294//514 308//514 310//514
f 294//515 310//515 293//515
f 310//516 311//516 293//516
f 293//517 311//517 292//517
f 311//518 312//518 292//518
f 292//519 312//519 291//519
f 291//520 312//520 313//520
f 291//521 313//521 314//521
f 291//522 314//522 290//522
f 315//523 289//523 316//523
f 316//524 289//524 290//524
f 316//525 290//525 314//525
f 289//526 315//526 317//526
f 289//527 317//527 288//527
f 288//528 317//528 318//528
f 288//529 318//529 287//529
f 318//530 319//530 287//530
f 287//531 319//531 286//531
f 286//532 319//532 320//532
f 286//533 320//533 321//533
f 286//534 321//534 285//534
f 322//535 284//535 323//535
f 323//536 284//536 285//536
f 323//537 285//537 321//537
f 284//538 322//538 324//538
f 284//539 324//539 283//539
f 283//540 324//540 325//540
f 283//541 325//541 282//541
f 325//542 326//542 282//542
f 282//543 326//543 281//543
f 281//544 326//544 327//544
f 281//545 327//545 328//545
f 281//546 328//546 280//546
f 328//547 329//547 280//547
f 280//548 329//548 279//548
f 279//549 329//549 330//549
f 279//550 330//550 331//550
f 279//551 331//551 278//551
f 332//552 277//552 333//552
f 333//553 277//553 278//553
f 333//554 278//554 331//554
f 277//555 332//555 334//555
f 277//556 334//556 276//556
f 276//557 334//557 335//557
f 276//558 335//558 275//558
f 335//559 336//559 275//559
f 275//560 336//560 274//560
f 274//561 336//561 337//561
f 274//562 337//562 338//562
f 274//563 338//563 273//563
f 339//564 272//564 340//564
f 340//565 272//565 273//565
f 340//566 273//566 338//566
f 272//567 339//567 341//567
f 272//568 341//568 271//568
f 341//569 342//569 271//569
f 271//570 342//570 270//570
f 342//571 343//571 270//571
f 270//572 343//572 269//572
f 269//573 343//573 344//573
f 269//574 344//574 345//574
f 269//575 345//575 268//575
f 268//576 345//576 346//576
f 268//577 346//577 267//577
f 267//578 346//578 347//578
f 267//579 347//579 348//579
f 267//580 348//580 266//580
f 348//581 349//581 266//581
f 266//582 349//582 265//582
f 349//583 350//583 265//583
f 265//584 350//584 264//584
f 264//585 350//585 351//585
f 264//586 351//586 352//586
f 264//587 352//587 263//587
f 352//588 353//588 263//588
f 263//589 353//589 262//589
f 262//590 353//590 354//590
f 262//591 354//591 355//591
f 262//592 355//592 261//592
f 356//593 260//593 357//593
f 357//594 260//594 261//594
f 357//595 261//595 355//595
f 260//596 356//596 358//596
f 260//597 358//597 259//597
f 358//598 359//598 259//598
f 259//599 359//599 258//599
f 359//600 360//600 258//600
f 258//601 360//601 257//601
f 257//602 360//602 361//602
f 361//603 362//603 257//603
f 257//604 362//604 302//604
f 363//605 301//605 364//605
f 364//606 301//606 302//606
f 364//607 302//607 362//607
f 301//608 363//608 365//608
f 301//609 365//609 300//609
f 365//610 366//610 300//610
f 300//611 366//611 299//611
f 366//612 367//612 299//612
f 299//613 367//613 298//613
f 298//614 367//614 304//614
f 326//615 325//615 368//615
f 326//616 368//616 369//616
f 328//617 369//617 370//617
f 328//618 370//618 371//618
f 372//619 373//619 374//619
f 372//620 374//620 375//620
f 376//621 377//621 378//621
f 376//622 378//622 379//622
f 380//623 375//623 381//623
f 380//624 381//624 377//624
f 382//625 383//625 384//625
f 382//626 384//626 385//626
f 330//627 329//627 373//627
f 330//628 373//628 372//628
f 333//629 372//629 375//629
f 333//630 375//630 380//630
f 386//631 385//631 387//631
f 386//632 387//632 388//632
f 331//633 330//633 372//633
f 331//634 372//634 333//634
f 389//635 376//635 383//635
f 389//636 383//636 382//636
f 390//637 386//637 388//637
f 390//638 388//638 391//638
f 332//639 333//639 380//639
f 332//640 380//640 392//640
f 335//641 392//641 376//641
f 335//642 376//642 389//642
f 393//643 382//643 385//643
f 393//644 385//644 386//644
f 394//645 395//645 396//645
f 394//646 396//646 397//646
f 334//647 332//647 392//647
f 334//648 392//648 335//648
f 398//649 394//649 397//649
f 398//650 397//650 399//650
f 336//651 335//651 389//651
f 336//652 389//652 337//652
f 400//653 401//653 402//653
f 400//654 402//654 403//654
f 341//655 404//655 395//655
f 341//656 395//656 394//656
f 405//657 406//657 401//657
f 405//658 401//658 400//658
f 407//659 346//659 408//659
f 407//660 408//660 409//660
f 410//661 411//661 412//661
f 410//662 412//662 413//662
f 414//663 415//663 410//663
f 414//664 410//664 416//664
f 417//665 418//665 419//665
f 417//666 419//666 420//666
f 421//667 422//667 423//667
f 421//668 423//668 424//668
f 425//669 426//669 422//669
f 425//670 422//670 421//670
f 427//671 428//671 429//671
f 427//672 429//672 430//672
f 354//673 353//673 417//673
f 354//674 417//674 431//674
f 357//675 431//675 426//675
f 357//676 426//676 425//676
f 432//677 433//677 434//677
f 432//678 434//678 435//678
f 355//679 354//679 431//679
f 355//680 431//680 357//680
f 436//681 437//681 428//681
f 436//682 428//682 427//682
f 438//683 432//683 435//683
f 438//684 435//684 439//684
f 356//685 357//685 425//685
f 356//686 425//686 358//686
f 359//687 358//687 437//687
f 359//688 437//688 436//688
f 440//689 441//689 442//689
f 440//690 442//690 443//690
f 444//691 440//691 443//691
f 444//692 443//692 445//692
f 360//693 359//693 436//693
f 360//694 436//694 361//694
f 362//695 361//695 433//695
f 362//696 433//696 432//696
f 365//697 446//697 441//697
f 365//698 441//698 440//698
f 447//699 448//699 449//699
f 447//700 449//700 450//700
f 451//701 452//701 448//701
f 451//702 448//702 447//702
f 453//703 454//703 455//703
f 453//704 455//704 456//704
f 457//705 458//705 454//705
f 457//706 454//706 453//706
f 459//707 460//707 461//707
f 459//708 461//708 462//708
f 310//709 463//709 459//709
f 310//710 459//710 464//710
f 465//711 466//711 467//711
f 465//712 467//712 468//712
f 313//713 469//713 466//713
f 313//714 466//714 465//714
f 470//715 316//715 471//715
f 470//716 471//716 472//716
f 473//717 474//717 475//717
f 473//718 475//718 476//718
f 477//719 478//719 479//719
f 477//720 479//720 480//720
f 481//721 473//721 476//721
f 481//722 476//722 482//722
f 483//723 477//723 480//723
f 483//724 480//724 484//724
f 315//725 316//725 470//725
f 315//726 470//726 474//726
f 317//727 315//727 474//727
f 317//728 474//728 473//728
f 485//729 486//729 487//729
f 485//730 487//730 488//730
f 319//731 318//731 481//731
f 319//732 481//732 489//732
f 321//733 489//733 478//733
f 321//734 478//734 477//734
f 370//735 488//735 490//735
f 370//736 490//736 491//736
f 324//737 492//737 493//737
f 324//738 493//738 494//738
f 369//739 368//739 488//739
f 369//740 488//740 370//740
f 495//741 378//741 377//741
f 495//742 377//742 381//742
f 496//743 374//743 373//743
f 496//744 373//744 371//744
f 494//745 368//745 325//745
f 494//746 325//746 324//746
f 379//747 384//747 383//747
f 379//748 383//748 376//748
f 371//749 373//749 329//749
f 371//750 329//750 328//750
f 369//751 328//751 327//751
f 369//752 327//752 326//752
f 377//753 376//753 392//753
f 377//754 392//754 380//754
f 391//755 396//755 395//755
f 391//756 395//756 390//756
f 399//757 402//757 401//757
f 399//758 401//758 398//758
f 390//759 395//759 404//759
f 390//760 404//760 386//760
f 382//761 393//761 337//761
f 382//762 337//762 389//762
f 340//763 393//763 386//763
f 340//764 386//764 404//764
f 497//765 400//765 403//765
f 497//766 403//766 498//766
f 499//767 500//767 501//767
f 409//768 502//768 500//768
f 498//769 409//769 408//769
f 498//770 408//770 497//770
f 398//771 401//771 406//771
f 398//772 406//772 394//772
f 393//773 340//773 338//773
f 393//774 338//774 337//774
f 339//775 340//775 404//775
f 339//776 404//776 341//776
f 342//777 341//777 394//777
f 342//778 394//778 406//778
f 503//779 409//779 500//779
f 503//780 500//780 499//780
f 412//781 504//781 413//781
f 499//782 412//782 411//782
f 499//783 411//783 503//783
f 497//784 408//784 346//784
f 497//785 346//785 400//785
f 343//786 342//786 406//786
f 343//787 406//787 405//787
f 345//788 405//788 400//788
f 345//789 400//789 346//789
f 348//790 407//790 409//790
f 348//791 409//791 503//791
f 416//792 410//792 413//792
f 416//793 413//793 505//793
f 506//794 420//794 507//794
f 344//795 343//795 405//795
f 344//796 405//796 345//796
f 418//797 416//797 505//797
f 418//798 505//798 508//798
f 508//799 420//799 419//799
f 508//800 419//800 418//800
f 411//801 410//801 415//801
f 411//802 415//802 503//802
f 347//803 346//803 407//803
f 347//804 407//804 348//804
f 349//805 348//805 503//805
f 349//806 503//806 415//806
f 426//807 420//807 506//807
f 426//808 506//808 509//808
f 510//809 424//809 511//809
f 423//810 512//810 424//810
f 509//811 423//811 422//811
f 509//812 422//812 426//812
f 350//813 349//813 415//813
f 350//814 415//814 414//814
f 352//815 414//815 416//815
f 352//816 416//816 418//816
f 431//817 417//817 420//817
f 431//818 420//818 426//818
f 437//819 421//819 424//819
f 437//820 424//820 510//820
f 434//821 430//821 513//821
f 510//822 429//822 428//822
f 510//823 428//823 437//823
f 418//824 417//824 353//824
f 418//825 353//825 352//825
f 414//826 352//826 351//826
f 414//827 351//827 350//827
f 514//828 442//828 439//828
f 430//829 434//829 433//829
f 430//830 433//830 427//830
f 358//831 425//831 421//831
f 358//832 421//832 437//832
f 361//833 436//833 427//833
f 361//834 427//834 433//834
f 441//835 438//835 439//835
f 441//836 439//836 442//836
f 449//837 445//837 515//837
f 445//838 449//838 448//838
f 445//839 448//839 444//839
f 438//840 441//840 446//840
f 438//841 446//841 432//841
f 364//842 362//842 432//842
f 364//843 432//843 446//843
f 458//844 447//844 450//844
f 458//845 450//845 516//845
f 455//846 517//846 456//846
f 516//847 455//847 454//847
f 516//848 454//848 458//848
f 444//849 448//849 452//849
f 444//850 452//850 440//850
f 363//851 364//851 446//851
f 363//852 446//852 365//852
f 366//853 365//853 440//853
f 366//854 440//854 452//854
f 518//855 453//855 456//855
f 518//856 456//856 519//856
f 461//857 520//857 462//857
f 519//858 461//858 460//858
f 519//859 460//859 518//859
f 367//860 366//860 452//860
f 367//861 452//861 451//861
f 303//862 451//862 447//862
f 303//863 447//863 458//863
f 521//864 457//864 453//864
f 521//865 453//865 518//865
f 464//866 459//866 462//866
f 464//867 462//867 522//867
f 468//868 467//868 523//868
f 524//869 525//869 467//869
f 304//870 367//870 451//870
f 304//871 451//871 303//871
f 305//872 303//872 458//872
f 305//873 458//873 457//873
f 526//874 464//874 522//874
f 526//875 522//875 524//875
f 524//876 467//876 466//876
f 524//877 466//877 526//877
f 460//878 459//878 463//878
f 460//879 463//879 518//879
f 306//880 305//880 457//880
f 306//881 457//881 521//881
f 309//882 521//882 518//882
f 309//883 518//883 463//883
f 527//884 465//884 468//884
f 527//885 468//885 528//885
f 472//886 529//886 475//886
f 528//887 472//887 471//887
f 528//888 471//888 527//888
f 526//889 466//889 469//889
f 526//890 469//890 464//890
f 521//891 309//891 307//891
f 521//892 307//892 306//892
f 308//893 309//893 463//893
f 308//894 463//894 310//894
f 311//895 310//895 464//895
f 311//896 464//896 469//896
f 479//897 530//897 531//897
f 482//898 532//898 530//898
f 533//899 482//899 476//899
f 533//900 476//900 475//900
f 527//901 471//901 316//901
f 527//902 316//902 465//902
f 534//903 486//903 484//903
f 530//904 479//904 478//904
f 530//905 478//905 482//905
f 472//906 475//906 474//906
f 472//907 474//907 470//907
f 465//908 316//908 314//908
f 465//909 314//909 313//909
f 469//910 313//910 312//910
f 469//911 312//911 311//911
f 535//912 490//912 488//912
f 484//913 486//913 493//913
f 484//914 493//914 483//914
f 482//915 478//915 489//915
f 482//916 489//916 481//916
f 536//917 374//917 496//917
f 483//918 493//918 492//918
f 483//919 492//919 477//919
f 473//920 481//920 318//920
f 473//921 318//921 317//921
f 320//922 319//922 489//922
f 320//923 489//923 321//923
f 323//924 321//924 477//924
f 323//925 477//925 492//925
f 494//926 493//926 486//926
f 494//927 486//927 485//927
f 371//928 370//928 491//928
f 371//929 491//929 496//929
f 485//930 488//930 368//930
f 485//931 368//931 494//931
f 322//932 323//932 492//932
f 322//933 492//933 324//933
f 375//934 374//934 537//934
f 375//935 537//935 538//935
f 381//936 375//936 538//936
f 381//937 538//937 495//937
f 539//938 450//938 449//938
f 539//939 449//939 515//939
f 515//940 445//940 540//940
f 540//941 445//941 443//941
f 540//942 443//942 541//942
f 541//943 443//943 442//943
f 541//944 442//944 514//944
f 514//945 439//945 542//945
f 542//946 439//946 435//946
f 542//947 435//947 543//947
f 543//948 435//948 434//948
f 543//949 434//949 513//949
f 513//950 430//950 544//950
f 544//951 430//951 429//951
f 544//952 429//952 545//952
f 545//953 429//953 510//953
f 545//954 510//954 511//954
f 511//955 424//955 512//955
f 512//956 423//956 546//956
f 546//957 423//957 509//957
f 546//958 509//958 547//958
f 547//959 509//959 506//959
f 547//960 506//960 507//960
f 507//961 420//961 548//961
f 548//962 420//962 508//962
f 548//963 508//963 549//963
f 549//964 508//964 505//964
f 549//965 505//965 550//965
f 550//966 505//966 413//966
f 550//967 413//967 504//967
f 504//968 412//968 551//968
f 551//969 412//969 499//969
f 551//970 499//970 501//970
f 501//971 500//971 502//971
f 502//972 409//972 552//972
f 552//973 409//973 498//973
f 552//974 498//974 553//974
f 553//975 498//975 554//975
f 554//976 498//976 403//976
f 554//977 403//977 555//977
f 555//978 403//978 402//978
f 555//979 402//979 556//979
f 556//980 402//980 399//980
f 556//981 399//981 557//981
f 557//982 399//982 397//982
f 557//983 397//983 558//983
f 558//984 397//984 396//984
f 558//985 396//985 559//985
f 559//986 396//986 391//986
f 559//987 391//987 560//987
f 560//988 391//988 388//988
f 450//989 539//989 561//989
f 450//990 561//990 516//990
f 516//991 561//991 562//991
f 516//992 562//992 455//992
f 455//993 562//993 517//993
f 456//994 517//994 563//994
f 456//995 563//995 519//995
f 519//996 563//996 564//996
f 519//997 564//997 461//997
f 461//998 564//998 520//998
f 462//999 520//999 565//999
f 462//1000 565//1000 522//1000
f 522//1001 566//1001 524//1001
f 524//1002 566//1002 525//1002
f 467//1003 525//1003 523//1003
f 468//1004 523//1004 567//1004
f 468//1005 567//1005 528//1005
f 528//1006 567//1006 568//1006
f 528//1007 568//1007 472//1007
f 472//1008 568//1008 529//1008
f 475//1009 529//1009 569//1009
f 475//1010 569//1010 533//1010
f 533//1011 569//1011 570//1011
f 533//1012 570//1012 482//1012
f 482//1013 570//1013 532//1013
f 530//1014 532//1014 531//1014
f 479//1015 531//1015 571//1015
f 479//1016 571//1016 480//1016
f 480//1017 571//1017 572//1017
f 480//1018 572//1018 484//1018
f 484//1019 572//1019 534//1019
f 486//1020 534//1020 573//1020
f 486//1021 573//1021 487//1021
f 487//1022 573//1022 574//1022
f 487//1023 574//1023 488//1023
f 488//1024 574//1024 535//1024
f 490//1025 535//1025 575//1025
f 490//1026 575//1026 491//1026
f 491//1027 575//1027 576//1027
f 491//1028 576//1028 496//1028
f 496//1029 576//1029 536//1029
f 374//1030 536//1030 577//1030
f 374//1031 577//1031 537//1031
f 537//1032 577//1032 578//1032
f 537//1033 578//1033 538//1033
f 538//1034 578//1034 579//1034
f 538//1035 579//1035 495//1035
f 495//1036 579//1036 580//1036
f 495//1037 580//1037 378//1037
f 378//1038 580//1038 581//1038
f 378//1039 581//1039 379//1039
f 379//1040 581//1040 582//1040
f 379//1041 582//1041 384//1041
f 384//1042 582//1042 583//1042
f 384//1043 583//1043 385//1043
f 385//1044 583//1044 584//1044
f 385//1045 584//1045 387//1045
f 387//1046 584//1046 585//1046
f 387//1047 585//1047 388//1047
f 388//1048 585//1048 560//1048
f 586//1049 587//1049 588//1049
f 586//1050 588//1050 589//1050
f 589//1051 588//1051 550//1051
f 589//1052 550//1052 504//1052
f 590//1053 591//1053 592//1053
f 590//1054 592//1054 593//1054
f 593//1055 592//1055 511//1055
f 593//1056 511//1056 512//1056
f 594//1057 595//1057 596//1057
f 594//1058 596//1058 597//1058
f 597//1059 596//1059 541//1059
f 597//1060 541//1060 514//1060
f 598//1061 586//1061 589//1061
f 598//1062 589//1062 599//1062
f 599//1063 589//1063 551//1063
f 551//1064 589//1064 504//1064
f 600//1065 590//1065 593//1065
f 600//1066 593//1066 601//1066
f 601//1067 593//1067 546//1067
f 546//1068 593//1068 512//1068
f 602//1069 594//1069 597//1069
f 602//1070 597//1070 603//1070
f 603//1071 597//1071 514//1071
f 603//1072 514//1072 542//1072
f 604//1073 605//1073 606//1073
f 604//1074 606//1074 607//1074
f 607//1075 606//1075 584//1075
f 607//1076 584//1076 583//1076
f 608//1077 598//1077 609//1077
f 609//1078 598//1078 599//1078
f 609//1079 599//1079 501//1079
f 501//1080 599//1080 551//1080
f 610//1081 600//1081 611//1081
f 611//1082 600//1082 601//1082
f 611//1083 601//1083 546//1083
f 611//1084 546//1084 547//1084
f 612//1085 602//1085 603//1085
f 612//1086 603//1086 613//1086
f 613//1087 603//1087 542//1087
f 613//1088 542//1088 543//1088
f 560//1089 585//1089 614//1089
f 560//1090 614//1090 615//1090
f 615//1091 614//1091 616//1091
f 615//1092 616//1092 617//1092
f 557//1093 558//1093 618//1093
f 557//1094 618//1094 619//1094
f 619//1095 618//1095 620//1095
f 619//1096 620//1096 621//1096
f 555//1097 556//1097 622//1097
f 555//1098 622//1098 623//1098
f 623//1099 622//1099 624//1099
f 624//1100 622//1100 625//1100
f 554//1101 555//1101 623//1101
f 554//1102 623//1102 626//1102
f 626//1103 623//1103 624//1103
f 626//1104 624//1104 627//1104
f 552//1105 553//1105 628//1105
f 628//1106 553//1106 629//1106
f 628//1107 629//1107 630//1107
f 628//1108 630//1108 631//1108
f 502//1109 552//1109 628//1109
f 502//1110 628//1110 632//1110
f 632//1111 628//1111 631//1111
f 632//1112 631//1112 633//1112
f 548//1113 549//1113 634//1113
f 548//1114 634//1114 635//1114
f 635//1115 634//1115 636//1115
f 635//1116 636//1116 637//1116
f 507//1117 548//1117 638//1117
f 638//1118 548//1118 635//1118
f 638//1119 635//1119 637//1119
f 638//1120 637//1120 639//1120
f 544//1121 545//1121 640//1121
f 640//1122 545//1122 641//1122
f 640//1123 641//1123 642//1123
f 642//1124 641//1124 643//1124
f 513//1125 544//1125 640//1125
f 513//1126 640//1126 644//1126
f 644//1127 640//1127 642//1127
f 644//1128 642//1128 645//1128
f 515//1129 540//1129 646//1129
f 515//1130 646//1130 647//1130
f 647//1131 646//1131 648//1131
f 647//1132 648//1132 649//1132
f 649//1133 648//1133 650//1133
f 539//1134 515//1134 647//1134
f 539//1135 647//1135 651//1135
f 651//1136 647//1136 649//1136
f 651//1137 649//1137 652//1137
f 652//1138 649//1138 650//1138
f 562//1139 561//1139 653//1139
f 562//1140 653//1140 654//1140
f 654//1141 653//1141 655//1141
f 654//1142 655//1142 656//1142
f 564//1143 563//1143 657//1143
f 564//1144 657//1144 658//1144
f 658//1145 657//1145 659//1145
f 659//1146 657//1146 660//1146
f 522//1147 565//1147 566//1147
f 566//1148 565//1148 661//1148
f 566//1149 661//1149 662//1149
f 662//1150 661//1150 663//1150
f 663//1151 661//1151 664//1151
f 568//1152 567//1152 665//1152
f 568//1153 665//1153 666//1153
f 666//1154 665//1154 667//1154
f 666//1155 667//1155 668//1155
f 570//1156 569//1156 669//1156
f 570//1157 669//1157 670//1157
f 670//1158 669//1158 671//1158
f 670//1159 671//1159 672//1159
f 571//1160 531//1160 673//1160
f 571//1161 673//1161 674//1161
f 674//1162 673//1162 675//1162
f 674//1163 675//1163 676//1163
f 534//1164 572//1164 677//1164
f 677//1165 572//1165 678//1165
f 677//1166 678//1166 679//1166
f 677//1167 679//1167 680//1167
f 573//1168 534//1168 677//1168
f 573//1169 677//1169 681//1169
f 681//1170 677//1170 680//1170
f 681//1171 680//1171 682//1171
f 535//1172 574//1172 683//1172
f 535//1173 683//1173 684//1173
f 684//1174 683//1174 685//1174
f 684//1175 685//1175 686//1175
f 575//1176 535//1176 684//1176
f 575//1177 684//1177 687//1177
f 687//1178 684//1178 686//1178
f 687//1179 686//1179 688//1179
f 536//1180 576//1180 689//1180
f 536//1181 689//1181 690//1181
f 690//1182 689//1182 691//1182
f 690//1183 691//1183 692//1183
f 579//1184 578//1184 693//1184
f 579//1185 693//1185 694//1185
f 694//1186 693//1186 695//1186
f 694//1187 695//1187 696//1187
f 582//1188 581//1188 697//1188
f 582//1189 697//1189 698//1189
f 698//1190 697//1190 699//1190
f 698//1191 699//1191 700//1191
f 605//1192 616//1192 614//1192
f 605//1193 614//1193 606//1193
f 606//1194 614//1194 585//1194
f 606//1195 585//1195 584//1195
f 559//1196 560//1196 615//1196
f 559//1197 615//1197 701//1197
f 701//1198 615//1198 702//1198
f 702//1199 615//1199 617//1199
f 702//1200 620//1200 618//1200
f 702//1201 618//1201 701//1201
f 701//1202 618//1202 559//1202
f 559//1203 618//1203 558//1203
f 621//1204 625//1204 622//1204
f 621//1205 622//1205 619//1205
f 619//1206 622//1206 556//1206
f 619//1207 556//1207 557//1207
f 627//1208 630//1208 626//1208
f 626//1209 630//1209 629//1209
f 626//1210 629//1210 553//1210
f 626//1211 553//1211 554//1211
f 501//1212 502//1212 632//1212
f 501//1213 632//1213 609//1213
f 609//1214 632//1214 633//1214
f 609//1215 633//1215 608//1215
f 587//1216 636//1216 634//1216
f 587//1217 634//1217 588//1217
f 588//1218 634//1218 549//1218
f 588//1219 549//1219 550//1219
f 547//1220 507//1220 638//1220
f 547//1221 638//1221 611//1221
f 611//1222 638//1222 639//1222
f 611//1223 639//1223 610//1223
f 591//1224 643//1224 641//1224
f 591//1225 641//1225 592//1225
f 592//1226 641//1226 545//1226
f 592//1227 545//1227 511//1227
f 543//1228 513//1228 644//1228
f 543//1229 644//1229 613//1229
f 613//1230 644//1230 645//1230
f 613//1231 645//1231 612//1231
f 595//1232 648//1232 596//1232
f 596//1233 648//1233 646//1233
f 596//1234 646//1234 541//1234
f 541//1235 646//1235 540//1235
f 652//1236 655//1236 653//1236
f 652//1237 653//1237 651//1237
f 651//1238 653//1238 561//1238
f 651//1239 561//1239 539//1239
f 517//1240 562//1240 703//1240
f 703//1241 562//1241 654//1241
f 703//1242 654//1242 656//1242
f 703//1243 656//1243 704//1243
f 704//1244 660//1244 657//1244
f 704//1245 657//1245 703//1245
f 703//1246 657//1246 563//1246
f 703//1247 563//1247 517//1247
f 520//1248 564//1248 658//1248
f 520//1249 658//1249 705//1249
f 705//1250 658//1250 659//1250
f 705//1251 659//1251 706//1251
f 706//1252 664//1252 661//1252
f 706//1253 661//1253 705//1253
f 705//1254 661//1254 565//1254
f 705//1255 565//1255 520//1255
f 525//1256 566//1256 707//1256
f 707//1257 566//1257 662//1257
f 707//1258 662//1258 708//1258
f 708//1259 662//1259 663//1259
f 523//1260 525//1260 709//1260
f 709//1261 525//1261 707//1261
f 709//1262 707//1262 708//1262
f 709//1263 708//1263 710//1263
f 710//1264 667//1264 665//1264
f 710//1265 665//1265 709//1265
f 709//1266 665//1266 567//1266
f 709//1267 567//1267 523//1267
f 529//1268 568//1268 711//1268
f 711//1269 568//1269 666//1269
f 711//1270 666//1270 668//1270
f 711//1271 668//1271 712//1271
f 712//1272 671//1272 711//1272
f 711//1273 671//1273 669//1273
f 711//1274 669//1274 529//1274
f 529//1275 669//1275 569//1275
f 532//1276 570//1276 670//1276
f 532//1277 670//1277 713//1277
f 713//1278 670//1278 672//1278
f 713//1279 672//1279 714//1279
f 714//1280 675//1280 713//1280
f 713//1281 675//1281 673//1281
f 713//1282 673//1282 532//1282
f 532//1283 673//1283 531//1283
f 676//1284 679//1284 678//1284
f 676//1285 678//1285 674//1285
f 674//1286 678//1286 572//1286
f 674//1287 572//1287 571//1287
f 682//1288 685//1288 683//1288
f 682//1289 683//1289 681//1289
f 681//1290 683//1290 574//1290
f 681//1291 574//1291 573//1291
f 688//1292 691//1292 689//1292
f 688//1293 689//1293 687//1293
f 687//1294 689//1294 575//1294
f 575//1295 689//1295 576//1295
f 577//1296 536//1296 690//1296
f 577//1297 690//1297 715//1297
f 715//1298 690//1298 692//1298
f 715//1299 692//1299 716//1299
f 716//1300 695//1300 693//1300
f 716//1301 693//1301 715//1301
f 715//1302 693//1302 577//1302
f 577//1303 693//1303 578//1303
f 580//1304 579//1304 694//1304
f 580//1305 694//1305 717//1305
f 717//1306 694//1306 696//1306
f 717//1307 696//1307 718//1307
f 718//1308 699//1308 697//1308
f 718//1309 697//1309 717//1309
f 717//1310 697//1310 581//1310
f 717//1311 581//1311 580//1311
f 583//1312 582//1312 698//1312
f 583//1313 698//1313 607//1313
f 607//1314 698//1314 700//1314
f 607//1315 700//1315 604//1315
f 648//1316 719//1316 650//1316
f 650//1317 719//1317 720//1317
f 650//1318 720//1318 652//1318
f 652//1319 720//1319 721//1319
f 652//1320 721//1320 655//1320
f 655//1321 721//1321 722//1321
f 655//1322 722//1322 656//1322
f 656//1323 722//1323 723//1323
f 656//1324 723//1324 704//1324
f 704//1325 723//1325 724//1325
f 704//1326 724//1326 660//1326
f 660//1327 724//1327 725//1327
f 660//1328 725//1328 659//1328
f 659//1329 725//1329 726//1329
f 659//1330 726//1330 706//1330
f 706//1331 726//1331 727//1331
f 706//1332 727//1332 664//1332
f 664//1333 727//1333 728//1333
f 664//1334 728//1334 663//1334
f 663//1335 728//1335 729//1335
f 663//1336 729//1336 708//1336
f 708//1337 729//1337 730//1337
f 708//1338 730//1338 710//1338
f 710//1339 730//1339 731//1339
f 710//1340 731//1340 667//1340
f 667//1341 731//1341 732//1341
f 667//1342 732//1342 733//1342
f 667//1343 733//1343 668//1343
f 668//1344 733//1344 712//1344
f 712//1345 733//1345 734//1345
f 712//1346 734//1346 671//1346
f 671//1347 734//1347 735//1347
f 671//1348 735//1348 672//1348
f 672//1349 735//1349 736//1349
f 672//1350 736//1350 737//1350
f 672//1351 737//1351 714//1351
f 714//1352 737//1352 675//1352
f 675//1353 737//1353 738//1353
f 675//1354 738//1354 676//1354
f 676//1355 738//1355 739//1355
f 676//1356 739//1356 679//1356
f 679//1357 739//1357 740//1357
f 679//1358 740//1358 680//1358
f 680//1359 740//1359 741//1359
f 680//1360 741//1360 682//1360
f 682//1361 741//1361 742//1361
f 682//1362 742//1362 685//1362
f 685//1363 742//1363 743//1363
f 685//1364 743//1364 744//1364
f 685//1365 744//1365 686//1365
f 686//1366 744//1366 688//1366
f 688//1367 744//1367 745//1367
f 688//1368 745//1368 691//1368
f 691//1369 745//1369 746//1369
f 691//1370 746//1370 692//1370
f 692//1371 746//1371 747//1371
f 692//1372 747//1372 716//1372
f 716//1373 747//1373 748//1373
f 716//1374 748//1374 695//1374
f 695//1375 748//1375 749//1375
f 695//1376 749//1376 696//1376
f 696//1377 749//1377 750//1377
f 696//1378 750//1378 718//1378
f 718//1379 750//1379 751//1379
f 718//1380 751//1380 699//1380
f 699//1381 751//1381 752//1381
f 699//1382 752//1382 700//1382
f 700//1383 752//1383 753//1383
f 700//1384 753//1384 604//1384
f 604//1385 753//1385 754//1385
f 604//1386 754//1386 605//1386
f 605//1387 754//1387 755//1387
f 605//1388 755//1388 616//1388
f 616//1389 755//1389 756//1389
f 616//1390 756//1390 617//1390
f 617//1391 756//1391 757//1391
f 617//1392 757//1392 702//1392
f 702//1393 757//1393 758//1393
f 702//1394 758//1394 620//1394
f 620//1395 758//1395 759//1395
f 620//1396 759//1396 621//1396
f 621//1397 759//1397 760//1397
f 621//1398 760//1398 761//1398
f 621//1399 761//1399 625//1399
f 625//1400 761//1400 624//1400
f 624//1401 761//1401 762//1401
f 624//1402 762//1402 627//1402
f 627//1403 762//1403 763//1403
f 627//1404 763//1404 630//1404
f 630//1405 763//1405 764//1405
f 630//1406 764//1406 631//1406
f 631//1407 764//1407 765//1407
f 631//1408 765//1408 633//1408
f 633//1409 765//1409 766//1409
f 633//1410 766//1410 608//1410
f 608//1411 766//1411 767//1411
f 608//1412 767//1412 598//1412
f 598//1413 767//1413 768//1413
f 598//1414 768//1414 586//1414
f 586//1415 768//1415 769//1415
f 586//1416 769//1416 587//1416
f 587//1417 769//1417 770//1417
f 587//1418 770//1418 636//1418
f 636//1419 770//1419 771//1419
f 636//1420 771//1420 772//1420
f 636//1421 772//1421 637//1421
f 637//1422 772//1422 639//1422
f 639//1423 772//1423 773//1423
f 639//1424 773//1424 610//1424
f 610//1425 773//1425 774//1425
f 610//1426 774//1426 775//1426
f 610//1427 775//1427 600//1427
f 600//1428 775//1428 590//1428
f 590//1429 775//1429 776//1429
f 590//1430 776//1430 591//1430
f 591//1431 776//1431 777//1431
f 591//1432 777//1432 643//1432
f 643//1433 777//1433 778//1433
f 643//1434 778//1434 779//1434
f 643//1435 779//1435 642//1435
f 642//1436 779//1436 645//1436
f 645//1437 779//1437 780//1437
f 645//1438 780//1438 612//1438
f 612//1439 780//1439 781//1439
f 612//1440 781//1440 602//1440
f 602//1441 781//1441 782//1441
f 602//1442 782//1442 594//1442
f 594//1443 782//1443 783//1443
f 594//1444 783//1444 595//1444
f 595//1445 783//1445 784//1445
f 595//1446 784//1446 648//1446
f 648//1447 784//1447 719//1447
f 785//1448 786//1448 787//1448
f 787//1449 786//1449 788//1449
f 787//1450 788//1450 771//1450
f 787//1451 771//1451 770//1451
f 789//1452 790//1452 791//1452
f 791//1453 790//1453 738//1453
f 791//1454 738//1454 737//1454
f 792//1455 785//1455 793//1455
f 793//1456 785//1456 787//1456
f 793//1457 787//1457 770//1457
f 793//1458 770//1458 769//1458
f 794//1459 789//1459 791//1459
f 794//1460 791//1460 795//1460
f 795//1461 791//1461 737//1461
f 795//1462 737//1462 736//1462
f 796//1463 792//1463 793//1463
f 796//1464 793//1464 797//1464
f 797//1465 793//1465 769//1465
f 797//1466 769//1466 768//1466
f 798//1467 794//1467 795//1467
f 798//1468 795//1468 799//1468
f 799//1469 795//1469 736//1469
f 799//1470 736//1470 735//1470
f 756//1471 755//1471 800//1471
f 756//1472 800//1472 801//1472
f 801//1473 800//1473 802//1473
f 801//1474 802//1474 803//1474
f 758//1475 757//1475 804//1475
f 758//1476 804//1476 805//1476
f 805//1477 804//1477 806//1477
f 805//1478 806//1478 807//1478
f 760//1479 759//1479 808//1479
f 760//1480 808//1480 809//1480
f 809//1481 808//1481 810//1481
f 810//1482 808//1482 811//1482
f 761//1483 760//1483 809//1483
f 761//1484 809//1484 812//1484
f 812//1485 809//1485 810//1485
f 812//1486 810//1486 813//1486
f 763//1487 762//1487 814//1487
f 763//1488 814//1488 815//1488
f 815//1489 814//1489 816//1489
f 816//1490 814//1490 817//1490
f 764//1491 763//1491 815//1491
f 764//1492 815//1492 818//1492
f 818//1493 815//1493 816//1493
f 818//1494 816//1494 819//1494
f 766//1495 765//1495 820//1495
f 766//1496 820//1496 821//1496
f 821//1497 820//1497 822//1497
f 821//1498 822//1498 823//1498
f 767//1499 766//1499 821//1499
f 767//1500 821//1500 824//1500
f 824//1501 821//1501 823//1501
f 824//1502 823//1502 825//1502
f 773//1503 772//1503 826//1503
f 773//1504 826//1504 827//1504
f 827//1505 826//1505 828//1505
f 827//1506 828//1506 829//1506
f 774//1507 773//1507 827//1507
f 774//1508 827//1508 830//1508
f 830//1509 827//1509 829//1509
f 830//1510 829//1510 831//1510
f 776//1511 775//1511 832//1511
f 776//1512 832//1512 833//1512
f 833//1513 832//1513 834//1513
f 833//1514 834//1514 835//1514
f 777//1515 776//1515 833//1515
f 777//1516 833//1516 836//1516
f 836//1517 833//1517 835//1517
f 836//1518 835//1518 837//1518
f 779//1519 778//1519 838//1519
f 779//1520 838//1520 839//1520
f 839//1521 838//1521 840//1521
f 839//1522 840//1522 841//1522
f 780//1523 779//1523 839//1523
f 780//1524 839//1524 842//1524
f 842//1525 839//1525 843//1525
f 843//1526 839//1526 841//1526
f 782//1527 781//1527 844//1527
f 782//1528 844//1528 845//1528
f 845//1529 844//1529 846//1529
f 846//1530 844//1530 847//1530
f 719//1531 784//1531 848//1531
f 719//1532 848//1532 849//1532
f 849//1533 848//1533 850//1533
f 850//1534 848//1534 851//1534
f 722//1535 721//1535 852//1535
f 722//1536 852//1536 853//1536
f 853//1537 852//1537 854//1537
f 854//1538 852//1538 855//1538
f 725//1539 724//1539 856//1539
f 725//1540 856//1540 857//1540
f 857//1541 856//1541 858//1541
f 857//1542 858//1542 859//1542
f 727//1543 726//1543 860//1543
f 727//1544 860//1544 861//1544
f 861//1545 860//1545 862//1545
f 862//1546 860//1546 863//1546
f 728//1547 727//1547 861//1547
f 728//1548 861//1548 864//1548
f 864//1549 861//1549 862//1549
f 864//1550 862//1550 865//1550
f 730//1551 729//1551 866//1551
f 730//1552 866//1552 867//1552
f 867//1553 866//1553 868//1553
f 867//1554 868//1554 869//1554
f 731//1555 730//1555 867//1555
f 731//1556 867//1556 870//1556
f 870//1557 867//1557 869//1557
f 870//1558 869//1558 871//1558
f 733//1559 732//1559 872//1559
f 733//1560 872//1560 873//1560
f 873//1561 872//1561 874//1561
f 874//1562 872//1562 875//1562
f 734//1563 733//1563 873//1563
f 734//1564 873//1564 876//1564
f 876//1565 873//1565 874//1565
f 876//1566 874//1566 877//1566
f 740//1567 739//1567 878//1567
f 740//1568 878//1568 879//1568
f 879//1569 878//1569 880//1569
f 879//1570 880//1570 881//1570
f 741//1571 740//1571 879//1571
f 741//1572 879//1572 882//1572
f 882//1573 879//1573 883//1573
f 883//1574 879//1574 881//1574
f 743//1575 742//1575 884//1575
f 743//1576 884//1576 885//1576
f 885//1577 884//1577 886//1577
f 885//1578 886//1578 887//1578
f 744//1579 743//1579 885//1579
f 744//1580 885//1580 888//1580
f 888//1581 885//1581 887//1581
f 888//1582 887//1582 889//1582
f 746//1583 745//1583 890//1583
f 746//1584 890//1584 891//1584
f 891//1585 890//1585 892//1585
f 891//1586 892//1586 893//1586
f 747//1587 746//1587 891//1587
f 747//1588 891//1588 894//1588
f 894//1589 891//1589 893//1589
f 894//1590 893//1590 895//1590
f 749//1591 748//1591 896//1591
f 749//1592 896//1592 897//1592
f 897//1593 896//1593 898//1593
f 897//1594 898//1594 899//1594
f 752//1595 751//1595 900//1595
f 752//1596 900//1596 901//1596
f 901//1597 900//1597 902//1597
f 901//1598 902//1598 903//1598
f 904//1599 802//1599 800//1599
f 904//1600 800//1600 905//1600
f 905//1601 800//1601 755//1601
f 905//1602 755//1602 754//1602
f 803//1603 806//1603 804//1603
f 803//1604 804//1604 801//1604
f 801//1605 804//1605 757//1605
f 801//1606 757//1606 756//1606
f 807//1607 811//1607 808//1607
f 807//1608 808//1608 805//1608
f 805//1609 808//1609 759//1609
f 805//1610 759//1610 758//1610
f 813//1611 817//1611 814//1611
f 813//1612 814//1612 812//1612
f 812//1613 814//1613 762//1613
f 812//1614 762//1614 761//1614
f 819//1615 822//1615 820//1615
f 819//1616 820//1616 818//1616
f 818//1617 820//1617 765//1617
f 818//1618 765//1618 764//1618
f 768//1619 767//1619 824//1619
f 768//1620 824//1620 797//1620
f 797//1621 824//1621 825//1621
f 797//1622 825//1622 796//1622
f 786//1623 828//1623 826//1623
f 786//1624 826//1624 788//1624
f 788//1625 826//1625 772//1625
f 788//1626 772//1626 771//1626
f 831//1627 834//1627 830//1627
f 830//1628 834//1628 832//1628
f 830//1629 832//1629 775//1629
f 830//1630 775//1630 774//1630
f 837//1631 840//1631 836//1631
f 836//1632 840//1632 838//1632
f 836//1633 838//1633 778//1633
f 836//1634 778//1634 777//1634
f 843//1635 847//1635 844//1635
f 843//1636 844//1636 842//1636
f 842//1637 844//1637 781//1637
f 842//1638 781//1638 780//1638
f 783//1639 782//1639 845//1639
f 783//1640 845//1640 906//1640
f 906//1641 845//1641 846//1641
f 906//1642 846//1642 907//1642
f 907//1643 851//1643 848//1643
f 907//1644 848//1644 906//1644
f 906//1645 848//1645 784//1645
f 906//1646 784//1646 783//1646
f 720//1647 719//1647 908//1647
f 908//1648 719//1648 849//1648
f 908//1649 849//1649 850//1649
f 908//1650 850//1650 909//1650
f 909//1651 855//1651 852//1651
f 909//1652 852//1652 908//1652
f 908//1653 852//1653 721//1653
f 908//1654 721//1654 720//1654
f 723//1655 722//1655 853//1655
f 723//1656 853//1656 910//1656
f 910//1657 853//1657 854//1657
f 910//1658 854//1658 911//1658
f 911//1659 858//1659 910//1659
f 910//1660 858//1660 856//1660
f 910//1661 856//1661 724//1661
f 910//1662 724//1662 723//1662
f 859//1663 863//1663 860//1663
f 859//1664 860//1664 857//1664
f 857//1665 860//1665 726//1665
f 857//1666 726//1666 725//1666
f 912//1667 868//1667 865//1667
f 865//1668 868//1668 866//1668
f 865//1669 866//1669 864//1669
f 864//1670 866//1670 729//1670
f 864//1671 729//1671 728//1671
f 871//1672 875//1672 872//1672
f 871//1673 872//1673 870//1673
f 870//1674 872//1674 732//1674
f 870//1675 732//1675 731//1675
f 735//1676 734//1676 876//1676
f 735//1677 876//1677 799//1677
f 799//1678 876//1678 877//1678
f 799//1679 877//1679 798//1679
f 789//1680 913//1680 790//1680
f 913//1681 880//1681 790//1681
f 790//1682 880//1682 878//1682
f 790//1683 878//1683 739//1683
f 790//1684 739//1684 738//1684
f 883//1685 886//1685 882//1685
f 882//1686 886//1686 884//1686
f 882//1687 884//1687 742//1687
f 882//1688 742//1688 741//1688
f 889//1689 892//1689 888//1689
f 888//1690 892//1690 890//1690
f 888//1691 890//1691 745//1691
f 888//1692 745//1692 744//1692
f 895//1693 898//1693 896//1693
f 895//1694 896//1694 894//1694
f 894//1695 896//1695 748//1695
f 894//1696 748//1696 747//1696
f 750//1697 749//1697 897//1697
f 750//1698 897//1698 914//1698
f 914//1699 897//1699 899//1699
f 914//1700 899//1700 915//1700
f 915//1701 902//1701 900//1701
f 915//1702 900//1702 914//1702
f 914//1703 900//1703 751//1703
f 914//1704 751//1704 750//1704
f 753//1705 752//1705 901//1705
f 753//1706 901//1706 916//1706
f 916//1707 901//1707 903//1707
f 916//1708 903//1708 917//1708
f 754//1709 753//1709 916//1709
f 754//1710 916//1710 905//1710
f 905//1711 916//1711 917//1711
f 905//1712 917//1712 904//1712
f 889//1713 918//1713 892//1713
f 892//1714 918//1714 919//1714
f 892//1715 919//1715 893//1715
f 893//1716 919//1716 920//1716
f 893//1717 920//1717 895//1717
f 895//1718 920//1718 921//1718
f 895//1719 921//1719 898//1719
f 898//1720 921//1720 922//1720
f 898//1721 922//1721 899//1721
f 899//1722 922//1722 923//1722
f 899//1723 923//1723 915//1723
f 915//1724 923//1724 924//1724
f 918//1725 889//1725 887//1725
f 918//1726 887//1726 925//1726
f 925//1727 887//1727 886//1727
f 925//1728 886//1728 926//1728
f 926//1729 886//1729 883//1729
f 927//1730 883//1730 881//1730
f 927//1731 881//1731 928//1731
f 928//1732 881//1732 880//1732
f 928//1733 880//1733 929//1733
f 929//1734 880//1734 913//1734
f 930//1735 913//1735 789//1735
f 931//1736 789//1736 794//1736
f 931//1737 794//1737 932//1737
f 932//1738 794//1738 798//1738
f 932//1739 798//1739 933//1739
f 933//1740 798//1740 877//1740
f 934//1741 877//1741 874//1741
f 934//1742 874//1742 935//1742
f 935//1743 874//1743 875//1743
f 935//1744 875//1744 936//1744
f 936//1745 875//1745 871//1745
f 937//1746 871//1746 869//1746
f 938//1747 869//1747 868//1747
f 938//1748 868//1748 912//1748
f 912//1749 865//1749 939//1749
f 939//1750 865//1750 862//1750
f 940//1751 862//1751 863//1751
f 940//1752 863//1752 941//1752
f 941//1753 863//1753 859//1753
f 941//1754 859//1754 942//1754
f 942//1755 859//1755 858//1755
f 943//1756 858//1756 911//1756
f 943//1757 911//1757 944//1757
f 944//1758 911//1758 854//1758
f 944//1759 854//1759 945//1759
f 945//1760 854//1760 855//1760
f 946//1761 855//1761 909//1761
f 947//1762 909//1762 850//1762
f 947//1763 850//1763 948//1763
f 948//1764 850//1764 851//1764
f 948//1765 851//1765 949//1765
f 949//1766 851//1766 907//1766
f 950//1767 907//1767 846//1767
f 950//1768 846//1768 951//1768
f 951//1769 846//1769 847//1769
f 951//1770 847//1770 952//1770
f 952//1771 847//1771 843//1771
f 953//1772 843//1772 841//1772
f 953//1773 841//1773 954//1773
f 954//1774 841//1774 840//1774
f 954//1775 840//1775 955//1775
f 955//1776 840//1776 837//1776
f 956//1777 837//1777 835//1777
f 957//1778 835//1778 834//1778
f 957//1779 834//1779 958//1779
f 958//1780 834//1780 831//1780
f 958//1781 831//1781 959//1781
f 959//1782 831//1782 829//1782
f 960//1783 829//1783 828//1783
f 960//1784 828//1784 961//1784
f 961//1785 828//1785 786//1785
f 961//1786 786//1786 962//1786
f 962//1787 786//1787 785//1787
f 962//1788 785//1788 963//1788
f 963//1789 785//1789 792//1789
f 964//1790 792//1790 796//1790
f 964//1791 796//1791 965//1791
f 965//1792 796//1792 825//1792
f 966//1793 825//1793 823//1793
f 967//1794 823//1794 822//1794
f 967//1795 822//1795 968//1795
f 968//1796 822//1796 819//1796
f 968//1797 819//1797 969//1797
f 969//1798 819//1798 816//1798
f 970//1799 816//1799 817//1799
f 970//1800 817//1800 971//1800
f 971//1801 817//1801 813//1801
f 971//1802 813//1802 972//1802
f 972//1803 813//1803 810//1803
f 973//1804 810//1804 811//1804
f 973//1805 811//1805 974//1805
f 974//1806 811//1806 807//1806
f 974//1807 807//1807 975//1807
f 975//1808 807//1808 806//1808
f 975//1809 806//1809 976//1809
f 976//1810 806//1810 803//1810
f 976//1811 803//1811 977//1811
f 977//1812 803//1812 802//1812
f 977//1813 802//1813 978//1813
f 978//1814 802//1814 904//1814
f 978//1815 904//1815 979//1815
f 979//1816 904//1816 917//1816
f 979//1817 917//1817 980//1817
f 980//1818 917//1818 903//1818
f 980//1819 903//1819 981//1819
f 981//1820 903//1820 902//1820
f 981//1821 902//1821 924//1821
f 924//1822 902//1822 915//1822
f 922//1823 982//1823 983//1823
f 922//1824 983//1824 984//1824
f 985//1825 986//1825 987//1825
f 985//1826 987//1826 988//1826
f 918//1827 925//1827 989//1827
f 918//1828 989//1828 919//1828
f 919//1829 989//1829 990//1829
f 919//1830 990//1830 920//1830
f 991//1831 984//1831 986//1831
f 991//1832 986//1832 985//1832
f 992//1833 988//1833 993//1833
f 992//1834 993//1834 994//1834
f 921//1835 920//1835 982//1835
f 921//1836 982//1836 922//1836
f 923//1837 922//1837 984//1837
f 923//1838 984//1838 991//1838
f 980//1839 985//1839 988//1839
f 980//1840 988//1840 992//1840
f 995//1841 996//1841 997//1841
f 995//1842 997//1842 998//1842
f 999//1843 1000//1843 996//1843
f 999//1844 996//1844 995//1844
f 924//1845 923//1845 991//1845
f 924//1846 991//1846 985//1846
f 977//1847 1001//1847 1000//1847
f 977//1848 1000//1848 999//1848
f 1002//1849 995//1849 998//1849
f 1002//1850 998//1850 1003//1850
f 1004//1851 1003//1851 1005//1851
f 1004//1852 1005//1852 1006//1852
f 981//1853 924//1853 985//1853
f 981//1854 985//1854 980//1854
f 979//1855 980//1855 992//1855
f 979//1856 992//1856 1001//1856
f 976//1857 977//1857 999//1857
f 976//1858 999//1858 1007//1858
f 1008//1859 972//1859 1006//1859
f 1008//1860 1006//1860 1009//1860
f 1010//1861 969//1861 1011//1861
f 1010//1862 1011//1862 1012//1862
f 1013//1863 1014//1863 1015//1863
f 1013//1864 1015//1864 1016//1864
f 966//1865 967//1865 1014//1865
f 966//1866 1014//1866 1013//1866
f 964//1867 1013//1867 1016//1867
f 964//1868 1016//1868 1017//1868
f 1018//1869 1019//1869 1020//1869
f 1018//1870 1020//1870 1021//1870
f 1022//1871 1023//1871 1024//1871
f 1022//1872 1024//1872 1025//1872
f 825//1873 966//1873 965//1873
f 963//1874 964//1874 1017//1874
f 963//1875 1017//1875 962//1875
f 792//1876 964//1876 963//1876
f 961//1877 962//1877 1018//1877
f 961//1878 1018//1878 960//1878
f 959//1879 960//1879 1026//1879
f 959//1880 1026//1880 1027//1880
f 1028//1881 1029//1881 1030//1881
f 1028//1882 1030//1882 1031//1882
f 1032//1883 1031//1883 1033//1883
f 1032//1884 1033//1884 1034//1884
f 958//1885 959//1885 1027//1885
f 958//1886 1027//1886 1035//1886
f 1036//1887 1028//1887 1031//1887
f 1036//1888 1031//1888 1032//1888
f 1037//1889 1032//1889 1034//1889
f 1037//1890 1034//1890 1038//1890
f 956//1891 1035//1891 1022//1891
f 956//1892 1022//1892 1039//1892
f 1040//1893 1038//1893 1041//1893
f 1040//1894 1041//1894 1042//1894
f 829//1895 960//1895 959//1895
f 957//1896 958//1896 1035//1896
f 957//1897 1035//1897 956//1897
f 955//1898 956//1898 1039//1898
f 955//1899 1039//1899 1043//1899
f 1044//1900 1037//1900 1038//1900
f 1044//1901 1038//1901 1040//1901
f 1045//1902 1040//1902 1042//1902
f 1045//1903 1042//1903 1046//1903
f 953//1904 1043//1904 1028//1904
f 953//1905 1028//1905 1036//1905
f 950//1906 1047//1906 1037//1906
f 950//1907 1037//1907 1044//1907
f 1048//1908 1040//1908 1045//1908
f 1048//1909 1045//1909 1049//1909
f 1050//1910 1051//1910 1052//1910
f 1050//1911 1052//1911 1053//1911
f 943//1912 1050//1912 1053//1912
f 943//1913 1053//1913 1054//1913
f 1055//1914 1056//1914 1057//1914
f 1055//1915 1057//1915 1058//1915
f 1059//1916 1060//1916 1061//1916
f 1059//1917 1061//1917 1062//1917
f 1063//1918 1064//1918 1065//1918
f 1063//1919 1065//1919 1066//1919
f 1067//1920 1068//1920 1069//1920
f 1067//1921 1069//1921 1070//1921
f 1071//1922 1072//1922 1073//1922
f 1071//1923 1073//1923 1074//1923
f 862//1924 940//1924 939//1924
f 938//1925 912//1925 1063//1925
f 938//1926 1063//1926 937//1926
f 936//1927 937//1927 1059//1927
f 936//1928 1059//1928 1075//1928
f 1076//1929 1074//1929 1077//1929
f 1076//1930 1077//1930 1078//1930
f 935//1931 936//1931 1075//1931
f 935//1932 1075//1932 1079//1932
f 1080//1933 1071//1933 1074//1933
f 1080//1934 1074//1934 1076//1934
f 869//1935 938//1935 937//1935
f 933//1936 1079//1936 1067//1936
f 933//1937 1067//1937 1081//1937
f 1082//1938 1076//1938 1078//1938
f 1082//1939 1078//1939 1083//1939
f 1084//1940 1083//1940 1085//1940
f 1084//1941 1085//1941 1086//1941
f 871//1942 937//1942 936//1942
f 934//1943 935//1943 1079//1943
f 934//1944 1079//1944 933//1944
f 932//1945 933//1945 1081//1945
f 932//1946 1081//1946 931//1946
f 1087//1947 1084//1947 1086//1947
f 1087//1948 1086//1948 1088//1948
f 930//1949 931//1949 1071//1949
f 930//1950 1071//1950 1080//1950
f 929//1951 930//1951 1080//1951
f 929//1952 1080//1952 1089//1952
f 989//1953 1084//1953 1087//1953
f 989//1954 1087//1954 1090//1954
f 1091//1955 983//1955 982//1955
f 1091//1956 982//1956 1092//1956
f 1093//1957 1000//1957 994//1957
f 1093//1958 994//1958 993//1958
f 1092//1959 982//1959 920//1959
f 1092//1960 920//1960 990//1960
f 927//1961 926//1961 883//1961
f 994//1962 1000//1962 1001//1962
f 994//1963 1001//1963 992//1963
f 995//1964 1002//1964 1007//1964
f 995//1965 1007//1965 999//1965
f 978//1966 979//1966 1001//1966
f 978//1967 1001//1967 977//1967
f 973//1968 1002//1968 1003//1968
f 973//1969 1003//1969 1004//1969
f 1009//1970 1006//1970 1094//1970
f 1009//1971 1094//1971 1095//1971
f 1011//1972 1095//1972 1096//1972
f 1011//1973 1096//1973 1012//1973
f 1004//1974 1006//1974 972//1974
f 1004//1975 972//1975 973//1975
f 975//1976 976//1976 1007//1976
f 975//1977 1007//1977 1002//1977
f 1097//1978 1098//1978 1016//1978
f 1097//1979 1016//1979 1015//1979
f 1099//1980 1015//1980 1014//1980
f 1099//1981 1014//1981 1012//1981
f 1095//1982 1011//1982 969//1982
f 1095//1983 969//1983 1009//1983
f 1002//1984 973//1984 974//1984
f 1002//1985 974//1985 975//1985
f 967//1986 1010//1986 1012//1986
f 967//1987 1012//1987 1014//1987
f 1019//1988 1098//1988 1100//1988
f 1019//1989 1100//1989 1101//1989
f 971//1990 972//1990 1008//1990
f 971//1991 1008//1991 1009//1991
f 1017//1992 1016//1992 1098//1992
f 1017//1993 1098//1993 1019//1993
f 1020//1994 1019//1994 1101//1994
f 1020//1995 1101//1995 1102//1995
f 1102//1996 1103//1996 1021//1996
f 1102//1997 1021//1997 1020//1997
f 1009//1998 969//1998 970//1998
f 1009//1999 970//1999 971//1999
f 973//2000 972//2000 810//2000
f 968//2001 969//2001 1010//2001
f 968//2002 1010//2002 967//2002
f 1027//2003 1103//2003 1104//2003
f 1027//2004 1104//2004 1023//2004
f 1103//2005 1027//2005 1026//2005
f 1103//2006 1026//2006 1021//2006
f 970//2007 969//2007 816//2007
f 965//2008 966//2008 1013//2008
f 965//2009 1013//2009 964//2009
f 1035//2010 1027//2010 1023//2010
f 1035//2011 1023//2011 1022//2011
f 1039//2012 1022//2012 1025//2012
f 1039//2013 1025//2013 1029//2013
f 1019//2014 1018//2014 962//2014
f 1019//2015 962//2015 1017//2015
f 967//2016 966//2016 823//2016
f 1021//2017 1026//2017 960//2017
f 1021//2018 960//2018 1018//2018
f 1029//2019 1028//2019 1043//2019
f 1029//2020 1043//2020 1039//2020
f 1032//2021 1037//2021 1047//2021
f 1032//2022 1047//2022 1036//2022
f 835//2023 957//2023 956//2023
f 954//2024 955//2024 1043//2024
f 954//2025 1043//2025 953//2025
f 952//2026 953//2026 1036//2026
f 952//2027 1036//2027 1047//2027
f 1049//2028 1045//2028 1046//2028
f 1049//2029 1046//2029 1105//2029
f 1052//2030 1105//2030 1106//2030
f 1052//2031 1106//2031 1107//2031
f 1107//2032 1108//2032 1053//2032
f 1107//2033 1053//2033 1052//2033
f 1105//2034 1052//2034 1051//2034
f 1105//2035 1051//2035 1049//2035
f 956//2036 955//2036 837//2036
f 951//2037 952//2037 1047//2037
f 951//2038 1047//2038 950//2038
f 949//2039 950//2039 1044//2039
f 949//2040 1044//2040 1040//2040
f 1056//2041 1108//2041 1109//2041
f 1056//2042 1109//2042 1057//2042
f 1108//2043 1056//2043 1054//2043
f 1108//2044 1054//2044 1053//2044
f 1040//2045 1048//2045 948//2045
f 1040//2046 948//2046 949//2046
f 953//2047 952//2047 843//2047
f 946//2048 1048//2048 1049//2048
f 946//2049 1049//2049 1051//2049
f 907//2050 950//2050 949//2050
f 947//2051 948//2051 1048//2051
f 947//2052 1048//2052 946//2052
f 945//2053 946//2053 1051//2053
f 945//2054 1051//2054 1050//2054
f 1058//2055 1057//2055 1110//2055
f 1058//2056 1110//2056 1111//2056
f 1065//2057 1111//2057 1112//2057
f 1065//2058 1112//2058 1060//2058
f 1111//2059 1065//2059 1064//2059
f 1111//2060 1064//2060 1058//2060
f 909//2061 947//2061 946//2061
f 944//2062 945//2062 1050//2062
f 944//2063 1050//2063 943//2063
f 942//2064 943//2064 1054//2064
f 942//2065 1054//2065 1056//2065
f 1066//2066 1065//2066 1060//2066
f 1066//2067 1060//2067 1059//2067
f 1075//2068 1059//2068 1062//2068
f 1075//2069 1062//2069 1068//2069
f 1056//2070 1055//2070 941//2070
f 1056//2071 941//2071 942//2071
f 946//2072 945//2072 855//2072
f 939//2073 1055//2073 1058//2073
f 939//2074 1058//2074 1064//2074
f 1079//2075 1075//2075 1068//2075
f 1079//2076 1068//2076 1067//2076
f 1081//2077 1067//2077 1070//2077
f 1081//2078 1070//2078 1113//2078
f 1113//2079 1073//2079 1072//2079
f 1113//2080 1072//2080 1081//2080
f 1064//2081 1063//2081 912//2081
f 1064//2082 912//2082 939//2082
f 1055//2083 939//2083 940//2083
f 1055//2084 940//2084 941//2084
f 943//2085 942//2085 858//2085
f 1066//2086 1059//2086 937//2086
f 1066//2087 937//2087 1063//2087
f 1072//2088 1071//2088 931//2088
f 1072//2089 931//2089 1081//2089
f 1088//2090 1114//2090 1090//2090
f 1088//2091 1090//2091 1087//2091
f 1076//2092 1082//2092 1089//2092
f 1076//2093 1089//2093 1080//2093
f 877//2094 934//2094 933//2094
f 926//2095 1082//2095 1083//2095
f 926//2096 1083//2096 1084//2096
f 1091//2097 1114//2097 1115//2097
f 1091//2098 1115//2098 983//2098
f 1114//2099 1091//2099 1092//2099
f 1114//2100 1092//2100 1090//2100
f 789//2101 931//2101 930//2101
f 928//2102 929//2102 1089//2102
f 928//2103 1089//2103 1082//2103
f 990//2104 989//2104 1090//2104
f 990//2105 1090//2105 1092//2105
f 986//2106 1116//2106 1117//2106
f 986//2107 1117//2107 987//2107
f 913//2108 930//2108 929//2108
f 927//2109 928//2109 1082//2109
f 927//2110 1082//2110 926//2110
f 925//2111 926//2111 1084//2111
f 925//2112 1084//2112 989//2112
f 984//2113 983//2113 1116//2113
f 984//2114 1116//2114 986//2114
f 1118//2115 1105//2115 1046//2115
f 1118//2116 1046//2116 1119//2116
f 1120//2117 1106//2117 1118//2117
f 1118//2118 1106//2118 1105//2118
f 1106//2119 1120//2119 1107//2119
f 1107//2120 1120//2120 1121//2120
f 1107//2121 1121//2121 1108//2121
f 1108//2122 1121//2122 1122//2122
f 1108//2123 1122//2123 1109//2123
f 1123//2124 1110//2124 1057//2124
f 1123//2125 1057//2125 1122//2125
f 1122//2126 1057//2126 1109//2126
f 1110//2127 1123//2127 1124//2127
f 1110//2128 1124//2128 1111//2128
f 1125//2129 1112//2129 1124//2129
f 1124//2130 1112//2130 1111//2130
f 1112//2131 1125//2131 1060//2131
f 1060//2132 1125//2132 1126//2132
f 1060//2133 1126//2133 1061//2133
f 1061//2134 1126//2134 1127//2134
f 1061//2135 1127//2135 1062//2135
f 1128//2136 1068//2136 1127//2136
f 1127//2137 1068//2137 1062//2137
f 1068//2138 1128//2138 1069//2138
f 1069//2139 1128//2139 1129//2139
f 1069//2140 1129//2140 1070//2140
f 1130//2141 1113//2141 1129//2141
f 1129//2142 1113//2142 1070//2142
f 1113//2143 1130//2143 1073//2143
f 1073//2144 1130//2144 1131//2144
f 1073//2145 1131//2145 1074//2145
f 1132//2146 1077//2146 1131//2146
f 1131//2147 1077//2147 1074//2147
f 1077//2148 1132//2148 1078//2148
f 1078//2149 1132//2149 1133//2149
f 1078//2150 1133//2150 1083//2150
f 1083//2151 1133//2151 1134//2151
f 1083//2152 1134//2152 1085//2152
f 1135//2153 1086//2153 1134//2153
f 1134//2154 1086//2154 1085//2154
f 1086//2155 1135//2155 1088//2155
f 1088//2156 1135//2156 1136//2156
f 1088//2157 1136//2157 1114//2157
f 1137//2158 1115//2158 1136//2158
f 1136//2159 1115//2159 1114//2159
f 1115//2160 1137//2160 983//2160
f 983//2161 1137//2161 1138//2161
f 983//2162 1138//2162 1116//2162
f 1116//2163 1138//2163 1139//2163
f 1116//2164 1139//2164 1117//2164
f 1140//2165 987//2165 1139//2165
f 1139//2166 987//2166 1117//2166
f 987//2167 1140//2167 988//2167
f 988//2168 1140//2168 1141//2168
f 988//2169 1141//2169 993//2169
f 1142//2170 1093//2170 1141//2170
f 1141//2171 1093//2171 993//2171
f 1093//2172 1142//2172 1000//2172
f 1000//2173 1142//2173 1143//2173
f 1000//2174 1143//2174 996//2174
f 1144//2175 997//2175 1143//2175
f 1143//2176 997//2176 996//2176
f 997//2177 1144//2177 998//2177
f 998//2178 1144//2178 1145//2178
f 998//2179 1145//2179 1003//2179
f 1003//2180 1145//2180 1146//2180
f 1003//2181 1146//2181 1005//2181
f 1147//2182 1094//2182 1006//2182
f 1147//2183 1006//2183 1146//2183
f 1146//2184 1006//2184 1005//2184
f 1094//2185 1147//2185 1148//2185
f 1149//2186 1096//2186 1148//2186
f 1148//2187 1096//2187 1095//2187
f 1148//2188 1095//2188 1094//2188
f 1096//2189 1149//2189 1012//2189
f 1012//2190 1149//2190 1150//2190
f 1012//2191 1150//2191 1099//2191
f 1099//2192 1150//2192 1151//2192
f 1099//2193 1151//2193 1015//2193
f 1152//2194 1097//2194 1151//2194
f 1151//2195 1097//2195 1015//2195
f 1097//2196 1152//2196 1098//2196
f 1098//2197 1152//2197 1153//2197
f 1154//2198 1101//2198 1153//2198
f 1153//2199 1101//2199 1100//2199
f 1153//2200 1100//2200 1098//2200
f 1101//2201 1154//2201 1102//2201
f 1102//2202 1154//2202 1155//2202
f 1102//2203 1155//2203 1103//2203
f 1103//2204 1155//2204 1156//2204
f 1103//2205 1156//2205 1104//2205
f 1157//2206 1023//2206 1156//2206
f 1156//2207 1023//2207 1104//2207
f 1023//2208 1157//2208 1024//2208
f 1024//2209 1157//2209 1158//2209
f 1024//2210 1158//2210 1025//2210
f 1159//2211 1030//2211 1029//2211
f 1159//2212 1029//2212 1158//2212
f 1158//2213 1029//2213 1025//2213
f 1030//2214 1159//2214 1160//2214
f 1030//2215 1160//2215 1031//2215
f 1161//2216 1033//2216 1160//2216
f 1160//2217 1033//2217 1031//2217
f 1033//2218 1161//2218 1034//2218
f 1034//2219 1161//2219 1162//2219
f 1034//2220 1162//2220 1038//2220
f 1038//2221 1162//2221 1163//2221
f 1038//2222 1163//2222 1041//2222
f 1046//2223 1042//2223 1119//2223
f 1119//2224 1042//2224 1163//2224
f 1163//2225 1042//2225 1041//2225
