mtllib ../materials.mtl
v 0.07499 0.094599 -0.000302
v 0.074464 0.094599 -0.009172
v -0.040032 0.094599 0.063109
v 0.074464 0.094599 0.008567
v 0.066716 0.094599 0.03394
v 0.070297 0.094599 0.025809
v 0.072892 0.094599 0.017312
v 0.050617 0.094599 0.055028
v 0.056806 0.094599 0.048653
v 0.062197 0.094599 0.041591
v 0.028183 0.094599 0.06919
v 0.036205 0.094599 0.065369
v 0.043718 0.094599 0.060626
v 0.002222 0.094599 0.074655
v 0.011072 0.094599 0.073866
v 0.019766 0.094599 0.072036
v -0.024017 0.094599 0.070738
v -0.015446 0.094599 0.07308
v -0.006659 0.094599 0.074392
v -0.032251 0.094599 0.067399
v -0.06457 0.094599 0.037833
v -0.059606 0.094599 0.045202
v -0.053806 0.094599 0.051932
v -0.047251 0.094599 0.057929
v -0.073808 0.094599 0.012963
v -0.071721 0.094599 0.021599
v -0.068627 0.094599 0.029928
v -0.073808 0.094599 -0.013567
v -0.074859 0.094599 -0.004745
v -0.074859 0.094599 0.00414
v -0.06457 0.094599 -0.038437
v -0.068627 0.094599 -0.030533
v -0.071721 0.094599 -0.022204
v -0.047251 0.094599 -0.058534
v -0.053806 0.094599 -0.052537
v -0.059606 0.094599 -0.045806
v -0.024017 0.094599 -0.071343
v -0.032251 0.094599 -0.068003
v -0.040032 0.094599 -0.063714
v 0.002222 0.094599 -0.07526
v -0.006659 0.094599 -0.074996
v -0.015446 0.094599 -0.073685
v 0.028183 0.094599 -0.069795
v 0.019766 0.094599 -0.072641
v 0.011072 0.094599 -0.074471
v 0.050617 0.094599 -0.055633
v 0.043718 0.094599 -0.061231
v 0.036205 0.094599 -0.065974
v 0.066716 0.094599 -0.034545
v 0.062197 0.094599 -0.042195
v 0.056806 0.094599 -0.049258
v 0.072892 0.094599 -0.017916
v 0.070297 0.094599 -0.026414
v 0.074473 0.093599 -0.009173
v 0.072901 0.093599 -0.017919
v 0.070306 0.093599 -0.026417
v 0.066723 0.093599 -0.034549
v 0.062205 0.093599 -0.0422
v 0.056813 0.093599 -0.049263
v 0.053812 0.093599 -0.052543
v 0.050623 0.093599 -0.055639
v 0.043723 0.093599 -0.061238
v 0.036209 0.093599 -0.065982
v 0.028187 0.093599 -0.069803
v 0.019769 0.093599 -0.072649
v 0.015448 0.093599 -0.073693
v 0.011073 0.093599 -0.074479
v 0.002222 0.093599 -0.075268
v -0.00666 0.093599 -0.075005
v -0.015448 0.093599 -0.073693
v -0.02402 0.093599 -0.071351
v -0.032255 0.093599 -0.068011
v -0.040036 0.093599 -0.063721
v -0.047256 0.093599 -0.058541
v -0.053812 0.093599 -0.052543
v -0.059613 0.093599 -0.045812
v -0.064577 0.093599 -0.038442
v -0.068635 0.093599 -0.030536
v -0.070306 0.093599 -0.026417
v -0.071729 0.093599 -0.022206
v -0.073816 0.093599 -0.013569
v -0.074867 0.093599 -0.004745
v -0.074867 0.093599 0.004141
v -0.073816 0.093599 0.012964
v -0.071729 0.093599 0.021602
v -0.068635 0.093599 0.029932
v -0.064577 0.093599 0.037837
v -0.059613 0.093599 0.045207
v -0.053812 0.093599 0.051938
v -0.047256 0.093599 0.057936
v -0.040036 0.093599 0.063117
v -0.036209 0.093599 0.065377
v -0.032255 0.093599 0.067407
v -0.02402 0.093599 0.070746
v -0.015448 0.093599 0.073088
v -0.00666 0.093599 0.0744
v 0.002222 0.093599 0.074664
v 0.00666 0.093599 0.0744
v 0.011073 0.093599 0.073875
v 0.019769 0.093599 0.072044
v 0.028187 0.093599 0.069199
v 0.036209 0.093599 0.065377
v 0.043723 0.093599 0.060633
v 0.050623 0.093599 0.055034
v 0.056813 0.093599 0.048659
v 0.059613 0.093599 0.045207
v 0.062205 0.093599 0.041596
v 0.066723 0.093599 0.033944
v 0.070306 0.093599 0.025812
v 0.072901 0.093599 0.017314
v 0.074473 0.093599 0.008568
v 0.074867 0.093599 0.004141
v 0.074999 0.093599 -0.000302
v -0.027561 0.093599 -0.069913
v -0.021639 0.093599 -0.071975
v -0.015551 0.093597 -0.073541
v -0.018619 0.093599 0.072214
v -0.012486 0.093599 0.073518
v 0.038799 0.093598 -0.064337
v 0.033289 0.093599 -0.067363
v -0.006292 0.093591 0.074311
v -0.000027 0.093593 0.074576
v 0.006853 0.093596 0.074275
v 0.012362 0.09359 0.073547
v 0.073542 0.093599 -0.014331
v 0.072118 0.093598 -0.020421
v 0.070182 0.093597 -0.026386
v 0.067743 0.093599 -0.03218
v 0.064838 0.093599 -0.037737
v -0.009368 0.093598 -0.074586
v -0.003135 0.093599 -0.075105
v 0.002806 0.093591 -0.075139
v 0.018592 0.09355 0.072248
v 0.024622 0.093599 0.070402
v 0.030452 0.093599 0.068093
v 0.036056 0.093597 0.065316
v 0.041432 0.093599 0.062057
v 0.046504 0.093599 0.058372
v 0.069015 0.093598 0.028726
v 0.071204 0.093599 0.022833
v 0.072894 0.093591 0.016822
v 0.074087 0.093561 0.010676
v 0.074736 0.093587 0.004353
v 0.07488 0.093595 -0.001318
v 0.074463 0.093597 -0.008113
v 0.027577 0.093597 -0.069911
v 0.021684 0.093561 -0.071991
v 0.014995 0.093596 -0.073677
v 0.00951 0.09359 -0.074573
v -0.03327 0.09355 -0.067402
v -0.038766 0.093561 -0.064385
v -0.044007 0.093599 -0.060872
v -0.048911 0.093598 -0.05699
v -0.053483 0.093597 -0.052699
v -0.057687 0.093599 -0.048025
v -0.061478 0.093599 -0.043031
v -0.074458 0.093599 -0.008128
v -0.074861 0.093593 -0.001897
v -0.055638 0.093599 0.049794
v -0.051251 0.093599 0.054274
v -0.046548 0.09355 0.058371
v -0.041478 0.093561 0.062059
v -0.036033 0.093587 0.065339
v -0.030788 0.093594 0.067963
v -0.024663 0.09355 0.070416
v -0.07475 0.09355 0.004366
v -0.074065 0.093599 0.010635
v -0.07289 0.093599 0.016794
v -0.071222 0.093593 0.022811
v 0.06149 0.093597 -0.04302
v 0.057712 0.093593 -0.048011
v 0.053094 0.093596 -0.05312
v 0.049022 0.09359 -0.056901
v 0.044021 0.093597 -0.060866
v -0.064844 0.09355 -0.03778
v -0.067752 0.093561 -0.032226
v -0.070201 0.093587 -0.02636
v -0.071977 0.093595 -0.020973
v -0.073547 0.093591 -0.014359
v -0.069056 0.09355 0.028689
v -0.066349 0.093599 0.034384
v -0.063214 0.093599 0.039814
v -0.059677 0.09355 0.044952
v 0.051244 0.09355 0.054317
v 0.055633 0.093561 0.049841
v 0.059673 0.093587 0.044934
v 0.063036 0.093594 0.040128
v 0.066356 0.09355 0.034427
v 0.033296 0.093443 -0.067383
v 0.038766 0.093345 -0.064346
v 0.033252 0.093272 -0.067289
v 0.027504 0.093336 -0.069926
v -0.003173 0.093463 -0.075126
v -0.003132 0.093272 -0.075022
v -0.009367 0.093336 -0.074574
v -0.027571 0.093443 -0.069932
v -0.021619 0.093286 -0.071915
v -0.027531 0.093272 -0.069836
v -0.033282 0.093286 -0.067295
v -0.07448 0.093443 -0.008128
v -0.073522 0.093325 -0.014312
v -0.074376 0.093272 -0.008119
v -0.074825 0.093318 -0.001879
v -0.07291 0.093443 0.016801
v -0.074003 0.093289 0.010634
v -0.072809 0.093272 0.016775
v -0.071164 0.093318 0.02287
v 0.021598 0.093286 -0.071921
v 0.067675 0.093286 -0.032174
v 0.064855 0.093443 -0.037749
v 0.067762 0.09347 -0.03219
v 0.070144 0.093336 -0.026451
v 0.074006 0.093289 0.010617
v 0.074693 0.093318 0.004406
v 0.072875 0.093318 0.016742
v -0.021646 0.09347 -0.071996
v -0.015582 0.093345 -0.073525
v -0.03876 0.093289 -0.064285
v -0.04402 0.09347 -0.060889
v -0.043967 0.093286 -0.060821
v -0.048903 0.093336 -0.056981
v -0.061438 0.093301 -0.043009
v -0.064789 0.093289 -0.037698
v -0.067684 0.093286 -0.032154
v -0.070144 0.093318 -0.026399
v -0.074655 0.093286 0.004418
v -0.074086 0.09347 0.010639
v -0.06895 0.093286 0.028707
v -0.066367 0.09347 0.034395
v -0.06629 0.093289 0.034363
v -0.063231 0.09347 0.039826
v -0.06316 0.093286 0.039778
v -0.059581 0.093289 0.044933
v -0.055608 0.093301 0.04976
v -0.051265 0.09347 0.054291
v -0.051209 0.093286 0.054226
v -0.046446 0.093286 0.058336
v -0.04139 0.093289 0.062011
v -0.036064 0.093318 0.065277
v -0.030398 0.093318 0.068088
v -0.024578 0.093286 0.070349
v -0.018624 0.09347 0.072235
v -0.018595 0.093289 0.072157
v -0.012483 0.093301 0.073472
v 0.012541 0.093336 0.073499
v 0.018612 0.093289 0.072152
v 0.024602 0.093301 0.070361
v 0.030461 0.09347 0.068113
v 0.030424 0.093286 0.068036
v 0.036115 0.093336 0.06527
v 0.041444 0.09347 0.062075
v 0.041405 0.093289 0.062001
v 0.046518 0.09347 0.058388
v 0.046463 0.093286 0.058323
v 0.015548 0.093345 -0.073532
v 0.073499 0.093301 -0.014318
v 0.072106 0.093336 -0.020419
v 0.073562 0.093497 -0.014335
v 0.07445 0.093345 -0.008145
v -0.057703 0.093497 -0.048038
v -0.053526 0.093336 -0.052637
v -0.057662 0.093306 -0.047989
v -0.061495 0.093497 -0.043042
v -0.055653 0.093497 0.049808
v -0.012489 0.093497 0.073538
v -0.006216 0.093318 0.074281
v 0.024628 0.093497 0.070421
v 0.009325 0.093336 -0.074579
v 0.053496 0.093336 -0.052668
v 0.057659 0.093325 -0.048022
v 0.061438 0.093336 -0.043073
v 0.074842 0.093336 -0.001928
v -0.072118 0.093336 -0.020378
v 0.000015 0.093325 0.074542
v 0.006249 0.093336 0.074296
v 0.003119 0.093325 -0.075082
v 0.043954 0.093336 -0.060899
v 0.048871 0.093336 -0.057009
v 0.064766 0.093274 -0.0377
v 0.069005 0.093336 0.028721
v 0.071143 0.093286 0.022815
v 0.071225 0.09347 0.022839
v 0.066298 0.093289 0.034348
v 0.063216 0.093318 0.03976
v 0.059625 0.093325 0.044936
v 0.055606 0.093286 0.049734
v 0.051224 0.093286 0.054211
v -0.003092 0.093121 -0.074796
v 0.003184 0.093109 -0.074777
v 0.009394 0.093126 -0.074269
v 0.015504 0.09311 -0.073215
v 0.02155 0.09311 -0.071662
v 0.027473 0.093103 -0.069594
v 0.033175 0.093103 -0.067052
v 0.038643 0.093114 -0.064049
v 0.043855 0.093138 -0.060622
v 0.048753 0.093091 -0.056667
v 0.053272 0.093082 -0.052413
v 0.057478 0.093144 -0.047828
v 0.061241 0.093121 -0.042828
v 0.064585 0.093121 -0.037555
v 0.067486 0.093126 -0.032004
v 0.069877 0.093091 -0.026208
v 0.071835 0.093142 -0.02035
v 0.073205 0.093091 -0.014265
v 0.074118 0.093082 -0.008051
v 0.074509 0.093091 -0.001787
v 0.074395 0.09311 0.004384
v 0.073724 0.093091 0.010586
v 0.072581 0.093121 0.016753
v 0.070945 0.093157 0.022759
v 0.0687 0.093091 0.028579
v 0.066079 0.093138 0.034271
v 0.062882 0.093091 0.039694
v 0.059359 0.093091 0.044757
v 0.055381 0.093091 0.049566
v 0.050984 0.093082 0.054049
v 0.046298 0.09311 0.05812
v 0.041206 0.093082 0.061791
v 0.035835 0.093091 0.065041
v 0.03031 0.093091 0.06778
v 0.024506 0.093091 0.070077
v 0.018512 0.093121 0.071921
v 0.012353 0.093091 0.073191
v 0.006234 0.093091 0.073961
v -0.000018 0.093154 0.074294
v -0.006312 0.093091 0.073954
v -0.01243 0.093091 0.073178
v -0.01857 0.093138 0.071926
v -0.024574 0.093109 0.070073
v -0.030377 0.093109 0.06777
v -0.035927 0.093127 0.065032
v -0.041268 0.093127 0.061797
v -0.046321 0.093082 0.058074
v -0.051032 0.09311 0.054033
v -0.055418 0.093103 0.049548
v -0.059413 0.093109 0.044716
v -0.062958 0.093127 0.039643
v -0.06606 0.093082 0.034187
v -0.068731 0.093091 0.028506
v -0.070941 0.093141 0.02271
v -0.072574 0.09311 0.016714
v -0.073763 0.093121 0.010559
v -0.074399 0.093109 0.004315
v -0.074526 0.09311 -0.001869
v -0.074166 0.093138 -0.008122
v -0.073252 0.093141 -0.014312
v -0.071758 0.093091 -0.020417
v -0.069849 0.093091 -0.026281
v -0.067478 0.093142 -0.032065
v -0.064554 0.093121 -0.037608
v -0.061206 0.093121 -0.042879
v -0.057419 0.093126 -0.047867
v -0.053192 0.093091 -0.052499
v -0.048694 0.093091 -0.056718
v -0.04382 0.093127 -0.060628
v -0.038604 0.093091 -0.064049
v -0.033153 0.093154 -0.067127
v -0.027436 0.09311 -0.069612
v -0.021543 0.093127 -0.071683
v -0.015454 0.093082 -0.073204
v -0.009337 0.093127 -0.074277
v -0.012521 0.092612 0.073544
v -0.006287 0.092623 0.07429
v -0.006203 0.092652 0.07411
v -0.018652 0.092616 0.072223
v -0.012408 0.092652 0.07333
v -0.030486 0.092616 0.068097
v -0.024662 0.092612 0.070421
v -0.024514 0.092652 0.070229
v -0.036111 0.092612 0.065318
v -0.03033 0.092652 0.067931
v -0.046548 0.092612 0.058377
v -0.041475 0.092612 0.062066
v -0.041251 0.092673 0.061878
v -0.051284 0.092616 0.054267
v -0.046346 0.092652 0.058244
v -0.059679 0.092612 0.044957
v -0.055682 0.092612 0.049793
v -0.055461 0.092652 0.049695
v -0.063257 0.092612 0.039805
v -0.05945 0.092652 0.044879
v -0.06906 0.092612 0.028694
v -0.066349 0.092623 0.034358
v -0.066152 0.092652 0.034332
v -0.071244 0.092612 0.022814
v -0.068818 0.092652 0.028675
v -0.074101 0.092612 0.010609
v -0.072928 0.092612 0.016771
v -0.072687 0.092652 0.016793
v -0.074883 0.092612 -0.001902
v -0.07471 0.092623 0.004375
v -0.07452 0.092652 0.004431
v -0.074472 0.092616 -0.008159
v -0.074655 0.092652 -0.001821
v -0.072119 0.092616 -0.020469
v -0.073568 0.092612 -0.014368
v -0.073284 0.092686 -0.014228
v -0.070192 0.092612 -0.02644
v -0.071932 0.092652 -0.020339
v -0.064826 0.09262 -0.037761
v -0.067733 0.09262 -0.032205
v -0.06754 0.092673 -0.032028
v -0.061464 0.09262 -0.043054
v -0.064648 0.092673 -0.037568
v -0.053492 0.092612 -0.052729
v -0.057692 0.092612 -0.048069
v -0.057528 0.092673 -0.047827
v -0.048895 0.092623 -0.056984
v -0.053381 0.092652 -0.052514
v -0.038758 0.092623 -0.064344
v -0.044 0.092612 -0.060916
v -0.043902 0.092673 -0.060641
v -0.033263 0.092623 -0.067363
v -0.03872 0.092652 -0.064149
v -0.027544 0.092612 -0.069954
v -0.033215 0.092686 -0.067094
v -0.015541 0.092623 -0.073528
v -0.021619 0.092612 -0.072015
v -0.021621 0.092661 -0.071747
v -0.009357 0.092612 -0.074616
v -0.015569 0.092652 -0.073331
v 0.003167 0.092612 -0.075135
v -0.003105 0.092612 -0.075138
v -0.003174 0.092661 -0.07488
v 0.009405 0.092623 -0.074566
v 0.003077 0.092661 -0.074884
v 0.021666 0.09262 -0.07197
v 0.015586 0.092623 -0.073518
v 0.015481 0.092652 -0.07335
v 0.033331 0.092612 -0.067377
v 0.027601 0.092612 -0.069931
v 0.027446 0.092652 -0.069746
v 0.038808 0.09262 -0.06433
v 0.033161 0.092652 -0.067205
v 0.048965 0.092612 -0.056981
v 0.04405 0.092612 -0.060879
v 0.043819 0.092673 -0.060701
v 0.053536 0.092612 -0.052685
v 0.048757 0.092652 -0.056857
v 0.061522 0.092612 -0.043023
v 0.057731 0.092612 -0.048021
v 0.057463 0.092673 -0.047906
v 0.064881 0.092612 -0.037725
v 0.061245 0.092673 -0.042931
v 0.070213 0.092612 -0.026381
v 0.067785 0.092612 -0.032165
v 0.067496 0.092673 -0.03212
v 0.072149 0.092612 -0.020415
v 0.069971 0.092652 -0.026372
v 0.074478 0.092616 -0.008101
v 0.073579 0.092612 -0.014307
v 0.073339 0.092652 -0.014338
v 0.074841 0.092623 -0.001847
v 0.074256 0.092652 -0.008152
v 0.074063 0.09262 0.010662
v 0.074707 0.092623 0.004421
v 0.074526 0.092652 0.004341
v 0.071198 0.09262 0.02286
v 0.072886 0.09262 0.016821
v 0.07266 0.092673 0.016687
v 0.068998 0.092623 0.028727
v 0.07096 0.092686 0.022698
v 0.066327 0.092623 0.034399
v 0.068853 0.092652 0.028592
v 0.063191 0.092623 0.039828
v 0.066152 0.092673 0.034223
v 0.059641 0.092612 0.045007
v 0.06307 0.092652 0.03967
v 0.051233 0.09262 0.054295
v 0.055622 0.09262 0.049816
v 0.055521 0.092652 0.049628
v 0.0465 0.092612 0.058416
v 0.051148 0.092652 0.054099
v 0.036056 0.092612 0.065348
v 0.041423 0.092612 0.062101
v 0.041359 0.092652 0.061867
v 0.030432 0.092616 0.068121
v 0.036012 0.092652 0.06511
v 0.018593 0.09262 0.072223
v 0.024603 0.092612 0.070442
v 0.024599 0.092652 0.0702
v 0.01246 0.092612 0.073554
v 0.018607 0.092673 0.07196
v -0.000031 0.092612 0.074598
v 0.006237 0.092612 0.074338
v 0.006293 0.092652 0.074102
v 0.051017 0.0928 0.054019
v 0.046285 0.092823 0.058086
v 0.030315 0.0928 0.067775
v 0.035905 0.0928 0.065
v 0.018527 0.092903 0.071852
v 0.059504 0.092652 0.044807
v 0.046417 0.092652 0.058188
v 0.041243 0.0928 0.061766
v 0.024512 0.0928 0.070073
v -0.000003 0.092983 0.074192
v 0.012432 0.0928 0.073175
v 0.000053 0.092686 0.074293
v 0.00624 0.0928 0.073958
v -0.006232 0.0928 0.073959
v -0.030301 0.092823 0.067767
v -0.024498 0.092823 0.070064
v -0.035887 0.092903 0.064978
v -0.035904 0.092673 0.065112
v -0.041224 0.092903 0.061746
v -0.046286 0.0928 0.058103
v -0.055367 0.092823 0.049558
v -0.051001 0.092823 0.054016
v -0.018508 0.092673 0.071986
v -0.059345 0.092823 0.04475
v -0.062897 0.092903 0.039614
v -0.070849 0.092956 0.022717
v -0.051082 0.092652 0.054161
v -0.06604 0.0928 0.034227
v -0.062976 0.092673 0.039724
v -0.072539 0.092823 0.016717
v -0.073697 0.092848 0.010586
v -0.068698 0.0928 0.02858
v -0.070928 0.092686 0.022799
v -0.074493 0.092823 -0.001857
v -0.074361 0.092823 0.004381
v -0.074086 0.092956 -0.00809
v -0.073175 0.092956 -0.014262
v -0.073863 0.092652 0.01065
v -0.074192 0.092686 -0.008047
v -0.067401 0.092929 -0.032019
v -0.061172 0.092903 -0.042817
v -0.064515 0.092903 -0.037549
v -0.071778 0.0928 -0.020339
v -0.06985 0.0928 -0.026275
v -0.070003 0.092652 -0.026288
v -0.061303 0.092673 -0.042847
v -0.0574 0.092903 -0.047786
v -0.053247 0.0928 -0.05244
v -0.048698 0.0928 -0.056712
v -0.043787 0.092903 -0.060569
v -0.038608 0.0928 -0.064044
v -0.027433 0.092823 -0.069577
v -0.033121 0.092983 -0.067029
v -0.021534 0.092875 -0.071617
v -0.015498 0.0928 -0.073195
v -0.009337 0.092903 -0.074209
v -0.003122 0.092875 -0.074732
v -0.009403 0.092673 -0.074327
v 0.009308 0.092661 -0.074365
v 0.009334 0.092876 -0.07421
v 0.015486 0.092823 -0.073184
v 0.033124 0.092823 -0.067043
v 0.027424 0.092823 -0.069581
v 0.043784 0.092929 -0.060566
v 0.057396 0.092929 -0.047784
v 0.021528 0.092661 -0.071775
v 0.038643 0.092652 -0.064196
v 0.038593 0.092823 -0.064037
v 0.064514 0.092903 -0.03755
v 0.061171 0.092903 -0.042818
v 0.048691 0.0928 -0.056718
v 0.053241 0.0928 -0.052446
v 0.071746 0.092929 -0.020334
v 0.053318 0.092652 -0.052579
v 0.064597 0.092673 -0.037656
v 0.067404 0.092903 -0.032021
v 0.069847 0.0928 -0.026283
v 0.073201 0.0928 -0.014271
v 0.071857 0.092673 -0.020418
v 0.074506 0.0928 -0.001867
v 0.074113 0.0928 -0.008096
v 0.074362 0.092823 0.004371
v 0.070848 0.092983 0.02272
v 0.066013 0.092929 0.034209
v 0.073876 0.092652 0.010561
v 0.073723 0.0928 0.01058
v 0.068701 0.0928 0.028572
v 0.055384 0.0928 0.04956
v 0.059362 0.0928 0.04475
v 0.062923 0.0928 0.039625
v 0.030412 0.092652 0.067894
v -0.018525 0.092929 0.071847
v 0.012497 0.092652 0.073315
v -0.012424 0.0928 0.073177
v -0.048825 0.092652 -0.056798
v 0.003118 0.09285 -0.074741
v -0.02753 0.092652 -0.069712
v 0.021532 0.09285 -0.071627
v 0.072526 0.092903 0.016708
v 0.074653 0.092652 -0.001911
v 0.003136 0.092471 -0.075234
v -0 0.092429 -0.075301
v -0.00315 0.092471 -0.075233
v -0 0.092482 0.074692
v -0.006243 0.092523 0.074424
v -0.012513 0.09248 0.073642
v -0.01865 0.092497 0.072333
v -0.024655 0.092479 0.070525
v -0.030489 0.092494 0.068214
v -0.036129 0.092482 0.065416
v -0.041495 0.092479 0.062168
v -0.046577 0.092479 0.058477
v -0.051346 0.092494 0.054357
v -0.055732 0.092482 0.049879
v -0.059731 0.092479 0.045047
v -0.063324 0.09248 0.039877
v -0.066469 0.092524 0.034408
v -0.069135 0.092482 0.028759
v -0.071322 0.092479 0.022881
v -0.073016 0.09248 0.016817
v -0.07419 0.092482 0.010653
v -0.074837 0.092523 0.004438
v -0.074979 0.09248 -0.00188
v -0.074581 0.092494 -0.008154
v -0.073666 0.092482 -0.014355
v -0.072235 0.092494 -0.020455
v -0.07029 0.09248 -0.02645
v -0.067851 0.092512 -0.032232
v -0.057784 0.092482 -0.048106
v -0.061566 0.092509 -0.043118
v -0.053588 0.092479 -0.052768
v -0.048972 0.092524 -0.057089
v -0.044076 0.09248 -0.060979
v -0.03884 0.092527 -0.064443
v -0.027602 0.09248 -0.070034
v -0.03337 0.092523 -0.067455
v -0.021676 0.092482 -0.072096
v -0.015622 0.092523 -0.073644
v -0.009393 0.09248 -0.074707
v 0.009367 0.092523 -0.074702
v 0.0276 0.092479 -0.070035
v 0.021653 0.092509 -0.072099
v 0.033352 0.09248 -0.067474
v 0.038847 0.092512 -0.064444
v 0.044074 0.092479 -0.06098
v 0.048997 0.092479 -0.057079
v 0.053587 0.09248 -0.052769
v 0.057784 0.092482 -0.048106
v 0.061578 0.092479 -0.04311
v 0.064951 0.09248 -0.037794
v 0.067857 0.092482 -0.032233
v 0.070289 0.092479 -0.026452
v 0.072235 0.09248 -0.020464
v 0.073668 0.09248 -0.014349
v 0.074581 0.092497 -0.008141
v 0.059735 0.092482 0.045039
v 0.06333 0.092524 0.039851
v 0.055744 0.092509 0.049859
v 0.046578 0.09248 0.058475
v 0.051351 0.092509 0.054348
v 0.041501 0.092482 0.062162
v 0.036137 0.092479 0.065413
v 0.030491 0.092494 0.068213
v 0.024657 0.09248 0.070524
v 0.018647 0.092512 0.072331
v 0.012515 0.092479 0.073642
v 0.006269 0.09248 0.074431
v 0.07497 0.092523 -0.001904
v -0.064955 0.092508 -0.037778
v 0.015594 0.092527 -0.073647
v 0.074184 0.092512 0.010654
v 0.074837 0.092524 0.00444
v 0.073014 0.092509 0.0168
v 0.071313 0.092509 0.022892
v 0.069123 0.092527 0.028759
v 0.066468 0.092524 0.034411
v -0.003147 0.081301 -0.075226
v 0.003129 0.081225 -0.075202
v 0.009291 0.081229 -0.074695
v 0.015657 0.08123 -0.07362
v 0.021644 0.081225 -0.072075
v 0.0275 0.081229 -0.070047
v 0.033361 0.081297 -0.067465
v 0.038813 0.081225 -0.064437
v 0.043981 0.081229 -0.061017
v 0.048907 0.081229 -0.057124
v 0.053543 0.081225 -0.05277
v 0.057698 0.081229 -0.048172
v 0.061501 0.081229 -0.043176
v 0.064954 0.081297 -0.037782
v 0.06782 0.081225 -0.032243
v 0.070231 0.081229 -0.026534
v 0.072235 0.081297 -0.020451
v 0.073667 0.081297 -0.014336
v 0.074551 0.081225 -0.008163
v 0.074952 0.081229 -0.001978
v 0.074843 0.081297 0.004425
v 0.074164 0.081225 0.010625
v 0.073014 0.081229 0.016714
v 0.071316 0.081297 0.022889
v 0.069117 0.081225 0.028725
v 0.066488 0.081229 0.034337
v 0.063356 0.081229 0.039779
v 0.059674 0.08123 0.045082
v 0.055726 0.081225 0.049841
v 0.051398 0.081229 0.054276
v 0.046512 0.08123 0.058496
v 0.041429 0.08123 0.062182
v 0.036136 0.081225 0.065378
v 0.030493 0.081313 0.068213
v 0.024645 0.081297 0.070525
v 0.018667 0.081225 0.072301
v 0.012607 0.081229 0.073601
v 0.006257 0.081297 0.074428
v 0.000024 0.081225 0.074662
v -0.006168 0.081229 0.074414
v -0.012525 0.081297 0.073637
v -0.018713 0.08123 0.072296
v -0.02463 0.081225 0.070501
v -0.030397 0.081229 0.06823
v -0.03618 0.08123 0.065361
v -0.041464 0.081225 0.062151
v -0.046485 0.081229 0.058517
v -0.051373 0.08123 0.054301
v -0.055693 0.081225 0.049877
v -0.059652 0.081229 0.045109
v -0.063338 0.08123 0.039809
v -0.066467 0.081297 0.034425
v -0.069098 0.081225 0.02877
v -0.071316 0.081296 0.022888
v -0.073006 0.08123 0.016748
v -0.074186 0.081293 0.010654
v -0.074843 0.081296 0.004423
v -0.074972 0.08128 -0.001901
v -0.074583 0.081313 -0.008152
v -0.073641 0.081225 -0.014325
v -0.072237 0.081229 -0.020361
v -0.070282 0.081297 -0.02646
v -0.06784 0.081225 -0.032199
v -0.064979 0.081229 -0.037696
v -0.061522 0.08123 -0.043148
v -0.057777 0.081225 -0.048068
v -0.053638 0.081229 -0.052681
v -0.048987 0.081297 -0.057083
v -0.044064 0.081297 -0.060983
v -0.038855 0.081225 -0.064412
v -0.033359 0.081296 -0.067466
v -0.027589 0.081297 -0.070035
v -0.021691 0.081225 -0.07206
v -0.015691 0.081229 -0.073612
v -0.009381 0.081297 -0.074705
v 0.030493 0.081184 0.068103
v -0.003163 0.08119 -0.075137
v -0.074494 0.08119 -0.008106
v 0.00629 0.081184 0.074318
v 0.024649 0.081184 0.070409
v 0.071227 0.081184 0.022816
v 0.074739 0.081184 0.004376
v 0.073554 0.081184 -0.014357
v 0.07212 0.081184 -0.020463
v 0.06484 0.081184 -0.037765
v 0.033275 0.081184 -0.067388
v -0.009409 0.081184 -0.074594
v -0.027593 0.08118 -0.069911
v -0.033321 0.08118 -0.067358
v -0.044035 0.081184 -0.060872
v -0.048949 0.081184 -0.056974
v -0.070196 0.081184 -0.026383
v -0.074728 0.08118 0.00443
v -0.07407 0.08118 0.010667
v -0.071204 0.08118 0.022866
v -0.066352 0.081184 0.034412
v -0.012465 0.081184 0.073538
v -0.074845 0.081177 -0.001872
v -0.0063 0.081152 0.074112
v -0.012505 0.081152 0.073324
v -0.018621 0.081157 0.072044
v -0.02461 0.081157 0.070232
v -0.030426 0.081157 0.067925
v -0.035995 0.081126 0.065046
v -0.041378 0.081157 0.061896
v -0.046416 0.081145 0.058171
v -0.05116 0.081152 0.054102
v -0.055546 0.081157 0.049651
v -0.059531 0.081157 0.044828
v -0.063082 0.081152 0.03967
v -0.066224 0.081157 0.034268
v -0.068822 0.081137 0.028565
v -0.072673 0.081137 0.016683
v -0.07429 0.081157 -0.008155
v -0.073348 0.081152 -0.014346
v -0.071842 0.081126 -0.020424
v -0.070003 0.081157 -0.026384
v -0.067503 0.081137 -0.032132
v -0.064581 0.081126 -0.037658
v -0.061228 0.081126 -0.042931
v -0.057446 0.081126 -0.047905
v -0.053281 0.081137 -0.052561
v -0.048703 0.081126 -0.056819
v -0.043803 0.081126 -0.060696
v -0.038661 0.081157 -0.064225
v -0.021525 0.081145 -0.071788
v -0.015452 0.081126 -0.073291
v -0.009319 0.081157 -0.074423
v -0.003063 0.081126 -0.074846
v 0.003173 0.081157 -0.074939
v 0.009407 0.081157 -0.074412
v 0.015575 0.081157 -0.073365
v 0.021634 0.081157 -0.071805
v 0.027542 0.081157 -0.069744
v 0.033227 0.081126 -0.067101
v 0.038737 0.081157 -0.064178
v 0.043946 0.081157 -0.060713
v 0.048847 0.081157 -0.056824
v 0.053363 0.081137 -0.052477
v 0.057589 0.081157 -0.047886
v 0.061369 0.081157 -0.0429
v 0.064718 0.081157 -0.037616
v 0.067613 0.081157 -0.032069
v 0.069971 0.081137 -0.026262
v 0.071964 0.081157 -0.020349
v 0.073296 0.081126 -0.014222
v 0.074204 0.081126 -0.00804
v 0.074591 0.081126 -0.001804
v 0.074455 0.081126 0.004443
v 0.073822 0.081137 0.010658
v 0.072646 0.081137 0.016797
v 0.071009 0.081152 0.022824
v 0.068777 0.081137 0.028672
v 0.066111 0.081137 0.034326
v 0.063051 0.081157 0.039764
v 0.059389 0.081126 0.044853
v 0.055443 0.081145 0.049694
v 0.051027 0.081126 0.054125
v 0.046367 0.081157 0.05827
v 0.041252 0.081137 0.061892
v 0.03595 0.081157 0.065183
v 0.024478 0.081126 0.070174
v 0.018535 0.081157 0.072066
v 0.012404 0.081152 0.073341
v 0.006207 0.081157 0.074143
v -0.000045 0.081157 0.074402
v 0.030292 0.081112 0.067865
v -0.027434 0.081136 -0.069723
v -0.033146 0.081136 -0.067184
v -0.074526 0.081146 0.004341
v -0.071006 0.081136 0.022718
v -0.055394 0.081023 0.049562
v -0.051001 0.08095 0.054
v -0.04628 0.080948 0.058084
v -0.041253 0.081023 0.061772
v -0.035887 0.080842 0.064978
v -0.030323 0.081023 0.067782
v -0.030273 0.080715 0.067793
v -0.024436 0.080707 0.070102
v -0.018544 0.081023 0.071885
v -0.024519 0.081023 0.070081
v -0.018531 0.080706 0.071881
v -0.012429 0.08095 0.07315
v -0.000009 0.081023 0.074229
v -0.00624 0.080998 0.073958
v 0.000041 0.080715 0.074219
v 0.006276 0.080715 0.073954
v 0.006228 0.081023 0.073969
v 0.012504 0.080707 0.073165
v 0.024499 0.080842 0.070048
v 0.018607 0.080707 0.071862
v 0.024536 0.080656 0.070126
v 0.030302 0.080815 0.067751
v 0.030357 0.080644 0.067838
v 0.035969 0.080707 0.064967
v 0.018527 0.081023 0.07189
v 0.012424 0.080998 0.073177
v 0.035898 0.081023 0.065014
v 0.041224 0.080895 0.061746
v 0.050996 0.080842 0.054001
v 0.046292 0.080706 0.0581
v 0.05107 0.08066 0.054045
v 0.055438 0.080689 0.049529
v 0.046288 0.081023 0.058113
v 0.055366 0.080948 0.049552
v 0.059338 0.080842 0.044736
v 0.072522 0.080869 0.016708
v 0.070887 0.080715 0.022687
v 0.072617 0.080656 0.016693
v 0.073785 0.080656 0.010557
v 0.06867 0.080869 0.028564
v 0.070873 0.080998 0.02273
v 0.074478 0.080842 -0.001863
v 0.074348 0.080815 0.004373
v 0.074563 0.080656 -0.0019
v 0.074167 0.080656 -0.008134
v 0.073691 0.080869 0.010579
v 0.074086 0.080842 -0.00809
v 0.073175 0.080842 -0.014262
v 0.071788 0.081023 -0.020337
v 0.071765 0.080715 -0.020382
v 0.069818 0.080869 -0.026267
v 0.067442 0.081023 -0.032028
v 0.067431 0.080706 -0.032035
v 0.064525 0.080977 -0.037543
v 0.053221 0.080869 -0.05242
v 0.057373 0.080707 -0.047865
v 0.053279 0.080656 -0.05249
v 0.048663 0.080715 -0.056741
v 0.057433 0.081023 -0.047804
v 0.061207 0.081023 -0.042831
v 0.048707 0.081023 -0.056716
v 0.043816 0.081023 -0.060594
v 0.043742 0.080707 -0.060639
v 0.038604 0.080706 -0.064049
v 0.038617 0.081023 -0.064049
v 0.033121 0.080815 -0.067029
v 0.027445 0.081023 -0.069597
v 0.027363 0.080707 -0.069621
v 0.021467 0.080707 -0.071668
v 0.02155 0.081023 -0.07165
v 0.015505 0.081023 -0.073203
v 0.00313 0.081023 -0.074768
v -0.003122 0.080815 -0.074732
v -0.009332 0.081023 -0.074247
v -0.009342 0.080706 -0.074239
v -0.015489 0.080842 -0.073169
v 0.009348 0.080977 -0.074214
v -0.021532 0.080948 -0.071627
v -0.027425 0.080948 -0.069575
v -0.027473 0.080695 -0.069594
v -0.033121 0.080922 -0.067029
v -0.033197 0.080672 -0.067065
v -0.038671 0.080707 -0.064008
v -0.043787 0.080842 -0.060569
v -0.043845 0.080656 -0.060633
v -0.048749 0.08066 -0.056741
v -0.038602 0.081023 -0.064059
v -0.053221 0.080869 -0.05242
v -0.048677 0.080842 -0.056694
v -0.05331 0.080656 -0.052457
v -0.057471 0.080656 -0.047834
v -0.064515 0.080842 -0.037549
v -0.061172 0.080842 -0.042817
v -0.064598 0.08066 -0.03757
v -0.067497 0.080656 -0.032024
v -0.071751 0.080842 -0.020335
v -0.069851 0.080706 -0.026277
v -0.071837 0.08066 -0.020334
v -0.07325 0.080672 -0.014225
v -0.067401 0.080869 -0.032019
v -0.069854 0.081023 -0.02629
v -0.074122 0.081023 -0.008102
v -0.073176 0.08095 -0.014267
v -0.074118 0.080715 -0.008051
v -0.074509 0.080707 -0.001787
v -0.073688 0.080896 0.010577
v -0.074372 0.080707 0.004453
v -0.073779 0.080656 0.010602
v -0.072601 0.08066 0.016751
v -0.074539 0.081073 -0.001892
v -0.072522 0.080869 0.016708
v -0.070875 0.080688 0.022792
v -0.06867 0.080869 0.028564
v -0.068738 0.080656 0.028632
v -0.066043 0.080706 0.034226
v -0.070858 0.080948 0.022718
v -0.074375 0.080998 0.004373
v -0.073851 0.081136 0.010554
v -0.059372 0.081023 0.044752
v -0.062923 0.080998 0.039625
v -0.059315 0.080707 0.044816
v -0.055381 0.080706 0.049566
v -0.051035 0.080671 0.054056
v -0.046272 0.080695 0.058136
v -0.066054 0.081023 0.03422
v -0.012427 0.080671 0.073216
v -0.006195 0.080715 0.073961
v 0.041268 0.080671 0.061797
v 0.059411 0.080656 0.044781
v 0.062942 0.080715 0.039594
v 0.066013 0.080869 0.034209
v 0.066109 0.080656 0.034218
v 0.068756 0.080656 0.02859
v 0.062924 0.081023 0.039641
v 0.074451 0.080644 0.004364
v 0.073257 0.080656 -0.014286
v 0.06989 0.080656 -0.026332
v 0.064554 0.080677 -0.037608
v 0.061152 0.080707 -0.042897
v 0.033153 0.080644 -0.067127
v 0.015454 0.080715 -0.073204
v 0.009296 0.080672 -0.074282
v 0.003044 0.080707 -0.074764
v -0.003134 0.080641 -0.074836
v -0.01553 0.08066 -0.073245
v -0.021551 0.080688 -0.071662
v -0.0574 0.080842 -0.047786
v -0.061247 0.080656 -0.042859
v -0.062899 0.080715 0.039663
v -0.035921 0.080656 0.065057
v -0.041177 0.080707 0.061813
v -0.006309 0.08048 0.074273
v -0.000015 0.080473 0.074542
v 0.006272 0.08048 0.074276
v 0.012466 0.080492 0.073478
v 0.01858 0.080512 0.072158
v 0.024622 0.08048 0.070373
v 0.030428 0.080473 0.068078
v 0.036016 0.080512 0.065261
v 0.04139 0.080508 0.062011
v 0.046453 0.080462 0.058401
v 0.051203 0.080462 0.054308
v 0.055593 0.080462 0.049832
v 0.059619 0.08048 0.044939
v 0.063199 0.080453 0.039826
v 0.066303 0.08048 0.034413
v 0.068997 0.08048 0.028691
v 0.071177 0.080473 0.02284
v 0.072853 0.08048 0.016833
v 0.074032 0.08048 0.010677
v 0.074657 0.080512 0.004393
v 0.074825 0.08048 -0.001879
v 0.074454 0.080453 -0.00811
v 0.07354 0.080453 -0.014313
v 0.072107 0.080467 -0.020411
v 0.070156 0.080473 -0.026377
v 0.067684 0.080512 -0.032154
v 0.064825 0.080473 -0.037711
v 0.061483 0.08048 -0.042977
v 0.057696 0.08048 -0.047972
v 0.053475 0.080462 -0.05269
v 0.04893 0.080453 -0.056962
v 0.043988 0.080512 -0.060806
v 0.038795 0.080453 -0.064328
v 0.033282 0.080512 -0.067295
v 0.027595 0.08048 -0.069871
v 0.021692 0.080462 -0.07195
v 0.015582 0.080453 -0.073525
v 0.00944 0.080462 -0.074564
v 0.003193 0.080462 -0.075094
v -0.003144 0.08048 -0.075078
v -0.009366 0.080453 -0.074577
v -0.015508 0.080462 -0.073538
v -0.021623 0.080512 -0.071913
v -0.027543 0.080453 -0.069914
v -0.033233 0.080462 -0.067381
v -0.03873 0.080462 -0.064365
v -0.044014 0.080462 -0.060856
v -0.048904 0.080453 -0.056984
v -0.053445 0.080462 -0.05272
v -0.057673 0.08048 -0.048001
v -0.061462 0.08048 -0.043008
v -0.064824 0.080453 -0.037748
v -0.067675 0.080512 -0.032174
v -0.07017 0.080462 -0.026382
v -0.072106 0.080462 -0.020419
v -0.073533 0.080453 -0.014347
v -0.074396 0.080508 -0.00813
v -0.074842 0.080462 -0.001928
v -0.074716 0.080462 0.00434
v -0.074037 0.08048 0.01064
v -0.072862 0.08048 0.016797
v -0.071186 0.080473 0.022811
v -0.069033 0.080462 0.028654
v -0.066334 0.080462 0.034393
v -0.063202 0.080473 0.039789
v -0.059598 0.080512 0.044905
v -0.055589 0.080512 0.049753
v -0.051215 0.080508 0.054224
v -0.046483 0.080512 0.058307
v -0.041475 0.080462 0.062018
v -0.036051 0.080462 0.065305
v -0.030465 0.080453 0.068081
v -0.024657 0.08048 0.070361
v -0.018601 0.080512 0.072152
v -0.012497 0.080473 0.073492
v 0.074742 0.080328 0.004401
v 0.067763 0.080328 -0.032188
v 0.033299 0.080328 -0.067382
v -0.021645 0.080328 -0.071996
v -0.059653 0.080328 0.044975
v -0.055655 0.080328 0.049808
v 0.018624 0.080328 0.072235
v 0.036078 0.080328 0.065325
v 0.041443 0.080328 0.062075
v 0.012514 0.080195 0.07353
v 0.066364 0.080197 0.034374
v 0.069033 0.080197 0.028699
v 0.071217 0.080197 0.022821
v 0.072902 0.080197 0.01678
v 0.074076 0.080197 0.01062
v 0.07486 0.080197 -0.001886
v 0.027549 0.080197 -0.069927
v -0.003152 0.080197 -0.075113
v -0.074071 0.080197 0.010652
v -0.072895 0.080197 0.016812
v -0.071207 0.080197 0.022851
v -0.063246 0.080196 0.039783
v -0.024609 0.080197 0.070415
v -0.018625 0.080327 0.072235
v -0.012471 0.080197 0.073529
v -0.006249 0.080197 0.074313
v 0.000016 0.080197 0.074575
v 0.006282 0.080197 0.074311
v 0.024702 0.080197 0.070385
v 0.030416 0.080197 0.068121
v 0.059693 0.080197 0.044905
v 0.06318 0.080198 0.03988
v 0.07446 0.080198 -0.008135
v 0.073533 0.080198 -0.014411
v 0.05344 0.080198 -0.052746
v 0.04898 0.080198 -0.056935
v 0.04402 0.080328 -0.060889
v 0.03878 0.080198 -0.064348
v 0.021634 0.080198 -0.07198
v 0.01556 0.080198 -0.073539
v 0.009377 0.080198 -0.074584
v 0.003128 0.080198 -0.075108
v -0.009391 0.080198 -0.074582
v -0.015573 0.080198 -0.073536
v -0.027568 0.080198 -0.069913
v -0.033297 0.080198 -0.067362
v -0.038791 0.080198 -0.064341
v -0.044075 0.080198 -0.06083
v -0.070206 0.080198 -0.026327
v -0.072097 0.080198 -0.020508
v -0.073546 0.080198 -0.014325
v -0.07448 0.080328 -0.008131
v -0.074855 0.080198 -0.001863
v -0.074723 0.080198 0.004406
v -0.069019 0.080198 0.028718
v -0.066317 0.080198 0.034457
v -0.036001 0.080198 0.065349
v -0.030521 0.080198 0.06807
v 0.027561 0.080199 0.069309
v 0.036068 0.080199 0.065305
v 0.041432 0.080199 0.062057
v 0.046511 0.080198 0.05837
v 0.051258 0.080198 0.054272
v 0.055645 0.080198 0.049791
v 0.074721 0.080199 0.004399
v 0.061478 0.080199 0.042426
v 0.07289 0.080199 -0.017399
v 0.072137 0.080198 -0.020367
v 0.070175 0.080197 -0.026417
v 0.064837 0.080197 -0.037755
v 0.067743 0.080199 -0.03218
v 0.061476 0.080197 -0.043049
v 0.057683 0.080197 -0.048043
v -0.04887 0.080198 -0.05703
v -0.046504 0.080199 -0.058976
v 0.051251 0.080199 -0.054879
v 0.044007 0.080199 -0.060872
v 0.033289 0.080199 -0.067363
v -0.021639 0.080199 -0.071975
v -0.053498 0.080198 -0.052682
v -0.057704 0.080197 -0.048018
v -0.061494 0.080197 -0.043022
v -0.067762 0.080328 -0.03219
v -0.064844 0.080198 -0.037732
v -0.067743 0.080199 -0.03218
v -0.074458 0.080199 -0.008128
v -0.071204 0.080199 -0.023438
v -0.064838 0.080199 0.037132
v -0.051266 0.080328 0.05429
v -0.046518 0.080328 0.058388
v -0.059635 0.080199 0.044963
v -0.055638 0.080199 0.049794
v -0.051251 0.080199 0.054274
v -0.046504 0.080199 0.058372
v -0.041428 0.080198 0.062063
v -0.033289 0.080199 0.066758
v -0.018619 0.080199 0.072214
v 0.018619 0.080199 0.072214
vn -0 0.001 -0
vn -0 0.001 -0
vn -0 0.001 -0
vn 0 0.001 -0
vn -0 0.001 -0
vn -0 0.001 -0
vn 0 0.001 -0
vn -0 0.001 -0
vn 0 0.001 -0
vn -0 0.001 -0
vn 0 0.001 -0
vn -0 0.001 -0
vn 0 0.001 -0
vn -0 0.001 -0
vn 0 0.001 -0
vn 0 0.001 -0
vn -0 0.001 -0
vn 0 0.001 -0
vn -0 0.001 -0
vn -0 0.001 -0
vn -0 0.001 -0
vn 0 0.001 -0
vn -0 0.001 -0
vn 0 0.001 -0
vn -0 0.001 -0
vn 0 0.001 -0
vn -0 0.001 -0
vn 0 0.001 -0
vn -0 0.001 -0
vn -0 0.001 -0
vn 0 0.001 -0
vn 0 0.001 -0
vn 0 0.001 -0
vn -0 0.001 -0
vn 0 0.001 -0
vn 0 0.001 -0
vn 0.000998 0.000009 -0.000059
vn 0.000984 0.000009 -0.000177
vn 0.000984 0.000009 -0.000177
vn 0.000956 0.000009 -0.000292
vn 0.000956 0.000009 -0.000292
vn 0.000915 0.000009 -0.000403
vn 0.000915 0.000009 -0.000403
vn 0.000861 0.000009 -0.000509
vn 0.000861 0.000009 -0.000509
vn 0.000795 0.000009 -0.000607
vn 0.000795 0.000009 -0.000607
vn 0.000738 0.000009 -0.000675
vn 0.000711 0.000139 -0.00069
vn 0.000697 0.000009 -0.000717
vn 0.00063 0.000009 -0.000776
vn 0.00063 0.000009 -0.000776
vn 0.000534 0.000009 -0.000846
vn 0.000534 0.000009 -0.000846
vn 0.00043 0.000009 -0.000903
vn 0.00043 0.000009 -0.000903
vn 0.00032 0.000009 -0.000947
vn 0.00032 0.000009 -0.000947
vn 0.000235 0.000009 -0.000972
vn 0.000204 0.000139 -0.000969
vn 0.000177 0.000009 -0.000984
vn 0.000089 0.000009 -0.000996
vn 0.000089 0.000009 -0.000996
vn -0.00003 0.000009 -0.001
vn -0.00003 0.000009 -0.001
vn -0.000148 0.000009 -0.000989
vn -0.000148 0.000009 -0.000989
vn -0.000264 0.000009 -0.000965
vn -0.000264 0.000009 -0.000965
vn -0.000376 0.000009 -0.000927
vn -0.000376 0.000009 -0.000927
vn -0.000483 0.000009 -0.000876
vn -0.000483 0.000009 -0.000876
vn -0.000583 0.000009 -0.000812
vn -0.000583 0.000009 -0.000812
vn -0.000675 0.000009 -0.000738
vn -0.000675 0.000009 -0.000738
vn -0.000757 0.000009 -0.000653
vn -0.000757 0.000009 -0.000653
vn -0.000829 0.000009 -0.000559
vn -0.000829 0.000009 -0.000559
vn -0.00089 0.000009 -0.000457
vn -0.00089 0.000009 -0.000457
vn -0.000927 0.000009 -0.000376
vn -0.000928 0.000139 -0.000345
vn -0.000947 0.000009 -0.00032
vn -0.000972 0.000009 -0.000235
vn -0.000972 0.000009 -0.000235
vn -0.000993 0.000009 -0.000118
vn -0.000993 0.000009 -0.000118
vn -0.001 0.000009 -0
vn -0.001 0.000009 -0
vn -0.000993 0.000009 0.000118
vn -0.000993 0.000009 0.000118
vn -0.000972 0.000009 0.000235
vn -0.000972 0.000009 0.000235
vn -0.000937 0.000009 0.000348
vn -0.000937 0.000009 0.000348
vn -0.00089 0.000009 0.000457
vn -0.00089 0.000009 0.000457
vn -0.000829 0.000009 0.000559
vn -0.000829 0.000009 0.000559
vn -0.000757 0.000009 0.000653
vn -0.000757 0.000009 0.000653
vn -0.000675 0.000009 0.000738
vn -0.000675 0.000009 0.000738
vn -0.000583 0.000009 0.000812
vn -0.000583 0.000009 0.000812
vn -0.000509 0.000009 0.000861
vn -0.000478 0.000139 0.000867
vn -0.000457 0.000009 0.00089
vn -0.000376 0.000009 0.000927
vn -0.000376 0.000009 0.000927
vn -0.000264 0.000009 0.000965
vn -0.000264 0.000009 0.000965
vn -0.000148 0.000009 0.000989
vn -0.000148 0.000009 0.000989
vn -0.00003 0.000009 0.001
vn -0.00003 0.000009 0.001
vn 0.000059 0.000009 0.000998
vn 0.000088 0.000139 0.000986
vn 0.000118 0.000009 0.000993
vn 0.000206 0.000009 0.000979
vn 0.000206 0.000009 0.000979
vn 0.00032 0.000009 0.000947
vn 0.00032 0.000009 0.000947
vn 0.00043 0.000009 0.000903
vn 0.00043 0.000009 0.000903
vn 0.000534 0.000009 0.000846
vn 0.000534 0.000009 0.000846
vn 0.00063 0.000009 0.000776
vn 0.00063 0.000009 0.000776
vn 0.000717 0.000009 0.000697
vn 0.000717 0.000009 0.000697
vn 0.000776 0.000009 0.00063
vn 0.000787 0.000139 0.000601
vn 0.000812 0.000009 0.000583
vn 0.000861 0.000009 0.000509
vn 0.000861 0.000009 0.000509
vn 0.000915 0.000009 0.000403
vn 0.000915 0.000009 0.000403
vn 0.000956 0.000009 0.000292
vn 0.000956 0.000009 0.000292
vn 0.000984 0.000009 0.000177
vn 0.000984 0.000009 0.000177
vn 0.000996 0.000009 0.000089
vn 0.000989 0.000139 0.000059
vn 0.001 0.000009 0.00003
vn 0.000998 0.000009 -0.000059
vn 0.000002 -0.001 0
vn -0 -0.001 0
vn -0 -0.001 0
vn -0.000003 -0.001 -0.000012
vn 0 -0.001 0
vn -0 -0.001 0
vn 0.000064 -0.000993 -0.000101
vn 0.000001 -0.001 -0.000002
vn -0.000008 -0.000998 0.000055
vn -0.000003 -0.000997 0.000077
vn -0.000007 -0.000968 0.000252
vn 0.000001 -0.001 0.000026
vn 0.000002 -0.001 0.000028
vn 0.000004 -0.000999 0.000032
vn 0.000005 -0.000999 0.000048
vn 0.000032 -0.000988 0.000154
vn 0.000002 -0.001 0
vn 0.000003 -0.001 -0.000001
vn 0.000054 -0.000998 -0.000016
vn 0.000011 -0.001 -0.000004
vn 0.000011 -0.001 -0.000005
vn 0 -0.001 0
vn -0.000002 -0.001 -0.000011
vn -0.00001 -0.000998 -0.000065
vn -0 -0.001 -0.000003
vn -0.000002 -0.000999 -0.000051
vn 0.000162 -0.000582 0.000797
vn 0.000082 -0.000967 0.000243
vn -0.000001 -0.001 0
vn -0 -0.001 0
vn 0.000005 -0.001 0.000011
vn 0.000006 -0.001 0.000009
vn 0 -0.001 0
vn 0.000148 -0.000987 0.000065
vn 0.000002 -0.001 0.000001
vn -0.000001 -0.001 0
vn 0.000051 -0.000999 0.000016
vn 0.000055 -0.000998 0.000015
vn 0.000968 -0.000179 0.000174
vn 0.000169 -0.000986 0.000013
vn 0.000104 -0.000994 0.000009
vn 0.000091 -0.000996 0.000001
vn 0.000023 -0.001 0.000001
vn 0.000058 -0.000998 -0.000003
vn 0.000016 -0.001 -0.000001
vn 0.000007 -0.001 -0.000001
vn 0.000004 -0.001 -0.000008
vn -0.000001 -0.001 0.000021
vn 0.000308 -0.000271 -0.000912
vn 0.000034 -0.000987 -0.000156
vn 0.000006 -0.001 -0.000026
vn 0.000006 -0.000999 -0.000033
vn 0.000008 -0.000999 -0.000044
vn 0.000017 -0.000982 -0.000188
vn 0.000008 -0.000996 -0.000093
vn -0.000097 -0.000966 -0.000239
vn -0.000361 -0.000663 -0.000655
vn -0.000368 -0.000648 -0.000667
vn -0.000107 -0.000983 -0.000149
vn -0.000002 -0.001 -0.000003
vn -0.000025 -0.000999 -0.000027
vn -0.000009 -0.001 -0.00001
vn -0.000007 -0.001 -0.000006
vn 0 -0.001 0
vn -0 -0.001 0
vn 0.000001 -0.001 0
vn -0.000001 -0.001 0
vn -0.000016 -0.001 -0.000002
vn -0.000671 -0.000742 0
vn 0 -0.001 0
vn 0.000001 -0.001 0
vn -0.0002 -0.000955 0.000218
vn -0.00036 -0.00079 0.000497
vn -0.000523 -0.000443 0.000728
vn -0.000092 -0.000983 0.00016
vn -0.000049 -0.000995 0.000083
vn -0.000046 -0.000994 0.000095
vn -0.000013 -0.001 0.000025
vn -0.000051 -0.000991 0.000126
vn -0.000235 -0.000785 0.000573
vn -0.000081 -0.000951 0.000298
vn -0.000384 -0.000923 0
vn -0.000477 -0.000877 0.000059
vn -0 -0.001 0
vn 0.000013 -0.001 0
vn -0.000026 -0.001 0.000006
vn -0.000094 -0.000995 0.000035
vn 0.000006 -0.001 -0.000004
vn 0.000009 -0.001 -0.000006
vn 0.000096 -0.000993 -0.000074
vn 0.000021 -0.001 -0.00002
vn 0.000017 -0.001 -0.000016
vn 0.000026 -0.000999 -0.000027
vn 0.000029 -0.000999 -0.000029
vn 0.000183 -0.000957 -0.000226
vn 0.000005 -0.001 -0.000008
vn 0.000006 -0.001 -0.000008
vn -0.000257 -0.000951 -0.000174
vn -0.000512 -0.000817 -0.000266
vn -0.00083 -0.00036 -0.000426
vn -0.000167 -0.000984 -0.000065
vn -0.000092 -0.000995 -0.000037
vn -0.000096 -0.000995 -0.00003
vn -0.00002 -0.001 -0.000007
vn -0.000068 -0.000998 -0.000016
vn -0.000105 -0.000994 -0.000025
vn -0.000045 -0.000999 -0.000005
vn -0.00081 -0.000507 0.000295
vn -0.000218 -0.000969 0.000112
vn -0 -0.001 0
vn 0 -0.001 0
vn -0.000401 -0.000876 0.000268
vn -0.000287 -0.000925 0.000249
vn 0.000177 -0.000959 0.000219
vn 0.000468 -0.000756 0.000457
vn 0.000613 -0.00052 0.000595
vn 0.000149 -0.000982 0.000118
vn 0.000072 -0.000996 0.000059
vn 0.000092 -0.000994 0.000063
vn 0.000022 -0.001 0.000016
vn 0.000133 -0.000988 0.000079
vn 0.000498 -0.000815 0.000296
vn 0.000298 -0.000945 0.000131
vn 0.000408 -0.000518 -0.000752
vn 0.000352 -0.000519 -0.000779
vn -0.000068 -0.000488 -0.00087
vn -0.000283 -0.000518 -0.000807
vn -0.000347 -0.000519 -0.000782
vn -0.000847 -0.000518 -0.000121
vn -0.000853 -0.000519 -0.000058
vn -0.00084 -0.000518 0.000162
vn -0.000824 -0.000519 0.000227
vn 0.000305 -0.000322 -0.000896
vn 0.000806 -0.000417 -0.00042
vn 0.000833 -0.000424 -0.000356
vn 0.000947 -0.000304 0.000103
vn 0.000933 -0.000316 0.000174
vn -0.00023 -0.00042 -0.000878
vn -0.000297 -0.000421 -0.000857
vn -0.000388 -0.000332 -0.00086
vn -0.000457 -0.000317 -0.000831
vn -0.000457 -0.000316 -0.000831
vn -0.000524 -0.000304 -0.000795
vn -0.000502 -0.00042 -0.000756
vn -0.00056 -0.000421 -0.000714
vn -0.000799 -0.000326 -0.000505
vn -0.000841 -0.000314 -0.00044
vn -0.00084 -0.000319 -0.000439
vn -0.000875 -0.000311 -0.000372
vn -0.000943 -0.000332 0.000024
vn -0.000943 -0.000318 0.000096
vn -0.000904 -0.000417 0.000095
vn -0.000894 -0.000415 0.000169
vn -0.000883 -0.000332 0.000333
vn -0.000859 -0.000318 0.000401
vn -0.000822 -0.000417 0.000387
vn -0.000788 -0.000415 0.000455
vn -0.000786 -0.00042 0.000454
vn -0.000742 -0.00042 0.000521
vn -0.000776 -0.000326 0.000539
vn -0.000733 -0.000314 0.000604
vn -0.000647 -0.00042 0.000636
vn -0.00059 -0.00042 0.00069
vn -0.000616 -0.000333 0.000714
vn -0.000557 -0.000317 0.000767
vn -0.000558 -0.000316 0.000767
vn -0.000497 -0.000304 0.000813
vn -0.000343 -0.000332 0.000879
vn -0.000277 -0.000318 0.000907
vn -0.000263 -0.000417 0.00087
vn -0.000191 -0.000414 0.00089
vn 0.000202 -0.000325 0.000924
vn 0.000273 -0.000315 0.000909
vn 0.000336 -0.00042 0.000843
vn 0.0004 -0.000421 0.000815
vn 0.000475 -0.000417 0.000775
vn 0.000535 -0.000415 0.000736
vn 0.000534 -0.00042 0.000734
vn 0.000596 -0.000421 0.000684
vn 0.000242 -0.000308 -0.00092
vn 0.000924 -0.000318 -0.000213
vn 0.000938 -0.000316 -0.000142
vn -0.000708 -0.000314 -0.000632
vn -0.000757 -0.000309 -0.000575
vn -0.000756 -0.000316 -0.000573
vn -0.000801 -0.000318 -0.000507
vn -0.000732 -0.000316 0.000603
vn -0.000678 -0.000318 0.000662
vn -0.000196 -0.000316 0.000928
vn -0.00012 -0.000318 0.00094
vn 0.000272 -0.000316 0.000909
vn 0.000348 -0.000318 0.000882
vn 0.000165 -0.000097 -0.000981
vn 0.000739 -0.000118 -0.000663
vn 0.000788 -0.00013 -0.000602
vn 0.000988 -0.000153 0.000023
vn 0.000985 -0.000137 0.000101
vn -0.000914 -0.000137 -0.000381
vn -0.000939 -0.000153 -0.000307
vn -0.000966 -0.000132 -0.000224
vn -0.000981 -0.000121 -0.00015
vn -0.000989 -0.000133 -0.000057
vn -0.000992 -0.000129 0.000017
vn -0.000952 -0.000141 0.000271
vn -0.000932 -0.000122 0.000342
vn -0.000511 -0.000137 0.000849
vn -0.000442 -0.000153 0.000884
vn -0.000434 -0.000218 0.000874
vn -0.00037 -0.000107 0.000923
vn -0.00012 -0.000144 0.000982
vn -0.000042 -0.000123 0.000992
vn -0.000041 -0.00013 0.000991
vn 0.000039 -0.000118 0.000992
vn 0.000664 -0.000217 -0.000715
vn 0.000742 -0.00002 -0.00067
vn 0.000797 -0.000035 -0.000603
vn 0.000841 -0.000057 -0.000538
vn 0.000923 -0.000036 -0.000384
vn 0.000949 -0.000058 -0.000309
vn 0.00095 -0.000045 -0.000308
vn 0.000972 -0.000045 -0.000231
vn 0.000989 -0.000032 -0.000143
vn 0.000997 -0.000043 -0.000063
vn 0.000998 -0.000002 -0.000061
vn 0.000979 -0.0002 0.000024
vn -0.000088 -0.000045 -0.000995
vn -0.000166 -0.000045 -0.000985
vn -0.000166 -0.000043 -0.000985
vn -0.000245 -0.000032 -0.000969
vn -0.000623 -0.000045 -0.000781
vn -0.000684 -0.000045 -0.000728
vn -0.000684 -0.000058 -0.000728
vn -0.00074 -0.000035 -0.000671
vn -0.000931 -0.0002 -0.000306
vn -0.000973 -0.000004 -0.000231
vn 0.000044 -0.00002 0.000999
vn 0.000128 -0.000217 0.000968
vn 0.000125 -0.000097 0.000987
vn 0.000204 -0.00004 0.000978
vn 0.000447 -0.000057 0.000893
vn 0.000515 -0.000035 0.000857
vn -0.000647 0.000164 0.000745
vn -0.000705 0.000164 0.000691
vn -0.000701 0.000193 0.000686
vn -0.000754 0.000193 0.000627
vn -0.000812 0.000164 0.00056
vn -0.000854 0.000164 0.000493
vn -0.000854 0.000164 0.000493
vn -0.000891 0.000164 0.000422
vn -0.000955 0.000134 0.000265
vn -0.000973 0.000133 0.000186
vn -0.000969 0.000164 0.000185
vn -0.000981 0.000164 0.000106
vn -0.000989 0.000135 -0.000064
vn -0.000981 0.000133 -0.000144
vn -0.000827 0.000193 -0.000528
vn -0.000782 0.000193 -0.000593
vn -0.000781 0.000193 -0.000593
vn -0.000729 0.000193 -0.000656
vn -0.000612 0.000164 -0.000773
vn -0.000548 0.000164 -0.00082
vn -0.0004 0.000135 -0.000907
vn -0.000327 0.000133 -0.000936
vn -0.000324 0.000164 -0.000932
vn -0.000246 0.000164 -0.000955
vn -0.000082 0.000175 -0.000981
vn -0.000005 0.000155 -0.000988
vn -0.000004 -0.000479 -0.000878
vn 0.000002 -0.000206 -0.000979
vn 0.00008 -0.000117 -0.00099
vn 0.000084 -0.000038 -0.000996
vn 0.000158 -0.000209 -0.000965
vn 0.000244 -0.000021 -0.000969
vn 0.000333 -0.000036 -0.000942
vn 0.000402 -0.000057 -0.000914
vn 0.000404 0.000135 -0.000905
vn 0.000477 0.000133 -0.000869
vn 0.000485 -0.000032 -0.000874
vn 0.000553 -0.000042 -0.000832
vn 0.000553 -0.000034 -0.000832
vn 0.00062 -0.000058 -0.000783
vn 0.000621 -0.000037 -0.000783
vn 0.000681 -0.000097 -0.000726
vn 0.000726 -0.000515 -0.000456
vn 0.000759 -0.000515 -0.000398
vn 0.000852 -0.00042 0.000312
vn 0.000873 -0.000421 0.000247
vn 0.000837 0.000134 -0.00053
vn 0.000878 0.000133 -0.00046
vn 0.000874 0.000164 -0.000457
vn 0.000909 0.000164 -0.000383
vn 0.000955 0.000193 -0.000223
vn 0.000971 0.000193 -0.000144
vn 0.000974 -0.000124 0.00019
vn 0.000954 -0.000144 0.000262
vn 0.000856 -0.000315 0.000409
vn 0.000821 -0.000325 0.000469
vn 0.00095 0.000164 0.000267
vn 0.000925 0.000164 0.000344
vn 0.000935 -0.000045 0.000352
vn 0.000905 -0.000045 0.000422
vn 0.000859 -0.000107 0.000501
vn 0.000802 -0.000217 0.000557
vn 0.000731 -0.000308 0.00061
vn 0.000676 -0.000323 0.000662
vn 0.000811 -0.000143 0.000567
vn 0.000765 -0.000134 0.00063
vn 0.000678 -0.000317 0.000663
vn 0.000616 -0.000333 0.000714
vn 0.000642 0.000164 0.000749
vn 0.00058 0.000164 0.000798
vn 0.00058 0.000164 0.000798
vn 0.000511 0.000164 0.000844
vn 0.000438 0.000164 0.000884
vn 0.000364 0.000163 0.000917
vn 0.000361 0.000193 0.000912
vn 0.000286 0.000193 0.000939
vn -0.000124 0.000193 0.000973
vn -0.000205 0.000193 0.00096
vn -0.000205 0.000164 0.000965
vn -0.000283 0.000164 0.000945
vn 0 -0.000832 -0.000554
vn 0.000001 -0.000817 -0.000577
vn 0.00005 -0.000811 -0.000583
vn 0.000048 -0.000822 -0.000568
vn 0.000097 -0.000814 -0.000573
vn 0.000099 -0.000807 -0.000582
vn 0.000145 -0.000805 -0.000575
vn 0.000138 -0.000831 -0.000539
vn 0.000186 -0.000828 -0.000528
vn 0.000192 -0.000811 -0.000552
vn 0.000242 -0.000804 -0.000543
vn 0.000228 -0.000826 -0.000516
vn 0.000275 -0.000822 -0.000498
vn 0.000284 -0.000811 -0.000512
vn 0.000326 -0.000807 -0.000492
vn 0.000315 -0.000822 -0.000474
vn 0.000359 -0.000816 -0.000454
vn 0.000362 -0.000812 -0.000458
vn 0.000408 -0.000802 -0.000435
vn 0.00041 -0.000801 -0.000437
vn 0.000449 -0.000799 -0.000401
vn 0.000419 -0.000825 -0.000378
vn 0.000453 -0.000823 -0.000344
vn 0.000458 -0.000818 -0.000348
vn 0.000494 -0.000811 -0.000313
vn 0.000465 -0.000834 -0.000297
vn 0.000494 -0.000831 -0.000257
vn 0.000482 -0.000839 -0.000252
vn 0.00051 -0.000833 -0.000215
vn 0.000539 -0.000812 -0.000225
vn 0.000569 -0.000802 -0.000183
vn 0.000542 -0.000822 -0.000176
vn 0.000554 -0.000822 -0.000132
vn 0.000559 -0.000818 -0.000132
vn 0.000568 -0.000819 -0.000085
vn 0.000601 -0.000794 -0.000087
vn 0.000612 -0.00079 -0.000037
vn 0.000582 -0.000812 -0.000038
vn 0.000597 -0.000802 0.000014
vn 0.000571 -0.000821 0.000011
vn 0.000568 -0.000821 0.000059
vn 0.00057 -0.00082 0.000059
vn 0.000564 -0.000819 0.000108
vn 0.000556 -0.000824 0.000107
vn 0.000553 -0.000818 0.000156
vn 0.000514 -0.000846 0.000142
vn 0.000501 -0.000845 0.000184
vn 0.000552 -0.000808 0.000207
vn 0.000532 -0.000808 0.000252
vn 0.000496 -0.000837 0.000232
vn 0.000479 -0.000834 0.000275
vn 0.000499 -0.000818 0.000288
vn 0.000483 -0.000809 0.000336
vn 0.000482 -0.000809 0.000336
vn 0.000455 -0.000808 0.000375
vn 0.000438 -0.000822 0.000363
vn 0.000409 -0.00082 0.0004
vn 0.000415 -0.000814 0.000406
vn 0.000383 -0.000809 0.000446
vn 0.000364 -0.00083 0.000422
vn 0.000329 -0.00083 0.00045
vn 0.000343 -0.000811 0.000473
vn 0.000305 -0.000807 0.000505
vn 0.000302 -0.000812 0.0005
vn 0.000265 -0.000802 0.000535
vn 0.000255 -0.000821 0.00051
vn 0.00021 -0.000822 0.00053
vn 0.000211 -0.000818 0.000534
vn 0.000165 -0.000819 0.00055
vn 0.000161 -0.00083 0.000534
vn 0.000117 -0.000827 0.00055
vn 0.000121 -0.000812 0.000572
vn 0.000074 -0.000802 0.000592
vn 0.000074 -0.000808 0.000585
vn 0.000023 -0.000808 0.000588
vn 0.000024 -0.000825 0.000565
vn -0.000023 -0.000822 0.000569
vn -0.000023 -0.000818 0.000575
vn -0.000074 -0.000809 0.000584
vn -0.000071 -0.000818 0.00057
vn -0.000121 -0.000819 0.000561
vn -0.000114 -0.000837 0.000536
vn -0.000159 -0.000834 0.000529
vn -0.00016 -0.000833 0.00053
vn -0.000208 -0.000825 0.000525
vn -0.000209 -0.000824 0.000526
vn -0.000258 -0.000816 0.000518
vn -0.00025 -0.000826 0.000505
vn -0.000292 -0.000826 0.000482
vn -0.000285 -0.000835 0.000472
vn -0.000325 -0.000833 0.000448
vn -0.00034 -0.000814 0.000471
vn -0.000386 -0.000809 0.000444
vn -0.000364 -0.00083 0.000422
vn -0.000398 -0.00083 0.000391
vn -0.000409 -0.00082 0.0004
vn -0.000444 -0.000818 0.000366
vn -0.00043 -0.000829 0.000356
vn -0.000466 -0.000823 0.000323
vn -0.000449 -0.000837 0.000313
vn -0.000473 -0.000837 0.000276
vn -0.000506 -0.000812 0.000292
vn -0.000534 -0.000807 0.00025
vn -0.000512 -0.000825 0.000241
vn -0.000542 -0.000816 0.0002
vn -0.00052 -0.000832 0.000192
vn -0.000543 -0.000826 0.000152
vn -0.000533 -0.000832 0.00015
vn -0.000545 -0.000832 0.000104
vn -0.000548 -0.00083 0.000104
vn -0.000559 -0.000827 0.000059
vn -0.000551 -0.000833 0.000058
vn -0.000565 -0.000825 0.000011
vn -0.000571 -0.000821 0.000011
vn -0.000569 -0.000821 -0.000036
vn -0.000537 -0.000843 -0.000032
vn -0.000536 -0.00084 -0.00008
vn -0.00056 -0.000824 -0.000084
vn -0.000557 -0.00082 -0.00013
vn -0.000568 -0.000812 -0.000133
vn -0.000568 -0.000802 -0.000185
vn -0.000553 -0.000814 -0.000179
vn -0.000534 -0.000814 -0.000226
vn -0.000497 -0.000842 -0.000208
vn -0.000479 -0.000842 -0.000249
vn -0.000494 -0.00083 -0.000258
vn -0.000475 -0.000827 -0.000302
vn -0.000473 -0.000828 -0.0003
vn -0.000448 -0.000826 -0.000341
vn -0.000445 -0.000829 -0.000338
vn -0.000421 -0.000824 -0.000378
vn -0.000434 -0.000812 -0.000391
vn -0.000408 -0.000802 -0.000435
vn -0.000404 -0.000808 -0.00043
vn -0.000365 -0.000808 -0.000462
vn -0.000341 -0.000837 -0.000428
vn -0.000304 -0.000837 -0.000456
vn -0.000317 -0.00082 -0.000477
vn -0.000277 -0.000819 -0.000503
vn -0.000255 -0.000845 -0.000469
vn -0.000221 -0.000842 -0.000493
vn -0.000226 -0.000832 -0.000506
vn -0.000182 -0.000832 -0.000524
vn -0.00018 -0.000837 -0.000517
vn -0.000138 -0.000837 -0.00053
vn -0.000149 -0.000794 -0.000589
vn -0.0001 -0.00079 -0.000605
vn -0.000097 -0.000818 -0.000566
vn -0.000048 -0.000819 -0.000572
vn -0.000048 -0.000835 -0.000548
vn -0.00002 0.000988 0.000151
vn -0.000035 0.000985 0.000167
vn -0.000063 0.000985 0.000159
vn -0.000072 0.000987 0.000144
vn -0.000123 0.000978 0.00017
vn -0.000111 0.000985 0.000129
vn -0.000131 0.000985 0.000109
vn -0.00014 0.000985 0.000097
vn -0.000138 0.000988 0.000064
vn -0.00016 0.000985 0.000059
vn -0.000167 0.000985 0.000032
vn -0.000152 0.000988 0.000002
vn -0.00017 0.000985 -0.00001
vn -0.000227 0.000973 -0.000053
vn -0.000153 0.000987 -0.00005
vn -0.000179 0.000979 -0.000094
vn -0.000171 0.000979 -0.000109
vn -0.000156 0.000978 -0.00014
vn -0.000117 0.000985 -0.000124
vn -0.000116 0.000978 -0.000175
vn -0.000073 0.000988 -0.000133
vn -0.000093 0.000973 -0.00021
vn -0.000047 0.000982 -0.000183
vn -0.000025 0.000988 -0.00015
vn 0 0.000982 -0.000189
vn 0.000015 0.000982 -0.000188
vn 0.000038 0.000988 -0.000147
vn 0.000069 0.000985 -0.000156
vn 0.000082 0.000985 -0.00015
vn 0.00013 0.000978 -0.000164
vn 0.000117 0.000985 -0.000124
vn 0.000167 0.000978 -0.000127
vn 0.000177 0.000978 -0.000112
vn 0.000193 0.000978 -0.000081
vn 0.000162 0.000985 -0.000053
vn 0.000169 0.000985 -0.000025
vn 0.000161 0.000987 -0.00001
vn 0.000151 0.000988 0.000016
vn 0.000195 0.000979 0.000055
vn 0.000214 0.000974 0.00008
vn 0.000138 0.000988 0.000065
vn 0.000176 0.000979 0.000101
vn 0.000124 0.000988 0.000087
vn 0.000111 0.000988 0.000109
vn 0.000101 0.000988 0.000118
vn 0.000088 0.000985 0.000146
vn 0.000076 0.000985 0.000153
vn 0.00005 0.000985 0.000163
vn 0.000042 0.000979 0.000198
vn 0.000007 0.000985 0.00017
vn 0.000134 0.000988 0.00008
vn 0.000502 0.000712 0.000491
vn 0.000465 0.000704 0.000537
vn 0.000445 -0.000006 0.000896
vn 0.000368 -0.000008 0.00093
vn 0.000282 -0.000273 0.00092
vn 0.000195 -0.000284 0.000939
vn 0.000144 0.000985 0.0001
vn 0.000474 0.000689 0.000548
vn 0.000429 0.000682 0.000592
vn 0.000368 -0.000006 0.00093
vn 0.000285 -0.000008 0.000959
vn 0.000041 -0.000509 0.00086
vn -0.000041 -0.000515 0.000856
vn 0.000115 0.000987 0.000112
vn 0.000364 0.000712 0.000601
vn 0.000316 0.000703 0.000637
vn 0.000212 0.000006 0.000977
vn 0.000125 -0.000019 0.000992
vn 0.000091 0.000985 0.00015
vn 0.000045 0.000327 0.000944
vn -0.000045 0.000312 0.000949
vn -0.000038 0.000006 0.000999
vn -0.000126 -0.000019 0.000992
vn 0.000062 0.000978 0.000199
vn -0.000366 -0.000107 0.000924
vn -0.000444 -0.000127 0.000887
vn -0.000425 -0.000283 0.00086
vn -0.000497 -0.000286 0.00082
vn 0.000012 0.000971 0.000238
vn -0.000022 0.000985 0.000174
vn -0.000266 0.000689 0.000674
vn -0.000328 0.000681 0.000654
vn -0.000453 0.000484 0.000749
vn -0.000522 0.000471 0.000711
vn -0.000711 -0.000103 0.000696
vn -0.000766 -0.000116 0.000633
vn -0.000042 0.000978 0.000206
vn -0.000766 -0.000107 0.000634
vn -0.000817 -0.000127 0.000563
vn -0.000787 -0.000283 0.000549
vn -0.000832 -0.000286 0.000475
vn -0.000061 0.000986 0.000155
vn -0.00041 0.000712 0.00057
vn -0.000463 0.000704 0.000539
vn -0.000853 -0.00041 0.000322
vn -0.000874 -0.000423 0.00024
vn -0.000094 0.000977 0.000194
vn -0.000473 0.000689 0.000549
vn -0.000523 0.000682 0.000512
vn -0.000864 0.000009 0.000504
vn -0.000905 -0.000005 0.000425
vn -0.000104 0.000985 0.00014
vn -0.000558 0.000689 0.000462
vn -0.000603 0.000681 0.000415
vn -0.000955 -0.000115 0.000272
vn -0.000976 -0.000119 0.000184
vn -0.000959 -0.000214 0.000185
vn -0.000969 -0.000225 0.000099
vn -0.000135 0.000985 0.000112
vn -0.000635 0.000712 0.0003
vn -0.000668 0.000703 0.000244
vn -0.000993 -0.000115 0.000021
vn -0.000991 -0.000119 -0.000067
vn -0.000902 -0.000411 -0.000133
vn -0.000881 -0.000423 -0.000212
vn -0.000158 0.000985 0.000075
vn -0.000732 0.000666 0.00014
vn -0.000748 0.000659 0.000078
vn -0.000933 0.000356 -0.000053
vn -0.00093 0.000341 -0.000137
vn -0.000852 -0.000387 -0.000353
vn -0.000815 -0.000391 -0.000428
vn -0.000172 0.000985 0.000033
vn -0.000812 -0.000273 -0.000515
vn -0.000764 -0.000284 -0.00058
vn -0.000175 0.000985 0.000004
vn -0.000685 0.000712 -0.000155
vn -0.000676 0.000704 -0.00022
vn -0.000822 0.000457 -0.00034
vn -0.000793 0.000445 -0.000416
vn -0.000235 0.000972 -0.000012
vn -0.000668 0.000712 -0.000217
vn -0.000654 0.000703 -0.000278
vn -0.000776 0.000484 -0.000405
vn -0.000745 0.000471 -0.000472
vn -0.00016 0.000986 -0.000041
vn -0.000697 0.000484 -0.000529
vn -0.000653 0.000471 -0.000593
vn -0.000685 -0.000006 -0.000729
vn -0.000618 -0.000008 -0.000786
vn -0.000167 0.000985 -0.000054
vn -0.000184 0.000978 -0.000096
vn -0.000524 0.000712 -0.000467
vn -0.000487 0.000703 -0.000518
vn -0.000547 0.000485 -0.000683
vn -0.000485 0.000471 -0.000737
vn -0.000409 -0.000115 -0.000905
vn -0.000324 -0.000119 -0.000939
vn -0.00032 -0.000254 -0.000913
vn -0.000236 -0.000257 -0.000937
vn -0.000129 0.000985 -0.000118
vn -0.000392 0.000712 -0.000583
vn -0.000339 0.000703 -0.000626
vn -0.000253 0.000009 -0.000967
vn -0.000162 -0.000005 -0.000987
vn -0.000082 -0.000244 -0.000966
vn 0.000003 -0.000255 -0.000967
vn -0.000085 0.000988 -0.000131
vn -0.00015 0.000485 -0.000862
vn -0.000072 0.000471 -0.000879
vn -0.000038 0.000988 -0.000152
vn 0.000068 0.000579 -0.000813
vn 0.00014 0.000568 -0.000811
vn 0.000404 -0.000103 -0.000909
vn 0.000478 -0.000115 -0.00087
vn 0.000509 -0.00038 -0.000772
vn 0.000577 -0.000389 -0.000719
vn -0 0.000981 -0.000194
vn 0.000682 -0.000388 -0.00062
vn 0.000733 -0.000395 -0.000554
vn 0.000045 0.000983 -0.000178
vn 0.000349 0.000689 -0.000635
vn 0.000408 0.000681 -0.000608
vn 0.000812 -0.000273 -0.000515
vn 0.00085 -0.000284 -0.000444
vn 0.000071 0.000985 -0.00016
vn 0.000433 0.000712 -0.000553
vn 0.000487 0.000703 -0.000518
vn 0.000658 0.000457 -0.000599
vn 0.000714 0.000445 -0.000541
vn 0.000875 -0.000388 -0.000289
vn 0.000897 -0.000391 -0.000205
vn 0.000077 0.000987 -0.00014
vn 0.000481 0.000712 -0.000512
vn 0.000531 0.000703 -0.000474
vn 0.000697 0.000484 -0.00053
vn 0.000745 0.000472 -0.000472
vn 0.00011 0.000985 -0.000136
vn 0.000775 0.000484 -0.000406
vn 0.000815 0.000471 -0.000338
vn 0.00012 0.000985 -0.000128
vn 0.000972 -0.000006 -0.000233
vn 0.000989 -0.000008 -0.000145
vn 0.000171 0.000977 -0.00013
vn 0.000646 0.000712 -0.000276
vn 0.000677 0.000703 -0.000217
vn 0.000998 0.000005 -0.000063
vn 0.001 -0.000019 0.000023
vn 0.000993 -0.000115 0.000019
vn 0.000987 -0.000119 0.000106
vn 0.000826 -0.000515 0.000228
vn 0.0008 -0.000517 0.000303
vn 0.000162 0.000985 -0.000066
vn 0.000695 0.000712 -0.000103
vn 0.000709 0.000703 -0.000045
vn 0.000839 -0.00038 0.000389
vn 0.000795 -0.000389 0.000465
vn 0.000165 0.000986 -0.000024
vn 0.000699 0.000712 0.000073
vn 0.000698 0.000703 0.000136
vn 0.000159 0.000987 0.000017
vn 0.00066 0.000712 0.00024
vn 0.000642 0.000703 0.000306
vn 0.000771 -0.000006 0.000637
vn 0.000714 -0.000008 0.0007
vn 0.000226 0.000972 0.000062
vn 0.00061 0.000712 0.000348
vn 0.000584 0.000703 0.000406
vn 0.000145 0.000988 0.000057
vn 0.000577 0.000712 0.000401
vn 0.000548 0.000703 0.000453
vn 0.00059 0.000009 0.000808
vn 0.000518 -0.000005 0.000856
vn 0.000368 0.000703 0.000608
vn 0.000413 0.000712 0.000568
vn 0.000124 0.000987 0.000102
vn 0.000132 0.000985 0.000108
vn 0.000115 0.000985 0.000133
vn 0.000313 0.000712 0.000629
vn 0.000262 0.000703 0.000661
vn 0.000257 0.000485 0.000836
vn 0.00018 0.000471 0.000864
vn 0.000125 -0.000006 0.000992
vn 0.000037 -0.000008 0.000999
vn -0.00027 -0.000389 0.000881
vn -0.000188 -0.00038 0.000906
vn 0.000203 0.000703 0.000682
vn 0.000259 0.000712 0.000653
vn 0.000103 0.000985 0.000142
vn 0.0001 0.000985 0.000138
vn 0.000074 0.000986 0.000149
vn 0.00015 0.000712 0.000686
vn 0.000089 0.000703 0.000705
vn -0.000125 -0.000006 0.000992
vn -0.000213 -0.000008 0.000977
vn -0.000366 -0.000127 0.000922
vn -0.000283 -0.000106 0.000953
vn 0.000025 0.000703 0.000711
vn 0.000088 0.000712 0.000697
vn 0.000065 0.000985 0.000163
vn 0.000059 0.000987 0.00015
vn 0.000035 0.000985 0.000171
vn -0.000024 0.000712 0.000702
vn -0.000089 0.000703 0.000705
vn -0.00018 0.000457 0.000871
vn -0.000264 0.000444 0.000856
vn -0.000497 -0.000283 0.00082
vn -0.000567 -0.000286 0.000773
vn -0.000151 0.000703 0.000695
vn -0.000088 0.000712 0.000697
vn 0.000022 0.000985 0.000174
vn 0.000021 0.000985 0.000169
vn -0.00071 -0.000118 0.000694
vn -0.000647 -0.000115 0.000754
vn -0.000655 -0.000005 0.000756
vn -0.000584 0.000009 0.000811
vn -0.000457 0.000472 0.000754
vn -0.000385 0.000485 0.000785
vn -0.000269 0.000682 0.00068
vn -0.000205 0.00069 0.000694
vn -0.00001 0.000988 0.000155
vn -0.00001 0.000973 0.000233
vn -0.000052 0.000985 0.000167
vn -0.000059 0.000979 0.000196
vn -0.000939 -0.00002 0.000344
vn -0.000905 0.000005 0.000426
vn -0.000766 0.000471 0.000438
vn -0.000716 0.000485 0.000503
vn -0.000564 0.000682 0.000466
vn -0.000517 0.000689 0.000507
vn -0.000111 0.000977 0.000184
vn -0.000109 0.000978 0.000179
vn -0.000109 0.000986 0.000126
vn -0.000874 0.000356 0.00033
vn -0.000907 0.00034 0.000248
vn -0.000899 -0.000417 -0.000133
vn -0.000911 -0.000408 -0.000054
vn -0.000992 -0.000127 0.00002
vn -0.000989 -0.000106 0.000106
vn -0.000643 0.000703 0.000303
vn -0.000606 0.000712 0.000354
vn -0.000125 0.000985 0.000123
vn -0.000116 0.000987 0.000113
vn -0.000176 0.000977 0.000124
vn -0.000718 0.000682 0.000138
vn -0.000696 0.00069 0.0002
vn -0.000136 0.000988 0.000076
vn -0.000182 0.000978 0.000105
vn -0.000223 0.000971 0.000086
vn -0.00072 0.000689 0.000076
vn -0.000731 0.000682 0.000015
vn -0.000925 0.000355 -0.000136
vn -0.000915 0.00034 -0.000219
vn -0.000975 0.000006 -0.000224
vn -0.000951 -0.000019 -0.000309
vn -0.000809 -0.000284 -0.000514
vn -0.000853 -0.000273 -0.000444
vn -0.00092 -0.000008 -0.000392
vn -0.000951 -0.000006 -0.000309
vn -0.00073 0.000681 -0.000051
vn -0.000724 0.000689 0.000016
vn -0.000168 0.000985 0.000044
vn -0.000224 0.000973 0.000062
vn -0.000707 -0.000294 -0.000643
vn -0.000766 -0.000276 -0.000581
vn -0.000156 0.000988 0.000016
vn -0.00017 0.000985 0.000018
vn -0.000345 -0.000515 -0.000785
vn -0.000419 -0.000509 -0.000752
vn -0.000527 -0.000286 -0.0008
vn -0.000599 -0.000283 -0.000749
vn -0.000684 -0.000019 -0.000729
vn -0.000746 0.000006 -0.000666
vn -0.000702 0.000472 -0.000533
vn -0.000739 0.000484 -0.000468
vn -0.000235 0.000971 -0.000035
vn -0.000227 0.000973 -0.000034
vn -0.000478 -0.000008 -0.000878
vn -0.000557 -0.000006 -0.00083
vn -0.000193 0.000978 -0.000079
vn -0.000157 0.000985 -0.000066
vn -0.000175 0.000978 -0.000111
vn -0.000481 0.000712 -0.000512
vn -0.000439 0.000703 -0.000559
vn -0.00046 0.000327 -0.000826
vn -0.000381 0.000311 -0.00087
vn -0.00008 -0.000286 -0.000955
vn -0.000164 -0.000283 -0.000945
vn -0.000171 0.000977 -0.00013
vn -0.000161 0.000979 -0.000123
vn -0.000108 0.000988 -0.000114
vn 0.000163 -0.000263 -0.000951
vn 0.00008 -0.000247 -0.000966
vn 0.000085 -0.000158 -0.000984
vn -0.000002 -0.000136 -0.000991
vn -0.000201 0.000568 -0.000798
vn -0.000271 0.000579 -0.000769
vn -0.000239 0.000682 -0.000691
vn -0.000299 0.00069 -0.000659
vn -0.000135 0.000977 -0.000168
vn -0.000094 0.000988 -0.00012
vn -0.000116 0.000972 -0.000206
vn -0.000177 0.000712 -0.00068
vn -0.000116 0.000703 -0.000702
vn 0.000162 -0.000115 -0.00098
vn 0.000247 -0.000119 -0.000962
vn -0.000068 0.000985 -0.00016
vn -0.000071 0.000579 -0.000812
vn 0.000001 0.000569 -0.000822
vn 0.000247 -0.000146 -0.000958
vn 0.000326 -0.000148 -0.000934
vn 0.000404 -0.000115 -0.000907
vn 0.000326 -0.000103 -0.00094
vn 0.000066 0.000594 -0.000802
vn -0.000001 0.000604 -0.000797
vn -0.000065 0.000981 -0.000183
vn -0.000056 0.000985 -0.000161
vn -0.000037 0.000977 -0.000212
vn 0.000478 -0.000116 -0.00087
vn 0.000553 -0.000127 -0.000823
vn 0.000267 0.000593 -0.00076
vn 0.000196 0.000604 -0.000772
vn 0.000183 0.000682 -0.000708
vn 0.000118 0.00069 -0.000714
vn -0.000015 0.000981 -0.000193
vn -0.000017 0.000978 -0.000209
vn 0.000015 0.000983 -0.000181
vn 0.000236 0.00069 -0.000685
vn 0.000297 0.000682 -0.000668
vn 0.000617 0.000006 -0.000787
vn 0.000685 -0.000019 -0.000728
vn 0.00081 -0.000284 -0.000513
vn 0.000765 -0.000273 -0.000583
vn 0.000747 -0.000006 -0.000665
vn 0.000684 0.000009 -0.000729
vn 0.00056 0.000444 -0.000699
vn 0.000488 0.000457 -0.000744
vn 0.000352 0.000682 -0.000641
vn 0.000294 0.000689 -0.000662
vn 0.000027 0.000988 -0.000154
vn 0.00003 0.000984 -0.000174
vn 0.000883 -0.000294 -0.000366
vn 0.000852 -0.000276 -0.000445
vn 0.000058 0.000985 -0.000165
vn 0.000059 0.000984 -0.000168
vn 0.000953 -0.00002 -0.000304
vn 0.00092 0.000006 -0.000392
vn 0.000781 0.000472 -0.000409
vn 0.000738 0.000484 -0.000469
vn 0.000118 0.000977 -0.00018
vn 0.000087 0.000988 -0.000129
vn 0.000998 -0.000005 -0.000062
vn 0.000989 0.000009 -0.000146
vn 0.000873 0.000444 -0.0002
vn 0.000844 0.000457 -0.00028
vn 0.000159 0.000977 -0.000145
vn 0.000127 0.000985 -0.000114
vn 0.000181 0.000977 -0.000115
vn 0.000946 -0.000273 0.000177
vn 0.000922 -0.000284 0.000261
vn 0.000981 -0.000008 0.000192
vn 0.000995 -0.000006 0.000102
vn 0.000703 0.000703 -0.000104
vn 0.000683 0.000712 -0.000164
vn 0.00019 0.000977 -0.0001
vn 0.000186 0.000978 -0.000097
vn 0.000204 0.000977 -0.000068
vn 0.000701 0.000712 -0.000045
vn 0.00071 0.000704 0.000014
vn 0.000903 -0.000008 0.000431
vn 0.000939 -0.000006 0.000344
vn 0.000889 0.000312 0.000336
vn 0.000912 0.000326 0.00025
vn 0.000849 0.000471 0.000239
vn 0.00086 0.000485 0.00016
vn 0.000727 0.000682 0.000077
vn 0.000724 0.000689 0.000015
vn 0.00017 0.000985 -0.000038
vn 0.000204 0.000978 -0.000048
vn 0.000157 0.000988 -0.00001
vn 0.000869 0.000006 0.000496
vn 0.000821 -0.000019 0.000571
vn 0.00077 -0.000008 0.000637
vn 0.000821 -0.000006 0.000571
vn 0.000774 0.000444 0.000452
vn 0.000807 0.000457 0.000374
vn 0.000157 0.000988 0.000003
vn 0.000152 0.000988 0.000003
vn 0.000581 -0.000118 0.000805
vn 0.000651 -0.000115 0.00075
vn 0.000652 -0.000005 0.000758
vn 0.000714 0.000009 0.0007
vn 0.000205 0.000978 0.000037
vn 0.000153 0.000988 0.000029
vn 0.000189 0.000978 0.000087
vn 0.000542 0.000712 0.000448
vn 0.000508 0.000703 0.000497
vn 0.000518 0.000005 0.000855
vn 0.000444 -0.000019 0.000896
vn -0 0.00085 -0.000527
vn -0.000031 0.000583 0.000812
vn -0.000104 0.000589 0.000801
vn -0.000168 0.000581 0.000796
vn -0.000234 0.000591 0.000772
vn -0.000299 0.000578 0.000759
vn -0.000359 0.000594 0.00072
vn -0.000421 0.000583 0.000695
vn -0.000418 0.000591 0.00069
vn -0.00048 0.000578 0.00066
vn -0.000474 0.000591 0.000652
vn -0.000532 0.000578 0.000618
vn -0.000576 0.000594 0.000562
vn -0.000626 0.000583 0.000518
vn -0.000622 0.000591 0.000514
vn -0.00067 0.000578 0.000466
vn -0.000664 0.000589 0.000461
vn -0.000703 0.000581 0.000409
vn -0.00073 0.000593 0.00034
vn -0.000762 0.000583 0.000283
vn -0.000756 0.000591 0.000281
vn -0.000786 0.000578 0.000219
vn -0.000778 0.000589 0.000217
vn -0.000799 0.000581 0.000153
vn -0.000791 0.000594 0.00015
vn -0.000807 0.000584 0.000088
vn -0.000808 0.000589 0.000014
vn -0.000812 0.000581 -0.00005
vn -0.000796 0.000594 -0.000119
vn -0.000791 0.000583 -0.000184
vn -0.000768 0.000589 -0.000251
vn -0.000751 0.000581 -0.000313
vn -0.00064 0.000593 -0.000488
vn -0.000604 0.000583 -0.000544
vn -0.000599 0.000591 -0.00054
vn -0.00056 0.000579 -0.000593
vn -0.000499 0.000589 -0.000635
vn -0.000453 0.000581 -0.000676
vn -0.000326 0.000589 -0.000739
vn -0.000268 0.000581 -0.000768
vn -0.000264 0.000594 -0.00076
vn -0.000205 0.000584 -0.000786
vn -0.000132 0.000589 -0.000797
vn -0.000068 0.000581 -0.000811
vn -0.000068 0.000574 -0.000816
vn -0 0.000561 -0.000828
vn 0 0.000573 -0.000819
vn 0.000066 0.000563 -0.000824
vn 0.000267 0.000591 -0.000761
vn 0.000332 0.000578 -0.000746
vn 0.000329 0.000589 -0.000738
vn 0.00039 0.000581 -0.000714
vn 0.000448 0.000591 -0.000671
vn 0.000507 0.000578 -0.00064
vn 0.000501 0.000591 -0.000632
vn 0.000559 0.000578 -0.000595
vn 0.000553 0.000589 -0.000589
vn 0.000605 0.000581 -0.000545
vn 0.000598 0.000594 -0.000538
vn 0.000647 0.000583 -0.000491
vn 0.000643 0.000591 -0.000487
vn 0.000689 0.000578 -0.000437
vn 0.000682 0.000589 -0.000433
vn 0.000721 0.000581 -0.000377
vn 0.000713 0.000594 -0.000373
vn 0.000749 0.000583 -0.000315
vn 0.000744 0.000591 -0.000312
vn 0.000776 0.000578 -0.000252
vn 0.000768 0.000589 -0.000249
vn 0.000792 0.000581 -0.000186
vn 0.000787 0.000589 -0.000184
vn 0.000805 0.000581 -0.00012
vn 0.000659 0.000593 0.000462
vn 0.000627 0.000583 0.000516
vn 0.000526 0.000589 0.000613
vn 0.000478 0.000581 0.000658
vn 0.000473 0.000594 0.000651
vn 0.000421 0.000583 0.000695
vn 0.000417 0.000591 0.00069
vn 0.000364 0.000578 0.00073
vn 0.000296 0.000589 0.000752
vn 0.000237 0.000581 0.000778
vn 0.000166 0.000591 0.000789
vn 0.000102 0.000578 0.00081
vn 0.000101 0.000589 0.000802
vn 0.000034 0.000581 0.000813
vn 0.000033 0.000594 0.000804
vn -0.000156 0.00067 0.000726
vn -0.000216 0.000662 0.000718
vn -0.000276 0.000667 0.000692
vn -0.000335 0.000655 0.000677
vn -0.00049 0.000664 0.000565
vn -0.000536 0.00066 0.000526
vn -0.000746 0.000664 -0.000049
vn -0.000744 0.00066 -0.000109
vn -0.000725 0.000668 -0.000172
vn -0.000719 0.000655 -0.000232
vn 0.000735 0.00067 -0.000107
vn 0.000748 0.000662 -0.000049
vn 0.000331 0.000664 0.00067
vn 0.000278 0.00066 0.000698
vn -0.00062 0.000739 -0.000263
vn -0.000603 0.000733 -0.000315
vn -0.000598 0.000738 -0.000313
vn -0.000581 0.000726 -0.000369
vn -0.000574 0.000733 -0.000365
vn -0.000544 0.000732 -0.00041
vn 0.000169 0.000737 -0.000654
vn 0.000224 0.000726 -0.00065
vn 0.000327 0.000739 -0.000589
vn 0.000374 0.000734 -0.000567
vn 0.00067 0.000739 0.000072
vn 0.000668 0.000733 0.000127
vn 0.000663 0.000738 0.000127
vn 0.000663 0.000726 0.000185
vn 0.000655 0.000733 0.000183
vn 0.000639 0.000732 0.000236
vn 0.000519 0.000737 0.000433
vn 0.000492 0.000726 0.000481
vn 0.000482 0.000738 0.000473
vn 0.000451 0.000726 0.000519
vn 0.000192 0.000739 0.000645
vn 0.000143 0.000734 0.000664
vn -0.000028 0.000799 0.0006
vn -0.000074 0.00079 0.000608
vn -0.000527 0.000795 0.000301
vn -0.000546 0.000796 0.00026
vn -0.000598 0.000799 0.00006
vn -0.000613 0.00079 0.000015
vn -0.000414 0.000795 -0.000445
vn -0.000378 0.000796 -0.000472
vn -0.000329 0.000801 -0.0005
vn -0.00029 0.000798 -0.000529
vn -0.000289 0.0008 -0.000526
vn -0.000252 0.00079 -0.000559
vn -0.000147 0.000799 -0.000583
vn -0.000105 0.00079 -0.000604
vn 0.000053 0.000799 -0.000599
vn 0.000102 0.00079 -0.000605
vn 0.0001 0.000801 -0.00059
vn 0.000149 0.000798 -0.000584
vn 0.0006 0.000799 -0.000036
vn 0.000614 0.000789 0.000013
vn 0.000607 0.000794 0.000013
vn 0.000602 0.000796 0.000062
vn 0.00056 0.000801 0.00021
vn 0.000546 0.000798 0.000257
vn 0.000543 0.0008 0.000256
vn 0.000532 0.00079 0.000307
vn 0.00052 0.0008 0.0003
vn 0.000505 0.00079 0.000348
vn -0.000022 -0.000001 -0.001
vn 0.000004 -0.000008 -0.001
vn 0.000022 -0.000003 -0.001
vn 0.000082 -0.000003 -0.000997
vn 0.000085 -0.000001 -0.000996
vn 0.000166 -0.000002 -0.000986
vn 0.000167 -0.000001 -0.000986
vn 0.000248 -0.000001 -0.000969
vn 0.00025 -0.000002 -0.000968
vn 0.000327 -0.000002 -0.000945
vn 0.000328 -0.000002 -0.000945
vn 0.000403 -0.000003 -0.000915
vn 0.000407 -0 -0.000914
vn 0.000486 -0 -0.000874
vn 0.000483 -0.000002 -0.000876
vn 0.000552 -0.000002 -0.000834
vn 0.000552 -0.000002 -0.000834
vn 0.00062 -0.000003 -0.000785
vn 0.000621 -0.000002 -0.000784
vn 0.000685 -0.000003 -0.000729
vn 0.000685 -0.000003 -0.000729
vn 0.000742 -0.000003 -0.00067
vn 0.000743 -0.000002 -0.000669
vn 0.000796 -0.000003 -0.000606
vn 0.000796 -0.000002 -0.000605
vn 0.000842 -0.000003 -0.000539
vn 0.000844 -0 -0.000536
vn 0.000888 -0 -0.000459
vn 0.000886 -0.000003 -0.000463
vn 0.000921 -0.000003 -0.000389
vn 0.000922 -0.000002 -0.000388
vn 0.00095 -0.000003 -0.000313
vn 0.000951 -0 -0.000309
vn 0.000974 -0 -0.000228
vn 0.000974 -0 -0.000228
vn 0.00099 -0 -0.000142
vn 0.000989 -0.000002 -0.000145
vn 0.000998 -0.000003 -0.000065
vn 0.000998 -0.000001 -0.000062
vn 0.001 -0.000002 0.000017
vn 0.001 0.000001 0.000021
vn 0.000994 0 0.000109
vn 0.000995 -0.000002 0.000105
vn 0.000983 -0.000002 0.000186
vn 0.000982 -0.000001 0.000187
vn 0.000964 -0.000002 0.000265
vn 0.000963 0 0.000269
vn 0.000936 0 0.000353
vn 0.000937 -0.000002 0.00035
vn 0.000906 -0.000002 0.000424
vn 0.000905 -0.000001 0.000425
vn 0.000867 -0.000002 0.000499
vn 0.000866 -0.000001 0.0005
vn 0.000821 -0.000002 0.00057
vn 0.000822 -0.000002 0.00057
vn 0.00077 -0.000002 0.000638
vn 0.00077 -0.000002 0.000638
vn 0.000716 -0.000002 0.000698
vn 0.000715 -0.000001 0.000699
vn 0.000654 -0.000002 0.000757
vn 0.000654 -0.000002 0.000756
vn 0.000587 -0.000002 0.00081
vn 0.000588 -0.000002 0.000809
vn 0.000518 -0.000002 0.000855
vn 0.000517 -0.000003 0.000856
vn 0.000449 -0.000003 0.000894
vn 0.000444 0 0.000896
vn 0.000368 0 0.00093
vn 0.000368 -0 0.00093
vn 0.000285 -0 0.000959
vn 0.000288 -0.000002 0.000958
vn 0.00021 -0.000002 0.000978
vn 0.000209 -0.000002 0.000978
vn 0.000129 -0.000003 0.000992
vn 0.000125 -0 0.000992
vn 0.000038 -0 0.000999
vn 0.000042 -0.000003 0.000999
vn -0.00004 -0.000003 0.000999
vn -0.000043 -0.000001 0.000999
vn -0.000121 -0.000002 0.000993
vn -0.000124 -0 0.000992
vn -0.000212 -0 0.000977
vn -0.000209 -0.000002 0.000978
vn -0.000288 -0.000002 0.000957
vn -0.00029 -0.000003 0.000957
vn -0.000366 -0.000003 0.00093
vn -0.000368 -0.000002 0.00093
vn -0.000444 -0.000002 0.000896
vn -0.000444 -0.000002 0.000896
vn -0.000518 -0.000002 0.000855
vn -0.000519 -0.000003 0.000855
vn -0.000586 -0.000003 0.00081
vn -0.000588 -0.000002 0.000809
vn -0.000653 -0.000003 0.000757
vn -0.000654 -0.000002 0.000757
vn -0.000715 -0.000002 0.000699
vn -0.000714 -0.000003 0.0007
vn -0.000769 -0.000003 0.000639
vn -0.00077 -0.000002 0.000638
vn -0.000821 -0.000003 0.000571
vn -0.000821 -0.000002 0.000571
vn -0.000865 -0.000002 0.000502
vn -0.000867 0.000001 0.000499
vn -0.000907 0 0.000422
vn -0.000904 -0.000003 0.000427
vn -0.000936 -0.000003 0.000353
vn -0.000937 -0 0.000349
vn -0.000964 -0 0.000265
vn -0.000963 -0.000002 0.000269
vn -0.000982 -0.000002 0.00019
vn -0.000982 -0 0.000187
vn -0.000994 -0 0.000105
vn -0.000995 0 0.000104
vn -0.001 0.000001 0.00002
vn -0.001 -0.000001 0.000022
vn -0.000998 -0.000001 -0.000062
vn -0.000998 0 -0.000063
vn -0.000989 0 -0.000151
vn -0.000989 -0.000003 -0.000146
vn -0.000974 -0.000003 -0.000227
vn -0.000974 -0.000002 -0.000228
vn -0.000952 -0.000002 -0.000305
vn -0.000951 -0 -0.000309
vn -0.00092 -0 -0.000392
vn -0.000921 -0.000002 -0.000389
vn -0.000887 -0.000002 -0.000462
vn -0.000886 -0.000001 -0.000463
vn -0.000844 -0.000002 -0.000536
vn -0.000844 -0.000002 -0.000536
vn -0.000796 -0.000002 -0.000606
vn -0.000797 -0.000003 -0.000604
vn -0.000744 -0.000003 -0.000668
vn -0.000743 -0.000002 -0.000669
vn -0.000687 -0.000003 -0.000726
vn -0.000683 0.000001 -0.00073
vn -0.000621 0 -0.000784
vn -0.000622 -0 -0.000783
vn -0.00055 -0 -0.000835
vn -0.000552 -0.000002 -0.000834
vn -0.000486 -0.000002 -0.000874
vn -0.000482 0 -0.000876
vn -0.000407 0.000001 -0.000914
vn -0.000408 -0 -0.000913
vn -0.000325 -0 -0.000946
vn -0.000329 -0.000003 -0.000944
vn -0.00025 -0.000003 -0.000968
vn -0.000248 -0.000001 -0.000969
vn -0.000171 -0.000002 -0.000985
vn -0.000168 -0 -0.000986
vn -0.000083 -0 -0.000997
vn -0.000084 -0.000001 -0.000996
vn 0.000289 -0.000622 0.000728
vn 0.000349 -0.000609 0.000712
vn -0.000005 -0.000624 -0.000782
vn -0.000065 -0.000617 -0.000784
vn -0.000785 -0.000609 -0.000111
vn -0.0008 -0.000598 -0.000053
vn 0.000035 -0.000693 0.00072
vn 0.000087 -0.000683 0.000725
vn 0.000213 -0.000693 0.000688
vn 0.000268 -0.000682 0.00068
vn 0.000677 -0.000693 0.000247
vn 0.000702 -0.000683 0.0002
vn 0.000717 -0.000693 0.000071
vn 0.00073 -0.000683 0.00002
vn 0.000712 -0.000693 -0.00011
vn 0.000712 -0.000682 -0.000167
vn 0.000701 -0.000694 -0.000165
vn 0.000696 -0.000683 -0.000222
vn 0.000636 -0.000693 -0.000338
vn 0.000619 -0.000683 -0.000388
vn 0.000343 -0.000693 -0.000634
vn 0.000301 -0.000683 -0.000665
vn -0.000062 -0.000694 -0.000717
vn -0.000118 -0.000683 -0.000721
vn -0.000239 -0.000703 -0.00067
vn -0.000294 -0.000691 -0.000661
vn -0.000291 -0.0007 -0.000653
vn -0.000342 -0.000696 -0.000631
vn -0.000403 -0.000693 -0.000597
vn -0.000454 -0.000682 -0.000573
vn -0.000447 -0.000694 -0.000564
vn -0.000497 -0.000683 -0.000535
vn -0.000666 -0.000693 -0.000275
vn -0.000693 -0.000683 -0.00023
vn -0.000714 -0.0007 0.000016
vn -0.000714 -0.000696 0.000075
vn -0.000705 -0.000705 0.000074
vn -0.000704 -0.000698 0.000129
vn -0.000687 -0.0007 0.000197
vn -0.000674 -0.000696 0.000246
vn -0.00065 -0.000693 0.000311
vn -0.000635 -0.000683 0.00036
vn -0.000145 -0.000693 0.000706
vn -0.000096 -0.000683 0.000724
vn -0.000624 -0.00078 -0.000037
vn -0.000631 -0.000776 0.000012
vn -0.000033 -0.000965 0.000261
vn -0.000014 -0.000989 0.000149
vn -0.000033 -0.000988 0.000153
vn -0.000058 -0.000965 0.000255
vn -0.000075 -0.000966 0.000249
vn -0.000072 -0.000968 0.000239
vn -0.000094 -0.000967 0.000237
vn -0.000094 -0.000967 0.000237
vn -0.000118 -0.000964 0.000238
vn -0.000122 -0.000962 0.000245
vn -0.000142 -0.000962 0.000233
vn -0.000129 -0.000968 0.000213
vn -0.00015 -0.000967 0.000206
vn -0.000149 -0.000967 0.000205
vn -0.000172 -0.000965 0.000199
vn -0.000169 -0.000966 0.000196
vn -0.000184 -0.000966 0.00018
vn -0.000178 -0.000968 0.000175
vn -0.000196 -0.000967 0.000162
vn -0.000196 -0.000967 0.000162
vn -0.000219 -0.000964 0.000152
vn -0.000212 -0.000966 0.000148
vn -0.000223 -0.000966 0.000129
vn -0.000119 -0.00099 0.000075
vn -0.000132 -0.000989 0.000064
vn -0.000232 -0.000967 0.000106
vn -0.000241 -0.000966 0.000094
vn -0.000256 -0.000964 0.000067
vn -0.000259 -0.000965 0.000053
vn -0.000161 -0.000987 -0.000011
vn -0.000164 -0.000986 -0.000024
vn -0.000244 -0.000969 -0.000039
vn -0.000245 -0.000968 -0.000057
vn -0.000261 -0.000963 -0.000061
vn -0.000264 -0.000961 -0.000086
vn -0.000136 -0.00099 -0.000039
vn -0.000136 -0.000989 -0.000055
vn -0.000234 -0.000967 -0.000102
vn -0.00023 -0.000966 -0.00012
vn -0.000237 -0.000963 -0.000124
vn -0.000234 -0.000961 -0.000149
vn -0.000231 -0.000962 -0.000147
vn -0.000217 -0.000962 -0.000165
vn -0.000211 -0.000964 -0.00016
vn -0.0002 -0.000963 -0.000181
vn -0.000192 -0.000966 -0.000173
vn -0.000184 -0.000963 -0.000195
vn -0.00014 -0.00098 -0.000142
vn -0.000128 -0.000979 -0.000161
vn -0.000125 -0.00098 -0.000157
vn -0.000113 -0.000978 -0.000173
vn -0.000136 -0.000968 -0.00021
vn -0.000125 -0.000967 -0.00022
vn -0.000079 -0.000968 -0.000237
vn -0.000064 -0.000967 -0.000245
vn -0.000066 -0.000963 -0.000259
vn -0.000046 -0.000961 -0.000274
vn -0.000029 -0.00099 -0.000138
vn -0.000015 -0.000989 -0.000145
vn -0.000017 -0.000978 -0.000209
vn 0.000002 -0.000977 -0.000215
vn 0.000003 -0.000968 -0.00025
vn 0.000021 -0.000967 -0.000253
vn 0.000021 -0.000967 -0.000254
vn 0.000045 -0.000964 -0.000262
vn 0.000044 -0.000965 -0.000259
vn 0.000065 -0.000966 -0.000252
vn 0.000062 -0.000968 -0.000242
vn 0.000084 -0.000967 -0.00024
vn 0.000084 -0.000967 -0.00024
vn 0.000108 -0.000964 -0.000243
vn 0.000077 -0.00098 -0.000184
vn 0.000101 -0.000978 -0.00018
vn 0.000123 -0.000968 -0.000218
vn 0.000141 -0.000967 -0.000212
vn 0.000141 -0.000967 -0.000212
vn 0.000165 -0.000964 -0.000208
vn 0.000158 -0.000967 -0.0002
vn 0.000182 -0.000964 -0.000194
vn 0.000174 -0.000967 -0.000186
vn 0.000193 -0.000966 -0.000174
vn 0.000189 -0.000967 -0.00017
vn 0.000212 -0.000964 -0.000161
vn 0.000202 -0.000967 -0.000154
vn 0.000225 -0.000964 -0.000142
vn 0.000116 -0.00099 -0.00008
vn 0.00013 -0.000989 -0.000068
vn 0.000223 -0.000968 -0.000113
vn 0.000235 -0.000967 -0.000099
vn 0.000239 -0.000966 -0.0001
vn 0.000256 -0.000963 -0.000083
vn 0.000132 -0.00099 -0.000049
vn 0.000142 -0.000989 -0.000036
vn 0.000195 -0.00098 -0.000046
vn 0.000204 -0.000979 -0.00003
vn 0.000262 -0.000964 -0.000036
vn 0.000269 -0.000963 -0.000017
vn 0.000267 -0.000963 -0.000017
vn 0.000277 -0.000961 0.000006
vn 0.0002 -0.00098 -0
vn 0.000205 -0.000979 0.000023
vn 0.000254 -0.000967 0.00003
vn 0.000255 -0.000966 0.000049
vn 0.000254 -0.000966 0.000049
vn 0.000259 -0.000963 0.000073
vn 0.000146 -0.000989 0.000035
vn 0.000146 -0.000988 0.000053
vn 0.000238 -0.000967 0.000092
vn 0.000235 -0.000966 0.000111
vn 0.000234 -0.000966 0.00011
vn 0.000233 -0.000963 0.000135
vn 0.000221 -0.000967 0.000127
vn 0.000219 -0.000964 0.000151
vn 0.000225 -0.000962 0.000156
vn 0.00021 -0.000962 0.000175
vn 0.000192 -0.000969 0.000158
vn 0.000182 -0.000967 0.000177
vn 0.000191 -0.000963 0.000187
vn 0.000181 -0.000961 0.000211
vn 0.000171 -0.000965 0.000199
vn 0.000153 -0.000966 0.000211
vn 0.000155 -0.000964 0.000214
vn 0.000136 -0.000965 0.000226
vn 0.000129 -0.000968 0.000213
vn 0.000116 -0.000967 0.000226
vn 0.000074 -0.00098 0.000187
vn 0.000058 -0.000978 0.000198
vn 0.000069 -0.000968 0.00024
vn 0.000053 -0.000967 0.000249
vn 0.000052 -0.000968 0.000246
vn 0.000033 -0.000965 0.000261
vn 0.000023 -0.00099 0.000139
vn 0.000006 -0.000989 0.000147
vn 0.000007 -0.000968 0.00025
vn -0.000011 -0.000967 0.000254
vn -0.000011 -0.000968 0.000252
vn 0.000105 -0.000973 0.000205
vn -0.000073 -0.000984 -0.000165
vn -0.000088 -0.000984 -0.000157
vn -0.000158 -0.000987 0.000017
vn -0.000169 -0.000984 0.000063
vn -0.000471 -0.000792 0.000389
vn -0.000441 -0.000786 0.000433
vn -0.000529 -0.000676 0.000513
vn -0.000485 -0.000668 0.000565
vn -0.000516 -0.000616 0.000596
vn -0.000465 -0.000604 0.000647
vn -0.000485 -0.000374 0.000791
vn -0.000411 -0.000357 0.000839
vn -0.000449 -0.00004 0.000893
vn -0.000368 -0.000025 0.00093
vn -0.000289 -0.000025 0.000957
vn -0.000203 -0.000022 0.000979
vn -0.000362 -0.000792 0.000492
vn -0.000316 -0.000786 0.000532
vn -0.000277 -0.000792 0.000544
vn -0.000227 -0.000786 0.000574
vn -0.000043 -0.000039 0.000998
vn 0.000042 -0.000026 0.000999
vn -0.000225 -0.000792 0.000568
vn -0.000179 -0.000786 0.000591
vn 0.000042 -0.000039 0.000998
vn 0.000126 -0.000025 0.000992
vn 0.000259 0.000415 0.000872
vn 0.000336 0.000418 0.000844
vn 0.000316 0.00051 0.0008
vn 0.000386 0.000515 0.000766
vn -0.000087 -0.00072 0.000688
vn -0.000028 -0.000711 0.000702
vn 0.000206 -0.000035 0.000978
vn 0.000294 -0.000011 0.000956
vn 0.000025 -0.000792 0.00061
vn 0.000079 -0.000786 0.000613
vn 0.000085 -0.00072 0.000688
vn 0.000148 -0.000711 0.000687
vn 0.000348 -0.000326 0.000879
vn 0.000427 -0.000312 0.000849
vn 0.00044 -0.000036 0.000897
vn 0.000523 -0.00001 0.000852
vn 0.000593 0.000408 0.000694
vn 0.000652 0.000417 0.000633
vn 0.000444 -0.0005 0.000743
vn 0.000518 -0.000485 0.000705
vn 0.000705 0.000136 0.000696
vn 0.000763 0.000158 0.000626
vn 0.000355 -0.000792 0.000497
vn 0.000408 -0.000786 0.000465
vn 0.000559 -0.000616 0.000554
vn 0.000617 -0.000604 0.000505
vn 0.000889 0.000383 0.000253
vn 0.000903 0.000395 0.000172
vn 0.000797 -0.000472 0.000376
vn 0.000835 -0.000459 0.000305
vn 0.000912 0.00041 0.000021
vn 0.000904 0.000423 -0.000057
vn 0.000648 -0.000721 0.000246
vn 0.000678 -0.000711 0.000186
vn 0.000866 -0.000472 0.000166
vn 0.000884 -0.000459 0.000091
vn 0.000933 -0.000345 0.000102
vn 0.000944 -0.00033 0.000018
vn 0.000926 -0.000373 -0.000058
vn 0.000924 -0.000358 -0.000136
vn 0.000918 -0.000373 -0.000135
vn 0.000908 -0.000357 -0.000218
vn 0.000974 -0.00004 -0.000223
vn 0.000949 -0.000025 -0.000315
vn 0.000924 -0.000025 -0.000382
vn 0.000884 -0.000022 -0.000467
vn 0.00084 -0.000473 -0.000267
vn 0.000817 -0.000458 -0.000349
vn 0.000688 0.000388 -0.000613
vn 0.000626 0.000391 -0.000675
vn 0.000596 -0.000792 -0.000134
vn 0.000587 -0.000786 -0.000195
vn 0.000796 -0.000035 -0.000604
vn 0.000739 -0.00001 -0.000674
vn 0.000585 -0.000751 -0.000305
vn 0.000561 -0.000746 -0.000358
vn 0.000659 -0.000473 -0.000585
vn 0.000604 -0.000458 -0.000652
vn 0.000621 -0.000035 -0.000783
vn 0.000553 -0.000012 -0.000833
vn 0.000457 -0.000345 -0.00082
vn 0.000379 -0.000329 -0.000865
vn 0.000411 -0.000036 -0.000911
vn 0.000328 -0.000012 -0.000945
vn 0.000338 -0.000792 -0.000509
vn 0.000293 -0.000786 -0.000545
vn 0.000254 -0.000792 -0.000555
vn 0.000203 -0.000786 -0.000583
vn 0.000201 -0.000792 -0.000577
vn 0.000154 -0.000786 -0.000598
vn 0.000006 -0.000345 -0.000939
vn -0.000084 -0.000329 -0.000941
vn -0.000079 -0.000025 -0.000997
vn -0.000172 -0.000022 -0.000985
vn 0.00011 -0.000751 -0.000651
vn 0.000054 -0.000746 -0.000663
vn -0.000149 -0.000374 -0.000915
vn -0.000237 -0.000357 -0.000904
vn -0.000326 0.000133 -0.000936
vn -0.000404 0.000146 -0.000903
vn -0.000392 0.000247 -0.000886
vn -0.000469 0.000264 -0.000843
vn 0.000051 -0.000792 -0.000609
vn -0.000005 -0.000786 -0.000618
vn -0.0005 0.000415 -0.00076
vn -0.000564 0.000418 -0.000712
vn -0.000045 -0.000792 -0.000609
vn -0.000108 -0.000786 -0.000609
vn -0.000191 -0.000617 -0.000764
vn -0.000262 -0.000605 -0.000752
vn -0.000477 -0.000036 -0.000878
vn -0.000558 -0.00001 -0.00083
vn -0.000632 0.000383 -0.000674
vn -0.000683 0.000395 -0.000615
vn -0.000576 -0.000373 -0.000728
vn -0.000641 -0.000358 -0.000679
vn -0.000771 0.000408 -0.000489
vn -0.000806 0.000417 -0.000421
vn -0.000075 -0.000983 -0.000169
vn -0.000739 -0.000373 -0.000562
vn -0.000788 -0.000358 -0.0005
vn -0.000867 0.000408 -0.000286
vn -0.000885 0.000417 -0.000206
vn -0.000779 -0.000473 -0.000411
vn -0.000821 -0.000458 -0.000339
vn -0.000988 -0.00004 -0.000151
vn -0.000998 -0.000025 -0.000062
vn -0.000929 0.000359 0.000093
vn -0.000916 0.000362 0.000175
vn -0.000993 -0.000099 -0.000066
vn -0.000997 -0.000074 0.000022
vn -0.000908 0.000381 0.000174
vn -0.000886 0.000389 0.000251
vn -0.000716 -0.000676 -0.000174
vn -0.000737 -0.000667 -0.000105
vn -0.000867 0.000383 0.000319
vn -0.000829 0.000395 0.000396
vn -0.000955 0.000136 0.000263
vn -0.000924 0.000158 0.000348
vn -0.000702 -0.000712 0.00001
vn -0.000707 -0.000703 0.000076
vn -0.000829 -0.000553 0.000083
vn -0.000824 -0.000543 0.000159
vn -0.000866 -0.000472 0.000163
vn -0.000855 -0.000459 0.000243
vn -0.000164 -0.000987 0.000003
vn -0.000821 -0.000035 0.000569
vn -0.00077 -0.000012 0.000638
vn -0.0007 0.000223 0.000679
vn -0.000634 0.000227 0.000739
vn -0.000179 -0.000983 0.000049
vn -0.000555 -0.000792 0.000256
vn -0.000534 -0.000786 0.00031
vn -0.000601 -0.000721 0.000345
vn -0.000576 -0.000711 0.000403
vn -0.000117 0.000227 0.000967
vn -0.000207 0.000223 0.000953
vn -0.000288 -0.000012 0.000957
vn -0.000368 -0.000034 0.000929
vn -0.000041 0.000005 0.000999
vn -0.000129 -0.000009 0.000992
vn 0.000209 0.000019 0.000978
vn 0.000127 -0.000004 0.000992
vn -0.000091 -0.000668 0.000739
vn -0.000157 -0.000676 0.00072
vn -0.000127 -0.000786 0.000605
vn -0.000177 -0.000792 0.000585
vn 0.000567 0.000286 0.000773
vn 0.000494 0.000283 0.000822
vn 0.000342 -0.000358 0.000869
vn 0.000263 -0.000374 0.00089
vn 0.000026 -0.000786 0.000617
vn -0.000028 -0.000792 0.00061
vn 0.000749 0.000418 0.000514
vn 0.000699 0.000415 0.000582
vn 0.000657 -0.000021 0.000753
vn 0.000583 -0.000025 0.000812
vn 0.000184 -0.000786 0.000591
vn 0.000125 -0.000792 0.000598
vn 0.000602 -0.000374 0.000706
vn 0.000671 -0.000357 0.00065
vn 0.000798 0.000383 0.000466
vn 0.000832 0.000395 0.000391
vn 0.000267 -0.000792 0.000549
vn 0.000324 -0.000786 0.000527
vn 0.000834 0.000388 0.000392
vn 0.000865 0.000391 0.000316
vn 0.000869 -0.000025 0.000495
vn 0.000818 -0.00004 0.000574
vn 0.00077 -0.000357 0.000529
vn 0.000712 -0.000374 0.000595
vn 0.000086 -0.000971 0.000221
vn 0.000907 0.000383 0.000173
vn 0.000914 0.000395 0.000093
vn 0.000856 0.00051 0.000091
vn 0.000857 0.000515 0.000016
vn 0.000965 0.000006 0.000264
vn 0.000935 -0.000009 0.000353
vn 0.000804 -0.000459 0.000378
vn 0.00076 -0.000473 0.000446
vn 0.000498 -0.000792 0.000353
vn 0.000538 -0.000786 0.000306
vn 0.00091 0.000411 -0.000057
vn 0.000896 0.000423 -0.000133
vn 0.000883 0.000418 -0.000212
vn 0.0009 0.000416 -0.000133
vn 0.000872 -0.000459 0.000166
vn 0.000847 -0.000473 0.000242
vn 0.000845 0.000395 -0.000361
vn 0.00088 0.000383 -0.000281
vn 0.000932 -0.000358 -0.000059
vn 0.000928 -0.000373 0.00002
vn 0.000826 0.000194 -0.00053
vn 0.000873 0.000182 -0.000452
vn 0.000796 -0.000012 -0.000605
vn 0.000846 -0.000036 -0.000531
vn 0.000419 0.000509 -0.000752
vn 0.000344 0.000515 -0.000785
vn 0.000621 -0.000025 -0.000784
vn 0.000688 -0.00004 -0.000724
vn 0.000548 -0.000787 -0.000283
vn 0.000565 -0.000792 -0.000232
vn 0.000516 -0.000792 -0.000327
vn 0.000492 -0.000786 -0.000373
vn 0.000553 -0.000025 -0.000833
vn 0.000477 -0.000021 -0.000879
vn 0.000457 -0.000786 -0.000417
vn 0.000487 -0.000792 -0.000369
vn 0.000421 -0.000792 -0.000442
vn 0.000384 -0.000786 -0.000484
vn 0.000329 -0.000035 -0.000944
vn 0.000247 -0.000012 -0.000969
vn 0.000168 0.000185 -0.000968
vn 0.000077 0.000203 -0.000976
vn 0.000004 0.000514 -0.000857
vn -0.000077 0.000517 -0.000853
vn 0.000162 -0.000025 -0.000986
vn 0.000249 -0.000039 -0.000968
vn 0.000342 -0.000786 -0.000514
vn 0.00038 -0.000792 -0.000479
vn -0.000229 0.000417 -0.00088
vn -0.000148 0.000408 -0.000901
vn -0.000005 -0.00001 -0.001
vn 0.000088 -0.000036 -0.000995
vn -0.000326 0.000148 -0.000934
vn -0.000242 0.000146 -0.000959
vn 0.000106 -0.000787 -0.000608
vn 0.000152 -0.000792 -0.000592
vn -0.000622 0.000417 -0.000663
vn -0.000567 0.000408 -0.000715
vn -0.000262 -0.000604 -0.000753
vn -0.000326 -0.000594 -0.000736
vn -0.000677 0.000416 -0.000608
vn -0.000724 0.000418 -0.000549
vn -0.000767 0.000418 -0.000486
vn -0.000725 0.000415 -0.00055
vn -0.00058 -0.000358 -0.000732
vn -0.000509 -0.000374 -0.000776
vn -0.0004 -0.000568 -0.000719
vn -0.000331 -0.000579 -0.000745
vn -0.000818 0.000383 -0.000429
vn -0.000849 0.000395 -0.000351
vn -0.000744 -0.000358 -0.000564
vn -0.000688 -0.000373 -0.000622
vn -0.000662 -0.000459 -0.000593
vn -0.000601 -0.000473 -0.000645
vn -0.000347 -0.000786 -0.000512
vn -0.000291 -0.000792 -0.000537
vn -0.00006 -0.000983 -0.000176
vn -0.000783 -0.000373 -0.000498
vn -0.000829 -0.000358 -0.000431
vn -0.000963 0.000234 -0.000137
vn -0.00095 0.000217 -0.000227
vn -0.000952 -0.000021 -0.000304
vn -0.000919 -0.000025 -0.000393
vn -0.000911 -0.000357 -0.000208
vn -0.00088 -0.000374 -0.000292
vn -0.000994 0.00002 0.00011
vn -0.001 -0.000003 0.000026
vn -0.00059 -0.000786 -0.000186
vn -0.000561 -0.000792 -0.000241
vn -0.000617 -0.000786 -0.000035
vn -0.000604 -0.000792 -0.000091
vn -0.000907 -0.000025 0.00042
vn -0.000865 -0.000022 0.000501
vn -0.000821 0.000005 0.000571
vn -0.000865 -0.000008 0.000501
vn -0.000802 -0.000458 0.000383
vn -0.000827 -0.000473 0.000303
vn -0.000754 -0.000593 0.000282
vn -0.000768 -0.000604 0.000212
vn -0.000322 -0.000947 0.000012
vn -0.000324 -0.000946 -0.000026
vn -0.000185 -0.000983 0.000019
vn -0.00077 -0.000025 0.000637
vn -0.000711 -0.000021 0.000703
vn -0.0004 0.000418 0.000816
vn -0.000475 0.000415 0.000776
vn -0.000579 0.000146 0.000802
vn -0.000648 0.000133 0.000749
vn -0.000177 -0.000984 0.000034
vn -0.000591 -0.000036 0.000806
vn -0.000513 -0.00001 0.000858
vn -0.000503 -0.000792 0.000347
vn -0.000476 -0.000786 0.000394
vn -0.000025 0.000802 0.000597
vn -0.000025 0.000802 0.000597
vn 0.000026 0.000798 0.000602
vn 0.000024 0.000807 0.00059
vn 0.000076 0.000804 0.000589
vn 0.000072 0.000817 0.000572
vn 0.000122 0.00081 0.000573
vn 0.000117 0.000825 0.000553
vn 0.000169 0.000816 0.000553
vn 0.000162 0.00083 0.000534
vn 0.000205 0.00083 0.000518
vn 0.000209 0.000825 0.000526
vn 0.000252 0.000822 0.000511
vn 0.00025 0.000825 0.000507
vn 0.000301 0.000816 0.000493
vn 0.000285 0.000835 0.000471
vn 0.000326 0.000833 0.000447
vn 0.000344 0.00081 0.000475
vn 0.000387 0.000806 0.000449
vn 0.000373 0.000822 0.00043
vn 0.000413 0.000816 0.000405
vn 0.000411 0.000818 0.000403
vn 0.000454 0.000809 0.000374
vn 0.000429 0.00083 0.000356
vn 0.000456 0.00083 0.00032
vn 0.000499 0.000794 0.000345
vn 0.000532 0.00079 0.000305
vn 0.000478 0.000833 0.000278
vn 0.000511 0.000826 0.00024
vn 0.000505 0.00083 0.000238
vn 0.000522 0.00083 0.000197
vn 0.00056 0.000802 0.000208
vn 0.000582 0.000798 0.00016
vn 0.000533 0.000833 0.00015
vn 0.000554 0.000826 0.000105
vn 0.000544 0.000833 0.000104
vn 0.000561 0.000826 0.000059
vn 0.000532 0.000845 0.000057
vn 0.000538 0.000843 0.000011
vn 0.000557 0.000831 0.000011
vn 0.000559 0.000828 -0.000035
vn 0.00058 0.000814 -0.000038
vn 0.000581 0.00081 -0.000086
vn 0.000575 0.000813 -0.000085
vn 0.000569 0.000811 -0.000132
vn 0.000575 0.000807 -0.000133
vn 0.000567 0.000802 -0.000187
vn 0.000538 0.000824 -0.000175
vn 0.000528 0.00082 -0.00022
vn 0.000526 0.000822 -0.00022
vn 0.000505 0.000821 -0.000265
vn 0.00051 0.000817 -0.000268
vn 0.000491 0.000813 -0.000311
vn 0.000486 0.000818 -0.000308
vn 0.000468 0.000809 -0.000356
vn 0.000459 0.000818 -0.000348
vn 0.000436 0.000808 -0.000395
vn 0.000423 0.000822 -0.000382
vn 0.000392 0.000822 -0.000413
vn 0.000415 0.000794 -0.000443
vn 0.00038 0.00079 -0.000481
vn 0.000353 0.000825 -0.000441
vn 0.000319 0.000816 -0.000481
vn 0.00033 0.000801 -0.0005
vn 0.000291 0.0008 -0.000525
vn 0.000255 0.000845 -0.000469
vn 0.000221 0.000842 -0.000493
vn 0.000234 0.000818 -0.000526
vn 0.000193 0.000809 -0.000556
vn 0.000192 0.000812 -0.000552
vn 0.000149 0.000802 -0.000578
vn 0.000151 0.000794 -0.000588
vn 0.0001 0.00079 -0.000605
vn 0.000096 0.000822 -0.000561
vn 0.000049 0.000814 -0.000579
vn 0.000049 0.000812 -0.000582
vn -0.000002 0.000802 -0.000597
vn 0.000001 0.000832 -0.000554
vn -0.000044 0.000832 -0.000552
vn -0.000052 0.000801 -0.000596
vn -0.000099 0.0008 -0.000592
vn -0.000096 0.000822 -0.000561
vn -0.000144 0.000816 -0.00056
vn -0.000137 0.00083 -0.000541
vn -0.000183 0.00083 -0.000527
vn -0.000198 0.000802 -0.000564
vn -0.000246 0.000798 -0.00055
vn -0.00023 0.000822 -0.000521
vn -0.000279 0.000814 -0.000509
vn -0.000281 0.000812 -0.000512
vn -0.000332 0.000802 -0.000497
vn -0.000315 0.000822 -0.000475
vn -0.000354 0.000822 -0.000446
vn -0.000364 0.000812 -0.000457
vn -0.000404 0.000808 -0.000429
vn -0.000386 0.000825 -0.000413
vn -0.000429 0.000817 -0.000386
vn -0.000414 0.00083 -0.000374
vn -0.000444 0.00083 -0.000337
vn -0.000444 0.00083 -0.000337
vn -0.000471 0.00083 -0.000299
vn -0.000494 0.000812 -0.000312
vn -0.000522 0.000808 -0.000273
vn -0.000474 0.000844 -0.000251
vn -0.000502 0.000838 -0.000213
vn -0.000544 0.000808 -0.000227
vn -0.00056 0.000808 -0.000181
vn -0.000545 0.000819 -0.000177
vn -0.000559 0.000819 -0.000131
vn -0.000569 0.000812 -0.000132
vn -0.000584 0.000807 -0.000088
vn -0.000578 0.000812 -0.000087
vn -0.000589 0.000807 -0.000036
vn -0.000583 0.000812 -0.000036
vn -0.000597 0.000802 0.000013
vn -0.000584 0.000812 0.000012
vn -0.000594 0.000802 0.000064
vn -0.000555 0.00083 0.000057
vn -0.000548 0.00083 0.000104
vn -0.000551 0.000828 0.000105
vn -0.000542 0.000827 0.000151
vn -0.000555 0.000817 0.000156
vn -0.000548 0.000811 0.000205
vn -0.00053 0.000825 0.000197
vn -0.000522 0.000817 0.000244
vn -0.000534 0.000808 0.000251
vn -0.00051 0.000808 0.000294
vn -0.000517 0.000802 0.000299
vn -0.000494 0.000798 0.000345
vn -0.000465 0.000825 0.000321
vn -0.000445 0.000816 0.000368
vn -0.000439 0.000822 0.000363
vn -0.000406 0.000822 0.0004
vn -0.000393 0.000835 0.000386
vn -0.000362 0.000833 0.000418
vn -0.00037 0.000825 0.000427
vn -0.000337 0.00082 0.000464
vn -0.000343 0.000812 0.000473
vn -0.000308 0.000802 0.000512
vn -0.000296 0.000821 0.000488
vn -0.000255 0.000822 0.000509
vn -0.000269 0.000794 0.000544
vn -0.000224 0.00079 0.00057
vn -0.000214 0.000818 0.000534
vn -0.00017 0.000809 0.000563
vn -0.000166 0.000822 0.000546
vn -0.000117 0.000822 0.000558
vn -0.000117 0.000821 0.000559
vn -0.000073 0.000819 0.000569
vn -0.000076 0.000809 0.000583
vn 0.000903 0.000421 0.000092
vn 0.000907 0.00042 0.000022
vn 0.000835 0.000421 -0.000354
vn 0.000806 0.00042 -0.000418
vn 0.000434 0.000417 -0.000798
vn 0.000372 0.000424 -0.000826
vn -0.00023 0.000421 -0.000878
vn -0.000294 0.00042 -0.000859
vn -0.000745 0.000417 0.000521
vn -0.000698 0.000424 0.000577
vn -0.000699 0.000421 0.000578
vn -0.000649 0.00042 0.000635
vn 0.000191 0.000417 0.000889
vn 0.000259 0.000424 0.000868
vn 0.000407 0.000417 0.000813
vn 0.000469 0.000424 0.000775
vn 0.000471 0.000415 0.000778
vn 0.00053 0.000417 0.000738
vn 0.000125 0.000191 0.000974
vn 0.000199 0.000201 0.000959
vn 0.000861 0.000116 0.000495
vn 0.000897 0.000133 0.000422
vn 0.000898 0.000123 0.000422
vn 0.00093 0.000125 0.000346
vn 0.000931 0.000112 0.000346
vn 0.000956 0.000121 0.000267
vn 0.000957 0.000115 0.000267
vn 0.000973 0.000133 0.000186
vn 0.000976 0.000115 0.000186
vn 0.000985 0.000132 0.000108
vn 0.000992 0.000123 0.000016
vn 0.00099 0.000125 -0.000059
vn 0.0004 0.000116 -0.000909
vn 0.000329 0.000133 -0.000935
vn -0.000002 0.000123 -0.000992
vn -0.00008 0.000125 -0.000989
vn -0.000987 0.000123 0.000106
vn -0.000975 0.000125 0.000186
vn -0.000975 0.000123 0.000186
vn -0.000956 0.000125 0.000266
vn -0.000957 0.000112 0.000267
vn -0.000931 0.000121 0.000344
vn -0.000858 0.000129 0.000498
vn -0.000818 0.000121 0.000563
vn -0.000363 0.000116 0.000924
vn -0.000291 0.000132 0.000948
vn -0.000202 0.000112 0.000973
vn -0.000124 0.000121 0.000985
vn -0.000124 0.000115 0.000986
vn -0.000042 0.000133 0.00099
vn -0.000041 0.000112 0.000993
vn 0.000042 0.000121 0.000992
vn 0.000042 0.000123 0.000992
vn 0.000123 0.000125 0.000984
vn 0.000291 0.000122 0.000949
vn 0.000364 0.000142 0.000921
vn 0.000365 0.000129 0.000922
vn 0.000437 0.000121 0.000891
vn 0.00082 0.000059 0.000569
vn 0.000865 0.000041 0.0005
vn 0.000997 0.000031 -0.000064
vn 0.000989 0.000039 -0.000146
vn 0.000989 0.000032 -0.000146
vn 0.000972 0.000063 -0.000228
vn 0.000683 0.000059 -0.000728
vn 0.000623 0.000042 -0.000781
vn 0.00055 0.000031 -0.000835
vn 0.000485 0.000039 -0.000874
vn 0.000328 0.000034 -0.000944
vn 0.000249 0.000054 -0.000967
vn 0.000248 0.000031 -0.000968
vn 0.000167 0.000039 -0.000985
vn 0.000167 0.000034 -0.000985
vn 0.000084 0.000054 -0.000995
vn 0.000084 0.000034 -0.000996
vn 0.000001 0.000054 -0.000999
vn -0.000085 0.000031 -0.000996
vn -0.000167 0.000039 -0.000985
vn -0.000167 0.000034 -0.000985
vn -0.000244 0.000053 -0.000968
vn -0.000332 0.000031 -0.000943
vn -0.000406 0.000039 -0.000913
vn -0.000407 0.000034 -0.000913
vn -0.00048 0.000054 -0.000875
vn -0.000482 0.000034 -0.000876
vn -0.000552 0.000054 -0.000832
vn -0.000553 0.000045 -0.000832
vn -0.00062 0.000066 -0.000782
vn -0.000949 0.000072 -0.000308
vn -0.000973 0.000044 -0.000228
vn -0.000973 0.000031 -0.000228
vn -0.000988 0.000039 -0.00015
vn -0.000998 0.000035 -0.000059
vn -0.000998 0.000054 0.00002
vn -0.000999 0.000034 0.000021
vn -0.000993 0.000054 0.000104
vn -0.000936 0.000034 0.000349
vn -0.000904 0.000054 0.000425
vn -0.000904 0.000045 0.000425
vn -0.000864 0.000066 0.000498
vn -0.000444 0.000059 0.000894
vn -0.000368 0.000041 0.000929
vn -0.000017 0.000999 -0.000043
vn 0.00044 -0.000164 0.000883
vn 0.000511 -0.000164 0.000844
vn 0.000511 -0.000164 0.000844
vn 0.000579 -0.000164 0.000798
vn 0.00059 0.000035 0.000806
vn 0.000652 0.000054 0.000756
vn 0.000653 0.000034 0.000757
vn 0.000713 0.000054 0.000699
vn 0.000714 0.000034 0.000699
vn 0.000769 0.000054 0.000637
vn 0.000766 0.000121 0.000631
vn 0.000811 0.000141 0.000567
vn 0.000986 -0.000164 0.000022
vn 0.000981 -0.000164 0.000102
vn -0.000028 0.000999 -0.00002
vn -0.000022 0.001 0.000005
vn 0.000971 0.000071 -0.000228
vn 0.00095 0.000056 -0.000308
vn 0.000945 0.000112 -0.000309
vn 0.000917 0.000121 -0.000381
vn 0.000879 0.000112 -0.000464
vn 0.000838 0.000121 -0.000532
vn 0.000909 -0.000164 -0.000384
vn 0.000875 -0.000164 -0.000456
vn 0.000839 0.000115 -0.000532
vn 0.00079 0.000133 -0.000599
vn 0.000791 0.000115 -0.000601
vn 0.000738 0.000133 -0.000661
vn 0.000561 0.000417 -0.000715
vn 0.000505 0.000424 -0.000752
vn 0.000742 0.000046 -0.000669
vn 0.000683 0.000066 -0.000727
vn -0.000684 0.000041 -0.000728
vn -0.00062 0.000059 -0.000782
vn 0.000014 0.001 0.000018
vn -0.000015 0.001 0.000016
vn 0.000612 -0.000164 -0.000773
vn 0.000546 -0.000164 -0.000821
vn 0.000475 -0.000164 -0.000865
vn 0.000402 -0.000164 -0.000901
vn -0.000246 -0.000164 -0.000955
vn -0.000324 -0.000164 -0.000932
vn -0.000684 0.000034 -0.000728
vn -0.000742 0.000054 -0.000669
vn -0.000739 0.000123 -0.000662
vn -0.00079 0.000125 -0.0006
vn -0.000791 0.000123 -0.0006
vn -0.000836 0.000125 -0.000534
vn -0.000807 0.000417 -0.000417
vn -0.000833 0.000424 -0.000355
vn -0.000844 0.000031 -0.000535
vn -0.000884 0.000039 -0.000466
vn -0.000874 -0.000164 -0.000457
vn -0.000909 -0.000164 -0.000383
vn -0.000922 0.000046 -0.000384
vn -0.000949 0.000066 -0.000308
vn -0.000901 0.000415 -0.000129
vn -0.000907 0.000417 -0.000062
vn -0.000985 -0.000164 -0.000062
vn -0.000976 -0.000164 -0.000144
vn 0.000022 0.001 0.000007
vn 0.000029 0.000999 -0.000016
vn -0.00065 0.000414 0.000637
vn -0.000594 0.000417 0.000688
vn -0.000594 0.000417 0.000688
vn -0.000536 0.000424 0.00073
vn -0.000809 -0.000164 0.000564
vn -0.00076 -0.000164 0.000629
vn -0.00076 -0.000164 0.000629
vn -0.000705 -0.000164 0.00069
vn -0.000705 -0.000164 0.00069
vn -0.000645 -0.000164 0.000747
vn -0.000645 -0.000164 0.000747
vn -0.00058 -0.000164 0.000798
vn -0.000584 0.000035 0.000811
vn -0.000517 0.000054 0.000854
vn -0.000517 0.000045 0.000854
vn -0.000444 0.000066 0.000894
vn -0.000259 0.000421 0.000869
vn -0.000192 0.00042 0.000887
vn 0.00001 0.001 -0.00002
vn -0.000284 -0.000164 0.000945
vn -0.000206 -0.000164 0.000965
vn 0.000208 -0.000164 0.000964
vn 0.000284 -0.000164 0.000945
usemtl Black
f 1//1 2//1 3//1
f 1//2 3//2 4//2
f 5//2 6//2 3//2
f 3//3 6//3 7//3
f 3//4 7//4 4//4
f 8//2 9//2 3//2
f 3//2 9//2 10//2
f 3//5 10//5 5//5
f 11//6 12//6 3//6
f 3//2 12//2 13//2
f 3//2 13//2 8//2
f 14//2 15//2 3//2
f 3//7 15//7 16//7
f 3//8 16//8 11//8
f 17//2 18//2 3//2
f 3//9 18//9 19//9
f 3//10 19//10 14//10
f 3//11 20//11 17//11
f 21//2 22//2 3//2
f 3//2 22//2 23//2
f 3//2 23//2 24//2
f 25//12 26//12 3//12
f 3//13 26//13 27//13
f 3//14 27//14 21//14
f 28//2 29//2 3//2
f 3//15 29//15 30//15
f 3//16 30//16 25//16
f 31//17 32//17 3//17
f 3//18 32//18 33//18
f 3//19 33//19 28//19
f 34//20 35//20 3//20
f 3//21 35//21 36//21
f 3//22 36//22 31//22
f 37//2 38//2 3//2
f 3//23 38//23 39//23
f 3//24 39//24 34//24
f 40//2 41//2 3//2
f 3//25 41//25 42//25
f 3//26 42//26 37//26
f 43//27 44//27 3//27
f 3//28 44//28 45//28
f 3//29 45//29 40//29
f 46//30 47//30 3//30
f 3//31 47//31 48//31
f 3//32 48//32 43//32
f 49//2 50//2 3//2
f 3//33 50//33 51//33
f 3//2 51//2 46//2
f 2//34 52//34 3//34
f 3//35 52//35 53//35
f 3//36 53//36 49//36
f 1//37 54//37 2//37
f 2//38 54//38 55//38
f 2//39 55//39 52//39
f 52//40 55//40 56//40
f 52//41 56//41 53//41
f 53//42 56//42 57//42
f 53//43 57//43 49//43
f 49//44 57//44 58//44
f 49//45 58//45 50//45
f 50//46 58//46 59//46
f 50//47 59//47 51//47
f 51//48 59//48 60//48
f 51//49 60//49 46//49
f 60//50 61//50 46//50
f 46//51 61//51 62//51
f 46//52 62//52 47//52
f 47//53 62//53 63//53
f 47//54 63//54 48//54
f 48//55 63//55 64//55
f 48//56 64//56 43//56
f 43//57 64//57 65//57
f 43//58 65//58 44//58
f 44//59 65//59 66//59
f 44//60 66//60 45//60
f 66//61 67//61 45//61
f 45//62 67//62 68//62
f 45//63 68//63 40//63
f 40//64 68//64 69//64
f 40//65 69//65 41//65
f 41//66 69//66 70//66
f 41//67 70//67 42//67
f 42//68 70//68 71//68
f 42//69 71//69 37//69
f 37//70 71//70 72//70
f 37//71 72//71 38//71
f 38//72 72//72 73//72
f 38//73 73//73 39//73
f 39//74 73//74 74//74
f 39//75 74//75 34//75
f 34//76 74//76 75//76
f 34//77 75//77 35//77
f 35//78 75//78 76//78
f 35//79 76//79 36//79
f 36//80 76//80 77//80
f 36//81 77//81 31//81
f 31//82 77//82 78//82
f 31//83 78//83 32//83
f 32//84 78//84 79//84
f 32//85 79//85 33//85
f 79//86 80//86 33//86
f 33//87 80//87 81//87
f 33//88 81//88 28//88
f 28//89 81//89 82//89
f 28//90 82//90 29//90
f 29//91 82//91 83//91
f 29//92 83//92 30//92
f 30//93 83//93 84//93
f 30//94 84//94 25//94
f 25//95 84//95 85//95
f 25//96 85//96 26//96
f 26//97 85//97 86//97
f 26//98 86//98 27//98
f 27//99 86//99 87//99
f 27//100 87//100 21//100
f 21//101 87//101 88//101
f 21//102 88//102 22//102
f 22//103 88//103 89//103
f 22//104 89//104 23//104
f 23//105 89//105 90//105
f 23//106 90//106 24//106
f 24//107 90//107 91//107
f 24//108 91//108 3//108
f 3//109 91//109 92//109
f 3//110 92//110 20//110
f 92//111 93//111 20//111
f 20//112 93//112 94//112
f 20//113 94//113 17//113
f 17//114 94//114 95//114
f 17//115 95//115 18//115
f 18//116 95//116 96//116
f 18//117 96//117 19//117
f 19//118 96//118 97//118
f 19//119 97//119 14//119
f 14//120 97//120 98//120
f 14//121 98//121 15//121
f 98//122 99//122 15//122
f 15//123 99//123 100//123
f 15//124 100//124 16//124
f 16//125 100//125 101//125
f 16//126 101//126 11//126
f 11//127 101//127 102//127
f 11//128 102//128 12//128
f 12//129 102//129 103//129
f 12//130 103//130 13//130
f 13//131 103//131 104//131
f 13//132 104//132 8//132
f 8//133 104//133 105//133
f 8//134 105//134 9//134
f 9//135 105//135 106//135
f 9//136 106//136 10//136
f 106//137 107//137 10//137
f 10//138 107//138 108//138
f 10//139 108//139 5//139
f 5//140 108//140 109//140
f 5//141 109//141 6//141
f 6//142 109//142 110//142
f 6//143 110//143 7//143
f 7//144 110//144 111//144
f 7//145 111//145 4//145
f 4//146 111//146 112//146
f 4//147 112//147 1//147
f 1//148 112//148 113//148
f 1//149 113//149 54//149
f 72//150 71//150 114//150
f 114//151 71//151 115//151
f 115//152 71//152 70//152
f 115//153 70//153 116//153
f 94//154 117//154 95//154
f 95//154 117//154 118//154
f 95//155 118//155 96//155
f 62//156 119//156 63//156
f 63//157 119//157 120//157
f 63//154 120//154 64//154
f 118//158 121//158 96//158
f 96//159 121//159 122//159
f 96//160 122//160 97//160
f 97//161 122//161 123//161
f 97//162 123//162 98//162
f 98//163 123//163 99//163
f 99//164 123//164 124//164
f 99//165 124//165 100//165
f 54//166 125//166 55//166
f 55//167 125//167 126//167
f 55//168 126//168 56//168
f 126//169 127//169 56//169
f 56//170 127//170 128//170
f 56//171 128//171 57//171
f 57//154 128//154 129//154
f 57//154 129//154 58//154
f 116//172 70//172 130//172
f 130//173 70//173 69//173
f 130//174 69//174 131//174
f 131//154 69//154 68//154
f 131//175 68//175 132//175
f 124//176 133//176 100//176
f 100//177 133//177 134//177
f 100//178 134//178 101//178
f 101//179 134//179 135//179
f 101//154 135//154 102//154
f 135//180 136//180 102//180
f 102//181 136//181 137//181
f 102//154 137//154 103//154
f 103//182 137//182 138//182
f 103//154 138//154 104//154
f 108//183 139//183 109//183
f 109//184 139//184 140//184
f 109//185 140//185 110//185
f 140//186 141//186 110//186
f 110//187 141//187 142//187
f 110//188 142//188 111//188
f 111//189 142//189 143//189
f 111//190 143//190 112//190
f 112//191 143//191 144//191
f 112//192 144//192 113//192
f 113//193 144//193 54//193
f 54//194 144//194 145//194
f 54//195 145//195 125//195
f 120//196 146//196 64//196
f 64//197 146//197 147//197
f 64//198 147//198 65//198
f 65//199 147//199 148//199
f 65//200 148//200 66//200
f 66//201 148//201 67//201
f 67//202 148//202 149//202
f 67//203 149//203 68//203
f 68//204 149//204 132//204
f 114//205 150//205 72//205
f 72//206 150//206 151//206
f 72//207 151//207 73//207
f 73//208 151//208 152//208
f 73//154 152//154 74//154
f 74//209 152//209 153//209
f 74//210 153//210 75//210
f 153//211 154//211 75//211
f 75//212 154//212 155//212
f 75//213 155//213 76//213
f 76//214 155//214 156//214
f 76//215 156//215 77//215
f 81//216 157//216 82//216
f 82//217 157//217 158//217
f 82//218 158//218 83//218
f 88//219 159//219 89//219
f 89//154 159//154 160//154
f 89//220 160//220 90//220
f 160//221 161//221 90//221
f 90//222 161//222 162//222
f 90//223 162//223 91//223
f 91//224 162//224 163//224
f 91//225 163//225 92//225
f 92//226 163//226 164//226
f 92//227 164//227 93//227
f 93//228 164//228 94//228
f 94//229 164//229 165//229
f 94//230 165//230 117//230
f 158//231 166//231 83//231
f 83//232 166//232 167//232
f 83//233 167//233 84//233
f 84//154 167//154 168//154
f 84//234 168//234 85//234
f 85//235 168//235 169//235
f 85//236 169//236 86//236
f 129//237 170//237 58//237
f 58//238 170//238 171//238
f 58//239 171//239 59//239
f 59//240 171//240 172//240
f 59//241 172//241 60//241
f 60//242 172//242 61//242
f 61//243 172//243 173//243
f 61//244 173//244 62//244
f 62//245 173//245 174//245
f 62//246 174//246 119//246
f 156//247 175//247 77//247
f 77//248 175//248 176//248
f 77//249 176//249 78//249
f 78//250 176//250 177//250
f 78//251 177//251 79//251
f 79//252 177//252 178//252
f 79//253 178//253 80//253
f 80//254 178//254 81//254
f 81//255 178//255 179//255
f 81//256 179//256 157//256
f 169//257 180//257 86//257
f 86//258 180//258 181//258
f 86//154 181//154 87//154
f 87//259 181//259 182//259
f 87//260 182//260 88//260
f 88//261 182//261 183//261
f 88//262 183//262 159//262
f 138//263 184//263 104//263
f 104//264 184//264 185//264
f 104//265 185//265 105//265
f 105//266 185//266 186//266
f 105//267 186//267 106//267
f 106//268 186//268 187//268
f 106//269 187//269 107//269
f 107//270 187//270 108//270
f 108//271 187//271 188//271
f 108//272 188//272 139//272
f 189//273 190//273 191//273
f 192//274 189//274 191//274
f 193//275 194//275 195//275
f 196//276 197//276 198//276
f 196//277 198//277 199//277
f 200//278 201//278 202//278
f 200//279 202//279 203//279
f 204//280 205//280 206//280
f 204//281 206//281 207//281
f 147//282 192//282 208//282
f 209//283 210//283 211//283
f 209//284 211//284 212//284
f 213//285 214//285 142//285
f 213//286 142//286 215//286
f 216//287 217//287 197//287
f 216//288 197//288 196//288
f 150//289 196//289 199//289
f 150//290 199//290 151//290
f 151//291 199//291 218//291
f 151//292 218//292 219//292
f 219//293 218//293 220//293
f 219//294 220//294 221//294
f 175//295 222//295 223//295
f 175//296 223//296 176//296
f 176//297 223//297 224//297
f 176//298 224//298 225//298
f 166//299 203//299 226//299
f 166//300 226//300 227//300
f 227//301 226//301 205//301
f 227//302 205//302 204//302
f 180//303 207//303 228//303
f 180//304 228//304 229//304
f 229//305 228//305 230//305
f 229//306 230//306 231//306
f 231//307 230//307 232//307
f 231//308 232//308 183//308
f 183//309 232//309 233//309
f 183//310 233//310 234//310
f 235//311 234//311 236//311
f 235//312 236//312 161//312
f 161//313 236//313 237//313
f 161//314 237//314 162//314
f 162//315 237//315 238//315
f 162//316 238//316 239//316
f 165//317 240//317 241//317
f 165//318 241//318 242//318
f 242//319 241//319 243//319
f 242//320 243//320 244//320
f 133//321 245//321 246//321
f 133//322 246//322 247//322
f 248//323 247//323 249//323
f 248//324 249//324 250//324
f 251//325 250//325 252//325
f 251//326 252//326 253//326
f 253//327 252//327 254//327
f 253//328 254//328 184//328
f 255//329 147//329 208//329
f 256//330 257//330 258//330
f 256//331 258//331 259//331
f 260//332 261//332 262//332
f 260//333 262//333 263//333
f 263//334 262//334 222//334
f 263//335 222//335 175//335
f 264//336 183//336 234//336
f 264//337 234//337 235//337
f 265//338 242//338 244//338
f 265//339 244//339 266//339
f 267//340 133//340 247//340
f 267//341 247//341 248//341
f 149//342 255//342 268//342
f 269//343 171//343 270//343
f 270//344 171//344 271//344
f 214//345 272//345 143//345
f 214//346 143//346 142//346
f 177//347 176//347 225//347
f 177//348 225//348 273//348
f 179//349 273//349 201//349
f 179//350 201//350 200//350
f 158//351 200//351 203//351
f 158//352 203//352 166//352
f 169//353 204//353 207//353
f 169//354 207//354 180//354
f 163//355 162//355 239//355
f 163//356 239//356 164//356
f 164//357 239//357 240//357
f 164//358 240//358 165//358
f 121//359 265//359 266//359
f 121//360 266//360 122//360
f 122//361 266//361 274//361
f 122//362 274//362 275//362
f 173//363 172//363 269//363
f 269//364 172//364 171//364
f 271//365 171//365 170//365
f 271//366 170//366 210//366
f 212//367 211//367 127//367
f 212//368 127//368 257//368
f 257//369 127//369 126//369
f 257//370 126//370 258//370
f 259//371 258//371 145//371
f 259//372 145//372 272//372
f 272//373 145//373 144//373
f 272//374 144//374 143//374
f 130//375 193//375 195//375
f 130//376 195//376 116//376
f 116//377 195//377 217//377
f 116//378 217//378 216//378
f 153//379 219//379 221//379
f 153//380 221//380 154//380
f 154//381 221//381 261//381
f 154//382 261//382 260//382
f 178//383 177//383 273//383
f 178//384 273//384 179//384
f 123//385 122//385 275//385
f 123//386 275//386 124//386
f 124//387 275//387 245//387
f 124//388 245//388 133//388
f 136//389 248//389 250//389
f 136//390 250//390 251//390
f 235//391 161//391 160//391
f 235//392 160//392 264//392
f 264//393 160//393 159//393
f 264//394 159//394 183//394
f 231//395 183//395 182//395
f 231//396 182//396 229//396
f 229//397 182//397 181//397
f 229//398 181//398 180//398
f 204//399 169//399 168//399
f 204//400 168//400 227//400
f 227//401 168//401 167//401
f 227//402 167//402 166//402
f 200//403 158//403 157//403
f 200//404 157//404 179//404
f 263//405 175//405 156//405
f 263//406 156//406 260//406
f 260//407 156//407 155//407
f 260//408 155//408 154//408
f 219//409 153//409 152//409
f 219//410 152//410 151//410
f 196//411 150//411 114//411
f 196//412 114//412 216//412
f 216//413 114//413 115//413
f 216//414 115//414 116//414
f 193//415 130//415 131//415
f 193//416 131//416 132//416
f 276//417 194//417 193//417
f 276//418 193//418 132//418
f 268//419 276//419 132//419
f 268//420 132//420 149//420
f 149//421 148//421 255//421
f 255//422 148//422 147//422
f 147//423 146//423 192//423
f 192//424 146//424 189//424
f 146//425 120//425 189//425
f 189//426 120//426 119//426
f 189//427 119//427 190//427
f 190//428 119//428 277//428
f 119//429 174//429 277//429
f 277//430 174//430 278//430
f 174//431 173//431 278//431
f 278//432 173//432 269//432
f 271//433 210//433 279//433
f 279//434 210//434 209//434
f 280//435 281//435 282//435
f 282//436 281//436 215//436
f 210//437 170//437 129//437
f 210//438 129//438 211//438
f 211//439 129//439 128//439
f 211//440 128//440 127//440
f 258//441 126//441 125//441
f 258//442 125//442 145//442
f 142//443 141//443 215//443
f 215//444 141//444 282//444
f 280//445 188//445 283//445
f 283//446 188//446 284//446
f 141//447 140//447 282//447
f 282//448 140//448 139//448
f 282//449 139//449 280//449
f 280//450 139//450 188//450
f 188//451 187//451 284//451
f 284//452 187//452 285//452
f 285//453 185//453 286//453
f 286//454 185//454 287//454
f 187//455 186//455 285//455
f 285//456 186//456 185//456
f 185//457 184//457 287//457
f 287//458 184//458 254//458
f 253//459 184//459 138//459
f 253//460 138//460 251//460
f 251//461 138//461 137//461
f 251//462 137//462 136//462
f 248//463 136//463 135//463
f 248//464 135//464 267//464
f 267//465 135//465 134//465
f 267//466 134//466 133//466
f 265//467 121//467 118//467
f 265//468 118//468 242//468
f 242//469 118//469 117//469
f 242//470 117//470 165//470
f 288//471 194//471 289//471
f 289//472 194//472 276//472
f 289//473 276//473 290//473
f 290//474 276//474 268//474
f 290//475 268//475 291//475
f 291//476 268//476 255//476
f 291//477 255//477 208//477
f 291//478 208//478 292//478
f 292//479 208//479 192//479
f 292//480 192//480 293//480
f 293//481 192//481 294//481
f 294//482 192//482 191//482
f 294//483 191//483 295//483
f 295//484 191//484 190//484
f 295//485 190//485 277//485
f 295//486 277//486 296//486
f 296//487 277//487 297//487
f 297//488 277//488 278//488
f 297//489 278//489 298//489
f 298//490 278//490 269//490
f 298//491 269//491 299//491
f 299//492 269//492 270//492
f 299//493 270//493 271//493
f 299//494 271//494 300//494
f 300//495 271//495 301//495
f 301//496 271//496 279//496
f 301//497 279//497 302//497
f 302//498 279//498 209//498
f 302//499 209//499 303//499
f 303//500 209//500 212//500
f 303//501 212//501 304//501
f 304//502 212//502 257//502
f 304//503 257//503 305//503
f 305//504 257//504 256//504
f 305//505 256//505 306//505
f 306//506 256//506 259//506
f 306//507 259//507 307//507
f 307//508 259//508 272//508
f 307//509 272//509 308//509
f 308//510 272//510 214//510
f 308//511 214//511 309//511
f 309//512 214//512 213//512
f 309//513 213//513 215//513
f 309//514 215//514 310//514
f 310//515 215//515 311//515
f 311//516 215//516 281//516
f 311//517 281//517 312//517
f 312//518 281//518 280//518
f 312//519 280//519 313//519
f 313//520 280//520 283//520
f 313//521 283//521 314//521
f 314//522 283//522 284//522
f 314//523 284//523 315//523
f 315//524 284//524 285//524
f 315//525 285//525 286//525
f 315//526 286//526 316//526
f 316//527 286//527 287//527
f 316//528 287//528 317//528
f 317//529 287//529 318//529
f 318//530 287//530 254//530
f 318//531 254//531 319//531
f 319//532 254//532 252//532
f 319//533 252//533 320//533
f 320//534 252//534 250//534
f 320//535 250//535 321//535
f 321//536 250//536 249//536
f 321//537 249//537 322//537
f 322//538 249//538 247//538
f 322//539 247//539 323//539
f 323//540 247//540 246//540
f 323//541 246//541 324//541
f 324//542 246//542 245//542
f 324//543 245//543 325//543
f 325//544 245//544 275//544
f 325//545 275//545 326//545
f 326//546 275//546 274//546
f 326//547 274//547 327//547
f 327//548 274//548 266//548
f 327//549 266//549 328//549
f 328//550 266//550 244//550
f 328//551 244//551 329//551
f 329//552 244//552 243//552
f 329//553 243//553 330//553
f 330//554 243//554 241//554
f 330//555 241//555 331//555
f 331//556 241//556 240//556
f 331//557 240//557 332//557
f 332//558 240//558 239//558
f 332//559 239//559 333//559
f 333//560 239//560 238//560
f 333//561 238//561 237//561
f 333//562 237//562 334//562
f 334//563 237//563 335//563
f 335//564 237//564 236//564
f 335//565 236//565 336//565
f 336//566 236//566 234//566
f 336//567 234//567 337//567
f 337//568 234//568 233//568
f 337//569 233//569 338//569
f 338//570 233//570 232//570
f 338//571 232//571 339//571
f 339//572 232//572 230//572
f 339//573 230//573 340//573
f 340//574 230//574 228//574
f 340//575 228//575 341//575
f 341//576 228//576 207//576
f 341//577 207//577 342//577
f 342//578 207//578 206//578
f 342//579 206//579 343//579
f 343//580 206//580 205//580
f 343//581 205//581 344//581
f 344//582 205//582 226//582
f 344//583 226//583 345//583
f 345//584 226//584 203//584
f 345//585 203//585 346//585
f 346//586 203//586 202//586
f 346//587 202//587 347//587
f 347//588 202//588 201//588
f 347//589 201//589 348//589
f 348//590 201//590 273//590
f 348//591 273//591 349//591
f 349//592 273//592 225//592
f 349//593 225//593 350//593
f 350//594 225//594 224//594
f 350//595 224//595 351//595
f 351//596 224//596 223//596
f 351//597 223//597 352//597
f 352//598 223//598 222//598
f 352//599 222//599 353//599
f 353//600 222//600 262//600
f 353//601 262//601 354//601
f 354//602 262//602 261//602
f 354//603 261//603 355//603
f 355//604 261//604 221//604
f 355//605 221//605 356//605
f 356//606 221//606 220//606
f 356//607 220//607 357//607
f 357//608 220//608 218//608
f 357//609 218//609 199//609
f 357//610 199//610 358//610
f 358//611 199//611 359//611
f 359//612 199//612 198//612
f 359//613 198//613 360//613
f 360//614 198//614 197//614
f 360//615 197//615 361//615
f 361//616 197//616 217//616
f 361//617 217//617 362//617
f 362//618 217//618 195//618
f 362//619 195//619 288//619
f 288//620 195//620 194//620
f 363//621 364//621 365//621
f 366//622 363//622 367//622
f 368//623 369//623 370//623
f 371//624 368//624 372//624
f 373//625 374//625 375//625
f 376//626 373//626 377//626
f 378//627 379//627 380//627
f 381//628 378//628 382//628
f 383//629 384//629 385//629
f 386//630 383//630 387//630
f 388//631 389//631 390//631
f 391//632 392//632 393//632
f 394//633 391//633 395//633
f 396//634 397//634 398//634
f 399//635 396//635 400//635
f 401//636 402//636 403//636
f 404//637 401//637 405//637
f 406//638 407//638 408//638
f 409//639 406//639 410//639
f 411//640 412//640 413//640
f 414//641 411//641 415//641
f 416//642 414//642 417//642
f 418//643 419//643 420//643
f 421//644 418//644 422//644
f 423//645 424//645 425//645
f 426//646 423//646 427//646
f 428//647 429//647 430//647
f 431//648 432//648 433//648
f 434//649 431//649 435//649
f 436//650 437//650 438//650
f 439//651 436//651 440//651
f 441//652 442//652 443//652
f 444//653 441//653 445//653
f 446//654 447//654 448//654
f 449//655 446//655 450//655
f 451//656 452//656 453//656
f 454//657 451//657 455//657
f 456//658 457//658 458//658
f 459//659 460//659 461//659
f 462//660 459//660 463//660
f 464//661 462//661 465//661
f 466//662 464//662 467//662
f 468//663 466//663 469//663
f 470//664 471//664 472//664
f 473//665 470//665 474//665
f 475//666 476//666 477//666
f 478//667 475//667 479//667
f 480//668 481//668 482//668
f 483//669 480//669 484//669
f 485//670 486//670 487//670
f 466//671 467//671 469//671
f 474//672 472//672 488//672
f 474//673 488//673 489//673
f 490//674 491//674 321//674
f 490//675 321//675 322//675
f 492//676 322//676 323//676
f 492//677 323//677 324//677
f 468//678 469//678 493//678
f 494//679 474//679 489//679
f 494//680 489//680 495//680
f 496//681 490//681 322//681
f 496//682 322//682 492//682
f 497//683 325//683 326//683
f 497//684 326//684 327//684
f 470//685 472//685 474//685
f 479//686 477//686 491//686
f 479//687 491//687 490//687
f 498//688 492//688 324//688
f 498//689 324//689 325//689
f 475//690 477//690 479//690
f 499//691 500//691 497//691
f 499//692 497//692 501//692
f 501//693 497//693 327//693
f 501//694 327//694 328//694
f 480//695 482//695 484//695
f 502//696 503//696 331//696
f 502//697 331//697 504//697
f 504//698 331//698 332//698
f 504//699 332//699 333//699
f 485//700 487//700 499//700
f 363//701 365//701 367//701
f 372//702 370//702 502//702
f 372//703 502//703 505//703
f 375//704 505//704 506//704
f 375//705 506//705 507//705
f 508//706 509//706 336//706
f 508//707 336//707 337//707
f 366//708 367//708 510//708
f 511//709 508//709 337//709
f 511//710 337//710 512//710
f 512//711 337//711 338//711
f 512//712 338//712 339//712
f 368//713 370//713 372//713
f 377//714 375//714 507//714
f 377//715 507//715 509//715
f 513//716 340//716 341//716
f 513//717 341//717 342//717
f 371//718 372//718 505//718
f 514//719 377//719 509//719
f 514//720 509//720 508//720
f 515//721 512//721 339//721
f 515//722 339//722 340//722
f 373//723 375//723 377//723
f 382//724 380//724 511//724
f 382//725 511//725 516//725
f 517//726 513//726 342//726
f 517//727 342//727 518//727
f 518//728 342//728 343//728
f 518//729 343//729 344//729
f 378//730 380//730 382//730
f 387//731 385//731 519//731
f 387//732 519//732 520//732
f 521//733 522//733 345//733
f 521//734 345//734 523//734
f 524//735 523//735 347//735
f 524//736 347//736 348//736
f 383//737 385//737 387//737
f 525//738 390//738 518//738
f 525//739 518//739 522//739
f 526//740 521//740 523//740
f 526//741 523//741 524//741
f 527//742 349//742 350//742
f 527//743 350//743 351//743
f 388//744 390//744 525//744
f 528//745 529//745 352//745
f 528//746 352//746 353//746
f 391//747 393//747 395//747
f 400//748 398//748 530//748
f 400//749 530//749 531//749
f 403//750 531//750 527//750
f 403//751 527//751 529//751
f 394//752 395//752 526//752
f 532//753 400//753 531//753
f 532//754 531//754 403//754
f 405//755 403//755 529//755
f 405//756 529//756 528//756
f 396//757 398//757 400//757
f 408//758 533//758 534//758
f 408//759 534//759 535//759
f 536//760 535//760 355//760
f 536//761 355//761 537//761
f 399//762 400//762 532//762
f 401//763 403//763 405//763
f 410//764 408//764 535//764
f 410//765 535//765 536//765
f 413//766 536//766 537//766
f 413//767 537//767 538//767
f 539//768 540//768 359//768
f 539//769 359//769 541//769
f 541//770 359//770 360//770
f 541//771 360//771 361//771
f 406//772 408//772 410//772
f 415//773 413//773 538//773
f 415//774 538//774 417//774
f 542//775 541//775 361//775
f 542//776 361//776 543//776
f 544//777 543//777 288//777
f 544//778 288//778 289//778
f 411//779 413//779 415//779
f 545//780 542//780 543//780
f 545//781 543//781 544//781
f 418//782 420//782 422//782
f 546//783 427//783 547//783
f 546//784 547//784 548//784
f 549//785 550//785 294//785
f 549//786 294//786 295//786
f 551//787 295//787 296//787
f 551//788 296//788 297//788
f 423//789 425//789 427//789
f 552//790 298//790 299//790
f 552//791 299//791 300//791
f 428//792 430//792 553//792
f 554//793 435//793 555//793
f 554//794 555//794 438//794
f 556//795 557//795 301//795
f 556//796 301//796 302//796
f 431//797 433//797 435//797
f 440//798 438//798 558//798
f 440//799 558//799 559//799
f 443//800 559//800 552//800
f 443//801 552//801 557//801
f 560//802 303//802 304//802
f 560//803 304//803 305//803
f 434//804 435//804 554//804
f 561//805 440//805 559//805
f 561//806 559//806 443//806
f 445//807 443//807 557//807
f 445//808 557//808 556//808
f 436//809 438//809 440//809
f 448//810 562//810 563//810
f 448//811 563//811 564//811
f 439//812 440//812 561//812
f 565//813 560//813 305//813
f 565//814 305//814 306//814
f 441//815 443//815 445//815
f 450//816 448//816 564//816
f 450//817 564//817 566//817
f 567//818 568//818 307//818
f 567//819 307//819 569//819
f 569//820 307//820 308//820
f 569//821 308//821 309//821
f 570//822 310//822 311//822
f 570//823 311//823 312//823
f 446//824 448//824 450//824
f 455//825 453//825 568//825
f 455//826 568//826 567//826
f 571//827 312//827 313//827
f 571//828 313//828 314//828
f 451//829 453//829 455//829
f 572//830 458//830 573//830
f 572//831 573//831 461//831
f 456//832 458//832 572//832
f 465//833 463//833 574//833
f 465//834 574//834 467//834
f 575//835 576//835 316//835
f 575//836 316//836 317//836
f 459//837 461//837 463//837
f 469//838 467//838 577//838
f 469//839 577//839 576//839
f 462//840 463//840 465//840
f 493//841 469//841 576//841
f 493//842 576//842 575//842
f 495//843 489//843 319//843
f 495//844 319//844 320//844
f 495//845 491//845 477//845
f 495//846 477//846 494//846
f 493//847 472//847 471//847
f 493//848 471//848 468//848
f 473//849 474//849 494//849
f 578//850 479//850 490//850
f 578//851 490//851 496//851
f 484//852 496//852 492//852
f 484//853 492//853 498//853
f 500//854 498//854 325//854
f 500//855 325//855 497//855
f 329//856 330//856 579//856
f 329//857 579//857 328//857
f 496//858 484//858 482//858
f 496//859 482//859 578//859
f 494//860 477//860 476//860
f 494//861 476//861 473//861
f 478//862 479//862 578//862
f 580//863 484//863 498//863
f 580//864 498//864 500//864
f 581//865 501//865 328//865
f 581//866 328//866 579//866
f 330//867 331//867 503//867
f 330//868 503//868 579//868
f 500//869 499//869 487//869
f 500//870 487//870 580//870
f 578//871 482//871 481//871
f 578//872 481//872 478//872
f 483//873 484//873 580//873
f 365//874 499//874 501//874
f 365//875 501//875 581//875
f 510//876 581//876 579//876
f 510//877 579//877 503//877
f 506//878 504//878 333//878
f 506//879 333//879 334//879
f 581//880 510//880 367//880
f 581//881 367//881 365//881
f 580//882 487//882 486//882
f 580//883 486//883 483//883
f 335//884 336//884 509//884
f 335//885 509//885 334//885
f 334//886 509//886 507//886
f 334//887 507//887 506//887
f 504//888 506//888 505//888
f 504//889 505//889 502//889
f 503//890 502//890 370//890
f 503//891 370//891 510//891
f 499//892 365//892 364//892
f 499//893 364//893 485//893
f 510//894 370//894 369//894
f 510//895 369//895 366//895
f 340//896 513//896 519//896
f 340//897 519//897 515//897
f 512//898 515//898 516//898
f 512//899 516//899 511//899
f 508//900 511//900 380//900
f 508//901 380//901 514//901
f 505//902 375//902 374//902
f 505//903 374//903 371//903
f 376//904 377//904 514//904
f 520//905 519//905 513//905
f 520//906 513//906 517//906
f 346//907 347//907 523//907
f 346//908 523//908 345//908
f 344//909 345//909 522//909
f 344//910 522//910 518//910
f 515//911 519//911 385//911
f 515//912 385//912 516//912
f 514//913 380//913 379//913
f 514//914 379//914 376//914
f 381//915 382//915 516//915
f 517//916 518//916 390//916
f 517//917 390//917 520//917
f 516//918 385//918 384//918
f 516//919 384//919 381//919
f 386//920 387//920 520//920
f 393//921 525//921 522//921
f 393//922 522//922 521//922
f 398//923 526//923 524//923
f 398//924 524//924 530//924
f 530//925 524//925 348//925
f 530//926 348//926 349//926
f 351//927 352//927 529//927
f 351//928 529//928 527//928
f 349//929 527//929 531//929
f 349//930 531//930 530//930
f 521//931 526//931 395//931
f 521//932 395//932 393//932
f 520//933 390//933 389//933
f 520//934 389//934 386//934
f 353//935 354//935 534//935
f 353//936 534//936 528//936
f 525//937 393//937 392//937
f 525//938 392//938 388//938
f 358//939 359//939 540//939
f 358//940 540//940 357//940
f 356//941 357//941 537//941
f 356//942 537//942 355//942
f 354//943 355//943 535//943
f 354//944 535//944 534//944
f 528//945 534//945 533//945
f 528//946 533//946 405//946
f 526//947 398//947 397//947
f 526//948 397//948 394//948
f 357//949 540//949 538//949
f 357//950 538//950 537//950
f 532//951 403//951 402//951
f 532//952 402//952 399//952
f 404//953 405//953 533//953
f 582//954 410//954 536//954
f 582//955 536//955 413//955
f 417//956 538//956 540//956
f 417//957 540//957 539//957
f 362//958 288//958 543//958
f 362//959 543//959 361//959
f 533//960 408//960 407//960
f 533//961 407//961 404//961
f 409//962 410//962 582//962
f 290//963 291//963 547//963
f 290//964 547//964 289//964
f 289//965 547//965 583//965
f 289//966 583//966 544//966
f 541//967 542//967 420//967
f 541//968 420//968 539//968
f 539//969 420//969 584//969
f 539//970 584//970 417//970
f 582//971 413//971 412//971
f 582//972 412//972 409//972
f 414//973 415//973 417//973
f 422//974 420//974 542//974
f 422//975 542//975 545//975
f 548//976 547//976 291//976
f 548//977 291//977 292//977
f 416//978 417//978 584//978
f 425//979 545//979 544//979
f 425//980 544//980 583//980
f 585//981 548//981 292//981
f 585//982 292//982 293//982
f 293//983 294//983 550//983
f 293//984 550//984 585//984
f 583//985 547//985 427//985
f 583//986 427//986 425//986
f 584//987 420//987 419//987
f 584//988 419//988 416//988
f 421//989 422//989 545//989
f 555//990 549//990 295//990
f 555//991 295//991 551//991
f 585//992 550//992 553//992
f 585//993 553//993 548//993
f 548//994 553//994 430//994
f 548//995 430//995 546//995
f 545//996 425//996 424//996
f 545//997 424//997 421//997
f 426//998 427//998 546//998
f 433//999 553//999 550//999
f 433//1000 550//1000 549//1000
f 558//1001 551//1001 297//1001
f 558//1002 297//1002 298//1002
f 300//1003 301//1003 557//1003
f 300//1004 557//1004 552//1004
f 298//1005 552//1005 559//1005
f 298//1006 559//1006 558//1006
f 551//1007 558//1007 438//1007
f 551//1008 438//1008 555//1008
f 549//1009 555//1009 435//1009
f 549//1010 435//1010 433//1010
f 546//1011 430//1011 429//1011
f 546//1012 429//1012 426//1012
f 302//1013 303//1013 563//1013
f 302//1014 563//1014 556//1014
f 553//1015 433//1015 432//1015
f 553//1016 432//1016 428//1016
f 303//1017 560//1017 564//1017
f 303//1018 564//1018 563//1018
f 556//1019 563//1019 562//1019
f 556//1020 562//1020 445//1020
f 554//1021 438//1021 437//1021
f 554//1022 437//1022 434//1022
f 306//1023 307//1023 568//1023
f 306//1024 568//1024 565//1024
f 560//1025 565//1025 566//1025
f 560//1026 566//1026 564//1026
f 561//1027 443//1027 442//1027
f 561//1028 442//1028 439//1028
f 444//1029 445//1029 562//1029
f 586//1030 309//1030 310//1030
f 586//1031 310//1031 570//1031
f 309//1032 586//1032 573//1032
f 309//1033 573//1033 569//1033
f 565//1034 568//1034 453//1034
f 565//1035 453//1035 566//1035
f 562//1036 448//1036 447//1036
f 562//1037 447//1037 444//1037
f 449//1038 450//1038 566//1038
f 587//1039 455//1039 567//1039
f 587//1040 567//1040 569//1040
f 312//1041 571//1041 574//1041
f 312//1042 574//1042 570//1042
f 570//1043 574//1043 463//1043
f 570//1044 463//1044 586//1044
f 586//1045 463//1045 461//1045
f 586//1046 461//1046 573//1046
f 569//1047 573//1047 458//1047
f 569//1048 458//1048 587//1048
f 566//1049 453//1049 452//1049
f 566//1050 452//1050 449//1050
f 454//1051 455//1051 587//1051
f 577//1052 571//1052 314//1052
f 577//1053 314//1053 315//1053
f 315//1054 316//1054 576//1054
f 315//1055 576//1055 577//1055
f 571//1056 577//1056 467//1056
f 571//1057 467//1057 574//1057
f 587//1058 458//1058 457//1058
f 587//1059 457//1059 454//1059
f 318//1060 319//1060 489//1060
f 318//1061 489//1061 317//1061
f 317//1062 489//1062 488//1062
f 317//1063 488//1063 575//1063
f 572//1064 461//1064 460//1064
f 572//1065 460//1065 456//1065
f 464//1066 465//1066 467//1066
f 472//1067 493//1067 575//1067
f 472//1068 575//1068 488//1068
f 491//1069 495//1069 320//1069
f 491//1070 320//1070 321//1070
f 588//1071 589//1071 590//1071
f 591//1072 485//1072 592//1072
f 593//1073 592//1073 363//1073
f 593//1074 363//1074 594//1074
f 595//1075 594//1075 369//1075
f 595//1076 369//1076 596//1076
f 597//1077 596//1077 371//1077
f 597//1078 371//1078 598//1078
f 598//1079 371//1079 374//1079
f 598//1080 374//1080 599//1080
f 599//1081 374//1081 373//1081
f 599//1082 373//1082 600//1082
f 601//1083 600//1083 379//1083
f 601//1084 379//1084 602//1084
f 602//1085 379//1085 378//1085
f 602//1086 378//1086 603//1086
f 603//1087 378//1087 381//1087
f 603//1088 381//1088 604//1088
f 605//1089 604//1089 383//1089
f 605//1090 383//1090 606//1090
f 606//1091 383//1091 386//1091
f 606//1092 386//1092 607//1092
f 607//1093 386//1093 389//1093
f 607//1094 389//1094 608//1094
f 608//1095 389//1095 388//1095
f 608//1096 388//1096 609//1096
f 610//1097 609//1097 391//1097
f 610//1098 391//1098 611//1098
f 612//1099 611//1099 397//1099
f 612//1100 397//1100 613//1100
f 614//1101 613//1101 399//1101
f 614//1102 399//1102 615//1102
f 616//1103 617//1103 407//1103
f 616//1104 407//1104 618//1104
f 618//1105 407//1105 406//1105
f 618//1106 406//1106 619//1106
f 620//1107 619//1107 412//1107
f 620//1108 412//1108 621//1108
f 622//1109 623//1109 416//1109
f 622//1110 416//1110 624//1110
f 624//1111 416//1111 419//1111
f 624//1112 419//1112 625//1112
f 626//1113 625//1113 421//1113
f 626//1114 421//1114 590//1114
f 590//1115 421//1115 424//1115
f 590//1116 424//1116 588//1116
f 588//1117 424//1117 423//1117
f 588//1118 423//1118 627//1118
f 628//1119 629//1119 432//1119
f 628//1120 432//1120 630//1120
f 630//1121 432//1121 431//1121
f 630//1122 431//1122 631//1122
f 632//1123 631//1123 437//1123
f 632//1124 437//1124 633//1124
f 633//1125 437//1125 436//1125
f 633//1126 436//1126 634//1126
f 634//1127 436//1127 439//1127
f 634//1128 439//1128 635//1128
f 635//1129 439//1129 442//1129
f 635//1130 442//1130 636//1130
f 636//1131 442//1131 441//1131
f 636//1132 441//1132 637//1132
f 637//1133 441//1133 444//1133
f 637//1134 444//1134 638//1134
f 638//1135 444//1135 447//1135
f 638//1136 447//1136 639//1136
f 639//1137 447//1137 446//1137
f 639//1138 446//1138 640//1138
f 640//1139 446//1139 449//1139
f 640//1140 449//1140 641//1140
f 641//1141 449//1141 452//1141
f 641//1142 452//1142 642//1142
f 643//1143 644//1143 468//1143
f 643//1144 468//1144 645//1144
f 646//1145 647//1145 473//1145
f 646//1146 473//1146 648//1146
f 648//1147 473//1147 476//1147
f 648//1148 476//1148 649//1148
f 649//1149 476//1149 475//1149
f 649//1150 475//1150 650//1150
f 651//1151 650//1151 481//1151
f 651//1152 481//1152 652//1152
f 653//1153 652//1153 483//1153
f 653//1154 483//1154 654//1154
f 654//1155 483//1155 486//1155
f 654//1156 486//1156 591//1156
f 591//1157 486//1157 485//1157
f 594//1158 363//1158 366//1158
f 594//1159 366//1159 369//1159
f 596//1160 369//1160 368//1160
f 596//1161 368//1161 371//1161
f 600//1162 373//1162 376//1162
f 600//1163 376//1163 379//1163
f 611//1164 391//1164 394//1164
f 611//1165 394//1165 397//1165
f 613//1166 397//1166 396//1166
f 613//1167 396//1167 399//1167
f 642//1168 452//1168 451//1168
f 642//1169 451//1169 655//1169
f 650//1170 475//1170 478//1170
f 650//1171 478//1171 481//1171
f 615//1172 399//1172 402//1172
f 615//1173 402//1173 656//1173
f 656//1174 402//1174 401//1174
f 656//1175 401//1175 617//1175
f 617//1176 401//1176 404//1176
f 617//1177 404//1177 407//1177
f 629//1178 657//1178 428//1178
f 629//1179 428//1179 432//1179
f 631//1180 431//1180 434//1180
f 631//1181 434//1181 437//1181
f 658//1182 659//1182 456//1182
f 658//1183 456//1183 660//1183
f 660//1184 456//1184 460//1184
f 660//1185 460//1185 661//1185
f 661//1186 460//1186 459//1186
f 661//1187 459//1187 662//1187
f 645//1188 468//1188 471//1188
f 645//1189 471//1189 647//1189
f 647//1190 471//1190 470//1190
f 647//1191 470//1191 473//1191
f 652//1192 481//1192 480//1192
f 652//1193 480//1193 483//1193
f 592//1194 485//1194 364//1194
f 592//1195 364//1195 363//1195
f 604//1196 381//1196 384//1196
f 604//1197 384//1197 383//1197
f 609//1198 388//1198 392//1198
f 609//1199 392//1199 391//1199
f 619//1200 406//1200 409//1200
f 619//1201 409//1201 412//1201
f 621//1202 412//1202 411//1202
f 621//1203 411//1203 623//1203
f 623//1204 411//1204 414//1204
f 623//1205 414//1205 416//1205
f 625//1206 419//1206 418//1206
f 625//1207 418//1207 421//1207
f 627//1208 423//1208 426//1208
f 627//1209 426//1209 657//1209
f 657//1210 426//1210 429//1210
f 657//1211 429//1211 428//1211
f 655//1212 451//1212 454//1212
f 655//1213 454//1213 659//1213
f 659//1214 454//1214 457//1214
f 659//1215 457//1215 456//1215
f 662//1216 459//1216 462//1216
f 662//1217 462//1217 663//1217
f 663//1218 462//1218 464//1218
f 663//1219 464//1219 644//1219
f 644//1220 464//1220 466//1220
f 644//1221 466//1221 468//1221
f 664//1222 590//1222 589//1222
f 664//1223 589//1223 665//1223
f 665//1224 589//1224 588//1224
f 665//1225 588//1225 666//1225
f 666//1226 588//1226 627//1226
f 666//1227 627//1227 667//1227
f 667//1228 627//1228 657//1228
f 667//1229 657//1229 629//1229
f 667//1230 629//1230 668//1230
f 668//1231 629//1231 669//1231
f 669//1232 629//1232 628//1232
f 669//1233 628//1233 670//1233
f 670//1234 628//1234 630//1234
f 670//1235 630//1235 671//1235
f 671//1236 630//1236 631//1236
f 671//1237 631//1237 672//1237
f 672//1238 631//1238 632//1238
f 672//1239 632//1239 673//1239
f 673//1240 632//1240 633//1240
f 673//1241 633//1241 674//1241
f 674//1242 633//1242 634//1242
f 674//1243 634//1243 675//1243
f 675//1244 634//1244 635//1244
f 675//1245 635//1245 676//1245
f 676//1246 635//1246 636//1246
f 676//1247 636//1247 677//1247
f 677//1248 636//1248 637//1248
f 677//1249 637//1249 678//1249
f 678//1250 637//1250 638//1250
f 678//1251 638//1251 679//1251
f 679//1252 638//1252 639//1252
f 679//1253 639//1253 680//1253
f 680//1254 639//1254 640//1254
f 680//1255 640//1255 681//1255
f 681//1256 640//1256 641//1256
f 681//1257 641//1257 682//1257
f 682//1258 641//1258 642//1258
f 682//1259 642//1259 683//1259
f 683//1260 642//1260 655//1260
f 683//1261 655//1261 684//1261
f 684//1262 655//1262 659//1262
f 684//1263 659//1263 685//1263
f 685//1264 659//1264 658//1264
f 685//1265 658//1265 686//1265
f 686//1266 658//1266 660//1266
f 686//1267 660//1267 687//1267
f 687//1268 660//1268 661//1268
f 687//1269 661//1269 688//1269
f 688//1270 661//1270 662//1270
f 688//1271 662//1271 689//1271
f 689//1272 662//1272 663//1272
f 689//1273 663//1273 690//1273
f 690//1274 663//1274 644//1274
f 690//1275 644//1275 691//1275
f 691//1276 644//1276 643//1276
f 691//1277 643//1277 645//1277
f 691//1278 645//1278 692//1278
f 692//1279 645//1279 693//1279
f 693//1280 645//1280 647//1280
f 693//1281 647//1281 694//1281
f 694//1282 647//1282 646//1282
f 694//1283 646//1283 695//1283
f 695//1284 646//1284 648//1284
f 695//1285 648//1285 649//1285
f 695//1286 649//1286 696//1286
f 696//1287 649//1287 697//1287
f 697//1288 649//1288 650//1288
f 697//1289 650//1289 698//1289
f 698//1290 650//1290 651//1290
f 698//1291 651//1291 699//1291
f 699//1292 651//1292 652//1292
f 699//1293 652//1293 700//1293
f 700//1294 652//1294 653//1294
f 700//1295 653//1295 701//1295
f 701//1296 653//1296 654//1296
f 701//1297 654//1297 702//1297
f 702//1298 654//1298 591//1298
f 702//1299 591//1299 703//1299
f 703//1300 591//1300 592//1300
f 703//1301 592//1301 704//1301
f 704//1302 592//1302 593//1302
f 704//1303 593//1303 705//1303
f 705//1304 593//1304 594//1304
f 705//1305 594//1305 595//1305
f 705//1306 595//1306 706//1306
f 706//1307 595//1307 707//1307
f 707//1308 595//1308 596//1308
f 707//1309 596//1309 708//1309
f 708//1310 596//1310 597//1310
f 708//1311 597//1311 598//1311
f 708//1312 598//1312 709//1312
f 709//1313 598//1313 710//1313
f 710//1314 598//1314 599//1314
f 710//1315 599//1315 711//1315
f 711//1316 599//1316 600//1316
f 711//1317 600//1317 712//1317
f 712//1318 600//1318 601//1318
f 712//1319 601//1319 713//1319
f 713//1320 601//1320 602//1320
f 713//1321 602//1321 714//1321
f 714//1322 602//1322 603//1322
f 714//1323 603//1323 715//1323
f 715//1324 603//1324 604//1324
f 715//1325 604//1325 716//1325
f 716//1326 604//1326 605//1326
f 716//1327 605//1327 717//1327
f 717//1328 605//1328 606//1328
f 717//1329 606//1329 718//1329
f 718//1330 606//1330 607//1330
f 718//1331 607//1331 719//1331
f 719//1332 607//1332 608//1332
f 719//1333 608//1333 720//1333
f 720//1334 608//1334 609//1334
f 720//1335 609//1335 721//1335
f 721//1336 609//1336 610//1336
f 721//1337 610//1337 722//1337
f 722//1338 610//1338 611//1338
f 722//1339 611//1339 723//1339
f 723//1340 611//1340 612//1340
f 723//1341 612//1341 724//1341
f 724//1342 612//1342 613//1342
f 724//1343 613//1343 725//1343
f 725//1344 613//1344 614//1344
f 725//1345 614//1345 726//1345
f 726//1346 614//1346 615//1346
f 726//1347 615//1347 727//1347
f 727//1348 615//1348 656//1348
f 727//1349 656//1349 728//1349
f 728//1350 656//1350 617//1350
f 728//1351 617//1351 729//1351
f 729//1352 617//1352 616//1352
f 729//1353 616//1353 730//1353
f 730//1354 616//1354 618//1354
f 730//1355 618//1355 731//1355
f 731//1356 618//1356 619//1356
f 731//1357 619//1357 732//1357
f 732//1358 619//1358 620//1358
f 732//1359 620//1359 733//1359
f 733//1360 620//1360 621//1360
f 733//1361 621//1361 734//1361
f 734//1362 621//1362 623//1362
f 734//1363 623//1363 735//1363
f 735//1364 623//1364 622//1364
f 735//1365 622//1365 736//1365
f 736//1366 622//1366 624//1366
f 736//1367 624//1367 737//1367
f 737//1368 624//1368 625//1368
f 737//1369 625//1369 738//1369
f 738//1370 625//1370 626//1370
f 738//1371 626//1371 664//1371
f 664//1372 626//1372 590//1372
f 697//1373 698//1373 739//1373
f 697//1374 739//1374 696//1374
f 664//1375 665//1375 740//1375
f 664//1376 740//1376 738//1376
f 722//1377 723//1377 741//1377
f 722//1378 741//1378 721//1378
f 701//1379 702//1379 742//1379
f 701//1380 742//1380 700//1380
f 698//1381 699//1381 743//1381
f 698//1382 743//1382 739//1382
f 687//1383 688//1383 744//1383
f 687//1384 744//1384 686//1384
f 684//1385 685//1385 745//1385
f 684//1386 745//1386 683//1386
f 681//1387 682//1387 746//1387
f 681//1388 746//1388 680//1388
f 680//1389 746//1389 747//1389
f 680//1390 747//1390 679//1390
f 677//1391 678//1391 748//1391
f 677//1392 748//1392 676//1392
f 670//1393 671//1393 749//1393
f 670//1394 749//1394 669//1394
f 738//1395 740//1395 750//1395
f 738//1396 750//1396 737//1396
f 735//1397 736//1397 751//1397
f 735//1398 751//1398 734//1398
f 734//1399 751//1399 752//1399
f 734//1400 752//1400 733//1400
f 732//1401 733//1401 753//1401
f 732//1402 753//1402 731//1402
f 731//1403 753//1403 754//1403
f 731//1404 754//1404 730//1404
f 725//1405 726//1405 755//1405
f 725//1406 755//1406 724//1406
f 720//1407 721//1407 756//1407
f 720//1408 756//1408 719//1408
f 719//1409 756//1409 757//1409
f 719//1410 757//1410 718//1410
f 717//1411 718//1411 758//1411
f 717//1412 758//1412 716//1412
f 715//1413 716//1413 759//1413
f 715//1414 759//1414 714//1414
f 704//1415 705//1415 760//1415
f 704//1416 760//1416 703//1416
f 721//1417 741//1417 761//1417
f 721//1418 761//1418 756//1418
f 762//1419 703//1419 763//1419
f 763//1420 703//1420 760//1420
f 763//1421 760//1421 764//1421
f 764//1422 760//1422 705//1422
f 764//1423 705//1423 765//1423
f 765//1424 705//1424 706//1424
f 765//1425 706//1425 766//1425
f 766//1426 706//1426 707//1426
f 766//1427 707//1427 767//1427
f 767//1428 707//1428 708//1428
f 767//1429 708//1429 768//1429
f 768//1430 708//1430 709//1430
f 768//1431 709//1431 769//1431
f 769//1432 709//1432 710//1432
f 769//1433 710//1433 770//1433
f 770//1434 710//1434 711//1434
f 770//1435 711//1435 771//1435
f 771//1436 711//1436 712//1436
f 771//1437 712//1437 772//1437
f 772//1438 712//1438 713//1438
f 772//1439 713//1439 773//1439
f 773//1440 713//1440 714//1440
f 773//1441 714//1441 774//1441
f 774//1442 714//1442 759//1442
f 774//1443 759//1443 775//1443
f 775//1444 759//1444 716//1444
f 775//1445 716//1445 758//1445
f 776//1446 758//1446 718//1446
f 776//1447 718//1447 757//1447
f 777//1448 761//1448 741//1448
f 777//1449 741//1449 778//1449
f 778//1450 741//1450 723//1450
f 778//1451 723//1451 779//1451
f 779//1452 723//1452 724//1452
f 779//1453 724//1453 780//1453
f 780//1454 724//1454 755//1454
f 780//1455 755//1455 781//1455
f 781//1456 755//1456 726//1456
f 781//1457 726//1457 782//1457
f 782//1458 726//1458 727//1458
f 782//1459 727//1459 783//1459
f 783//1460 727//1460 728//1460
f 783//1461 728//1461 784//1461
f 784//1462 728//1462 729//1462
f 784//1463 729//1463 785//1463
f 785//1464 729//1464 730//1464
f 785//1465 730//1465 786//1465
f 786//1466 730//1466 754//1466
f 786//1467 754//1467 787//1467
f 787//1468 754//1468 753//1468
f 787//1469 753//1469 788//1469
f 788//1470 753//1470 733//1470
f 788//1471 733//1471 752//1471
f 789//1472 751//1472 736//1472
f 789//1473 736//1473 790//1473
f 790//1474 736//1474 737//1474
f 790//1475 737//1475 791//1475
f 791//1476 737//1476 750//1476
f 791//1477 750//1477 792//1477
f 792//1478 750//1478 740//1478
f 792//1479 740//1479 793//1479
f 793//1480 740//1480 665//1480
f 793//1481 665//1481 794//1481
f 794//1482 665//1482 666//1482
f 794//1483 666//1483 795//1483
f 795//1484 666//1484 667//1484
f 795//1485 667//1485 796//1485
f 796//1486 667//1486 668//1486
f 796//1487 668//1487 797//1487
f 797//1488 668//1488 669//1488
f 797//1489 669//1489 798//1489
f 798//1490 669//1490 749//1490
f 798//1491 749//1491 799//1491
f 799//1492 749//1492 671//1492
f 799//1493 671//1493 800//1493
f 800//1494 671//1494 672//1494
f 800//1495 672//1495 801//1495
f 801//1496 672//1496 673//1496
f 801//1497 673//1497 802//1497
f 802//1498 673//1498 674//1498
f 802//1499 674//1499 803//1499
f 803//1500 674//1500 675//1500
f 803//1501 675//1501 804//1501
f 804//1502 675//1502 676//1502
f 804//1503 676//1503 805//1503
f 805//1504 676//1504 748//1504
f 805//1505 748//1505 806//1505
f 806//1506 748//1506 678//1506
f 806//1507 678//1507 807//1507
f 807//1508 678//1508 679//1508
f 807//1509 679//1509 808//1509
f 808//1510 679//1510 747//1510
f 808//1511 747//1511 809//1511
f 809//1512 747//1512 746//1512
f 809//1513 746//1513 810//1513
f 810//1514 746//1514 682//1514
f 810//1515 682//1515 811//1515
f 811//1516 682//1516 683//1516
f 811//1517 683//1517 812//1517
f 812//1518 683//1518 745//1518
f 812//1519 745//1519 813//1519
f 813//1520 745//1520 685//1520
f 813//1521 685//1521 814//1521
f 814//1522 685//1522 686//1522
f 814//1523 686//1523 815//1523
f 815//1524 686//1524 744//1524
f 815//1525 744//1525 816//1525
f 816//1526 744//1526 688//1526
f 816//1527 688//1527 817//1527
f 817//1528 688//1528 689//1528
f 817//1529 689//1529 818//1529
f 818//1530 689//1530 690//1530
f 818//1531 690//1531 819//1531
f 819//1532 690//1532 691//1532
f 819//1533 691//1533 820//1533
f 820//1534 691//1534 692//1534
f 820//1535 692//1535 821//1535
f 821//1536 692//1536 693//1536
f 821//1537 693//1537 822//1537
f 822//1538 693//1538 694//1538
f 822//1539 694//1539 823//1539
f 823//1540 694//1540 695//1540
f 823//1541 695//1541 824//1541
f 824//1542 695//1542 696//1542
f 824//1543 696//1543 739//1543
f 825//1544 739//1544 743//1544
f 825//1545 743//1545 826//1545
f 826//1546 743//1546 699//1546
f 826//1547 699//1547 827//1547
f 827//1548 699//1548 700//1548
f 827//1549 700//1549 828//1549
f 828//1550 700//1550 742//1550
f 828//1551 742//1551 829//1551
f 829//1552 742//1552 702//1552
f 829//1553 702//1553 762//1553
f 762//1554 702//1554 703//1554
f 824//1555 739//1555 830//1555
f 752//1556 751//1556 831//1556
f 788//1557 752//1557 832//1557
f 757//1558 756//1558 833//1558
f 775//1559 758//1559 834//1559
f 771//1560 772//1560 835//1560
f 771//1561 835//1561 770//1561
f 770//1562 835//1562 836//1562
f 770//1563 836//1563 769//1563
f 769//1564 836//1564 837//1564
f 769//1565 837//1565 838//1565
f 767//1566 838//1566 839//1566
f 767//1567 839//1567 840//1567
f 840//1568 839//1568 841//1568
f 840//1569 841//1569 842//1569
f 843//1570 844//1570 845//1570
f 843//1571 845//1571 846//1571
f 768//1572 769//1572 838//1572
f 768//1573 838//1573 767//1573
f 766//1574 767//1574 840//1574
f 766//1575 840//1575 844//1575
f 847//1576 848//1576 849//1576
f 847//1577 849//1577 850//1577
f 765//1578 766//1578 844//1578
f 765//1579 844//1579 843//1579
f 851//1580 847//1580 850//1580
f 851//1581 850//1581 852//1581
f 853//1582 854//1582 855//1582
f 853//1583 855//1583 856//1583
f 856//1584 855//1584 857//1584
f 856//1585 857//1585 858//1585
f 762//1586 763//1586 848//1586
f 762//1587 848//1587 847//1587
f 859//1588 860//1588 854//1588
f 859//1589 854//1589 853//1589
f 828//1590 829//1590 851//1590
f 828//1591 851//1591 827//1591
f 827//1592 851//1592 860//1592
f 827//1593 860//1593 859//1593
f 830//1594 825//1594 856//1594
f 830//1595 856//1595 861//1595
f 861//1596 856//1596 858//1596
f 861//1597 858//1597 862//1597
f 863//1598 864//1598 865//1598
f 863//1599 865//1599 866//1599
f 823//1600 861//1600 862//1600
f 823//1601 862//1601 867//1601
f 868//1602 863//1602 866//1602
f 868//1603 866//1603 869//1603
f 822//1604 823//1604 867//1604
f 822//1605 867//1605 821//1605
f 820//1606 821//1606 868//1606
f 820//1607 868//1607 819//1607
f 870//1608 871//1608 872//1608
f 870//1609 872//1609 873//1609
f 816//1610 817//1610 874//1610
f 816//1611 874//1611 875//1611
f 876//1612 877//1612 878//1612
f 876//1613 878//1613 879//1613
f 815//1614 816//1614 875//1614
f 815//1615 875//1615 814//1615
f 813//1616 814//1616 880//1616
f 813//1617 880//1617 812//1617
f 812//1618 880//1618 877//1618
f 812//1619 877//1619 876//1619
f 810//1620 811//1620 881//1620
f 810//1621 881//1621 882//1621
f 809//1622 810//1622 882//1622
f 809//1623 882//1623 883//1623
f 883//1624 882//1624 884//1624
f 883//1625 884//1625 885//1625
f 886//1626 885//1626 887//1626
f 886//1627 887//1627 888//1627
f 807//1628 883//1628 885//1628
f 807//1629 885//1629 886//1629
f 889//1630 890//1630 891//1630
f 889//1631 891//1631 892//1631
f 808//1632 809//1632 883//1632
f 808//1633 883//1633 807//1633
f 893//1634 894//1634 890//1634
f 893//1635 890//1635 889//1635
f 805//1636 806//1636 888//1636
f 805//1637 888//1637 894//1637
f 802//1638 893//1638 889//1638
f 802//1639 889//1639 895//1639
f 896//1640 895//1640 897//1640
f 896//1641 897//1641 898//1641
f 798//1642 899//1642 900//1642
f 798//1643 900//1643 901//1643
f 901//1644 900//1644 902//1644
f 901//1645 902//1645 903//1645
f 799//1646 800//1646 899//1646
f 799//1647 899//1647 798//1647
f 797//1648 798//1648 901//1648
f 797//1649 901//1649 904//1649
f 796//1650 797//1650 904//1650
f 796//1651 904//1651 905//1651
f 792//1652 906//1652 907//1652
f 792//1653 907//1653 908//1653
f 908//1654 907//1654 909//1654
f 908//1655 909//1655 910//1655
f 794//1656 795//1656 911//1656
f 794//1657 911//1657 906//1657
f 790//1658 908//1658 910//1658
f 790//1659 910//1659 912//1659
f 913//1660 912//1660 914//1660
f 913//1661 914//1661 915//1661
f 915//1662 914//1662 916//1662
f 915//1663 916//1663 917//1663
f 793//1664 794//1664 906//1664
f 793//1665 906//1665 792//1665
f 918//1666 917//1666 919//1666
f 918//1667 919//1667 920//1667
f 791//1668 792//1668 908//1668
f 791//1669 908//1669 790//1669
f 789//1670 790//1670 912//1670
f 789//1671 912//1671 913//1671
f 921//1672 915//1672 917//1672
f 921//1673 917//1673 918//1673
f 922//1674 923//1674 924//1674
f 922//1675 924//1675 925//1675
f 786//1676 787//1676 923//1676
f 786//1677 923//1677 922//1677
f 926//1678 927//1678 928//1678
f 926//1679 928//1679 929//1679
f 752//1680 831//1680 832//1680
f 783//1681 784//1681 927//1681
f 783//1682 927//1682 926//1682
f 930//1683 931//1683 932//1683
f 930//1684 932//1684 933//1684
f 781//1685 782//1685 934//1685
f 781//1686 934//1686 935//1686
f 936//1687 937//1687 938//1687
f 936//1688 938//1688 939//1688
f 940//1689 941//1689 942//1689
f 940//1690 942//1690 943//1690
f 944//1691 936//1691 939//1691
f 944//1692 939//1692 941//1692
f 945//1693 940//1693 943//1693
f 945//1694 943//1694 946//1694
f 778//1695 779//1695 937//1695
f 778//1696 937//1696 936//1696
f 947//1697 946//1697 948//1697
f 947//1698 948//1698 949//1698
f 950//1699 945//1699 946//1699
f 950//1700 946//1700 947//1700
f 833//1701 944//1701 951//1701
f 833//1702 951//1702 952//1702
f 952//1703 951//1703 940//1703
f 952//1704 940//1704 776//1704
f 776//1705 940//1705 945//1705
f 776//1706 945//1706 950//1706
f 756//1707 761//1707 833//1707
f 953//1708 954//1708 955//1708
f 953//1709 955//1709 956//1709
f 836//1710 956//1710 957//1710
f 836//1711 957//1711 958//1711
f 758//1712 776//1712 834//1712
f 774//1713 775//1713 959//1713
f 774//1714 959//1714 773//1714
f 773//1715 959//1715 954//1715
f 773//1716 954//1716 953//1716
f 960//1717 961//1717 846//1717
f 960//1718 846//1718 845//1718
f 842//1719 845//1719 844//1719
f 842//1720 844//1720 840//1720
f 961//1721 849//1721 848//1721
f 961//1722 848//1722 846//1722
f 852//1723 854//1723 860//1723
f 852//1724 860//1724 851//1724
f 846//1725 848//1725 763//1725
f 846//1726 763//1726 843//1726
f 843//1727 763//1727 764//1727
f 843//1728 764//1728 765//1728
f 962//1729 864//1729 862//1729
f 962//1730 862//1730 858//1730
f 853//1731 856//1731 825//1731
f 853//1732 825//1732 859//1732
f 847//1733 851//1733 829//1733
f 847//1734 829//1734 762//1734
f 963//1735 964//1735 869//1735
f 963//1736 869//1736 866//1736
f 864//1737 863//1737 867//1737
f 864//1738 867//1738 862//1738
f 859//1739 825//1739 826//1739
f 859//1740 826//1740 827//1740
f 821//1741 867//1741 863//1741
f 821//1742 863//1742 868//1742
f 965//1743 964//1743 966//1743
f 965//1744 966//1744 967//1744
f 824//1745 830//1745 861//1745
f 824//1746 861//1746 823//1746
f 874//1747 965//1747 967//1747
f 874//1748 967//1748 871//1748
f 964//1749 965//1749 968//1749
f 964//1750 968//1750 869//1750
f 869//1751 968//1751 819//1751
f 869//1752 819//1752 868//1752
f 825//1753 830//1753 739//1753
f 880//1754 870//1754 873//1754
f 880//1755 873//1755 877//1755
f 877//1756 873//1756 969//1756
f 877//1757 969//1757 878//1757
f 871//1758 870//1758 875//1758
f 871//1759 875//1759 874//1759
f 965//1760 874//1760 817//1760
f 965//1761 817//1761 968//1761
f 818//1762 819//1762 968//1762
f 818//1763 968//1763 817//1763
f 881//1764 876//1764 879//1764
f 881//1765 879//1765 970//1765
f 970//1766 884//1766 882//1766
f 970//1767 882//1767 881//1767
f 870//1768 880//1768 814//1768
f 870//1769 814//1769 875//1769
f 971//1770 887//1770 885//1770
f 971//1771 885//1771 884//1771
f 876//1772 881//1772 811//1772
f 876//1773 811//1773 812//1773
f 972//1774 973//1774 888//1774
f 972//1775 888//1775 887//1775
f 973//1776 890//1776 894//1776
f 973//1777 894//1777 888//1777
f 900//1778 898//1778 974//1778
f 900//1779 974//1779 902//1779
f 892//1780 897//1780 895//1780
f 892//1781 895//1781 889//1781
f 886//1782 888//1782 806//1782
f 886//1783 806//1783 807//1783
f 804//1784 805//1784 894//1784
f 804//1785 894//1785 893//1785
f 899//1786 896//1786 898//1786
f 899//1787 898//1787 900//1787
f 893//1788 802//1788 803//1788
f 893//1789 803//1789 804//1789
f 801//1790 802//1790 895//1790
f 801//1791 895//1791 896//1791
f 904//1792 901//1792 903//1792
f 904//1793 903//1793 975//1793
f 911//1794 975//1794 976//1794
f 911//1795 976//1795 977//1795
f 907//1796 977//1796 978//1796
f 907//1797 978//1797 909//1797
f 975//1798 911//1798 905//1798
f 975//1799 905//1799 904//1799
f 896//1800 899//1800 800//1800
f 896//1801 800//1801 801//1801
f 979//1802 980//1802 910//1802
f 979//1803 910//1803 909//1803
f 977//1804 907//1804 906//1804
f 977//1805 906//1805 911//1805
f 980//1806 914//1806 912//1806
f 980//1807 912//1807 910//1807
f 905//1808 911//1808 795//1808
f 905//1809 795//1809 796//1809
f 920//1810 924//1810 923//1810
f 920//1811 923//1811 918//1811
f 831//1812 789//1812 913//1812
f 831//1813 913//1813 915//1813
f 981//1814 922//1814 925//1814
f 981//1815 925//1815 982//1815
f 982//1816 928//1816 927//1816
f 982//1817 927//1817 981//1817
f 918//1818 923//1818 787//1818
f 918//1819 787//1819 921//1819
f 915//1820 921//1820 832//1820
f 915//1821 832//1821 831//1821
f 934//1822 926//1822 929//1822
f 934//1823 929//1823 931//1823
f 981//1824 927//1824 784//1824
f 981//1825 784//1825 922//1825
f 922//1826 784//1826 785//1826
f 922//1827 785//1827 786//1827
f 921//1828 787//1828 788//1828
f 921//1829 788//1829 832//1829
f 789//1830 831//1830 751//1830
f 782//1831 783//1831 926//1831
f 782//1832 926//1832 934//1832
f 933//1833 938//1833 937//1833
f 933//1834 937//1834 930//1834
f 931//1835 930//1835 935//1835
f 931//1836 935//1836 934//1836
f 930//1837 937//1837 779//1837
f 930//1838 779//1838 935//1838
f 941//1839 940//1839 951//1839
f 941//1840 951//1840 944//1840
f 935//1841 779//1841 780//1841
f 935//1842 780//1842 781//1842
f 936//1843 944//1843 777//1843
f 936//1844 777//1844 778//1844
f 959//1845 947//1845 949//1845
f 959//1846 949//1846 983//1846
f 983//1847 955//1847 954//1847
f 983//1848 954//1848 959//1848
f 947//1849 959//1849 775//1849
f 947//1850 775//1850 950//1850
f 950//1851 775//1851 834//1851
f 950//1852 834//1852 776//1852
f 944//1853 833//1853 761//1853
f 944//1854 761//1854 777//1854
f 757//1855 833//1855 952//1855
f 835//1856 953//1856 956//1856
f 835//1857 956//1857 836//1857
f 984//1858 841//1858 839//1858
f 984//1859 839//1859 985//1859
f 958//1860 985//1860 837//1860
f 958//1861 837//1861 836//1861
f 952//1862 776//1862 757//1862
f 838//1863 837//1863 985//1863
f 838//1864 985//1864 839//1864
f 772//1865 773//1865 953//1865
f 772//1866 953//1866 835//1866
f 961//1867 986//1867 849//1867
f 849//1868 986//1868 987//1868
f 849//1869 987//1869 850//1869
f 850//1870 987//1870 988//1870
f 850//1871 988//1871 852//1871
f 852//1872 988//1872 989//1872
f 852//1873 989//1873 854//1873
f 854//1874 989//1874 990//1874
f 854//1875 990//1875 855//1875
f 855//1876 990//1876 991//1876
f 855//1877 991//1877 857//1877
f 857//1878 991//1878 992//1878
f 857//1879 992//1879 858//1879
f 858//1880 992//1880 993//1880
f 858//1881 993//1881 962//1881
f 962//1882 993//1882 994//1882
f 962//1883 994//1883 995//1883
f 962//1884 995//1884 864//1884
f 864//1885 995//1885 996//1885
f 864//1886 996//1886 865//1886
f 865//1887 996//1887 866//1887
f 866//1888 996//1888 997//1888
f 866//1889 997//1889 963//1889
f 963//1890 997//1890 998//1890
f 963//1891 998//1891 964//1891
f 964//1892 998//1892 999//1892
f 964//1893 999//1893 966//1893
f 966//1894 999//1894 1000//1894
f 966//1895 1000//1895 967//1895
f 967//1896 1000//1896 1001//1896
f 967//1897 1001//1897 871//1897
f 871//1898 1001//1898 1002//1898
f 871//1899 1002//1899 872//1899
f 872//1900 1002//1900 1003//1900
f 872//1901 1003//1901 873//1901
f 873//1902 1003//1902 1004//1902
f 873//1903 1004//1903 969//1903
f 969//1904 1004//1904 1005//1904
f 969//1905 1005//1905 878//1905
f 878//1906 1005//1906 1006//1906
f 878//1907 1006//1907 879//1907
f 879//1908 1006//1908 1007//1908
f 879//1909 1007//1909 970//1909
f 970//1910 1007//1910 1008//1910
f 970//1911 1008//1911 1009//1911
f 970//1912 1009//1912 884//1912
f 884//1913 1009//1913 971//1913
f 971//1914 1009//1914 1010//1914
f 971//1915 1010//1915 887//1915
f 887//1916 1010//1916 1011//1916
f 887//1917 1011//1917 972//1917
f 972//1918 1011//1918 1012//1918
f 972//1919 1012//1919 973//1919
f 973//1920 1012//1920 1013//1920
f 973//1921 1013//1921 890//1921
f 890//1922 1013//1922 1014//1922
f 890//1923 1014//1923 891//1923
f 891//1924 1014//1924 1015//1924
f 891//1925 1015//1925 892//1925
f 892//1926 1015//1926 1016//1926
f 892//1927 1016//1927 897//1927
f 897//1928 1016//1928 1017//1928
f 897//1929 1017//1929 898//1929
f 898//1930 1017//1930 1018//1930
f 898//1931 1018//1931 1019//1931
f 898//1932 1019//1932 974//1932
f 974//1933 1019//1933 902//1933
f 902//1934 1019//1934 1020//1934
f 902//1935 1020//1935 903//1935
f 903//1936 1020//1936 1021//1936
f 903//1937 1021//1937 975//1937
f 975//1938 1021//1938 1022//1938
f 975//1939 1022//1939 976//1939
f 976//1940 1022//1940 1023//1940
f 976//1941 1023//1941 977//1941
f 977//1942 1023//1942 1024//1942
f 977//1943 1024//1943 978//1943
f 978//1944 1024//1944 1025//1944
f 978//1945 1025//1945 909//1945
f 909//1946 1025//1946 1026//1946
f 909//1947 1026//1947 1027//1947
f 909//1948 1027//1948 979//1948
f 979//1949 1027//1949 980//1949
f 980//1950 1027//1950 1028//1950
f 980//1951 1028//1951 914//1951
f 914//1952 1028//1952 1029//1952
f 914//1953 1029//1953 916//1953
f 916//1954 1029//1954 1030//1954
f 916//1955 1030//1955 917//1955
f 917//1956 1030//1956 1031//1956
f 917//1957 1031//1957 919//1957
f 919//1958 1031//1958 1032//1958
f 919//1959 1032//1959 920//1959
f 920//1960 1032//1960 1033//1960
f 920//1961 1033//1961 924//1961
f 924//1962 1033//1962 1034//1962
f 924//1963 1034//1963 925//1963
f 925//1964 1034//1964 1035//1964
f 925//1965 1035//1965 982//1965
f 982//1966 1035//1966 1036//1966
f 982//1967 1036//1967 928//1967
f 928//1968 1036//1968 1037//1968
f 928//1969 1037//1969 929//1969
f 929//1970 1037//1970 1038//1970
f 929//1971 1038//1971 931//1971
f 931//1972 1038//1972 1039//1972
f 931//1973 1039//1973 932//1973
f 932//1974 1039//1974 1040//1974
f 932//1975 1040//1975 933//1975
f 933//1976 1040//1976 1041//1976
f 933//1977 1041//1977 938//1977
f 938//1978 1041//1978 1042//1978
f 938//1979 1042//1979 939//1979
f 939//1980 1042//1980 1043//1980
f 939//1981 1043//1981 941//1981
f 941//1982 1043//1982 1044//1982
f 941//1983 1044//1983 942//1983
f 942//1984 1044//1984 1045//1984
f 942//1985 1045//1985 943//1985
f 943//1986 1045//1986 1046//1986
f 943//1987 1046//1987 946//1987
f 946//1988 1046//1988 1047//1988
f 946//1989 1047//1989 948//1989
f 948//1990 1047//1990 1048//1990
f 948//1991 1048//1991 949//1991
f 949//1992 1048//1992 1049//1992
f 949//1993 1049//1993 983//1993
f 983//1994 1049//1994 1050//1994
f 983//1995 1050//1995 955//1995
f 955//1996 1050//1996 1051//1996
f 955//1997 1051//1997 956//1997
f 956//1998 1051//1998 1052//1998
f 956//1999 1052//1999 957//1999
f 957//2000 1052//2000 1053//2000
f 957//2001 1053//2001 1054//2001
f 957//2002 1054//2002 958//2002
f 958//2003 1054//2003 985//2003
f 985//2004 1054//2004 1055//2004
f 985//2005 1055//2005 984//2005
f 984//2006 1055//2006 1056//2006
f 984//2007 1056//2007 841//2007
f 841//2008 1056//2008 1057//2008
f 841//2009 1057//2009 842//2009
f 842//2010 1057//2010 1058//2010
f 842//2011 1058//2011 845//2011
f 845//2012 1058//2012 1059//2012
f 845//2013 1059//2013 960//2013
f 960//2014 1059//2014 1060//2014
f 960//2015 1060//2015 986//2015
f 960//2016 986//2016 961//2016
f 1005//2017 1004//2017 1061//2017
f 1005//2018 1061//2018 1006//2018
f 1011//2019 1010//2019 1062//2019
f 1011//2020 1062//2020 1012//2020
f 1018//2021 1063//2021 1019//2021
f 1019//2022 1063//2022 1020//2022
f 1028//2023 1027//2023 1064//2023
f 1028//2024 1064//2024 1029//2024
f 1051//2025 1050//2025 1065//2025
f 1051//2026 1065//2026 1052//2026
f 1052//2027 1065//2027 1066//2027
f 1052//2028 1066//2028 1053//2028
f 990//2029 989//2029 1067//2029
f 990//2030 1067//2030 991//2030
f 993//2031 992//2031 1068//2031
f 993//2032 1068//2032 994//2032
f 994//2033 1068//2033 1069//2033
f 994//2034 1069//2034 995//2034
f 989//2035 988//2035 1070//2035
f 989//2036 1070//2036 1067//2036
f 999//2037 1071//2037 1000//2037
f 1000//2038 1071//2038 1001//2038
f 1001//2039 1071//2039 1072//2039
f 1001//2040 1072//2040 1002//2040
f 1002//2041 1072//2041 1073//2041
f 1002//2042 1073//2042 1003//2042
f 1003//2043 1073//2043 1074//2043
f 1003//2044 1074//2044 1004//2044
f 1004//2045 1074//2045 1075//2045
f 1004//2046 1075//2046 1061//2046
f 1006//2047 1061//2047 1076//2047
f 1006//2048 1076//2048 1007//2048
f 1020//2049 1063//2049 1077//2049
f 1020//2050 1077//2050 1021//2050
f 1025//2051 1024//2051 1078//2051
f 1025//2052 1078//2052 1026//2052
f 1045//2053 1044//2053 1079//2053
f 1045//2054 1079//2054 1046//2054
f 1046//2055 1079//2055 1080//2055
f 1046//2056 1080//2056 1047//2056
f 1047//2057 1080//2057 1081//2057
f 1047//2058 1081//2058 1048//2058
f 1050//2059 1049//2059 1082//2059
f 1050//2060 1082//2060 1065//2060
f 1057//2061 1083//2061 1058//2061
f 1058//2062 1083//2062 1084//2062
f 1060//2063 1084//2063 1085//2063
f 1060//2064 1085//2064 986//2064
f 986//2065 1085//2065 1086//2065
f 986//2066 1086//2066 987//2066
f 987//2067 1086//2067 1087//2067
f 987//2068 1087//2068 988//2068
f 988//2069 1087//2069 1088//2069
f 988//2070 1088//2070 1070//2070
f 991//2071 1067//2071 1089//2071
f 991//2072 1089//2072 992//2072
f 992//2073 1089//2073 1090//2073
f 992//2074 1090//2074 1068//2074
f 1091//2075 1092//2075 999//2075
f 999//2076 1092//2076 1071//2076
f 1007//2077 1076//2077 1093//2077
f 1007//2078 1093//2078 1008//2078
f 1008//2079 1093//2079 1094//2079
f 1008//2080 1094//2080 1009//2080
f 1095//2081 1096//2081 1016//2081
f 1016//2082 1096//2082 1097//2082
f 1018//2083 1097//2083 1098//2083
f 1018//2084 1098//2084 1063//2084
f 1021//2085 1077//2085 1099//2085
f 1021//2086 1099//2086 1022//2086
f 1022//2087 1099//2087 1100//2087
f 1022//2088 1100//2088 1023//2088
f 1023//2089 1100//2089 1101//2089
f 1023//2090 1101//2090 1024//2090
f 1024//2091 1101//2091 1102//2091
f 1024//2092 1102//2092 1078//2092
f 1026//2093 1078//2093 1103//2093
f 1026//2094 1103//2094 1027//2094
f 1027//2095 1103//2095 1104//2095
f 1027//2096 1104//2096 1064//2096
f 1029//2097 1064//2097 1105//2097
f 1029//2098 1105//2098 1030//2098
f 1030//2099 1105//2099 1106//2099
f 1030//2100 1106//2100 1031//2100
f 1031//2101 1106//2101 1107//2101
f 1031//2102 1107//2102 1032//2102
f 1032//2103 1107//2103 1108//2103
f 1032//2104 1108//2104 1033//2104
f 1109//2105 1110//2105 1040//2105
f 1040//2106 1110//2106 1041//2106
f 1041//2107 1110//2107 1111//2107
f 1041//2108 1111//2108 1112//2108
f 1043//2109 1112//2109 1113//2109
f 1043//2110 1113//2110 1044//2110
f 1044//2111 1113//2111 1114//2111
f 1044//2112 1114//2112 1079//2112
f 1048//2113 1081//2113 1115//2113
f 1048//2114 1115//2114 1049//2114
f 1049//2115 1115//2115 1116//2115
f 1049//2116 1116//2116 1082//2116
f 1117//2117 1118//2117 1057//2117
f 1057//2118 1118//2118 1083//2118
f 1090//2119 1089//2119 1119//2119
f 1090//2120 1120//2120 1068//2120
f 1068//2121 1120//2121 1069//2121
f 1120//2122 1121//2122 1069//2122
f 1069//2123 1121//2123 1122//2123
f 1069//2124 1122//2124 995//2124
f 995//2125 1122//2125 996//2125
f 1122//2126 1123//2126 996//2126
f 996//2127 1123//2127 997//2127
f 1123//2128 1124//2128 997//2128
f 997//2129 1124//2129 1091//2129
f 997//2130 1091//2130 998//2130
f 998//2131 1091//2131 999//2131
f 1125//2132 1076//2132 1061//2132
f 1125//2133 1061//2133 1075//2133
f 1126//2134 1092//2134 1091//2134
f 1094//2135 1127//2135 1128//2135
f 1094//2136 1128//2136 1009//2136
f 1009//2137 1128//2137 1129//2137
f 1009//2138 1129//2138 1010//2138
f 1010//2139 1129//2139 1062//2139
f 1062//2140 1130//2140 1012//2140
f 1012//2141 1130//2141 1013//2141
f 1129//2142 1131//2142 1062//2142
f 1062//2143 1131//2143 1130//2143
f 1130//2144 1132//2144 1013//2144
f 1013//2145 1132//2145 1014//2145
f 1132//2146 1133//2146 1014//2146
f 1014//2147 1133//2147 1015//2147
f 1016//2148 1097//2148 1017//2148
f 1017//2149 1097//2149 1018//2149
f 1133//2150 1095//2150 1015//2150
f 1015//2151 1095//2151 1016//2151
f 1034//2152 1033//2152 1134//2152
f 1134//2153 1033//2153 1108//2153
f 1134//2154 1108//2154 1135//2154
f 1095//2155 1136//2155 1096//2155
f 1097//2156 1096//2156 1137//2156
f 1097//2157 1137//2157 1098//2157
f 1063//2158 1098//2158 1138//2158
f 1063//2159 1138//2159 1077//2159
f 1064//2160 1104//2160 1139//2160
f 1064//2161 1139//2161 1105//2161
f 1134//2162 1140//2162 1034//2162
f 1034//2163 1140//2163 1141//2163
f 1034//2164 1141//2164 1035//2164
f 1035//2165 1141//2165 1036//2165
f 1141//2166 1142//2166 1036//2166
f 1036//2167 1142//2167 1037//2167
f 1037//2168 1143//2168 1038//2168
f 1038//2169 1143//2169 1039//2169
f 1142//2170 1144//2170 1037//2170
f 1037//2171 1144//2171 1143//2171
f 1144//2172 1145//2172 1143//2172
f 1143//2173 1145//2173 1109//2173
f 1143//2174 1109//2174 1039//2174
f 1039//2175 1109//2175 1040//2175
f 1041//2176 1112//2176 1042//2176
f 1042//2177 1112//2177 1043//2177
f 1146//2178 1113//2178 1112//2178
f 1146//2179 1112//2179 1111//2179
f 1147//2180 1110//2180 1109//2180
f 1116//2181 1148//2181 1082//2181
f 1066//2182 1149//2182 1053//2182
f 1053//2183 1149//2183 1054//2183
f 1149//2184 1150//2184 1054//2184
f 1054//2185 1150//2185 1055//2185
f 1082//2186 1151//2186 1065//2186
f 1065//2187 1151//2187 1066//2187
f 1151//2188 1152//2188 1066//2188
f 1066//2189 1152//2189 1149//2189
f 1152//2190 1153//2190 1149//2190
f 1149//2191 1153//2191 1150//2191
f 1153//2192 1154//2192 1150//2192
f 1150//2193 1154//2193 1155//2193
f 1150//2194 1155//2194 1055//2194
f 1055//2195 1155//2195 1056//2195
f 1155//2196 1117//2196 1056//2196
f 1056//2197 1117//2197 1057//2197
f 1058//2198 1084//2198 1059//2198
f 1059//2199 1084//2199 1060//2199
f 1117//2200 1156//2200 1118//2200
f 1084//2201 1083//2201 1157//2201
f 1084//2202 1157//2202 1085//2202
f 1067//2203 1070//2203 1158//2203
f 1067//2204 1158//2204 1089//2204
