mtllib ../materials.mtl
v 0.055438 -0.016879 0.062674
v 0.057276 -0.00863 0.062674
v 0.057283 -0.008631 0.062755
v 0.052419 -0.024773 0.062674
v 0.055445 -0.016882 0.062755
v 0.037041 -0.044699 0.062673
v 0.043117 -0.038833 0.062674
v 0.043122 -0.038839 0.062755
v 0.022642 -0.053482 0.062674
v 0.030159 -0.049617 0.062674
v 0.030162 -0.049624 0.062755
v 0.014643 -0.056211 0.062674
v 0.022645 -0.053489 0.062755
v -0.010509 -0.057137 0.062673
v -0.002114 -0.058055 0.062674
v -0.002115 -0.058062 0.062755
v -0.026471 -0.051687 0.062674
v -0.018692 -0.054993 0.062674
v -0.018695 -0.054999 0.062755
v -0.033685 -0.047284 0.062674
v -0.026475 -0.051693 0.062755
v -0.057738 -0.004426 0.062674
v -0.056508 -0.012788 0.062674
v -0.056515 -0.012789 0.062755
v -0.057738 0.004025 0.062674
v -0.057746 -0.004427 0.062755
v -0.040182 0.041477 0.062674
v -0.045822 0.035182 0.062674
v -0.045828 0.035187 0.062755
v -0.033686 0.046883 0.062674
v -0.040187 0.041482 0.062755
v 0.006332 0.057345 0.062674
v -0.002114 0.057654 0.062674
v -0.002114 0.057661 0.062755
v 0.014643 0.05581 0.062674
v 0.006333 0.057352 0.062755
v 0.048283 0.031743 0.062674
v 0.043117 0.038433 0.062674
v 0.043123 0.038437 0.062755
v 0.055438 0.016478 0.062674
v 0.052419 0.024373 0.062674
v 0.052426 0.024375 0.062755
v 0.05728 0.008237 0.062673
v 0.055445 0.01648 0.062755
v -0.050467 -0.02852 0.06284
v -0.05408 -0.020884 0.062755
v -0.050486 -0.028543 0.062673
v -0.054073 -0.020882 0.062674
v -0.045791 -0.03555 0.06286
v -0.045828 -0.035587 0.062755
v -0.045822 -0.035583 0.062674
v -0.05405 0.020475 0.06284
v -0.050492 0.028137 0.062755
v -0.05408 0.020476 0.062673
v -0.050485 0.028133 0.062674
v -0.018682 0.054571 0.06284
v -0.010516 0.056737 0.062755
v -0.018701 0.054594 0.062673
v -0.010516 0.056729 0.062674
v 0.030149 0.049195 0.06284
v 0.037037 0.044304 0.062755
v 0.030155 0.049225 0.062673
v 0.037032 0.044299 0.062674
v 0.048241 -0.032125 0.06286
v 0.043079 -0.038809 0.06286
v 0.048288 -0.032148 0.062755
v 0.048283 -0.032144 0.062674
v 0.00632 -0.057702 0.06286
v -0.00212 -0.05801 0.06286
v 0.006332 -0.057753 0.062755
v 0.006332 -0.057746 0.062674
v -0.040156 -0.041841 0.06286
v -0.040187 -0.041883 0.062755
v -0.040182 -0.041878 0.062674
v -0.056464 0.012384 0.062858
v -0.056515 0.012389 0.062755
v -0.056508 0.012387 0.062674
v -0.026445 0.051249 0.06286
v -0.026474 0.051293 0.062755
v -0.026471 0.051286 0.062674
v 0.022631 0.053037 0.06286
v 0.022645 0.053088 0.062755
v 0.022642 0.053081 0.062674
v 0.052377 -0.02476 0.062858
v 0.052425 -0.024777 0.062755
v 0.014626 -0.05617 0.062858
v 0.014644 -0.056218 0.062755
v -0.033665 -0.047245 0.062858
v -0.03369 -0.04729 0.062755
v -0.057685 0.004022 0.062868
v -0.057746 0.004026 0.062755
v -0.033655 0.046851 0.062858
v -0.033689 0.046889 0.062755
v 0.014638 0.055766 0.062858
v 0.014645 0.055817 0.062755
v 0.057231 -0.008628 0.062859
v 0.055394 -0.016871 0.062859
v 0.030131 -0.049582 0.062859
v 0.02262 -0.053443 0.062859
v -0.018683 -0.054949 0.062859
v -0.026455 -0.051645 0.062859
v -0.056467 -0.012773 0.062858
v -0.057686 -0.004404 0.062869
v -0.045784 0.035159 0.062859
v -0.040148 0.041448 0.062859
v -0.002108 0.05761 0.062859
v 0.006332 0.0573 0.062859
v 0.048289 0.031747 0.062755
v 0.043087 0.038399 0.062859
v 0.048248 0.031714 0.062859
v 0.052381 0.024349 0.062859
v 0.055398 0.01646 0.062858
v 0.057849 -0.000207 0.062858
v 0.0579 -0.000201 0.062755
v 0.057893 -0.0002 0.062674
v 0.037016 -0.044684 0.06284
v -0.010514 -0.057107 0.06284
v -0.054033 -0.020861 0.062859
v -0.057799 -0.0002 0.062897
v -0.050444 0.028116 0.062859
v -0.010503 0.056687 0.062859
v 0.037008 0.044262 0.062859
v 0.057254 0.008223 0.06284
v -0.057543 0.004012 0.062981
v -0.057536 -0.004424 0.062988
v -0.056271 -0.012762 0.063034
v -0.053875 -0.020817 0.062998
v -0.050303 -0.028434 0.062997
v -0.045656 -0.035458 0.062997
v -0.040031 -0.041732 0.063
v -0.033556 -0.047121 0.062998
v -0.026366 -0.051507 0.062998
v -0.018592 -0.054776 0.063034
v -0.010474 -0.056906 0.063021
v -0.002105 -0.057847 0.062997
v 0.006311 -0.057539 0.062997
v 0.014597 -0.056007 0.063
v 0.022571 -0.053275 0.063009
v 0.030058 -0.049423 0.063009
v 0.036894 -0.044531 0.063009
v 0.042964 -0.038693 0.062997
v 0.048093 -0.032018 0.063021
v 0.052233 -0.024678 0.063
v 0.055226 -0.016794 0.063021
v 0.057045 -0.00857 0.063034
v 0.057684 -0.000193 0.063
v 0.05707 0.008201 0.062997
v 0.055239 0.01642 0.062997
v 0.05223 0.024286 0.062997
v 0.048077 0.031622 0.06304
v 0.042923 0.038293 0.063034
v 0.036861 0.044133 0.063034
v 0.03004 0.049022 0.063021
v 0.022559 0.052891 0.062997
v 0.014574 0.055591 0.063026
v 0.006298 0.05714 0.062998
v -0.002118 0.057446 0.062998
v -0.010488 0.056523 0.062998
v -0.018619 0.054376 0.063021
v -0.026378 0.0511 0.062997
v -0.03357 0.046709 0.063
v -0.040045 0.041319 0.062998
v -0.04565 0.035017 0.063034
v -0.050291 0.027995 0.063034
v -0.053879 0.020405 0.062997
v -0.056305 0.012335 0.063
v 0.057648 -0.000201 0.06312
v 0.052197 -0.02467 0.06312
v 0.042935 -0.03867 0.06312
v 0.014581 -0.055974 0.06312
v 0.006305 -0.057503 0.06312
v -0.002105 -0.057812 0.063104
v -0.026359 -0.051469 0.06312
v -0.033543 -0.047085 0.06312
v -0.040012 -0.041701 0.06312
v -0.045628 -0.035433 0.06312
v -0.050273 -0.028415 0.063104
v -0.053844 -0.020794 0.06312
v -0.057496 -0.004409 0.063103
v -0.057494 0.004008 0.06312
v -0.056269 0.012334 0.06312
v -0.053846 0.020394 0.063104
v -0.040012 0.041301 0.06312
v -0.033543 0.046684 0.06312
v -0.026359 0.051068 0.06312
v -0.010471 0.056489 0.06312
v -0.002105 0.057409 0.06312
v 0.006305 0.057102 0.06312
v 0.022546 0.052856 0.06312
v 0.052199 0.024269 0.063103
v 0.055205 0.016408 0.063103
v 0.057034 0.008193 0.06312
v 0.036879 -0.04452 0.063187
v 0.030033 -0.049417 0.063187
v 0.022547 -0.053265 0.063187
v 0.05522 -0.016816 0.063201
v 0.048092 -0.03202 0.063201
v -0.010476 -0.056906 0.063201
v -0.018617 0.054377 0.063201
v 0.014588 0.055589 0.063201
v 0.030042 0.049021 0.063201
v 0.05706 -0.0086 0.063215
v -0.002108 -0.057837 0.063215
v -0.018624 -0.054786 0.063215
v -0.050296 -0.028426 0.063215
v -0.056295 -0.012739 0.063215
v -0.057521 -0.004409 0.063215
v -0.053869 0.020404 0.063215
v -0.050294 0.028028 0.063215
v -0.045648 0.03505 0.063215
v 0.036894 0.04413 0.063215
v 0.042956 0.038286 0.063215
v 0.048102 0.031621 0.063215
v 0.052222 0.024278 0.063215
v 0.05523 0.016414 0.063215
v 0.057685 -0.000202 0.063228
v 0.05223 -0.024686 0.063228
v 0.042961 -0.038695 0.063228
v 0.014589 -0.05601 0.063228
v 0.006308 -0.057539 0.063228
v -0.026377 -0.051502 0.063228
v -0.033565 -0.047114 0.063228
v -0.040038 -0.041727 0.063228
v -0.045658 -0.035455 0.063228
v -0.053879 -0.020806 0.063228
v -0.057531 0.004011 0.063228
v -0.056305 0.012343 0.063228
v -0.040037 0.041328 0.063228
v -0.033564 0.046715 0.063228
v -0.026375 0.051102 0.063228
v -0.010477 0.056525 0.063228
v -0.002106 0.057446 0.063228
v 0.00631 0.057138 0.063228
v 0.022562 0.052889 0.063228
v 0.05707 0.008197 0.063228
v 0.057773 -0.000217 0.063302
v 0.057155 -0.008629 0.063302
v 0.055319 -0.016861 0.063302
v 0.052303 -0.024738 0.063302
v 0.048173 -0.032092 0.063302
v 0.043017 -0.038766 0.063302
v 0.036943 -0.044618 0.063302
v 0.030082 -0.049524 0.063302
v 0.02258 -0.053378 0.063302
v 0.014597 -0.056099 0.063302
v 0.006302 -0.057629 0.063302
v -0.002126 -0.057934 0.063302
v -0.01051 -0.057009 0.063302
v -0.018669 -0.054874 0.063302
v -0.026431 -0.051573 0.063302
v -0.033629 -0.047177 0.063302
v -0.040111 -0.04178 0.063302
v -0.045737 -0.035497 0.063302
v -0.050389 -0.028461 0.063302
v -0.053967 -0.020823 0.063302
v -0.056394 -0.012746 0.063302
v -0.05762 -0.004401 0.063302
v -0.057618 0.004033 0.063302
v -0.056387 0.012377 0.063302
v -0.053955 0.020453 0.063302
v -0.050373 0.028089 0.063302
v -0.045717 0.035122 0.063302
v -0.040087 0.041402 0.063302
v -0.033602 0.046795 0.063302
v -0.026402 0.051187 0.063302
v -0.018638 0.054484 0.063302
v -0.010478 0.056615 0.063302
v -0.002094 0.057535 0.063302
v 0.006335 0.057224 0.063302
v 0.014629 0.05569 0.063302
v 0.02261 0.052964 0.063302
v 0.03011 0.049106 0.063302
v 0.036969 0.044196 0.063302
v 0.043039 0.03834 0.063302
v 0.048192 0.031663 0.063302
v 0.052317 0.024307 0.063302
v 0.055328 0.016428 0.063302
v 0.05716 0.008195 0.063302
v 0.057308 0.008247 0.063326
v 0.055467 0.016501 0.063326
v 0.052444 0.024399 0.063326
v 0.048304 0.031773 0.063326
v 0.043133 0.038465 0.063326
v 0.037044 0.044334 0.063326
v 0.030151 0.049224 0.063318
v 0.022634 0.053088 0.063318
v 0.014634 0.055815 0.063318
v 0.006322 0.057381 0.063326
v -0.002129 0.057687 0.063326
v -0.010535 0.056761 0.063326
v -0.018716 0.05462 0.063326
v -0.026499 0.05131 0.063326
v -0.033716 0.046903 0.063326
v -0.040215 0.041492 0.063326
v -0.045857 0.035192 0.063326
v -0.050522 0.028138 0.063326
v -0.05411 0.02048 0.063326
v -0.056544 0.012381 0.063326
v -0.057774 0.004015 0.063326
v -0.057772 -0.004442 0.063326
v -0.056538 -0.012809 0.063326
v -0.0541 -0.020906 0.063326
v -0.050509 -0.028563 0.063326
v -0.045818 -0.035593 0.063318
v -0.040196 -0.041912 0.063326
v -0.033694 -0.04732 0.063326
v -0.026475 -0.051724 0.063326
v -0.018691 -0.055029 0.063326
v -0.010506 -0.057135 0.063318
v -0.002102 -0.058089 0.063326
v 0.006349 -0.057779 0.063326
v 0.014654 -0.056211 0.063318
v 0.022668 -0.053508 0.063326
v 0.030188 -0.04964 0.063326
v 0.037065 -0.044717 0.063326
v 0.043151 -0.038846 0.063326
v 0.048318 -0.032152 0.063326
v 0.052456 -0.024776 0.063326
v 0.055475 -0.016876 0.063326
v 0.05728 -0.00862 0.063318
v 0.057927 -0.000187 0.063326
v -0.05661 0.012407 0.063421
v -0.018729 0.054689 0.063421
v 0.030197 0.049307 0.063389
v 0.048371 -0.032199 0.063421
v 0.043196 -0.038901 0.063421
v 0.006343 -0.057849 0.063419
v -0.002115 -0.058159 0.063421
v -0.040254 -0.041952 0.063419
v -0.04589 -0.035654 0.063389
v -0.057842 0.00403 0.063421
v -0.026518 0.051378 0.063419
v 0.022667 0.053176 0.063389
v 0.052514 -0.024815 0.063421
v 0.014655 -0.056309 0.063389
v -0.033749 -0.047367 0.063421
v -0.057841 -0.004434 0.063419
v -0.033743 0.04697 0.063421
v 0.014665 0.055903 0.063386
v 0.057371 -0.008657 0.063389
v 0.055537 -0.016909 0.063419
v 0.03021 -0.049708 0.063421
v 0.02268 -0.053579 0.063421
v -0.018729 -0.05509 0.063421
v -0.026522 -0.051778 0.063421
v -0.054171 -0.020915 0.063421
v -0.05661 -0.012807 0.063421
v -0.045904 0.035245 0.063419
v -0.040254 0.041552 0.063422
v -0.002115 0.057758 0.063421
v 0.006347 0.057448 0.063421
v 0.043197 0.038499 0.063421
v 0.048371 0.031797 0.063421
v 0.052515 0.024413 0.063421
v 0.055537 0.016508 0.063419
v 0.057996 -0.0002 0.063419
v 0.037101 -0.044778 0.063421
v -0.010519 -0.057229 0.063389
v -0.050575 -0.028587 0.063421
v -0.054171 0.020515 0.063421
v -0.050574 0.028187 0.063421
v -0.010531 0.056832 0.063421
v 0.037102 0.044376 0.063421
v 0.057378 0.008247 0.063421
v 0.057376 0.00825 0.075336
v 0.057994 -0.000201 0.075339
v 0.057376 -0.00865 0.075337
v 0.055535 -0.016914 0.075337
v 0.052509 -0.024822 0.075337
v 0.048367 -0.0322 0.075339
v 0.043197 -0.038897 0.075336
v 0.037103 -0.044774 0.075336
v 0.030207 -0.049707 0.075337
v 0.022677 -0.053578 0.075337
v 0.014668 -0.056309 0.075339
v 0.006349 -0.057847 0.075336
v -0.002112 -0.058157 0.075336
v -0.010528 -0.057232 0.075336
v -0.018731 -0.055088 0.075337
v -0.026523 -0.051776 0.075337
v -0.033749 -0.047364 0.075337
v -0.040252 -0.04195 0.075339
v -0.045899 -0.035651 0.075336
v -0.050572 -0.02859 0.075336
v -0.05417 -0.020913 0.075337
v -0.056607 -0.01281 0.075339
v -0.05784 -0.00444 0.075336
v -0.057841 0.004027 0.075336
v -0.056609 0.012403 0.075336
v -0.054171 0.020511 0.075336
v -0.050572 0.028188 0.075337
v -0.0459 0.035249 0.075337
v -0.040249 0.041554 0.075337
v -0.033741 0.046969 0.075337
v -0.026517 0.051376 0.075339
v -0.018731 0.054686 0.075336
v -0.010529 0.056831 0.075337
v -0.002113 0.057756 0.075337
v 0.006348 0.057446 0.075337
v 0.014669 0.055908 0.075339
v 0.022676 0.053178 0.075336
v 0.030207 0.049307 0.075336
v 0.037102 0.044374 0.075337
v 0.043197 0.038497 0.075337
v 0.048367 0.031799 0.075339
v 0.052512 0.024417 0.075335
v 0.055535 0.016507 0.075339
v 0.057916 -0.000213 0.075424
v 0.057297 -0.008646 0.075424
v 0.055457 -0.016898 0.075424
v 0.052435 -0.024795 0.075424
v 0.048295 -0.032167 0.075424
v 0.043126 -0.038859 0.075424
v 0.037038 -0.044726 0.075424
v 0.03016 -0.049644 0.075424
v 0.02264 -0.053508 0.075424
v 0.014637 -0.056237 0.075424
v 0.006322 -0.057771 0.075424
v -0.002128 -0.058078 0.075424
v -0.010532 -0.057151 0.075424
v -0.018712 -0.055011 0.075424
v -0.026493 -0.051702 0.075424
v -0.033709 -0.047296 0.075424
v -0.040207 -0.041886 0.075424
v -0.045848 -0.035587 0.075424
v -0.050512 -0.028535 0.075424
v -0.054099 -0.020878 0.075424
v -0.056533 -0.012781 0.075424
v -0.057763 -0.004415 0.075424
v -0.057761 0.00404 0.075424
v -0.056528 0.012405 0.075424
v -0.05409 0.020501 0.075424
v -0.0505 0.028156 0.075424
v -0.045833 0.035207 0.075424
v -0.040189 0.041503 0.075424
v -0.033689 0.04691 0.075424
v -0.026471 0.051313 0.075424
v -0.018688 0.054618 0.075424
v -0.010507 0.056755 0.075424
v -0.002103 0.057678 0.075424
v 0.006347 0.057367 0.075424
v 0.014661 0.055829 0.075424
v 0.022663 0.053098 0.075424
v 0.030182 0.04923 0.075424
v 0.037057 0.044309 0.075424
v 0.043143 0.038439 0.075424
v 0.048309 0.031745 0.075424
v 0.052446 0.024371 0.075424
v 0.055464 0.016473 0.075424
v 0.057301 0.00822 0.075424
v 0.057757 -0.000183 0.07545
v 0.057144 -0.008593 0.07545
v 0.048179 -0.032054 0.07545
v 0.036959 -0.044584 0.07545
v 0.030103 -0.049492 0.07545
v -0.018632 -0.05487 0.07545
v -0.026393 -0.051574 0.07545
v -0.05394 -0.020849 0.07545
v -0.056372 -0.012776 0.07545
v -0.050376 0.028052 0.07545
v -0.0401 0.041367 0.07545
v -0.033621 0.046763 0.07545
v -0.026425 0.051157 0.07545
v -0.010508 0.056593 0.07545
v -0.002127 0.057518 0.07545
v 0.022573 0.052963 0.07545
v 0.036932 0.044206 0.07545
v 0.043004 0.038355 0.07545
v 0.055303 0.016456 0.07545
v -0.05752 -0.004401 0.075735
v -0.0575 -0.00441 0.075577
v -0.056274 -0.012737 0.075577
v -0.040015 -0.041706 0.075577
v -0.045632 -0.035438 0.075577
v -0.040075 -0.041792 0.07545
v -0.033592 -0.047184 0.07545
v -0.002092 -0.05792 0.07545
v -0.010474 -0.057 0.07545
v -0.056295 -0.01274 0.075738
v -0.053849 -0.020797 0.075577
v -0.033545 -0.04709 0.075577
v 0.006334 -0.057609 0.07545
v -0.04003 0.041321 0.075738
v -0.03355 0.04671 0.075735
v -0.040017 0.041304 0.075577
v -0.045633 0.035035 0.075577
v -0.0575 0.004007 0.075577
v -0.056275 0.012334 0.075577
v -0.057604 0.003998 0.07545
v -0.057602 -0.004434 0.07545
v -0.045704 -0.035514 0.07545
v -0.050359 -0.028483 0.07545
v 0.006309 0.057128 0.075738
v 0.014597 0.055596 0.075735
v 0.006304 0.057107 0.075577
v -0.002107 0.057415 0.075577
v -0.033547 0.046688 0.075577
v -0.026363 0.051073 0.075577
v -0.056379 0.012341 0.07545
v -0.053952 0.020416 0.07545
v 0.05706 -0.008599 0.075738
v 0.055229 -0.016818 0.075738
v 0.057039 -0.008594 0.075577
v 0.057654 -0.000199 0.075577
v 0.048082 0.031612 0.075577
v 0.052202 0.024272 0.075577
v 0.04816 0.031683 0.07545
v 0.014592 0.055683 0.07545
v 0.030044 -0.049432 0.075738
v 0.022556 -0.053282 0.075738
v 0.030035 -0.049412 0.075577
v 0.036861 -0.044534 0.075713
v 0.055209 -0.016809 0.075577
v 0.052203 -0.024671 0.075577
v 0.055313 -0.016823 0.07545
v 0.052289 0.024331 0.07545
v -0.018623 -0.054786 0.075738
v -0.026373 -0.051493 0.075738
v -0.018614 -0.054767 0.075577
v -0.010471 -0.056895 0.075577
v 0.02255 -0.053261 0.075577
v 0.014584 -0.055979 0.075577
v 0.022605 -0.05335 0.07545
v 0.052304 -0.0247 0.07545
v -0.05387 -0.020803 0.075738
v -0.050276 -0.028418 0.075577
v -0.026361 -0.051475 0.075577
v 0.014626 -0.056075 0.07545
v -0.045649 0.03505 0.075738
v -0.050277 0.028015 0.075577
v -0.002105 0.057436 0.075738
v -0.010473 0.056494 0.075577
v -0.045725 0.035085 0.07545
v 0.057674 -0.00021 0.075735
v 0.057039 0.008195 0.075577
v 0.042949 0.038283 0.075547
v 0.0063 0.057212 0.07545
v -0.010491 -0.056913 0.075738
v -0.002104 -0.057816 0.075577
v -0.050303 -0.028414 0.075738
v -0.050295 0.028028 0.075738
v -0.05385 0.020394 0.075577
v -0.010475 0.056515 0.075738
v -0.018616 0.054365 0.075577
v 0.030073 0.04911 0.07545
v 0.030033 0.049013 0.075577
v 0.036878 0.044116 0.075577
v 0.055209 0.016411 0.075577
v 0.055234 0.016401 0.075738
v 0.057063 0.008182 0.075738
v 0.057139 0.008226 0.07545
v 0.048084 -0.032011 0.075577
v 0.048095 -0.032031 0.075735
v 0.042944 -0.0387 0.075738
v 0.043028 -0.03873 0.07545
v 0.04294 -0.038673 0.075577
v 0.03689 -0.044527 0.075547
v 0.006307 -0.057508 0.075577
v 0.006292 -0.057531 0.075738
v -0.002122 -0.057836 0.075738
v -0.040036 -0.041714 0.075735
v -0.045659 -0.035438 0.075738
v -0.056292 0.012349 0.075735
v -0.053864 0.020417 0.075738
v -0.026358 0.051099 0.075738
v -0.018607 0.05439 0.075738
v -0.018665 0.054458 0.07545
v 0.022547 0.052861 0.075577
v 0.014581 0.055579 0.075577
v 0.022571 0.052874 0.075738
v 0.030059 0.049022 0.075738
v 0.036894 0.044131 0.075738
v 0.042936 0.03827 0.07566
v 0.052228 0.024266 0.075738
v 0.052221 -0.024682 0.075738
v 0.014579 -0.056001 0.075735
v -0.03356 -0.047106 0.075738
v -0.057521 0.004017 0.07574
v 0.042972 0.038299 0.075761
v 0.048105 0.031614 0.075735
v 0.057261 0.008243 0.075918
v 0.057881 -0.000192 0.075921
v 0.057264 -0.008627 0.075918
v 0.055427 -0.016875 0.075918
v 0.052412 -0.024761 0.075921
v 0.048281 -0.032124 0.075918
v 0.043118 -0.038813 0.075918
v 0.037037 -0.04468 0.075918
v 0.030153 -0.049606 0.075918
v 0.022638 -0.05347 0.075918
v 0.014648 -0.056198 0.075921
v 0.006346 -0.057732 0.075918
v -0.002098 -0.058043 0.075918
v -0.010497 -0.057121 0.075918
v -0.018688 -0.054981 0.075918
v -0.026464 -0.051676 0.075918
v -0.033672 -0.047279 0.075921
v -0.040162 -0.04188 0.075918
v -0.045802 -0.035588 0.075918
v -0.050452 -0.028525 0.075897
v -0.054061 -0.020878 0.075918
v -0.056495 -0.012786 0.075918
v -0.057726 -0.004426 0.075918
v -0.057726 0.004024 0.075918
v -0.056498 0.012377 0.075921
v -0.054067 0.020461 0.075918
v -0.050475 0.028126 0.075918
v -0.045813 0.035174 0.075918
v -0.04018 0.041463 0.075921
v -0.033691 0.046864 0.075918
v -0.02648 0.051268 0.075918
v -0.01869 0.054557 0.075897
v -0.010514 0.056717 0.075918
v -0.002115 0.057641 0.075918
v 0.006323 0.057335 0.075921
v 0.014624 0.055802 0.075918
v 0.022622 0.053076 0.075918
v 0.030138 0.049214 0.075918
v 0.037024 0.04429 0.075918
v 0.043103 0.038431 0.075921
v 0.048263 0.031749 0.075918
v 0.052401 0.024382 0.075918
v 0.055422 0.01649 0.075918
v 0.057895 -0.000222 0.076074
v 0.057277 -0.008637 0.076073
v 0.055439 -0.016887 0.076073
v 0.052418 -0.024781 0.076073
v 0.048281 -0.032151 0.076073
v 0.043129 -0.038824 0.076074
v 0.037031 -0.044703 0.076074
v 0.030141 -0.049631 0.076074
v 0.022637 -0.053487 0.076073
v 0.014637 -0.056215 0.076073
v 0.006325 -0.057749 0.076073
v -0.0021 -0.058058 0.076074
v -0.010519 -0.057131 0.076074
v -0.018714 -0.054988 0.076074
v -0.026478 -0.051686 0.076073
v -0.033692 -0.047282 0.076073
v -0.040189 -0.041875 0.076073
v -0.045815 -0.035596 0.076074
v -0.0505 -0.02853 0.076075
v -0.054083 -0.020862 0.076074
v -0.056512 -0.012782 0.076073
v -0.057741 -0.00442 0.076073
v -0.057741 0.004032 0.076073
v -0.056514 0.012373 0.076074
v -0.054073 0.020484 0.076074
v -0.050477 0.028154 0.076074
v -0.04582 0.035189 0.076073
v -0.040179 0.041483 0.076073
v -0.033682 0.046889 0.076073
v -0.026485 0.051282 0.076074
v -0.018686 0.054605 0.076075
v -0.010494 0.056736 0.076074
v -0.002108 0.057657 0.076073
v 0.006339 0.057347 0.076073
v 0.01465 0.055811 0.076073
v 0.02263 0.053089 0.076074
v 0.030162 0.049216 0.076074
v 0.037051 0.044286 0.076074
v 0.043123 0.038429 0.076073
v 0.048288 0.031739 0.076073
v 0.052424 0.024368 0.076073
v 0.055443 0.016473 0.076073
v 0.057738 -0.004426 0.076073
v 0.056508 -0.012788 0.076073
v 0.054073 -0.020882 0.076073
v 0.050485 -0.028534 0.076073
v 0.045822 -0.035583 0.076073
v 0.026471 -0.051687 0.076073
v 0.018692 -0.054993 0.076073
v 0.010515 -0.05713 0.076073
v 0.002114 -0.058055 0.076073
v -0.022642 -0.053482 0.076073
v -0.030159 -0.049617 0.076073
v -0.037033 -0.0447 0.076073
v -0.043117 -0.038833 0.076073
v -0.055438 -0.016879 0.076073
v -0.057276 -0.00863 0.076073
v -0.057893 -0.0002 0.076073
v -0.057276 0.008229 0.076073
v -0.048283 0.031743 0.076073
v -0.043117 0.038433 0.076073
v -0.037033 0.044299 0.076073
v -0.030159 0.049217 0.076073
v -0.006332 0.057345 0.076073
v 0.002114 0.057654 0.076073
v 0.010515 0.056729 0.076073
v 0.018692 0.054592 0.076073
v 0.040182 0.041477 0.076073
v 0.045822 0.035182 0.076073
v 0.050485 0.028133 0.076073
v 0.054073 0.020481 0.076073
v 0.057276 0.008244 0.076074
v 0.056508 0.012387 0.076073
v 0.043427 -0.007858 0.517718
v 0.043697 -0.006221 0.517032
v 0.044097 -0.0002 0.517718
v 0.042051 -0.013518 0.517032
v 0.041438 -0.015282 0.517718
v 0.039171 -0.020451 0.517134
v 0.038189 -0.022249 0.517718
v 0.035185 -0.02678 0.517135
v 0.03378 -0.028545 0.517718
v 0.030187 -0.032344 0.517135
v 0.028345 -0.033981 0.517718
v 0.02432 -0.036984 0.517136
v 0.022049 -0.03839 0.517718
v 0.017753 -0.040565 0.517136
v 0.015082 -0.041638 0.517718
v 0.010676 -0.042985 0.517136
v 0.007657 -0.043628 0.517718
v 0.003294 -0.044191 0.517028
v 0 -0.044297 0.517718
v -0.004184 -0.044098 0.517137
v -0.007657 -0.043628 0.517718
v -0.011546 -0.042758 0.517136
v -0.015082 -0.041638 0.517718
v -0.01858 -0.04021 0.517028
v -0.022048 -0.03839 0.517718
v -0.025061 -0.036483 0.517136
v -0.028345 -0.033981 0.517718
v -0.030832 -0.031726 0.517136
v -0.03378 -0.028545 0.517718
v -0.035717 -0.026061 0.517136
v -0.038189 -0.022249 0.517718
v -0.039574 -0.019653 0.517135
v -0.041438 -0.015283 0.517718
v -0.042292 -0.012685 0.517135
v -0.043427 -0.007858 0.517718
v -0.043794 -0.005358 0.517135
v -0.044097 -0.0002 0.517718
v -0.044035 0.002117 0.517134
v -0.043427 0.007457 0.517718
v -0.043015 0.00956 0.517033
v -0.041438 0.014882 0.517718
v -0.040748 0.016689 0.517033
v -0.038189 0.021848 0.517718
v -0.037313 0.023299 0.517134
v -0.03378 0.028145 0.517718
v -0.032816 0.029283 0.517024
v -0.028345 0.03358 0.517718
v -0.027339 0.034417 0.51703
v -0.022049 0.037989 0.517718
v -0.021084 0.038548 0.517026
v -0.015082 0.041237 0.517718
v -0.014257 0.041538 0.517061
v -0 0.043897 0.517718
v 0.000462 0.043903 0.517061
v -0.007657 0.043227 0.517718
v -0.006997 0.043347 0.517061
v 0.007903 0.04319 0.517063
v 0.007657 0.043227 0.517718
v 0.015082 0.041237 0.517718
v 0.015124 0.041231 0.517061
v 0.022048 0.037989 0.517718
v 0.021893 0.038087 0.517063
v 0.028345 0.03358 0.517718
v 0.028047 0.033836 0.517064
v 0.03378 0.028145 0.517718
v 0.033395 0.028622 0.517027
v 0.038189 0.021848 0.517718
v 0.037784 0.022565 0.517028
v 0.041438 0.014882 0.517718
v 0.041086 0.015853 0.517029
v 0.043427 0.007457 0.517718
v 0.043208 0.008679 0.51703
v 0.044086 0.00125 0.517031
v 0.044505 0.001227 0.517025
v 0.043604 0.008694 0.516973
v 0.044331 0.001305 0.516902
v 0.044106 -0.006315 0.517026
v 0.043948 -0.006208 0.516902
v 0.042439 -0.013693 0.517032
v 0.0423 -0.013549 0.516902
v 0.039553 -0.020668 0.517036
v 0.039436 -0.020506 0.516902
v 0.035526 -0.027059 0.517038
v 0.035437 -0.026879 0.516902
v 0.030476 -0.032676 0.517039
v 0.030419 -0.032484 0.516902
v 0.02457 -0.03736 0.517077
v 0.024536 -0.037285 0.516952
v 0.024475 -0.037122 0.516911
v 0.017937 -0.040978 0.517078
v 0.017916 -0.040898 0.516952
v 0.017883 -0.040727 0.516911
v 0.017781 -0.040604 0.516994
v 0.010788 -0.043423 0.517079
v 0.01078 -0.04334 0.516952
v 0.010776 -0.043167 0.516911
v 0.010697 -0.043028 0.516994
v 0.003329 -0.044625 0.51708
v 0.003334 -0.044542 0.516952
v 0.00336 -0.04437 0.516911
v -0.004233 -0.044548 0.51708
v -0.004207 -0.044467 0.516952
v -0.004153 -0.044302 0.516911
v -0.004182 -0.044145 0.516994
v -0.01167 -0.043194 0.51708
v -0.011628 -0.043119 0.516952
v -0.011546 -0.042966 0.516911
v -0.011548 -0.042806 0.516994
v -0.018763 -0.040606 0.51708
v -0.015182 -0.041912 0.517083
v -0.018714 -0.040537 0.516952
v -0.018608 -0.0404 0.516911
v -0.041891 0.014691 0.517209
v -0.043452 0.009627 0.517079
v -0.041166 0.016828 0.517079
v -0.041094 0.016785 0.516952
v -0.037633 0.023486 0.516952
v -0.0144 0.04187 0.516952
v -0.021302 0.038831 0.516952
v -0.014359 0.041662 0.516914
v -0.007078 0.043486 0.516914
v 0.028118 0.033976 0.516914
v 0.021945 0.038191 0.516934
v -0.03314 0.029553 0.517059
v -0.037697 0.02354 0.517079
v -0.033089 0.029505 0.516952
v -0.027592 0.03467 0.516952
v 0.000438 0.044264 0.516952
v -0.007083 0.043698 0.516952
v 0.000407 0.044054 0.516914
v 0.00788 0.043349 0.516914
v -0.021333 0.0389 0.517065
v -0.027635 0.034729 0.517061
v 0.015226 0.041578 0.516952
v 0.007946 0.04355 0.516952
v 0.015127 0.041391 0.516914
v 0.022001 0.038336 0.516914
v 0.037927 0.022685 0.516911
v 0.033514 0.028766 0.516911
v -0.007084 0.043778 0.517071
v -0.014416 0.041946 0.517068
v 0.028297 0.034141 0.516971
v 0.043385 0.008743 0.516911
v 0.041249 0.015946 0.516911
v 0.035227 -0.026802 0.516994
v 0.039216 -0.020466 0.516994
v 0.007975 0.043628 0.517077
v 0.000452 0.044344 0.517074
v 0.03814 0.022728 0.516973
v 0.033712 0.028849 0.516973
v 0.024353 -0.037018 0.516994
v 0.030225 -0.032373 0.516994
v 0.04147 0.015942 0.516973
v 0.028796 0.033874 0.517332
v -0.041724 -0.015383 0.517083
v -0.039982 -0.01985 0.51708
v -0.042725 -0.012818 0.517081
v -0.042644 -0.012802 0.516952
v -0.04416 -0.005413 0.516952
v -0.03751 0.023363 0.516911
v -0.032988 0.029363 0.516911
v -0.044477 -0.000199 0.517234
v -0.044244 -0.005409 0.51708
v -0.044488 0.002143 0.517079
v -0.044406 0.002125 0.516952
v -0.043374 0.009596 0.516952
v -0.027518 0.034513 0.516911
v -0.021255 0.038664 0.516911
v -0.038745 0.021593 0.517198
v 0.022118 0.038441 0.517013
v 0.015268 0.04165 0.517078
v -0.025322 -0.036854 0.51708
v -0.022195 -0.038642 0.517083
v -0.025262 -0.036794 0.516952
v -0.025134 -0.036677 0.516911
v -0.025082 -0.036525 0.516994
v -0.03086 -0.031764 0.516994
v -0.030937 -0.031904 0.516911
v -0.031083 -0.031998 0.516952
v -0.035751 -0.026094 0.516994
v -0.03585 -0.02622 0.516911
v -0.03601 -0.026288 0.516952
v -0.039613 -0.01968 0.516994
v -0.039732 -0.019787 0.516911
v -0.039901 -0.019827 0.516952
v -0.042335 -0.012705 0.516994
v -0.04247 -0.012791 0.516911
v -0.043839 -0.005371 0.516994
v -0.043987 -0.005432 0.516911
v -0.044082 0.002113 0.516994
v -0.044238 0.002077 0.516911
v -0.043217 0.009521 0.516911
v -0.040953 0.016684 0.516911
v -0.037356 0.023318 0.516994
v -0.028535 -0.034205 0.517083
v -0.031152 -0.032047 0.51708
v -0.034008 -0.028734 0.517083
v -0.036086 -0.026324 0.51708
v -0.03845 -0.022396 0.517083
v -0.043821 0.007353 0.517222
v 0.040078 -0.019839 0.517352
v 0.042764 -0.012964 0.517349
v 0.036329 -0.026106 0.517339
v 0.034054 -0.028775 0.517296
v 0.03157 -0.03173 0.517336
v 0.028574 -0.034255 0.517296
v 0.025949 -0.036495 0.517334
v 0.022227 -0.038703 0.517296
v 0.019659 -0.040287 0.517388
v 0.015205 -0.041986 0.517296
v 0.012794 -0.042974 0.517387
v 0.007719 -0.044002 0.517296
v 0.00558 -0.044496 0.517386
v -0.000005 -0.044692 0.517296
v -0.001786 -0.04481 0.517385
v -0.009151 -0.043853 0.51731
v -0.043834 -0.007934 0.517296
v -0.043655 -0.009357 0.517298
v -0.041564 -0.016388 0.517309
v -0.038329 -0.023017 0.517306
v -0.034043 -0.029023 0.517301
v -0.028821 -0.034245 0.5173
v -0.022824 -0.038525 0.517304
v -0.016205 -0.041759 0.517307
v -0.044608 -0.00201 0.517386
v -0.044297 0.005352 0.517385
v -0.04278 0.012562 0.517385
v -0.040097 0.019426 0.517384
v -0.036321 0.025755 0.517384
v -0.034054 0.028374 0.517296
v -0.031555 0.031377 0.517383
v -0.028574 0.033854 0.517296
v -0.025929 0.036138 0.517383
v -0.022227 0.038302 0.517296
v -0.019596 0.03991 0.517384
v -0.012813 0.042536 0.517319
v -0.005578 0.044064 0.517317
v 0.001804 0.044376 0.517314
v 0.009147 0.043468 0.517333
v 0.016266 0.041367 0.517382
v 0.022784 0.038145 0.517317
v 0.044281 -0.005717 0.517345
v 0.044585 0.001651 0.517346
v 0.04369 0.008991 0.51739
v 0.041585 0.016051 0.517391
v 0.038349 0.022666 0.517392
v 0.03407 0.028658 0.517393
v -0.029005 -0.034377 0.517446
v -0.034342 -0.029257 0.517347
v -0.02906 -0.03454 0.517346
v -0.022984 -0.038685 0.517446
v -0.023012 -0.038854 0.517346
v -0.016336 -0.041943 0.517446
v -0.016336 -0.042115 0.517346
v 0.016336 0.041542 0.517446
v 0.022973 0.03823 0.517454
v 0.023012 0.038454 0.517346
v 0.016336 0.041714 0.517346
v -0.009243 -0.044063 0.517446
v -0.009235 -0.044224 0.51735
v 0.00925 0.043607 0.517454
v 0.009214 0.043831 0.517346
v -0.001888 -0.045039 0.51744
v -0.00186 -0.045158 0.517297
v 0.001856 0.044439 0.51741
v 0.001897 0.044585 0.517446
v 0.001841 0.044747 0.517346
v 0.0055 -0.044687 0.517446
v 0.005582 -0.044838 0.517346
v -0.005517 0.044136 0.51741
v -0.0055 0.044286 0.517446
v -0.005582 0.044437 0.517346
v 0.012747 -0.043175 0.517446
v 0.012853 -0.04331 0.517346
v -0.012739 0.042623 0.51741
v -0.012747 0.042774 0.517446
v -0.012853 0.04291 0.517346
v 0.019647 -0.040491 0.517446
v 0.019752 -0.040613 0.51735
v -0.019647 0.04009 0.517446
v -0.019774 0.040206 0.517346
v 0.025966 -0.036676 0.517454
v 0.026121 -0.036825 0.517347
v -0.026011 0.036307 0.517446
v -0.026134 0.03641 0.51735
v 0.031615 -0.031905 0.517454
v 0.031811 -0.032012 0.517343
v -0.031665 0.031528 0.517446
v -0.031793 0.031625 0.517347
v 0.044945 0.001677 0.517342
v 0.044032 0.009009 0.517347
v 0.043881 0.008955 0.517446
v 0.044738 0.001587 0.517454
v 0.043108 -0.013058 0.517347
v 0.044638 -0.005793 0.51734
v 0.044422 -0.005801 0.517454
v 0.042894 -0.013036 0.517454
v 0.036606 -0.026341 0.51735
v 0.040404 -0.019978 0.517347
v 0.040197 -0.019922 0.517454
v 0.036402 -0.026269 0.517454
v -0.034099 -0.029069 0.51741
v -0.028883 -0.034287 0.51741
v -0.041916 -0.016532 0.517347
v -0.038656 -0.023208 0.517347
v -0.038531 -0.023108 0.517446
v -0.041775 -0.016453 0.517446
v -0.038386 -0.023062 0.51741
v -0.041625 -0.016432 0.51741
v -0.044943 -0.002055 0.51735
v -0.044032 -0.00941 0.517347
v -0.043881 -0.009355 0.517446
v -0.044789 -0.002008 0.517446
v -0.043729 -0.00936 0.51741
v -0.043108 0.012657 0.517347
v -0.044651 0.005365 0.517297
v -0.04453 0.005384 0.51744
v -0.042949 0.012633 0.517446
v -0.036598 0.025958 0.517347
v -0.040404 0.019577 0.517347
v -0.040251 0.019527 0.517446
v -0.036455 0.025883 0.517446
v 0.038656 0.022807 0.517347
v 0.034342 0.028856 0.517347
v 0.034235 0.028736 0.517446
v 0.038531 0.022707 0.517446
v 0.041775 0.016052 0.517446
v 0.041916 0.016131 0.517347
v 0.044999 -0.0002 0.517245
v -0.009178 -0.043926 0.51741
v -0.034235 -0.029137 0.517446
v -0.01625 -0.041819 0.51741
v -0.022878 -0.038576 0.51741
v 0.02906 0.034139 0.517346
v 0.028985 0.033925 0.517454
v 0.044943 0.001661 0.508725
v 0.044884 -0.000196 0.508831
v 0.044637 -0.005787 0.508729
v 0.043109 -0.013055 0.508729
v 0.040406 -0.019976 0.508729
v 0.0366 -0.026356 0.508729
v 0.031795 -0.032024 0.508729
v 0.026124 -0.036823 0.508729
v 0.019758 -0.04061 0.508725
v 0.012856 -0.043309 0.508729
v 0.005585 -0.044837 0.508729
v -0.001838 -0.045148 0.508729
v -0.009211 -0.044232 0.508729
v -0.016333 -0.042116 0.508729
v -0.023009 -0.038856 0.508729
v -0.029058 -0.034541 0.508729
v -0.03434 -0.029259 0.508729
v -0.038655 -0.023211 0.508729
v -0.041915 -0.016534 0.508729
v -0.044032 -0.009413 0.508729
v -0.044943 -0.002062 0.508725
v -0.04465 0.005367 0.508779
v -0.043109 0.012655 0.508729
v -0.040406 0.019575 0.508729
v -0.0366 0.025956 0.508729
v -0.031795 0.031623 0.508729
v -0.02614 0.036406 0.508725
v -0.019776 0.040204 0.508729
v -0.012856 0.042908 0.508729
v -0.005585 0.044436 0.508729
v 0.001838 0.044747 0.508729
v 0.009211 0.043831 0.508729
v 0.016333 0.041715 0.508729
v 0.023009 0.038455 0.508729
v 0.029058 0.03414 0.508729
v 0.03434 0.028858 0.508729
v 0.038655 0.02281 0.508729
v 0.041915 0.016134 0.508729
v 0.044032 0.009012 0.508729
v -0.028882 -0.034389 0.508621
v -0.034115 -0.029169 0.508621
v -0.034052 -0.029014 0.508769
v -0.028824 -0.034243 0.50877
v -0.022861 -0.038677 0.508621
v -0.022826 -0.038525 0.508766
v -0.016216 -0.041915 0.508621
v -0.016207 -0.041759 0.508763
v 0.016216 0.041514 0.508621
v 0.02291 0.038329 0.508629
v 0.022858 0.038153 0.508684
v 0.016216 0.04136 0.508756
v 0.022283 0.038388 0.508779
v -0.009129 -0.044015 0.508621
v -0.009151 -0.043854 0.508765
v 0.009129 0.043614 0.508621
v 0.009145 0.043465 0.508754
v -0.001811 -0.04499 0.508629
v -0.001804 -0.04481 0.508688
v 0.001793 0.044519 0.508621
v 0.001821 0.044377 0.508752
v 0.005586 -0.044677 0.508629
v 0.005573 -0.044497 0.508689
v 0.000247 -0.044667 0.508834
v -0.005592 0.044204 0.508621
v -0.005557 0.044068 0.508749
v 0.012831 -0.043151 0.508629
v 0.012788 -0.042976 0.508688
v 0.007719 -0.044002 0.508779
v -0.012825 0.042678 0.508621
v -0.012788 0.042546 0.508747
v 0.019725 -0.040453 0.508629
v 0.019653 -0.04029 0.508687
v 0.015205 -0.041986 0.508779
v -0.019707 0.039982 0.508621
v -0.019581 0.03988 0.508764
v 0.026081 -0.036658 0.508629
v 0.025983 -0.03651 0.508686
v 0.022227 -0.038703 0.508779
v -0.026052 0.036191 0.508621
v -0.025911 0.036111 0.508764
v -0.022227 0.038302 0.508779
v 0.031726 -0.031867 0.508629
v 0.031585 -0.031755 0.508687
v 0.028574 -0.034255 0.508779
v -0.031687 0.031406 0.508621
v -0.031533 0.031351 0.508764
v -0.028574 0.033854 0.508779
v 0.044608 0.001684 0.508684
v 0.043679 0.00897 0.508713
v 0.043825 0.009055 0.508623
v 0.044786 0.001694 0.508629
v 0.042784 -0.01294 0.50869
v 0.044311 -0.005683 0.508684
v 0.044487 -0.005703 0.508629
v 0.042974 -0.012951 0.508629
v 0.036346 -0.026129 0.508686
v 0.040068 -0.019829 0.508748
v 0.040233 -0.019806 0.508621
v 0.036506 -0.026214 0.508629
v -0.041564 -0.01639 0.508763
v -0.038332 -0.023013 0.508765
v -0.038418 -0.023159 0.508621
v -0.041673 -0.016522 0.508621
v -0.043834 -0.007934 0.508779
v -0.04366 -0.009339 0.508768
v -0.044608 -0.002003 0.50869
v -0.043791 -0.00944 0.508621
v -0.044786 -0.002095 0.508629
v -0.043821 0.007353 0.508853
v -0.044296 0.005359 0.50869
v -0.042749 0.012543 0.508764
v -0.042911 0.012516 0.508621
v -0.044538 0.005319 0.508635
v -0.038745 0.021593 0.508877
v -0.040069 0.019404 0.508764
v -0.036296 0.025731 0.508764
v -0.040233 0.019405 0.508621
v -0.036457 0.02576 0.508621
v 0.038346 0.022668 0.508684
v 0.034066 0.02866 0.508684
v 0.034179 0.028803 0.508629
v 0.038486 0.022781 0.508629
v 0.041744 0.016133 0.508629
v 0.041584 0.016054 0.508683
v 0.033589 -0.029291 0.508876
v -0.044477 -0.0002 0.508842
v -0.041891 0.014691 0.508866
v -0.034054 0.028374 0.508779
v 0.028826 0.033882 0.50869
v 0.028939 0.034033 0.508629
v -0.011677 -0.04316 0.509073
v -0.015182 -0.041912 0.508992
v -0.018749 -0.040577 0.509075
v -0.022195 -0.038642 0.508992
v -0.0253 -0.03683 0.509074
v -0.028535 -0.034205 0.508992
v -0.031125 -0.03203 0.509073
v -0.034008 -0.028734 0.508992
v -0.036055 -0.026314 0.509073
v -0.03845 -0.022396 0.508992
v -0.039947 -0.019849 0.509074
v -0.041724 -0.015383 0.508992
v -0.042691 -0.012837 0.509069
v -0.004227 -0.044515 0.509077
v 0.003306 -0.044596 0.509074
v 0.010755 -0.043399 0.509076
v 0.0179 -0.04096 0.509076
v 0.02453 -0.037351 0.509076
v 0.030448 -0.032675 0.509079
v 0.035501 -0.027055 0.509082
v 0.03953 -0.020662 0.509083
v 0.042419 -0.013689 0.509083
v 0.044092 -0.006316 0.509081
v 0.044492 0.001216 0.509082
v 0.04361 0.00872 0.509084
v 0.041472 0.015967 0.509085
v 0.038138 0.022749 0.509086
v 0.033714 0.028885 0.509053
v 0.028301 0.034153 0.509087
v 0.022109 0.038436 0.50908
v 0.015205 0.041645 0.509072
v 0.007916 0.043613 0.509071
v 0.000399 0.044321 0.50907
v -0.007129 0.043748 0.50907
v -0.014452 0.041911 0.509071
v -0.021358 0.038863 0.509072
v -0.027649 0.034691 0.509074
v -0.033147 0.029544 0.509017
v -0.037696 0.023486 0.509074
v -0.041154 0.016779 0.509074
v -0.04343 0.009586 0.509074
v -0.044458 0.002111 0.509075
v -0.04421 -0.005422 0.509075
v 0.044075 0.001232 0.508972
v 0.043204 0.008691 0.509044
v 0.044135 0.001225 0.509095
v 0.043684 -0.006226 0.508968
v 0.044097 -0.0002 0.508933
v 0.043741 -0.006254 0.509095
v 0.042033 -0.01353 0.508958
v 0.042089 -0.013559 0.509095
v 0.039175 -0.020442 0.508957
v 0.039226 -0.02048 0.509095
v 0.039337 -0.02061 0.509169
v 0.035191 -0.026772 0.508956
v 0.035234 -0.026818 0.509095
v 0.035322 -0.026965 0.509169
v 0.030193 -0.032337 0.508955
v 0.030229 -0.032389 0.509095
v 0.03029 -0.032549 0.509169
v 0.02434 -0.03699 0.509046
v 0.024388 -0.037203 0.509169
v 0.017762 -0.04056 0.508951
v 0.017779 -0.040621 0.509095
v 0.017783 -0.040792 0.509169
v 0.010685 -0.042981 0.508953
v 0.010692 -0.043044 0.509095
v 0.010668 -0.043214 0.509169
v 0.003305 -0.044189 0.509045
v 0.003245 -0.044398 0.509169
v -0.004177 -0.044097 0.50895
v -0.004192 -0.044159 0.509095
v -0.004271 -0.04431 0.509169
v -0.011536 -0.04276 0.508953
v -0.01156 -0.042818 0.509095
v -0.011664 -0.042954 0.509169
v -0.018569 -0.040214 0.509045
v -0.018722 -0.040368 0.509169
v -0.037315 0.023295 0.508956
v -0.040749 0.01665 0.508957
v -0.037365 0.023333 0.509095
v -0.032835 0.029253 0.509043
v -0.014255 0.041544 0.509046
v -0.021103 0.038534 0.509045
v -0.014277 0.041753 0.509169
v -0.006982 0.043562 0.509169
v 0.022061 0.038235 0.509169
v 0.015248 0.04141 0.509169
v 0.033641 0.028769 0.509159
v 0.000462 0.04391 0.509049
v -0.006997 0.043353 0.509048
v 0.000515 0.044113 0.509169
v 0.007996 0.043388 0.509169
v 0.015125 0.04124 0.509051
v 0.007907 0.043198 0.50905
v 0.04131 0.015844 0.509169
v 0.038004 0.022595 0.509169
v 0.028031 0.033864 0.509051
v 0.021873 0.03811 0.509052
v 0.028239 0.033953 0.509169
v 0.033495 0.028671 0.509142
v 0.044295 0.001166 0.509169
v 0.043427 0.008632 0.509169
v 0.037776 0.022583 0.509051
v 0.04222 -0.013669 0.509169
v 0.043889 -0.00634 0.509169
v 0.041078 0.01588 0.509048
v -0.043792 -0.005363 0.508952
v -0.042289 -0.012692 0.508953
v -0.043855 -0.005364 0.509095
v -0.044052 0.002113 0.509047
v -0.040804 0.01668 0.509095
v -0.037464 0.023472 0.509169
v -0.032925 0.029463 0.509169
v -0.043011 0.00952 0.508956
v -0.04307 0.009541 0.509095
v -0.027369 0.034399 0.509051
v -0.027438 0.0346 0.509169
v -0.021162 0.038737 0.509169
v 0.033388 0.028619 0.509014
v -0.025053 -0.036487 0.508952
v -0.025098 -0.036533 0.509095
v -0.025241 -0.036626 0.509169
v -0.031034 -0.031836 0.509169
v -0.030877 -0.031768 0.509095
v -0.030826 -0.03173 0.508952
v -0.035934 -0.026137 0.509169
v -0.035768 -0.026096 0.509095
v -0.0398 -0.019691 0.509169
v -0.03963 -0.019679 0.509095
v -0.042522 -0.012684 0.509169
v -0.042352 -0.012701 0.509095
v -0.04402 -0.005318 0.509169
v -0.044252 0.002195 0.509169
v -0.04321 0.009639 0.509169
v -0.040926 0.0168 0.509169
v -0.033089 0.029525 0.509109
v -0.035711 -0.026067 0.508952
v -0.039569 -0.019659 0.508953
v 0.043427 -0.007858 0.508468
v 0.044097 -0.0002 0.508468
v 0.038189 -0.022249 0.508468
v 0.041438 -0.015282 0.508468
v 0.028345 -0.033981 0.508468
v 0.03378 -0.028545 0.508468
v 0.015082 -0.041638 0.508468
v 0.022049 -0.03839 0.508468
v 0 -0.044297 0.508468
v 0.007657 -0.043628 0.508468
v -0.015082 -0.041638 0.508468
v -0.007657 -0.043628 0.508468
v -0.022048 -0.03839 0.508468
v -0.028345 -0.033981 0.508468
v -0.03378 -0.028545 0.508468
v -0.038189 -0.022249 0.508468
v -0.041438 -0.015283 0.508468
v -0.043427 -0.007858 0.508468
v -0.044097 -0.0002 0.508468
v -0.043427 0.007457 0.508468
v -0.041438 0.014882 0.508468
v -0.038189 0.021848 0.508468
v -0.03378 0.028145 0.508468
v -0.028345 0.03358 0.508468
v -0.022049 0.037989 0.508468
v -0.015082 0.041237 0.508468
v -0.007657 0.043227 0.508468
v -0 0.043897 0.508468
v 0.007657 0.043227 0.508468
v 0.015082 0.041237 0.508468
v 0.022048 0.037989 0.508468
v 0.028345 0.03358 0.508468
v 0.03378 0.028145 0.508468
v 0.038189 0.021848 0.508468
v 0.041438 0.014882 0.508468
v 0.043427 0.007457 0.508468
v -0 0.056699 0.526893
v 0.006484 0.056764 0.527367
v 0.043461 0.056699 0.565835
v -0.018559 0.056699 0.531027
v -0.012597 0.056699 0.528747
v -0.006602 0.056769 0.527376
v -0.033557 0.05677 0.542557
v -0.029178 0.056699 0.538053
v -0.023844 0.056759 0.533952
v -0.042162 0.056761 0.558943
v -0.040407 0.056768 0.553866
v -0.037322 0.056699 0.547839
v -0.042997 0.056699 0.578559
v -0.043715 0.056771 0.571993
v -0.043462 0.056699 0.565835
v -0.03556 0.056699 0.596058
v -0.038885 0.056699 0.590609
v -0.04134 0.056769 0.584914
v -0.021544 0.056769 0.608686
v -0.026723 0.056699 0.605224
v -0.031477 0.056699 0.600964
v -0.003192 0.056699 0.614224
v -0.009181 0.056769 0.613384
v -0.01562 0.056699 0.611456
v 0.015619 0.056699 0.611456
v 0.009229 0.05677 0.613369
v 0.003192 0.056699 0.614224
v 0.031477 0.056699 0.600964
v 0.026723 0.056699 0.605224
v 0.021523 0.05677 0.608699
v 0.041332 0.056769 0.584937
v 0.038885 0.056699 0.590609
v 0.03556 0.056699 0.596058
v 0.043722 0.056769 0.571927
v 0.042996 0.056699 0.578559
v 0.037322 0.056699 0.547839
v 0.04039 0.056769 0.553836
v 0.042302 0.056699 0.559558
v 0.023771 0.056768 0.5339
v 0.029178 0.056699 0.538053
v 0.033572 0.05677 0.542575
v 0.012597 0.056699 0.528747
v 0.018559 0.056699 0.531027
v -0.00216 0.056792 0.526943
v -0.011107 0.056801 0.528327
v -0.015366 0.056792 0.529679
v -0.019456 0.056794 0.531458
v -0.02711 0.056792 0.536308
v -0.030442 0.056794 0.539228
v -0.036275 0.056792 0.546202
v -0.038554 0.056794 0.549987
v -0.043005 0.056794 0.562708
v -0.043586 0.056794 0.567128
v -0.043365 0.056794 0.576234
v -0.04258 0.056792 0.580568
v -0.039613 0.056801 0.589126
v -0.037523 0.056792 0.59307
v -0.032076 0.056794 0.600333
v -0.035034 0.056794 0.596781
v -0.028895 0.056792 0.603436
v -0.025423 0.056794 0.606193
v -0.01752 0.056792 0.61068
v -0.013386 0.056794 0.612244
v -0.004473 0.056794 0.614113
v -0.000055 0.056792 0.614344
v 0.004385 0.056794 0.614122
v 0.013273 0.056792 0.612281
v 0.017416 0.056794 0.610725
v 0.025351 0.056794 0.606245
v 0.028813 0.056792 0.603509
v 0.034986 0.056794 0.596844
v 0.032024 0.056794 0.600389
v 0.037466 0.056792 0.593164
v 0.039556 0.056794 0.589252
v 0.04256 0.056794 0.580652
v 0.043354 0.056792 0.576318
v 0.043594 0.056794 0.56722
v 0.043029 0.056792 0.562835
v 0.042013 0.056794 0.5585
v 0.038598 0.056794 0.550069
v 0.036336 0.056792 0.546291
v 0.030507 0.056794 0.539291
v 0.027196 0.056792 0.536376
v 0.019529 0.056794 0.531495
v 0.015468 0.056792 0.529717
v 0.011249 0.056794 0.528363
v 0.002246 0.056794 0.526948
v -0.023488 0.056711 0.533441
v -0.009438 0.056709 0.52758
v 0.008586 0.056709 0.527402
v -0.03931 0.056713 0.590368
v -0.035075 0.056704 0.543878
v -0.038899 0.056703 0.549935
v -0.041545 0.056704 0.555811
v -0.043699 0.056704 0.564624
v -0.043998 0.056704 0.573687
v -0.042442 0.056704 0.582625
v -0.034082 0.056704 0.598616
v -0.027634 0.056704 0.604991
v -0.018457 0.056672 0.611296
v -0.015871 0.056704 0.611767
v -0.008986 0.056703 0.613746
v -0.002604 0.056704 0.614645
v 0.00646 0.056704 0.614249
v 0.015244 0.056704 0.612003
v 0.021722 0.056703 0.608945
v 0.027109 0.056704 0.605407
v 0.032472 0.056703 0.600403
v 0.03644 0.056703 0.59547
v 0.040728 0.056704 0.587542
v 0.043332 0.056704 0.578851
v 0.044097 0.056704 0.569816
v 0.042848 0.056679 0.557964
v 0.041765 0.056704 0.556443
v 0.038875 0.056703 0.549889
v 0.035477 0.056704 0.544413
v 0.030729 0.056703 0.539048
v 0.025827 0.056704 0.534866
v 0.017967 0.056704 0.530334
v 0.000333 0.056704 0.526511
v -0.017358 0.056704 0.530068
v -0.028868 0.056704 0.537268
v 0.006361 0.056699 0.526372
v -0 0.056699 0.525917
v -0.006361 0.056699 0.526372
v -0.012593 0.056699 0.527728
v -0.018569 0.056699 0.529957
v -0.024166 0.056699 0.533013
v -0.04066 0.056699 0.589186
v -0.037604 0.056699 0.594783
v -0.033782 0.056699 0.599889
v -0.029272 0.056699 0.604398
v 0.033782 0.056699 0.599889
v 0.029272 0.056699 0.604398
v -0.024166 0.056699 0.608221
v -0.012593 0.056699 0.613506
v 0.018569 0.056699 0.611277
v 0.024166 0.056699 0.608221
v -0.037604 0.056699 0.546451
v -0.04066 0.056699 0.552048
v -0.042889 0.056699 0.558024
v -0.044244 0.056699 0.576978
v -0.042889 0.056699 0.58321
v -0.006361 0.056699 0.614861
v -0 0.056699 0.615316
v 0.006361 0.056699 0.614861
v 0.012593 0.056699 0.613506
v -0.044244 0.056699 0.564256
v -0.044699 0.056699 0.570617
v 0.037604 0.056699 0.594783
v 0.04066 0.056699 0.589186
v 0.044699 0.056699 0.570617
v 0.044244 0.056699 0.564256
v 0.04066 0.056699 0.552048
v 0.037604 0.056699 0.546451
v 0.033782 0.056699 0.541345
v -0.029272 0.056699 0.536835
v -0.033782 0.056699 0.541345
v 0.042889 0.056699 0.58321
v 0.044244 0.056699 0.576978
v 0.029272 0.056699 0.536835
v 0.024166 0.056699 0.533013
v 0.018569 0.056699 0.529957
v 0.012593 0.056699 0.527728
v -0 0.057218 0.615617
v 0.006404 0.057218 0.615158
v 0.012678 0.057218 0.613794
v 0.018693 0.057218 0.61155
v 0.024328 0.057218 0.608473
v 0.029468 0.057218 0.604625
v 0.034008 0.057218 0.600085
v 0.037856 0.057218 0.594945
v 0.040933 0.057218 0.58931
v 0.043177 0.057218 0.583295
v 0.044541 0.057218 0.577021
v 0.044999 0.057218 0.570617
v 0.044541 0.057218 0.564213
v 0.043177 0.057218 0.557939
v 0.040933 0.057218 0.551923
v 0.037856 0.057218 0.546288
v 0.034008 0.057218 0.541149
v 0.029468 0.057218 0.536609
v 0.024328 0.057218 0.532761
v 0.018693 0.057218 0.529684
v 0.012678 0.057218 0.52744
v 0.006404 0.057218 0.526075
v -0 0.057218 0.525617
v -0.006404 0.057218 0.526075
v -0.012678 0.057218 0.52744
v -0.018693 0.057218 0.529684
v -0.024329 0.057218 0.532761
v -0.029468 0.057218 0.536609
v -0.034008 0.057218 0.541149
v -0.037856 0.057218 0.546288
v -0.040933 0.057218 0.551923
v -0.043177 0.057218 0.557939
v -0.044541 0.057218 0.564213
v -0.044999 0.057218 0.570617
v -0.044541 0.057218 0.577021
v -0.043177 0.057218 0.583295
v -0.040933 0.057218 0.58931
v -0.037856 0.057218 0.594945
v -0.034008 0.057218 0.600085
v -0.029468 0.057218 0.604625
v -0.024329 0.057218 0.608473
v -0.018693 0.057218 0.61155
v -0.012678 0.057218 0.613794
v -0.006404 0.057218 0.615158
v 0.006404 0.057499 0.526075
v 0.012678 0.057499 0.52744
v 0.018693 0.057499 0.529684
v 0.024328 0.057499 0.532761
v 0.029468 0.057499 0.536609
v 0.034008 0.057499 0.541149
v 0.037856 0.057499 0.546288
v 0.040933 0.057499 0.551923
v 0.043177 0.057499 0.557939
v 0.044541 0.057499 0.564213
v 0.044999 0.057499 0.570617
v 0.044541 0.057499 0.577021
v 0.043177 0.057499 0.583295
v 0.040933 0.057499 0.58931
v 0.037856 0.057499 0.594945
v 0.034008 0.057499 0.600085
v 0.029468 0.057499 0.604625
v 0.024328 0.057499 0.608473
v 0.018693 0.057499 0.61155
v 0.012678 0.057499 0.613794
v 0.006404 0.057499 0.615158
v -0 0.057499 0.615617
v -0.006404 0.057499 0.615158
v -0.012678 0.057499 0.613794
v -0.018693 0.057499 0.61155
v -0.024329 0.057499 0.608473
v -0.029468 0.057499 0.604625
v -0.034008 0.057499 0.600085
v -0.037856 0.057499 0.594945
v -0.040933 0.057499 0.58931
v -0.043177 0.057499 0.583295
v -0.044541 0.057499 0.577021
v -0.044999 0.057499 0.570617
v -0.044541 0.057499 0.564213
v -0.043177 0.057499 0.557939
v -0.040933 0.057499 0.551923
v -0.037856 0.057499 0.546288
v -0.034008 0.057499 0.541149
v -0.029468 0.057499 0.536609
v -0.024329 0.057499 0.532761
v -0.018693 0.057499 0.529684
v -0.012678 0.057499 0.52744
v -0.006404 0.057499 0.526075
v -0 0.057499 0.525617
v 0.025658 0.057499 0.606481
v 0.030607 0.057499 0.602362
v 0.034903 0.057499 0.597568
v 0.038455 0.057499 0.592199
v 0.041187 0.057499 0.58637
v 0.043042 0.057499 0.580205
v 0.043979 0.057499 0.573836
v 0.043979 0.057499 0.567398
v 0.043042 0.057499 0.561029
v 0.041187 0.057499 0.554864
v 0.038455 0.057499 0.549035
v 0.034903 0.057499 0.543666
v 0.030607 0.057499 0.538871
v 0.025658 0.057499 0.534753
v 0.020163 0.057499 0.531399
v 0.014238 0.057499 0.528882
v 0.00801 0.057499 0.527253
v 0.00161 0.057499 0.526549
v -0.004823 0.057499 0.526784
v -0.011154 0.057499 0.527954
v -0.017247 0.057499 0.530032
v -0.022972 0.057499 0.532976
v -0.028208 0.057499 0.536722
v -0.032842 0.057499 0.54119
v -0.036777 0.057499 0.546286
v -0.039928 0.057499 0.5519
v -0.042227 0.057499 0.557913
v -0.043627 0.057499 0.564196
v -0.044097 0.057499 0.570617
v -0.043627 0.057499 0.577038
v -0.042227 0.057499 0.583321
v -0.039928 0.057499 0.589334
v -0.036777 0.057499 0.594948
v -0.032842 0.057499 0.600044
v -0.028208 0.057499 0.604512
v -0.022972 0.057499 0.608258
v -0.017247 0.057499 0.611201
v -0.011154 0.057499 0.61328
v -0.004823 0.057499 0.614449
v 0.00161 0.057499 0.614685
v 0.00801 0.057499 0.61398
v 0.014238 0.057499 0.612352
v 0.020163 0.057499 0.609834
v -0.044044 0.058104 0.573292
v -0.043517 0.058082 0.577853
v -0.042562 0.058062 0.582194
v -0.041139 0.058085 0.586551
v -0.039256 0.058042 0.590719
v -0.037012 0.058045 0.594604
v -0.034343 0.05802 0.598283
v -0.027919 0.058083 0.604773
v -0.031299 0.058026 0.601687
v -0.024302 0.058048 0.607425
v -0.02034 0.058079 0.60976
v -0.016214 0.058044 0.611633
v -0.012015 0.058101 0.61307
v -0.007529 0.058019 0.614069
v 0.001522 0.058028 0.614693
v -0.002995 0.058047 0.614622
v 0.006019 0.05806 0.614312
v 0.010526 0.058065 0.613454
v 0.014936 0.058101 0.612133
v 0.01901 0.058081 0.610424
v 0.023052 0.058085 0.608232
v 0.026869 0.058101 0.605613
v 0.03023 0.058027 0.602728
v 0.033395 0.058085 0.599446
v 0.038588 0.058046 0.591978
v 0.036213 0.058079 0.595807
v 0.040558 0.05808 0.587967
v 0.042137 0.058045 0.583647
v 0.043258 0.058044 0.579217
v 0.043907 0.058044 0.574789
v 0.044098 0.058019 0.570232
v 0.043089 0.058027 0.56122
v 0.043834 0.058067 0.565672
v 0.041895 0.05802 0.556846
v 0.040255 0.058065 0.552581
v 0.038172 0.058063 0.548514
v 0.035726 0.058023 0.544761
v 0.032862 0.058025 0.541205
v 0.029631 0.058062 0.537943
v 0.0262 0.058082 0.535125
v 0.022368 0.058045 0.532604
v 0.014099 0.058046 0.528825
v 0.018289 0.058079 0.530474
v 0.009772 0.058041 0.52761
v 0.005264 0.058085 0.526815
v 0.000695 0.058063 0.526513
v -0.003758 0.058063 0.526669
v -0.008298 0.058065 0.527294
v -0.012765 0.05808 0.528391
v -0.016948 0.058083 0.529887
v -0.021037 0.058079 0.531844
v -0.0286 0.058083 0.537029
v -0.024958 0.058046 0.534252
v -0.03183 0.05808 0.540075
v -0.034827 0.058025 0.543561
v -0.037437 0.058024 0.547305
v -0.039614 0.058045 0.551226
v -0.041419 0.058085 0.555423
v -0.042756 0.058041 0.5598
v -0.043655 0.058083 0.564257
v -0.044071 0.058079 0.56869
v -0.01641 0.058082 0.612011
v -0.020544 0.058136 0.610089
v -0.016408 0.05819 0.611868
v -0.012047 0.058083 0.613484
v -0.012106 0.058198 0.61331
v -0.007567 0.058136 0.614467
v -0.003044 0.058082 0.615041
v -0.003085 0.05819 0.614905
v 0.001606 0.058133 0.61509
v 0.001471 0.058189 0.614829
v 0.00617 0.058133 0.614689
v 0.006005 0.058195 0.614485
v 0.010626 0.058136 0.613827
v 0.010484 0.058195 0.613635
v 0.015 0.058082 0.612543
v 0.014869 0.058198 0.612428
v 0.019257 0.0581 0.610757
v 0.01904 0.058203 0.610657
v 0.023264 0.058136 0.608549
v 0.023072 0.058196 0.608431
v -0.039721 0.058173 0.551181
v -0.037503 0.058189 0.547156
v -0.021095 0.058196 0.531666
v -0.025066 0.05819 0.533975
v -0.02128 0.058136 0.531538
v -0.017191 0.058133 0.529569
v 0.027031 0.058099 0.605993
v 0.02686 0.058198 0.605915
v -0.034892 0.058189 0.543425
v -0.031931 0.0582 0.539887
v -0.028602 0.0582 0.536767
v -0.024996 0.058173 0.534138
v -0.016978 0.058196 0.529703
v -0.012786 0.058132 0.52799
v 0.030565 0.058133 0.602962
v 0.030291 0.058189 0.602854
v -0.012682 0.058196 0.528174
v -0.008388 0.058136 0.526917
v 0.033729 0.058133 0.599647
v 0.033479 0.058196 0.599624
v 0.036284 0.058196 0.596027
v 0.038677 0.058193 0.592129
v 0.044024 0.058173 0.574791
v 0.043414 0.058208 0.57941
v 0.044235 0.058189 0.570285
v 0.038908 0.058132 0.59222
v 0.036507 0.058136 0.596059
v 0.040719 0.0582 0.588108
v 0.042395 0.05819 0.583792
v 0.042239 0.058173 0.583708
v 0.043231 0.058189 0.561243
v 0.044008 0.058195 0.565743
v 0.042039 0.058189 0.556848
v 0.040441 0.058195 0.552591
v 0.03586 0.058189 0.544715
v 0.044228 0.058132 0.56568
v 0.044496 0.058136 0.570199
v 0.040605 0.058136 0.552416
v 0.042252 0.058133 0.556645
v 0.038373 0.058195 0.548528
v 0.022443 0.058173 0.532514
v 0.033187 0.058132 0.540966
v 0.036023 0.058136 0.544495
v 0.033007 0.058189 0.541166
v 0.029838 0.058195 0.537904
v 0.018548 0.058203 0.530347
v 0.014174 0.058173 0.528729
v 0.009792 0.058173 0.527493
v 0.014262 0.05819 0.528575
v 0.005424 0.058203 0.526614
v 0.000816 0.058195 0.526348
v -0.008255 0.058195 0.527116
v -0.003739 0.058195 0.526498
v 0.022567 0.058083 0.532231
v 0.02638 0.058099 0.534754
v 0.02256 0.05819 0.532382
v 0.018499 0.058102 0.530125
v 0.014258 0.058082 0.528433
v 0.009864 0.05819 0.527332
v 0.000782 0.058132 0.526121
v 0.009832 0.058085 0.527189
v 0.005332 0.058099 0.526416
v -0.003893 0.058133 0.526285
v -0.042857 0.058173 0.559717
v -0.028804 0.058116 0.53668
v -0.041565 0.0582 0.555245
v -0.037744 0.058132 0.547039
v -0.035149 0.058136 0.54333
v -0.039862 0.05819 0.551075
v -0.04383 0.0582 0.564073
v -0.043017 0.05819 0.559642
v -0.044271 0.0582 0.568614
v -0.041792 0.058119 0.555305
v -0.0443 0.058198 0.573209
v -0.04372 0.058196 0.577743
v -0.042734 0.058195 0.582205
v -0.043159 0.058082 0.559658
v -0.044039 0.058116 0.564141
v -0.044469 0.058119 0.568739
v -0.031447 0.058189 0.601728
v -0.034479 0.058189 0.59833
v -0.044448 0.058082 0.573302
v -0.043916 0.058132 0.577824
v -0.037275 0.05819 0.594731
v -0.039557 0.05819 0.590771
v -0.037111 0.058173 0.594665
v -0.024432 0.058193 0.607518
v -0.034607 0.058133 0.598595
v -0.020541 0.058196 0.609863
v -0.016312 0.058173 0.61172
v -0.007604 0.058189 0.614195
v -0.037348 0.058083 0.594863
v -0.039653 0.058082 0.590877
v -0.028229 0.058132 0.605021
v -0.031574 0.058136 0.601972
v -0.028135 0.058196 0.604832
v -0.003039 0.058173 0.614734
v -0.02446 0.058133 0.607795
v 0.040962 0.058116 0.588037
v 0.044193 0.05819 0.574841
v 0.043658 0.058099 0.579344
v 0.042539 0.058085 0.583771
v 0.044333 0.058083 0.574784
v 0.043465 0.058133 0.561064
v 0.03855 0.058132 0.548382
v 0.026394 0.058203 0.534993
v 0.029962 0.058132 0.537711
v -0.032184 0.058116 0.539868
v -0.025184 0.058082 0.533894
v -0.040013 0.058083 0.55108
v -0.039387 0.058173 0.590722
v -0.041368 0.0582 0.58651
v -0.042922 0.058136 0.582352
v -0.041517 0.058116 0.586672
v -0.044589 0.057745 0.568699
v -0.044211 0.057686 0.564244
v -0.043321 0.057686 0.559733
v -0.041896 0.057757 0.555247
v -0.040087 0.057759 0.551013
v -0.037909 0.057715 0.547032
v -0.035263 0.057713 0.543227
v -0.032225 0.057716 0.539716
v -0.028895 0.057759 0.536611
v -0.025246 0.057759 0.53382
v -0.021373 0.057684 0.531388
v -0.017165 0.057745 0.529419
v -0.01287 0.057744 0.527882
v -0.008398 0.057727 0.526773
v -0.003806 0.057716 0.526133
v 0.000705 0.057715 0.525976
v 0.005329 0.057713 0.526285
v 0.009873 0.057759 0.527099
v 0.014278 0.057759 0.528339
v 0.018558 0.057713 0.530005
v 0.022673 0.057716 0.532156
v 0.026483 0.057745 0.534693
v 0.029999 0.057715 0.53755
v 0.033268 0.057712 0.540836
v 0.036178 0.057716 0.544454
v 0.038634 0.057715 0.54824
v 0.040737 0.057742 0.552379
v 0.04242 0.057716 0.556696
v 0.043608 0.057745 0.561116
v 0.044376 0.057686 0.56552
v 0.044649 0.057713 0.57021
v 0.044445 0.057716 0.574848
v 0.043792 0.057715 0.579313
v 0.042686 0.057684 0.583794
v 0.041053 0.057716 0.588164
v 0.039033 0.057759 0.592244
v 0.036603 0.057759 0.596143
v 0.033806 0.057713 0.599786
v 0.030594 0.057745 0.603111
v 0.027132 0.05773 0.606063
v 0.023364 0.057684 0.608694
v 0.019266 0.057759 0.610868
v 0.015067 0.05773 0.612635
v 0.010652 0.057713 0.613979
v 0.00609 0.057716 0.614846
v 0.001529 0.057745 0.615221
v -0.003033 0.057744 0.615145
v -0.007587 0.057684 0.614641
v -0.012131 0.057716 0.613584
v -0.016406 0.057715 0.612141
v -0.020624 0.057742 0.6102
v -0.024623 0.057715 0.60786
v -0.028222 0.057686 0.605239
v -0.031688 0.057727 0.602061
v -0.03477 0.05773 0.59861
v -0.037444 0.057759 0.594892
v -0.039736 0.05773 0.590955
v -0.041616 0.057757 0.58673
v -0.043081 0.057716 0.582336
v -0.044044 0.057715 0.577927
v -0.044569 0.057713 0.573322
v 0.043794 0.057649 0.560959
v 0.042741 0.05776 0.556586
v 0.043962 0.057808 0.561031
v 0.044684 0.057723 0.56558
v 0.044841 0.057661 0.570159
v 0.044988 0.057776 0.57024
v 0.044634 0.05766 0.574762
v 0.044783 0.05776 0.574876
v 0.044003 0.057663 0.579349
v 0.04412 0.057789 0.579428
v 0.042985 0.057727 0.583839
v 0.041286 0.057663 0.588165
v 0.04138 0.057792 0.588281
v 0.039181 0.057658 0.592251
v 0.03932 0.057744 0.59246
v 0.009821 0.057658 0.526951
v 0.014259 0.057658 0.528193
v 0.009983 0.057744 0.526759
v 0.01439 0.05774 0.528006
v 0.036749 0.057658 0.596165
v 0.036891 0.05774 0.596342
v 0.018615 0.057666 0.529781
v 0.018706 0.057808 0.529694
v 0.022691 0.057661 0.531938
v 0.022836 0.057777 0.531854
v 0.033976 0.05766 0.599857
v 0.034032 0.05776 0.600036
v 0.042558 0.05766 0.556542
v 0.038934 0.05776 0.548083
v 0.041045 0.05776 0.552206
v 0.04084 0.057654 0.552221
v 0.038779 0.05766 0.548134
v 0.036426 0.057756 0.544226
v 0.036262 0.05766 0.544265
v 0.030237 0.05776 0.53731
v 0.033545 0.05776 0.540644
v 0.03336 0.05766 0.540676
v 0.030105 0.05766 0.537405
v 0.026674 0.057756 0.534398
v 0.026481 0.057654 0.534491
v 0.000724 0.05776 0.525638
v 0.00539 0.057808 0.525945
v 0.005315 0.057666 0.526054
v 0.000688 0.05766 0.525796
v -0.003872 0.057773 0.525797
v -0.003918 0.057661 0.525945
v -0.012926 0.05776 0.527529
v -0.008427 0.05776 0.526428
v -0.008522 0.057657 0.526626
v -0.013001 0.057654 0.527754
v -0.017321 0.057739 0.529111
v -0.017312 0.057658 0.529325
v -0.025406 0.057744 0.533499
v -0.021441 0.057727 0.531083
v -0.025374 0.057658 0.533748
v -0.03552 0.057756 0.543019
v -0.032508 0.057792 0.53951
v -0.032442 0.057663 0.539633
v -0.035437 0.05766 0.543165
v -0.042213 0.057744 0.555085
v -0.040411 0.057739 0.550875
v -0.040243 0.057658 0.551029
v -0.042044 0.057658 0.555271
v -0.044947 0.05778 0.568673
v -0.044508 0.057727 0.564167
v -0.044773 0.057651 0.568816
v -0.044394 0.057776 0.577913
v -0.044915 0.057815 0.573331
v -0.044794 0.057666 0.573377
v -0.044236 0.057661 0.577971
v -0.043397 0.057776 0.582481
v -0.043246 0.057661 0.58248
v -0.040073 0.05776 0.591059
v -0.041938 0.057739 0.586864
v -0.039856 0.057657 0.591094
v -0.041711 0.057658 0.586845
v -0.03776 0.057744 0.595058
v -0.03751 0.057658 0.595034
v -0.031958 0.05776 0.602277
v -0.035019 0.057756 0.598849
v -0.034825 0.057657 0.598814
v -0.031742 0.057657 0.602245
v -0.020783 0.057756 0.610509
v -0.024752 0.05776 0.60818
v -0.024635 0.05766 0.608066
v -0.020606 0.057654 0.610387
v -0.007593 0.057727 0.614944
v -0.012219 0.05776 0.613911
v -0.01208 0.05766 0.613784
v 0.006179 0.057808 0.615186
v 0.001549 0.057808 0.615586
v 0.00165 0.057649 0.615433
v 0.006209 0.057666 0.615064
v 0.015127 0.05776 0.612983
v 0.010722 0.057789 0.614312
v 0.010744 0.057663 0.614172
v 0.01519 0.057657 0.612773
v 0.019391 0.057744 0.611202
v 0.019398 0.057658 0.610952
v 0.02732 0.057756 0.606351
v 0.023559 0.057727 0.608925
v 0.02729 0.057657 0.606157
v 0.03085 0.057808 0.603372
v 0.030825 0.057649 0.60319
v -0.029159 0.057743 0.536369
v -0.029031 0.057658 0.536553
v -0.038154 0.05776 0.546785
v -0.038071 0.05766 0.546954
v -0.043577 0.057727 0.559498
v -0.044999 0.057862 0.570617
v -0.028544 0.057727 0.605371
v -0.016599 0.057776 0.612433
v -0.016468 0.057661 0.612327
v -0.003069 0.057756 0.615494
v -0.002955 0.057654 0.615311
v -0.044932 0.066412 0.568739
v -0.0449 0.066381 0.573331
v -0.044392 0.066378 0.577899
v -0.043406 0.06633 0.582469
v -0.041949 0.066381 0.586852
v -0.040074 0.066378 0.591054
v -0.037766 0.066394 0.595048
v -0.035022 0.066345 0.598863
v -0.031936 0.066415 0.602274
v -0.028562 0.066411 0.605355
v -0.02478 0.06633 0.608174
v -0.020793 0.066398 0.610497
v -0.016624 0.066394 0.612412
v -0.012223 0.066378 0.613909
v -0.007642 0.066377 0.614948
v -0.00309 0.066415 0.615478
v 0.001535 0.066362 0.61558
v 0.006223 0.06641 0.615158
v 0.010715 0.066381 0.614304
v 0.015136 0.066362 0.612984
v 0.01938 0.066394 0.611207
v 0.023515 0.066345 0.608976
v 0.027294 0.066415 0.606353
v 0.030784 0.066411 0.603403
v 0.034029 0.066378 0.600039
v 0.03688 0.066398 0.596359
v 0.039328 0.066378 0.592457
v 0.041353 0.066394 0.588312
v 0.042979 0.06641 0.583862
v 0.044093 0.066415 0.579441
v 0.044766 0.066411 0.574922
v 0.044971 0.066411 0.570296
v 0.044701 0.066381 0.5656
v 0.043955 0.066411 0.561104
v 0.042743 0.06633 0.55656
v 0.041065 0.066329 0.552226
v 0.038957 0.06633 0.548101
v 0.036427 0.066415 0.544252
v 0.033548 0.066378 0.540648
v 0.03025 0.066361 0.537316
v 0.026684 0.066415 0.534423
v 0.022836 0.066361 0.531854
v 0.018667 0.066394 0.529693
v 0.014408 0.066398 0.528012
v 0.009966 0.066361 0.526745
v 0.005393 0.066345 0.525949
v 0.000738 0.066361 0.525634
v -0.003864 0.066382 0.525802
v -0.008423 0.066378 0.526428
v -0.012922 0.066378 0.527528
v -0.017303 0.066398 0.529104
v -0.021463 0.066378 0.531082
v -0.025414 0.066378 0.533498
v -0.029155 0.06641 0.536374
v -0.032509 0.066345 0.539512
v -0.035514 0.066382 0.543011
v -0.03817 0.066345 0.546796
v -0.04041 0.066381 0.550859
v -0.04222 0.066378 0.555089
v -0.043571 0.066411 0.559475
v -0.044505 0.06641 0.564144
v 0.044553 0.066477 0.565681
v 0.044664 0.066451 0.570159
v 0.044373 0.066422 0.565682
v -0.012799 0.066483 0.527693
v -0.017158 0.066479 0.52926
v -0.017178 0.066396 0.529422
v -0.012837 0.066393 0.527872
v -0.034961 0.066493 0.598647
v -0.03759 0.066479 0.59491
v -0.034738 0.066378 0.598627
v -0.037441 0.066381 0.5949
v -0.007743 0.066483 0.614734
v -0.012213 0.066477 0.613747
v -0.01211 0.066425 0.613595
v -0.007596 0.066393 0.614596
v 0.044475 0.066451 0.574754
v -0.008327 0.066481 0.526589
v -0.008415 0.066407 0.526779
v -0.039948 0.066477 0.590951
v -0.03978 0.066422 0.590887
v -0.016562 0.066479 0.612197
v -0.016452 0.066379 0.612098
v 0.043802 0.066453 0.579399
v -0.003786 0.066477 0.525952
v -0.003875 0.066422 0.526139
v -0.041809 0.066483 0.58669
v -0.041615 0.066393 0.586745
v -0.020766 0.066479 0.610284
v -0.020641 0.066393 0.610188
v 0.04105 0.066378 0.588116
v 0.039041 0.06641 0.592265
v 0.04114 0.066479 0.588244
v 0.039142 0.066481 0.592428
v 0.042638 0.066451 0.583929
v 0.04239 0.066393 0.556653
v 0.043653 0.066453 0.561123
v 0.04263 0.066489 0.556693
v 0.040743 0.066393 0.552398
v 0.040972 0.066489 0.552384
v 0.036198 0.066453 0.544437
v 0.038654 0.066393 0.548305
v 0.03888 0.066489 0.548267
v 0.026441 0.066451 0.534618
v 0.030047 0.066425 0.537588
v 0.030212 0.066476 0.537479
v 0.014288 0.066381 0.52834
v 0.018576 0.066393 0.530036
v 0.014399 0.066479 0.52824
v 0.018697 0.066479 0.529933
v 0.005388 0.066422 0.526296
v 0.009835 0.066422 0.527067
v 0.009972 0.066476 0.526897
v 0.00542 0.066474 0.526085
v 0.000765 0.066425 0.525972
v 0.000818 0.066476 0.525781
v -0.025211 0.066422 0.533769
v -0.021349 0.066407 0.531415
v -0.021322 0.066481 0.531206
v -0.025296 0.066477 0.533611
v -0.028895 0.066453 0.536547
v -0.03523 0.06637 0.543235
v -0.032248 0.066393 0.539763
v -0.035292 0.066485 0.543064
v -0.032308 0.066488 0.539541
v -0.041915 0.066407 0.555265
v -0.040114 0.066407 0.551036
v -0.040213 0.066481 0.55085
v -0.042033 0.066481 0.55509
v -0.044629 0.066451 0.568775
v -0.044203 0.066451 0.564196
v -0.044039 0.066396 0.577874
v -0.044559 0.066408 0.57328
v -0.044212 0.066483 0.577798
v -0.044733 0.066481 0.573221
v -0.043052 0.066393 0.582381
v -0.04329 0.066489 0.582328
v -0.028338 0.066453 0.605152
v -0.031789 0.066451 0.601996
v -0.024572 0.066393 0.607874
v -0.024786 0.066489 0.607991
v 0.001534 0.066425 0.615242
v -0.003163 0.066451 0.615173
v 0.001491 0.066476 0.615435
v 0.006189 0.066451 0.614853
v 0.015032 0.066425 0.612661
v 0.010591 0.066422 0.613989
v 0.010614 0.066477 0.614168
v 0.015051 0.066476 0.612859
v 0.027103 0.066453 0.606129
v 0.023318 0.066379 0.608664
v 0.023309 0.066494 0.608887
v 0.036664 0.066479 0.596287
v 0.036593 0.066379 0.596157
v 0.033306 0.066422 0.540883
v 0.033452 0.066477 0.540779
v 0.022613 0.066422 0.532121
v 0.022796 0.066476 0.532
v -0.036583 0.066327 0.545095
v -0.037883 0.066399 0.547018
v -0.038007 0.066482 0.546816
v -0.043292 0.066453 0.559592
v 0.019283 0.066379 0.61086
v 0.019265 0.066479 0.611015
v 0.030676 0.066451 0.603084
v 0.033818 0.066422 0.599766
v 0.033886 0.066477 0.599961
v -0.035145 0.066005 0.543317
v -0.037784 0.066051 0.547062
v -0.039997 0.066055 0.551046
v -0.041786 0.066038 0.555253
v -0.043142 0.066005 0.559696
v -0.044023 0.066002 0.564137
v -0.044459 0.066005 0.568655
v -0.04442 0.066005 0.573333
v -0.043905 0.066005 0.577886
v -0.042934 0.066002 0.582308
v -0.041532 0.066055 0.586676
v -0.039652 0.066055 0.590879
v -0.037358 0.066036 0.594829
v -0.03469 0.066005 0.598493
v -0.031602 0.066039 0.601977
v -0.028219 0.066002 0.605023
v -0.02455 0.066038 0.607757
v -0.020568 0.066039 0.610102
v -0.016408 0.066055 0.612013
v -0.012079 0.066002 0.613444
v -0.007624 0.066038 0.61448
v -0.003035 0.066039 0.615035
v 0.00153 0.066052 0.615117
v 0.00609 0.066055 0.614727
v 0.010636 0.066005 0.613831
v 0.015003 0.066055 0.612542
v 0.019199 0.066002 0.61076
v 0.02323 0.066038 0.608596
v 0.027051 0.066005 0.605955
v 0.030526 0.066052 0.603032
v 0.033643 0.066005 0.599747
v 0.036516 0.066005 0.596055
v 0.038938 0.066005 0.592165
v 0.040933 0.066019 0.588096
v 0.042528 0.066022 0.583761
v 0.043631 0.066002 0.579355
v 0.044299 0.066005 0.574866
v 0.044501 0.066005 0.570288
v 0.044221 0.066005 0.565617
v 0.043479 0.066002 0.561151
v 0.042303 0.066055 0.556718
v 0.040642 0.066055 0.552423
v 0.03856 0.066053 0.548352
v 0.036079 0.066005 0.544564
v 0.033175 0.066039 0.540926
v 0.029933 0.066022 0.537672
v 0.026416 0.066035 0.534783
v 0.0226 0.066055 0.53225
v 0.018517 0.066056 0.530121
v 0.014268 0.066019 0.528457
v 0.009861 0.066055 0.527194
v 0.005324 0.066055 0.526408
v 0.000735 0.066022 0.52611
v -0.003805 0.066002 0.526282
v -0.008302 0.066005 0.526896
v -0.012828 0.066039 0.527984
v -0.017107 0.066002 0.529539
v -0.021204 0.066005 0.531491
v -0.025186 0.066039 0.533905
v -0.028829 0.066022 0.536702
v -0.032146 0.066036 0.539819
v -0.043839 0.065942 0.564267
v -0.042954 0.065942 0.559793
v -0.041665 0.065935 0.555459
v -0.039908 0.065947 0.551168
v -0.039737 0.065965 0.551213
v -0.037698 0.065939 0.547206
v -0.037467 0.066037 0.547318
v -0.035025 0.065942 0.543497
v -0.03483 0.066052 0.54354
v -0.031816 0.066056 0.540058
v -0.032108 0.065935 0.540043
v -0.028587 0.066055 0.537018
v -0.00301 0.066109 0.614617
v -0.007561 0.066077 0.614072
v -0.003 0.065973 0.614718
v 0.001469 0.066036 0.614714
v 0.01051 0.066052 0.613464
v 0.005981 0.066038 0.614329
v 0.010634 0.065942 0.613618
v 0.014915 0.066036 0.61214
v 0.015032 0.06594 0.61237
v 0.019205 0.065942 0.610534
v 0.026964 0.065942 0.605762
v 0.023228 0.065945 0.608427
v 0.030482 0.065947 0.602893
v 0.018994 0.066056 0.610433
v 0.023108 0.065973 0.608299
v 0.033583 0.065942 0.599503
v 0.042369 0.065938 0.58361
v 0.040808 0.065938 0.587898
v 0.0386 0.066055 0.591976
v 0.036202 0.066058 0.595824
v 0.038781 0.065942 0.592023
v 0.044108 0.065942 0.574701
v 0.043433 0.065943 0.579221
v 0.043225 0.065945 0.561118
v 0.043992 0.065943 0.565604
v 0.042075 0.065927 0.556636
v 0.038415 0.065947 0.548364
v 0.040499 0.065947 0.552432
v 0.044106 0.066077 0.570264
v 0.043914 0.066055 0.574824
v 0.044274 0.065943 0.570155
v 0.033033 0.065945 0.540987
v 0.038282 0.065965 0.54848
v 0.040337 0.065973 0.552539
v 0.035828 0.065942 0.544567
v 0.029728 0.065938 0.537751
v 0.026198 0.065935 0.534849
v 0.022471 0.065947 0.532329
v 0.043096 0.066092 0.561236
v 0.043836 0.066071 0.565691
v 0.041912 0.066077 0.556873
v 0.018416 0.065947 0.530222
v 0.035767 0.066056 0.544794
v 0.032928 0.065973 0.541128
v 0.009763 0.065947 0.527309
v 0.026209 0.066055 0.535132
v 0.029645 0.066056 0.537949
v 0.022412 0.065965 0.532496
v 0.018374 0.065965 0.530393
v 0.01408 0.065938 0.528597
v 0.02238 0.066091 0.53261
v 0.014095 0.066055 0.528814
v 0.009757 0.065965 0.527485
v 0.005271 0.065965 0.526711
v 0.005259 0.065947 0.526535
v 0.000642 0.06594 0.526286
v -0.003889 0.065942 0.526491
v -0.012884 0.065935 0.528194
v 0.009782 0.066095 0.527612
v -0.017108 0.065943 0.529779
v -0.025176 0.065935 0.534122
v -0.028776 0.065938 0.536914
v -0.008283 0.066072 0.527291
v -0.003731 0.066055 0.52666
v -0.008392 0.065943 0.527143
v -0.012745 0.066057 0.528385
v -0.016946 0.066073 0.529892
v -0.021027 0.066058 0.531838
v -0.021234 0.065942 0.531741
v -0.02495 0.066052 0.534232
v -0.041414 0.066052 0.55541
v -0.044192 0.065943 0.573358
v -0.04424 0.065943 0.5688
v -0.041382 0.065947 0.586693
v -0.039611 0.066093 0.551219
v -0.042767 0.066057 0.559802
v -0.043676 0.065943 0.577888
v -0.03951 0.065947 0.590863
v -0.037131 0.065935 0.594844
v -0.044064 0.066083 0.568707
v -0.043652 0.066054 0.564243
v -0.043517 0.066074 0.57782
v -0.044025 0.066084 0.57328
v -0.042697 0.065943 0.58234
v -0.03937 0.065965 0.590754
v -0.041232 0.065965 0.586599
v -0.034429 0.065943 0.598457
v -0.031464 0.065945 0.601908
v -0.044097 0.066174 0.570617
v -0.041134 0.066091 0.586533
v -0.042567 0.066075 0.58218
v -0.037039 0.066055 0.59458
v -0.031367 0.065973 0.601762
v -0.028012 0.065942 0.604932
v -0.027932 0.066055 0.604763
v -0.024322 0.065935 0.607686
v -0.01193 0.065943 0.613256
v -0.016312 0.065947 0.611907
v -0.007435 0.065931 0.614305
v -0.002976 0.065945 0.614892
v 0.001621 0.06594 0.614964
v 0.006172 0.06594 0.614562
v 0.030338 0.065965 0.602791
v 0.036375 0.065942 0.595897
v 0.026823 0.066057 0.605638
v 0.023032 0.066111 0.608227
v 0.033386 0.066052 0.599456
v 0.030224 0.066093 0.602738
v 0.040549 0.066056 0.587992
v 0.042143 0.066052 0.583666
v 0.04326 0.066075 0.579227
v 0.040254 0.066111 0.552599
v 0.03818 0.066092 0.548536
v 0.032871 0.066111 0.541215
v 0.018324 0.066096 0.5305
v 0.000689 0.066037 0.526502
v 0.005279 0.066091 0.526828
v -0.020368 0.065931 0.609975
v -0.039264 0.066095 0.590704
v -0.034368 0.066077 0.598263
v -0.02433 0.066049 0.607422
v -0.01627 0.065972 0.611717
v -0.031309 0.06611 0.601677
v -0.020365 0.066077 0.609742
v -0.011996 0.066074 0.613064
v -0.016236 0.066112 0.611621
v -0.043627 0.066749 0.577038
v -0.044097 0.066749 0.570617
v -0.042227 0.066749 0.583321
v -0.039928 0.066749 0.589334
v -0.036777 0.066749 0.594948
v -0.032842 0.066749 0.600044
v -0.028208 0.066749 0.604512
v -0.022972 0.066749 0.608258
v -0.017247 0.066749 0.611201
v -0.011154 0.066749 0.61328
v -0.004823 0.066749 0.614449
v 0.00161 0.066749 0.614685
v 0.00801 0.066749 0.61398
v 0.014238 0.066749 0.612352
v 0.020163 0.066749 0.609834
v 0.025658 0.066749 0.606481
v 0.030607 0.066749 0.602362
v 0.034903 0.066749 0.597568
v 0.038455 0.066749 0.592199
v 0.041187 0.066749 0.58637
v 0.043042 0.066749 0.580205
v 0.043979 0.066749 0.573836
v 0.043979 0.066749 0.567398
v 0.043042 0.066749 0.561029
v 0.041187 0.066749 0.554864
v 0.038455 0.066749 0.549035
v 0.034903 0.066749 0.543666
v 0.030607 0.066749 0.538871
v 0.025658 0.066749 0.534753
v 0.020163 0.066749 0.531399
v 0.014238 0.066749 0.528882
v 0.00801 0.066749 0.527253
v 0.00161 0.066749 0.526549
v -0.004823 0.066749 0.526784
v -0.011154 0.066749 0.527954
v -0.017247 0.066749 0.530032
v -0.022972 0.066749 0.532976
v -0.028208 0.066749 0.536722
v -0.032842 0.066749 0.54119
v -0.036777 0.066749 0.546286
v -0.039928 0.066749 0.5519
v -0.042227 0.066749 0.557913
v -0.043627 0.066749 0.564196
vn 0.000972 -0.000217 -0.000089
vn 0.00093 -0.000356 -0.000089
vn 0.000692 -0.000717 -0.000089
vn 0.000455 -0.000886 -0.000089
vn 0.000322 -0.000943 -0.000089
vn -0.000108 -0.00099 -0.000089
vn -0.00039 -0.000917 -0.000089
vn -0.000519 -0.00085 -0.000089
vn -0.000985 -0.000145 -0.000089
vn -0.000996 -0 -0.000089
vn -0.000742 0.000665 -0.000089
vn -0.000637 0.000766 -0.000089
vn 0.000036 0.000995 -0.000089
vn 0.000181 0.000979 -0.000089
vn 0.000788 0.000609 -0.000089
vn 0.00093 0.000356 -0.000089
vn 0.000972 0.000217 -0.000089
vn -0.000893 -0.000421 0.000162
vn -0.000902 -0.000422 -0.000088
vn -0.000748 -0.000497 0.000439
vn -0.000823 -0.000542 0.00017
vn -0.00083 -0.00055 -0.000089
vn -0.000894 0.000417 0.000162
vn -0.000902 0.000423 -0.000088
vn -0.000251 0.000954 0.000162
vn -0.000251 0.000964 -0.000088
vn 0.000573 0.000804 0.000162
vn 0.00058 0.00081 -0.000088
vn 0.000709 -0.000547 0.000446
vn 0.000711 -0.000549 0.000439
vn 0.000788 -0.000609 -0.000088
vn 0.000788 -0.000609 -0.000089
vn 0.000033 -0.000895 0.000446
vn 0.000033 -0.000898 0.000439
vn 0.000036 -0.000995 -0.000088
vn 0.000036 -0.000995 -0.000089
vn -0.000667 -0.000597 0.000446
vn -0.000669 -0.000599 0.000439
vn -0.000742 -0.000665 -0.000088
vn -0.000742 -0.000665 -0.000089
vn -0.000862 0.000258 0.000436
vn -0.000943 0.000286 0.00017
vn -0.000954 0.000286 -0.000089
vn -0.000352 0.000826 0.000439
vn -0.000384 0.000908 0.00017
vn -0.00039 0.000916 -0.000089
vn 0.00041 0.000799 0.000439
vn 0.000452 0.000876 0.00017
vn 0.000455 0.000886 -0.000089
vn 0.000781 -0.000438 0.000446
vn 0.000785 -0.00044 0.000436
vn 0.000869 -0.000488 -0.000088
vn 0.000869 -0.000487 -0.000089
vn 0.000162 -0.00088 0.000446
vn 0.000163 -0.000885 0.000436
vn 0.000181 -0.00098 -0.000088
vn 0.000181 -0.000979 -0.000089
vn -0.000573 -0.000688 0.000446
vn -0.000576 -0.000692 0.000436
vn -0.000637 -0.000766 -0.000088
vn -0.000637 -0.000766 -0.000089
vn -0.000888 0.00013 0.000442
vn -0.000874 0.000129 0.000469
vn -0.000985 0.000145 -0.000088
vn -0.000985 0.000145 -0.000089
vn -0.000466 0.000764 0.000446
vn -0.000469 0.000768 0.000436
vn -0.000519 0.00085 -0.000088
vn -0.000519 0.00085 -0.000089
vn 0.000289 0.000847 0.000446
vn 0.000291 0.000852 0.000436
vn 0.000322 0.000943 -0.000088
vn 0.000322 0.000943 -0.000089
vn 0.000972 -0.000217 -0.000088
vn 0.000877 -0.000195 0.00044
vn 0.000875 -0.000195 0.000444
vn 0.000455 -0.000886 -0.000088
vn 0.000411 -0.000799 0.00044
vn 0.00041 -0.000797 0.000444
vn -0.00039 -0.000917 -0.000088
vn -0.000351 -0.000827 0.00044
vn -0.000351 -0.000825 0.000444
vn -0.000985 -0.000145 -0.000088
vn -0.00089 -0.000131 0.000436
vn -0.000869 -0.000127 0.000478
vn -0.000742 0.000665 -0.000088
vn -0.000669 0.000599 0.00044
vn -0.000667 0.000598 0.000444
vn 0.000036 0.000995 -0.000088
vn 0.000033 0.000898 0.00044
vn 0.000033 0.000895 0.000444
vn 0.000788 0.000609 -0.000088
vn 0.000711 0.000549 0.00044
vn 0.000709 0.000548 0.000444
vn 0.00093 0.000356 -0.000088
vn 0.000839 0.000321 0.00044
vn 0.000838 0.00032 0.000442
vn 0.000894 -0.000066 0.000444
vn 0.000897 -0.000066 0.000436
vn 0.000993 -0.000073 -0.000088
vn 0.000993 -0.000073 -0.000089
vn 0.00093 -0.000356 -0.000088
vn 0.000839 -0.000321 0.000439
vn 0.000838 -0.00032 0.000442
vn 0.000683 -0.000711 0.00017
vn 0.000624 -0.000646 0.000439
vn 0.00052 -0.000729 0.000444
vn 0.000576 -0.000802 0.000162
vn 0.000579 -0.00081 -0.000088
vn 0.000322 -0.000943 -0.000088
vn 0.00029 -0.00085 0.000439
vn 0.00029 -0.000849 0.000442
vn -0.00011 -0.000979 0.00017
vn -0.000097 -0.000893 0.000439
vn -0.000228 -0.000867 0.000444
vn -0.000248 -0.000955 0.000162
vn -0.000253 -0.000964 -0.000088
vn -0.000519 -0.00085 -0.000088
vn -0.000468 -0.000767 0.00044
vn -0.000467 -0.000766 0.000442
vn -0.000812 -0.000379 0.000444
vn -0.000859 -0.000258 0.000442
vn -0.00086 -0.000259 0.00044
vn -0.000954 -0.000287 -0.000088
vn -0.000954 -0.000287 -0.000089
vn -0.000996 0 -0.000088
vn -0.000887 0 0.000463
vn -0.000883 0 0.000469
vn -0.000238 -0 -0.000971
vn -0.000811 0.000381 0.000444
vn -0.000747 0.000494 0.000444
vn -0.000749 0.000496 0.00044
vn -0.000831 0.00055 -0.000088
vn -0.000831 0.00055 -0.000089
vn -0.000637 0.000766 -0.000088
vn -0.000575 0.00069 0.00044
vn -0.000574 0.000689 0.000442
vn -0.000225 0.000867 0.000444
vn -0.000098 0.000891 0.000444
vn -0.000098 0.000893 0.00044
vn -0.000109 0.00099 -0.000088
vn -0.000109 0.00099 -0.000089
vn 0.000181 0.00098 -0.000088
vn 0.000163 0.000883 0.00044
vn 0.000163 0.000882 0.000442
vn 0.000522 0.000728 0.000444
vn 0.000622 0.000645 0.000444
vn 0.000623 0.000647 0.00044
vn 0.000691 0.000717 -0.000088
vn 0.000691 0.000717 -0.000089
vn 0.000781 0.000438 0.000444
vn 0.000783 0.00044 0.00044
vn 0.000869 0.000487 -0.000088
vn 0.000869 0.000488 -0.000089
vn 0.000962 0.000212 0.00017
vn 0.000878 0.000197 0.000436
vn 0.000993 0.000072 -0.000088
vn 0.000984 0.000074 0.000162
vn 0.000895 0.000064 0.000442
vn -0.000321 0.000001 0.000947
vn -0.000625 -0.000022 0.00078
vn -0.000628 -0.000091 0.000773
vn -0.000662 -0.000097 0.000743
vn -0.000649 -0.000196 0.000735
vn -0.000617 -0.000186 0.000764
vn -0.000589 -0.000276 0.00076
vn -0.000588 -0.000276 0.00076
vn -0.000543 -0.000359 0.000759
vn -0.000538 -0.000356 0.000765
vn -0.000482 -0.000432 0.000762
vn -0.000482 -0.000432 0.000762
vn -0.000417 -0.000502 0.000758
vn -0.000412 -0.000496 0.000764
vn -0.000339 -0.000555 0.00076
vn -0.000336 -0.00055 0.000764
vn -0.000255 -0.000598 0.00076
vn -0.000262 -0.000616 0.000743
vn -0.000171 -0.000656 0.000735
vn -0.000168 -0.000642 0.000748
vn -0.000072 -0.000661 0.000747
vn -0.000071 -0.000641 0.000765
vn 0.000024 -0.000647 0.000762
vn 0.000023 -0.000644 0.000764
vn 0.000118 -0.000637 0.000762
vn 0.000118 -0.000638 0.000761
vn 0.000211 -0.000618 0.000757
vn 0.00021 -0.000617 0.000758
vn 0.000301 -0.000585 0.000753
vn 0.000298 -0.00058 0.000758
vn 0.000383 -0.000535 0.000753
vn 0.000382 -0.000533 0.000755
vn 0.000456 -0.000473 0.000754
vn 0.000447 -0.000464 0.000765
vn 0.000512 -0.000396 0.000762
vn 0.000523 -0.000404 0.00075
vn 0.000579 -0.000324 0.000748
vn 0.000565 -0.000317 0.000761
vn 0.00061 -0.000234 0.000757
vn 0.000616 -0.000236 0.000751
vn 0.000651 -0.000145 0.000745
vn 0.000654 -0.000146 0.000743
vn 0.000677 -0.000049 0.000735
vn 0.000647 -0.000047 0.000761
vn 0.000651 0.000048 0.000757
vn 0.000648 0.000047 0.00076
vn 0.000635 0.000142 0.000759
vn 0.00063 0.00014 0.000764
vn 0.000605 0.000231 0.000762
vn 0.000603 0.000231 0.000764
vn 0.000565 0.000317 0.000762
vn 0.000594 0.000332 0.000733
vn 0.000542 0.000419 0.000728
vn 0.00053 0.000409 0.000743
vn 0.00047 0.000488 0.000735
vn 0.000465 0.000482 0.000743
vn 0.000394 0.000552 0.000735
vn 0.000386 0.00054 0.000748
vn 0.000303 0.000591 0.000747
vn 0.000295 0.000573 0.000765
vn 0.00021 0.000613 0.000762
vn 0.000216 0.000632 0.000744
vn 0.000121 0.000662 0.000739
vn 0.000117 0.000634 0.000764
vn 0.000024 0.00065 0.00076
vn 0.000024 0.000644 0.000764
vn -0.000071 0.000646 0.00076
vn -0.00007 0.000641 0.000764
vn -0.000164 0.000629 0.00076
vn -0.000168 0.000642 0.000748
vn -0.00026 0.000611 0.000747
vn -0.000252 0.000593 0.000765
vn -0.000337 0.000553 0.000762
vn -0.000338 0.000554 0.000761
vn -0.000418 0.000502 0.000757
vn -0.000412 0.000496 0.000764
vn -0.000484 0.000434 0.00076
vn -0.000499 0.000447 0.000743
vn -0.000566 0.000374 0.000735
vn -0.000558 0.00037 0.000743
vn -0.000615 0.000287 0.000735
vn -0.000588 0.000276 0.00076
vn -0.000623 0.000188 0.000759
vn -0.000621 0.000187 0.000761
vn -0.000646 0.000094 0.000757
vn -0.000614 0.000091 0.000784
vn -0.00062 0.000022 0.000784
vn 0.000955 0.00007 0.000288
vn 0.000957 -0.000072 0.00028
vn 0.000895 -0.000341 0.000288
vn 0.000837 -0.000471 0.00028
vn 0.000759 -0.000584 0.000289
vn 0.000664 -0.00069 0.000287
vn 0.00031 -0.000906 0.000288
vn 0.000174 -0.000944 0.00028
vn 0.000174 -0.000941 0.000289
vn 0.000035 -0.000957 0.000287
vn 0.000035 -0.000948 0.000316
vn -0.000105 -0.000944 0.000313
vn -0.000372 -0.000881 0.000294
vn -0.0005 -0.000819 0.000283
vn -0.000498 -0.000816 0.000294
vn -0.000614 -0.000737 0.000282
vn -0.000613 -0.000736 0.000288
vn -0.000715 -0.000641 0.00028
vn -0.000713 -0.000639 0.000289
vn -0.000799 -0.000528 0.000287
vn -0.000791 -0.000524 0.000316
vn -0.00086 -0.000403 0.000313
vn -0.000865 -0.000406 0.000294
vn -0.000919 -0.000275 0.000282
vn -0.000928 -0.000139 0.000345
vn -0.000943 -0 0.000332
vn -0.000944 -0 0.00033
vn -0.000933 0.000137 0.000331
vn -0.000947 0.00014 0.000288
vn -0.000919 0.000277 0.00028
vn -0.000909 0.000273 0.000316
vn -0.000859 0.000405 0.000313
vn -0.000713 0.000636 0.000294
vn -0.000614 0.000737 0.000282
vn -0.000613 0.000736 0.000288
vn -0.0005 0.000819 0.00028
vn -0.000499 0.000817 0.000289
vn -0.000373 0.000882 0.000287
vn -0.000243 0.000924 0.000294
vn -0.000105 0.000954 0.000282
vn -0.000105 0.00095 0.000294
vn 0.000035 0.000959 0.000282
vn 0.000035 0.000955 0.000294
vn 0.000175 0.000943 0.000282
vn 0.000308 0.000906 0.000289
vn 0.000439 0.000851 0.000287
vn 0.000826 0.000466 0.000316
vn 0.000887 0.000339 0.000314
vn 0.000886 0.000339 0.000316
vn 0.000927 0.000207 0.000314
vn 0.000934 0.000208 0.000289
vn 0.000955 0.00007 0.000287
vn 0.000692 -0.000715 0.000104
vn 0.000579 -0.000809 0.000101
vn 0.000578 -0.000808 0.00011
vn 0.000455 -0.000885 0.000095
vn 0.000455 -0.000884 0.00011
vn 0.00032 -0.000943 0.000095
vn 0.000976 -0.000216 0.000008
vn 0.000933 -0.000359 -0.00001
vn 0.000873 -0.000488 0
vn 0.00079 -0.000613 -0.000002
vn -0.000108 -0.000994 0
vn -0.000254 -0.000967 -0.000002
vn -0.000393 0.00092 0
vn -0.000251 0.000968 -0.000002
vn 0.00018 0.000984 -0.000002
vn 0.000325 0.000946 -0.000013
vn 0.000455 0.00089 0
vn 0.000583 0.000813 -0.000002
vn 0.000993 -0.000071 -0.000093
vn 0.000969 -0.000217 -0.000115
vn 0.000036 -0.000975 -0.000217
vn -0.000107 -0.00097 -0.000219
vn -0.000251 -0.000963 -0.000093
vn -0.00039 -0.000913 -0.000115
vn -0.000814 -0.000539 -0.000217
vn -0.000884 -0.000414 -0.000219
vn -0.000953 -0.000289 -0.000093
vn -0.000983 -0.000145 -0.000115
vn -0.000966 -0.00014 -0.000217
vn -0.000976 0.000001 -0.00022
vn -0.000935 0.000281 -0.000217
vn -0.000883 0.000414 -0.00022
vn -0.000902 0.000421 -0.000093
vn -0.000828 0.000548 -0.000115
vn -0.000831 0.000549 -0.000093
vn -0.000739 0.000664 -0.000115
vn 0.000579 0.00081 -0.000093
vn 0.000689 0.000715 -0.000115
vn 0.000691 0.000717 -0.000093
vn 0.000786 0.000607 -0.000115
vn 0.000787 0.000608 -0.000106
vn 0.000866 0.000486 -0.000118
vn 0.000852 0.000476 -0.000217
vn 0.000911 0.000348 -0.000219
vn 0.000912 0.000349 -0.000217
vn 0.000952 0.000212 -0.000219
vn 0.000945 0.000069 -0.000321
vn 0.000944 -0.00007 -0.000322
vn 0.000885 -0.000337 -0.000321
vn 0.000825 -0.000464 -0.000322
vn 0.00075 -0.000578 -0.000321
vn 0.000656 -0.000683 -0.000322
vn 0.000307 -0.000896 -0.000321
vn 0.000172 -0.000931 -0.000322
vn 0.000172 -0.000931 -0.000321
vn 0.000034 -0.000946 -0.000322
vn -0.00037 -0.000872 -0.000321
vn -0.000493 -0.000808 -0.000322
vn -0.000493 -0.000808 -0.000321
vn -0.000606 -0.000728 -0.000322
vn -0.000606 -0.000728 -0.000321
vn -0.000705 -0.000632 -0.000322
vn -0.000705 -0.000632 -0.000321
vn -0.00079 -0.000522 -0.000322
vn -0.000857 -0.000403 -0.000321
vn -0.000907 -0.000272 -0.000322
vn -0.000947 -0.000001 -0.000321
vn -0.000937 0.000138 -0.000322
vn -0.000937 0.000138 -0.000321
vn -0.000906 0.000273 -0.000322
vn -0.000706 0.000632 -0.000321
vn -0.000606 0.000728 -0.000322
vn -0.000606 0.000728 -0.000321
vn -0.000493 0.000808 -0.000322
vn -0.000493 0.000808 -0.000321
vn -0.000369 0.000872 -0.000322
vn -0.000241 0.000916 -0.000321
vn -0.000104 0.000941 -0.000322
vn -0.000104 0.000941 -0.000321
vn 0.000035 0.000946 -0.000322
vn 0.000035 0.000946 -0.000321
vn 0.000173 0.000931 -0.000322
vn 0.000305 0.000897 -0.000321
vn 0.000434 0.000841 -0.000322
vn 0.000924 0.000207 -0.000321
vn 0.000944 0.000069 -0.000322
vn 0.000644 0.000047 -0.000763
vn 0.000635 -0.000047 -0.000771
vn 0.000665 -0.000048 -0.000746
vn 0.000642 -0.000143 -0.000753
vn 0.000671 -0.000149 -0.000727
vn 0.000635 -0.000243 -0.000733
vn 0.000603 -0.000232 -0.000763
vn 0.000555 -0.000312 -0.000771
vn 0.000599 -0.000336 -0.000727
vn 0.000538 -0.000416 -0.000733
vn 0.000511 -0.000396 -0.000763
vn 0.000442 -0.000458 -0.000771
vn 0.000492 -0.000508 -0.000707
vn 0.000408 -0.00057 -0.000713
vn 0.000412 -0.000575 -0.000707
vn 0.00032 -0.000624 -0.000713
vn 0.000323 -0.000629 -0.000707
vn 0.000226 -0.000664 -0.000713
vn 0.000207 -0.000612 -0.000764
vn 0.000115 -0.000626 -0.000771
vn 0.000117 -0.000635 -0.000763
vn 0.000023 -0.000636 -0.000771
vn 0.000025 -0.000666 -0.000745
vn -0.000072 -0.000654 -0.000753
vn -0.000075 -0.000683 -0.000727
vn -0.000172 -0.000658 -0.000733
vn -0.000169 -0.000645 -0.000746
vn -0.000258 -0.000606 -0.000753
vn -0.000253 -0.000594 -0.000763
vn -0.000332 -0.000543 -0.000771
vn -0.000337 -0.000551 -0.000763
vn -0.000407 -0.000489 -0.000771
vn -0.000413 -0.000497 -0.000763
vn -0.000474 -0.000425 -0.000771
vn -0.000481 -0.000431 -0.000763
vn -0.000531 -0.000351 -0.000771
vn -0.000556 -0.000368 -0.000746
vn -0.000596 -0.000279 -0.000753
vn -0.000585 -0.000274 -0.000763
vn -0.000609 -0.000183 -0.000771
vn -0.000638 -0.000192 -0.000746
vn -0.000651 -0.000096 -0.000753
vn -0.000659 -0.000097 -0.000746
vn -0.000658 0 -0.000753
vn -0.000646 0 -0.000763
vn -0.00063 0.000093 -0.000771
vn -0.000639 0.000094 -0.000763
vn -0.000609 0.000184 -0.000771
vn -0.000638 0.000192 -0.000746
vn -0.000596 0.00028 -0.000753
vn -0.000603 0.000283 -0.000746
vn -0.000549 0.000363 -0.000753
vn -0.000556 0.000368 -0.000746
vn -0.00049 0.000439 -0.000753
vn -0.000481 0.000431 -0.000763
vn -0.000407 0.000489 -0.000771
vn -0.000413 0.000497 -0.000763
vn -0.000331 0.000543 -0.000771
vn -0.000337 0.000551 -0.000763
vn -0.000249 0.000586 -0.000771
vn -0.000269 0.000632 -0.000727
vn -0.000172 0.000658 -0.000733
vn -0.000162 0.000625 -0.000764
vn -0.000069 0.000632 -0.000771
vn -0.000071 0.000642 -0.000763
vn 0.000023 0.000636 -0.000771
vn 0.000024 0.000646 -0.000763
vn 0.000116 0.000626 -0.000771
vn 0.000124 0.000676 -0.000727
vn 0.00022 0.000643 -0.000733
vn 0.000209 0.000611 -0.000763
vn 0.000291 0.000566 -0.000771
vn 0.000313 0.000611 -0.000727
vn 0.000396 0.000553 -0.000733
vn 0.000388 0.000542 -0.000746
vn 0.000457 0.000474 -0.000753
vn 0.000462 0.00048 -0.000746
vn 0.000521 0.000402 -0.000753
vn 0.000527 0.000407 -0.000746
vn 0.000574 0.000322 -0.000753
vn 0.000581 0.000326 -0.000746
vn 0.000615 0.000235 -0.000753
vn 0.000622 0.000238 -0.000746
vn 0.000643 0.000143 -0.000753
vn 0.000631 0.00014 -0.000763
vn 0.000635 0.000046 -0.000771
vn 0.000147 0.000033 -0.000989
vn 0.000152 0.000034 -0.000988
vn 0.000141 0.000054 -0.000989
vn 0.000145 0.000055 -0.000988
vn 0.000132 0.000074 -0.000989
vn 0.000135 0.000076 -0.000988
vn 0.000119 0.000092 -0.000989
vn 0.000123 0.000095 -0.000988
vn 0.000105 0.000109 -0.000989
vn 0.000108 0.000112 -0.000988
vn 0.000088 0.000123 -0.000989
vn 0.000078 0.000108 -0.000991
vn 0.000059 0.000115 -0.000992
vn 0.000061 0.000118 -0.000991
vn 0.000042 0.000122 -0.000992
vn 0.000043 0.000126 -0.000991
vn 0.000023 0.000127 -0.000992
vn 0.000028 0.000153 -0.000988
vn 0.000005 0.000151 -0.000989
vn 0.000006 0.000155 -0.000988
vn -0.000017 0.00015 -0.000989
vn -0.000017 0.000154 -0.000988
vn -0.000038 0.000146 -0.000989
vn -0.000039 0.00015 -0.000988
vn -0.000059 0.000139 -0.000989
vn -0.000061 0.000143 -0.000988
vn -0.000079 0.000129 -0.000989
vn -0.000081 0.000133 -0.000988
vn -0.000097 0.000116 -0.000989
vn -0.000099 0.000119 -0.000988
vn -0.000112 0.000101 -0.000989
vn -0.000116 0.000104 -0.000988
vn -0.000126 0.000083 -0.000989
vn -0.000129 0.000086 -0.000988
vn -0.000137 0.000064 -0.000989
vn -0.000141 0.000066 -0.000988
vn -0.000145 0.000043 -0.000989
vn -0.000149 0.000045 -0.000988
vn -0.000149 0.000022 -0.000989
vn -0.000154 0.000023 -0.000988
vn -0.000151 -0 -0.000989
vn -0.000155 0 -0.000988
vn -0.000149 -0.000022 -0.000989
vn -0.000154 -0.000023 -0.000988
vn -0.000145 -0.000044 -0.000989
vn -0.000149 -0.000045 -0.000988
vn -0.000137 -0.000064 -0.000989
vn -0.000141 -0.000066 -0.000988
vn -0.000126 -0.000083 -0.000989
vn -0.000111 -0.000073 -0.000991
vn -0.000096 -0.000086 -0.000992
vn -0.000116 -0.000104 -0.000988
vn -0.000097 -0.000116 -0.000989
vn -0.000099 -0.000119 -0.000988
vn -0.000079 -0.000129 -0.000989
vn -0.000081 -0.000132 -0.000988
vn -0.000059 -0.000139 -0.000989
vn -0.000061 -0.000143 -0.000988
vn -0.000038 -0.000146 -0.000989
vn -0.000034 -0.000129 -0.000991
vn -0.000014 -0.000128 -0.000992
vn -0.000017 -0.000154 -0.000988
vn 0.000006 -0.000151 -0.000989
vn 0.000006 -0.000155 -0.000988
vn 0.000027 -0.000149 -0.000989
vn 0.000024 -0.000131 -0.000991
vn 0.000042 -0.000122 -0.000992
vn 0.00005 -0.000147 -0.000988
vn 0.000069 -0.000134 -0.000989
vn 0.000071 -0.000138 -0.000988
vn 0.000088 -0.000123 -0.000989
vn 0.00009 -0.000126 -0.000988
vn 0.000105 -0.000109 -0.000989
vn 0.000108 -0.000112 -0.000988
vn 0.00012 -0.000092 -0.000989
vn 0.000123 -0.000095 -0.000988
vn 0.000132 -0.000074 -0.000989
vn 0.000135 -0.000076 -0.000988
vn 0.000141 -0.000054 -0.000989
vn 0.000145 -0.000056 -0.000988
vn 0.000147 -0.000033 -0.000989
vn 0.00013 -0.000029 -0.000991
vn 0.000129 -0.000009 -0.000992
vn 0.000155 -0.000011 -0.000988
vn 0.000151 0.000011 -0.000989
vn 0.000155 0.000011 -0.000988
vn -0.000771 0.000232 -0.000594
vn -0.000204 0.000778 -0.000594
vn 0.000348 0.00049 -0.000799
vn 0.000642 -0.000496 -0.000585
vn 0.000637 -0.000492 -0.000594
vn 0.00003 -0.00081 -0.000585
vn 0.000029 -0.000801 -0.000598
vn -0.000596 -0.000536 -0.000598
vn -0.000447 -0.000399 -0.000801
vn -0.000802 0.000118 -0.000585
vn -0.000796 0.000117 -0.000594
vn -0.000317 0.000746 -0.000585
vn -0.000314 0.000738 -0.000598
vn 0.000274 0.000533 -0.000801
vn 0.000275 0.000535 -0.000799
vn 0.000707 -0.000397 -0.000585
vn 0.000702 -0.000394 -0.000594
vn 0.000145 -0.000796 -0.000587
vn 0.00011 -0.000584 -0.000804
vn -0.000518 -0.000622 -0.000587
vn -0.000514 -0.000617 -0.000596
vn -0.000811 0 -0.000585
vn -0.000801 -0 -0.000598
vn -0.000422 0.000691 -0.000587
vn -0.000419 0.000686 -0.000596
vn 0.000193 0.000567 -0.000801
vn 0.000191 0.00056 -0.000806
vn 0.00058 -0.000128 -0.000804
vn 0.00079 -0.000178 -0.000587
vn 0.000367 -0.000714 -0.000596
vn 0.000372 -0.000723 -0.000582
vn -0.000314 -0.000739 -0.000596
vn -0.000318 -0.000748 -0.000582
vn -0.000769 -0.000232 -0.000596
vn -0.000779 -0.000234 -0.000582
vn -0.000597 0.000535 -0.000598
vn -0.000606 0.000543 -0.000581
vn 0.000029 0.000803 -0.000596
vn 0.00003 0.000813 -0.000582
vn 0.000636 0.000491 -0.000596
vn 0.000644 0.000497 -0.000582
vn 0.00075 0.000287 -0.000596
vn 0.000756 0.000289 -0.000587
vn 0.0008 -0.000057 -0.000598
vn 0.000606 -0.000046 -0.000794
vn 0.000749 -0.000286 -0.000598
vn 0.000757 -0.00029 -0.000585
vn 0.000559 -0.000579 -0.000594
vn 0.000563 -0.000584 -0.000585
vn 0.000473 -0.000661 -0.000582
vn 0.000468 -0.000654 -0.000594
vn 0.000195 -0.000576 -0.000794
vn 0.000261 -0.00076 -0.000596
vn -0.000067 -0.000595 -0.000801
vn -0.000086 -0.0008 -0.000594
vn -0.000207 -0.000786 -0.000582
vn -0.00015 -0.000582 -0.000799
vn -0.000418 -0.000686 -0.000596
vn -0.000424 -0.000694 -0.000582
vn -0.0005 -0.000333 -0.000799
vn -0.000677 -0.000446 -0.000585
vn -0.000736 -0.000345 -0.000582
vn -0.000729 -0.000342 -0.000594
vn -0.000795 -0.000117 -0.000596
vn -0.000801 -0.000118 -0.000587
vn -0.000777 0.000234 -0.000585
vn -0.000729 0.000341 -0.000594
vn -0.000736 0.000345 -0.000582
vn -0.000675 0.000447 -0.000587
vn -0.00067 0.000443 -0.000596
vn -0.000515 0.000619 -0.000592
vn -0.00052 0.000625 -0.000582
vn -0.000206 0.000787 -0.000582
vn -0.000089 0.000808 -0.000582
vn -0.000088 0.000798 -0.000596
vn 0.00011 0.000587 -0.000802
vn 0.000144 0.00079 -0.000596
vn 0.000474 0.00066 -0.000582
vn 0.000564 0.000585 -0.000582
vn 0.000557 0.000578 -0.000596
vn 0.000709 0.000398 -0.000582
vn 0.0007 0.000393 -0.000596
vn 0.000782 0.000174 -0.000598
vn 0.000792 0.000176 -0.000585
vn 0.000802 0.000059 -0.000594
vn 0.000807 0.000059 -0.000587
vn 0.000997 0.000073 0
vn 0.000997 0.000073 0
vn 0.000997 -0.000074 0
vn 0.000997 -0.000073 -0
vn 0.000976 -0.000217 -0
vn 0.000976 -0.000218 0
vn 0.000934 -0.000357 0
vn 0.000934 -0.000357 0
vn 0.000872 -0.000489 0
vn 0.000872 -0.00049 0
vn 0.000792 -0.000611 0
vn 0.000792 -0.000611 0
vn 0.000694 -0.00072 0
vn 0.000694 -0.00072 0
vn 0.000582 -0.000813 0
vn 0.000582 -0.000813 0
vn 0.000457 -0.000889 0
vn 0.000457 -0.000889 0
vn 0.000322 -0.000947 0
vn 0.000323 -0.000946 -0
vn 0.000182 -0.000983 -0
vn 0.000182 -0.000983 0
vn 0.000037 -0.000999 0
vn 0.000037 -0.000999 0
vn -0.00011 -0.000994 0
vn -0.000109 -0.000994 -0
vn -0.000252 -0.000968 -0
vn -0.000253 -0.000967 0
vn -0.000391 -0.00092 0
vn -0.000391 -0.00092 0
vn -0.000521 -0.000854 0
vn -0.000521 -0.000854 0
vn -0.00064 -0.000769 0
vn -0.00064 -0.000769 0
vn -0.000745 -0.000667 0
vn -0.000745 -0.000667 -0
vn -0.000833 -0.000553 -0
vn -0.000834 -0.000552 0
vn -0.000905 -0.000424 0
vn -0.000905 -0.000424 0
vn -0.000958 -0.000288 0
vn -0.000958 -0.000288 0
vn -0.000989 -0.000146 0
vn -0.000989 -0.000145 0
vn -0.001 -0 0
vn -0.001 -0 0
vn -0.000989 0.000146 0
vn -0.000989 0.000145 0
vn -0.000958 0.000288 0
vn -0.000958 0.000288 0
vn -0.000905 0.000424 0
vn -0.000905 0.000424 0
vn -0.000834 0.000552 0
vn -0.000834 0.000552 0
vn -0.000745 0.000667 0
vn -0.000745 0.000667 0
vn -0.00064 0.000769 0
vn -0.00064 0.000769 0
vn -0.000521 0.000854 0
vn -0.000521 0.000854 0
vn -0.000391 0.00092 0
vn -0.000391 0.00092 0
vn -0.000253 0.000967 0
vn -0.000253 0.000967 0
vn -0.000109 0.000994 0
vn -0.000109 0.000994 0
vn 0.000037 0.000999 0
vn 0.000037 0.000999 0
vn 0.000183 0.000983 0
vn 0.000182 0.000983 -0
vn 0.000323 0.000947 -0.000001
vn 0.000323 0.000946 -0
vn 0.000457 0.000889 -0
vn 0.000457 0.000889 -0
vn 0.000581 0.000814 -0
vn 0.000582 0.000813 0
vn 0.000694 0.00072 0
vn 0.000694 0.00072 0
vn 0.000792 0.000611 0
vn 0.000792 0.000611 0
vn 0.000872 0.00049 0
vn 0.000872 0.000489 0
vn 0.000934 0.000357 0
vn 0.000934 0.000357 0
vn 0.000976 0.000218 0
vn 0.000976 0.000218 0
vn 0.000744 -0.000055 0.000666
vn 0.000741 -0.000054 0.000669
vn 0.000729 -0.000163 0.000664
vn 0.000725 -0.000162 0.000669
vn 0.000698 -0.000267 0.000664
vn 0.000694 -0.000266 0.00067
vn 0.000652 -0.000366 0.000664
vn 0.000643 -0.000361 0.000675
vn 0.00059 -0.000456 0.000666
vn 0.000585 -0.000452 0.000673
vn 0.000522 -0.000541 0.00066
vn 0.000513 -0.000533 0.000673
vn 0.000437 -0.000611 0.00066
vn 0.000432 -0.000604 0.00067
vn 0.000342 -0.000665 0.000664
vn 0.000339 -0.000661 0.000669
vn 0.000241 -0.000707 0.000664
vn 0.000238 -0.000698 0.000675
vn 0.000135 -0.000733 0.000666
vn 0.000134 -0.000727 0.000673
vn 0.000028 -0.000751 0.00066
vn 0.000027 -0.000739 0.000673
vn -0.000082 -0.000747 0.00066
vn -0.000081 -0.000735 0.000673
vn -0.00019 -0.000727 0.00066
vn -0.000188 -0.000719 0.000669
vn -0.000292 -0.000688 0.000664
vn -0.000291 -0.000684 0.00067
vn -0.000389 -0.000638 0.000665
vn -0.000387 -0.000634 0.00067
vn -0.000478 -0.000574 0.000665
vn -0.000472 -0.000567 0.000675
vn -0.000555 -0.000498 0.000666
vn -0.000551 -0.000494 0.000673
vn -0.000627 -0.000415 0.00066
vn -0.000617 -0.000408 0.000673
vn -0.00068 -0.000319 0.00066
vn -0.000673 -0.000315 0.00067
vn -0.000716 -0.000215 0.000664
vn -0.000707 -0.000212 0.000675
vn -0.000738 -0.000109 0.000666
vn -0.000732 -0.000108 0.000673
vn -0.000751 -0 0.00066
vn -0.00074 0 0.000673
vn -0.000743 0.000109 0.00066
vn -0.000732 0.000108 0.000673
vn -0.00072 0.000216 0.00066
vn -0.000708 0.000213 0.000673
vn -0.00068 0.000319 0.00066
vn -0.000672 0.000315 0.00067
vn -0.000623 0.000412 0.000664
vn -0.000619 0.00041 0.00067
vn -0.000557 0.000499 0.000664
vn -0.000553 0.000496 0.00067
vn -0.000478 0.000574 0.000664
vn -0.000475 0.000571 0.000669
vn -0.000389 0.000638 0.000664
vn -0.000384 0.00063 0.000675
vn -0.000292 0.000686 0.000666
vn -0.000289 0.000681 0.000673
vn -0.00019 0.000727 0.00066
vn -0.000188 0.000719 0.00067
vn -0.000082 0.000743 0.000665
vn -0.000081 0.000738 0.000669
vn 0.000027 0.000747 0.000664
vn 0.000027 0.000742 0.00067
vn 0.000136 0.000735 0.000665
vn 0.000134 0.000726 0.000675
vn 0.000241 0.000706 0.000666
vn 0.000239 0.0007 0.000673
vn 0.000344 0.000668 0.00066
vn 0.000338 0.000658 0.000673
vn 0.000437 0.000611 0.00066
vn 0.000432 0.000604 0.00067
vn 0.000519 0.000538 0.000665
vn 0.000516 0.000535 0.00067
vn 0.000591 0.000457 0.000665
vn 0.000584 0.000451 0.000675
vn 0.00065 0.000365 0.000666
vn 0.000649 0.000364 0.000669
vn 0.000702 0.000269 0.000659
vn 0.000689 0.000263 0.000675
vn 0.000728 0.000162 0.000666
vn 0.000722 0.000161 0.000673
vn 0.000749 0.000055 0.00066
vn 0.000736 0.000054 0.000675
vn 0.000158 -0.000012 0.000987
vn 0.000155 -0.000034 0.000987
vn 0.000125 -0.000097 0.000987
vn 0.000092 -0.000129 0.000987
vn 0.000072 -0.000141 0.000987
vn -0.000062 -0.000146 0.000987
vn -0.000083 -0.000135 0.000987
vn -0.000152 -0.000046 0.000987
vn -0.000157 -0.000023 0.000987
vn -0.000132 0.000087 0.000987
vn -0.000101 0.000122 0.000987
vn -0.000083 0.000135 0.000987
vn -0.000062 0.000146 0.000987
vn -0.000017 0.000158 0.000987
vn 0.000006 0.000158 0.000987
vn 0.000073 0.000141 0.000987
vn 0.00011 0.000114 0.000987
vn 0.000125 0.000097 0.000987
vn 0.000155 0.000034 0.000987
vn -0.000982 -0.000145 -0.000121
vn -0.00058 -0.00052 0.000627
vn -0.000493 -0.000593 0.000636
vn -0.000018 -0.000162 0.000987
vn -0.000017 -0.000158 0.000987
vn -0.000981 -0.000144 -0.000132
vn -0.000949 -0.000286 -0.00013
vn -0.000498 -0.000599 0.000627
vn -0.000402 -0.000659 0.000636
vn 0.000006 -0.000163 0.000987
vn 0.000006 -0.000158 0.000987
vn -0.000634 0.000762 -0.000132
vn -0.000738 0.000662 -0.00013
vn -0.000771 0.000113 0.000627
vn -0.000772 -0 0.000636
vn -0.000136 -0.00009 0.000987
vn -0.000132 -0.000087 0.000987
vn 0.00018 0.000975 -0.000132
vn 0.000036 0.000991 -0.00013
vn -0.000406 0.000665 0.000627
vn -0.000494 0.000593 0.000636
vn -0.000156 0.000047 0.000987
vn -0.000152 0.000046 0.000987
vn 0.000967 -0.000215 -0.000132
vn 0.000989 -0.000072 -0.00013
vn 0.000679 0.000381 0.000627
vn 0.000611 0.000472 0.000636
vn 0.000053 0.000154 0.000987
vn 0.000051 0.00015 0.000987
vn 0.000453 -0.000881 -0.000132
vn 0.000578 -0.000805 -0.00013
vn 0.000727 -0.000278 0.000627
vn 0.000753 -0.000168 0.000636
vn 0.000152 0.000058 0.000987
vn 0.000148 0.000057 0.000987
vn -0.000388 -0.000912 -0.000132
vn -0.000251 -0.000959 -0.00013
vn 0.000251 -0.000737 0.000627
vn 0.000353 -0.000686 0.000636
vn 0.000142 -0.00008 0.000987
vn 0.000138 -0.000078 0.000987
vn -0.000949 -0.000286 -0.000132
vn -0.000898 -0.000421 -0.00013
vn -0.000406 -0.000665 0.000627
vn -0.000302 -0.00071 0.000636
vn 0.00003 -0.00016 0.000987
vn 0.000029 -0.000156 0.000987
vn -0.000738 0.000661 -0.000132
vn -0.000827 0.000547 -0.00013
vn -0.000779 -0 0.000627
vn -0.000763 -0.000113 0.000636
vn -0.000121 -0.000109 0.000987
vn -0.000118 -0.000106 0.000987
vn 0.000036 0.000991 -0.000132
vn -0.000108 0.000986 -0.00013
vn -0.000498 0.000599 0.000627
vn -0.000575 0.000515 0.000636
vn -0.000161 0.000024 0.000987
vn -0.000157 0.000023 0.000987
vn 0.000989 -0.000072 -0.000131
vn 0.00099 0.000072 -0.000121
vn 0.000587 0.000455 0.000669
vn 0.000509 0.000528 0.000679
vn 0.00003 0.00016 0.000987
vn 0.000029 0.000156 0.000987
vn 0.00076 -0.000169 0.000627
vn 0.00077 -0.000056 0.000636
vn 0.000142 0.00008 0.000987
vn 0.000138 0.000078 0.000987
vn -0.000251 -0.000958 -0.000139
vn -0.000109 -0.000986 -0.000124
vn 0.000356 -0.000693 0.000627
vn 0.000449 -0.000628 0.000636
vn 0.000152 -0.000058 0.000987
vn 0.000148 -0.000057 0.000987
vn -0.000897 -0.00042 -0.000139
vn -0.000828 -0.000547 -0.000124
vn -0.000305 -0.000717 0.000627
vn -0.000195 -0.000747 0.000636
vn 0.000053 -0.000154 0.000987
vn 0.000051 -0.00015 0.000987
vn -0.000827 0.000547 -0.000132
vn -0.000898 0.000421 -0.00013
vn -0.000771 -0.000113 0.000627
vn -0.000739 -0.000223 0.000636
vn -0.000104 -0.000125 0.000987
vn -0.000101 -0.000122 0.000987
vn -0.000108 0.000985 -0.000132
vn -0.000251 0.000959 -0.00013
vn -0.00058 0.00052 0.000627
vn -0.000644 0.000426 0.000636
vn -0.000163 -0 0.000987
vn -0.000159 0 0.000987
vn -0.000018 0.000162 0.000987
vn 0.000353 0.000686 0.000636
vn 0.000453 0.000633 0.000627
vn 0.000927 0.000355 -0.000124
vn 0.000967 0.000215 -0.000139
vn 0.000113 0.000117 0.000987
vn 0.000753 0.000168 0.000636
vn 0.000777 0.000057 0.000627
vn 0.000866 -0.000486 -0.000121
vn 0.000785 -0.000606 -0.00013
vn 0.000162 -0.000012 0.000987
vn 0.000611 -0.000471 0.000636
vn 0.00054 -0.000561 0.000627
vn 0.00018 -0.000976 -0.000124
vn 0.000036 -0.00099 -0.000139
vn 0.000095 -0.000132 0.000987
vn 0.000028 -0.000771 0.000636
vn -0.000085 -0.000774 0.000627
vn -0.000635 -0.000763 -0.000121
vn -0.000738 -0.000661 -0.000131
vn -0.000064 -0.00015 0.000987
vn -0.000643 -0.000426 0.000636
vn -0.000705 -0.000331 0.000627
vn -0.000982 0.000145 -0.000121
vn -0.000949 0.000286 -0.000131
vn -0.000156 -0.000047 0.000987
vn -0.000739 0.000222 0.000636
vn -0.000705 0.000331 0.000627
vn -0.000517 0.000847 -0.000124
vn -0.000387 0.000912 -0.000139
vn -0.000136 0.00009 0.000987
vn -0.000302 0.00071 0.000636
vn -0.000197 0.000754 0.000627
vn 0.00032 0.000939 -0.000124
vn 0.000453 0.000881 -0.000139
vn -0.000104 0.000125 0.000987
vn -0.000085 0.000767 0.000636
vn 0.000028 0.000778 0.000627
vn 0.000577 0.000806 -0.00013
vn 0.000689 0.000712 -0.000132
vn 0.000925 0.000354 -0.000139
vn 0.000865 0.000486 -0.000124
vn 0.000782 0.000602 0.000162
vn 0.000684 0.000711 0.000164
vn 0.000356 0.000693 0.000627
vn 0.000249 0.00073 0.000636
vn -0.000041 0.000158 0.000987
vn -0.00004 0.000153 0.000987
vn 0.000006 0.000163 0.000987
vn 0.000449 0.000628 0.000636
vn 0.000541 0.00056 0.000627
vn 0.000969 0.000216 -0.000124
vn 0.000988 0.000072 -0.000139
vn 0.000074 0.000145 0.000987
vn 0.000673 0.000378 0.000636
vn 0.000727 0.000278 0.000627
vn 0.000968 -0.000216 -0.00013
vn 0.000926 -0.000354 -0.000132
vn 0.000864 -0.000485 -0.000132
vn 0.000926 -0.000354 -0.00013
vn 0.00076 0.000169 0.000627
vn 0.000721 0.000276 0.000636
vn 0.000095 0.000133 0.000987
vn 0.000092 0.000129 0.000987
vn 0.000129 0.0001 0.000987
vn 0.00077 0.000057 0.000636
vn 0.000777 -0.000057 0.000627
vn 0.000785 -0.000606 -0.000124
vn 0.000686 -0.000714 -0.000139
vn 0.000159 0.000035 0.000987
vn 0.000721 -0.000275 0.000636
vn 0.000679 -0.000381 0.000627
vn 0.000692 -0.000716 0.000088
vn 0.000579 -0.000812 0.000064
vn 0.000453 -0.000882 -0.00013
vn 0.00032 -0.000938 -0.000133
vn 0.00018 -0.000975 -0.000131
vn 0.000321 -0.000939 -0.000121
vn 0.000616 -0.000476 0.000627
vn 0.000673 -0.000377 0.000636
vn 0.000162 0.000012 0.000987
vn 0.000158 0.000012 0.000987
vn 0.000159 -0.000035 0.000987
vn 0.00051 -0.000528 0.000679
vn 0.000433 -0.000604 0.000669
vn 0.000036 -0.000992 -0.000124
vn -0.000109 -0.000984 -0.000139
vn 0.000129 -0.000099 0.000987
vn 0.000249 -0.00073 0.000636
vn 0.000141 -0.000766 0.000627
vn -0.000388 -0.000913 -0.00013
vn -0.000516 -0.000846 -0.000132
vn -0.000634 -0.000762 -0.000133
vn -0.000516 -0.000846 -0.00013
vn 0.000028 -0.000778 0.000627
vn 0.00014 -0.000759 0.000636
vn 0.000113 -0.000117 0.000987
vn 0.00011 -0.000114 0.000987
vn 0.000075 -0.000145 0.000987
vn -0.000084 -0.000767 0.000636
vn -0.000197 -0.000753 0.000627
vn -0.000739 -0.000662 -0.000124
vn -0.000826 -0.000546 -0.000139
vn -0.000991 -0 -0.000131
vn -0.00098 0.000145 -0.000138
vn -0.000991 -0 -0.000131
vn -0.000649 -0.00043 0.000627
vn -0.000575 -0.000515 0.000636
vn -0.000041 -0.000158 0.000987
vn -0.00004 -0.000153 0.000987
vn -0.000085 -0.000139 0.000987
vn -0.000699 -0.000328 0.000636
vn -0.000746 -0.000224 0.000627
vn -0.00095 0.000286 -0.000124
vn -0.000897 0.000421 -0.000139
vn -0.000516 0.000846 -0.000131
vn -0.000635 0.000763 -0.000121
vn -0.000746 0.000224 0.000627
vn -0.000764 0.000112 0.000636
vn -0.000147 -0.000069 0.000987
vn -0.000144 -0.000067 0.000987
vn -0.000161 -0.000024 0.000987
vn -0.000699 0.000327 0.000636
vn -0.00065 0.00043 0.000627
vn -0.000388 0.000913 -0.000124
vn -0.00025 0.000958 -0.000139
vn 0.00032 0.000938 -0.00013
vn 0.00018 0.000976 -0.000121
vn -0.000305 0.000717 0.000627
vn -0.000402 0.000659 0.000636
vn -0.000147 0.000069 0.000987
vn -0.000144 0.000067 0.000987
vn 0.000721 0.000555 -0.000415
vn 0.000632 0.000657 -0.000412
vn 0.000576 0.000805 -0.000139
vn 0.000454 0.000883 -0.000124
vn -0.000085 0.000774 0.000627
vn -0.000195 0.000747 0.000636
vn -0.000121 0.000109 0.000987
vn -0.000118 0.000106 0.000987
vn -0.000085 0.000139 0.000987
vn 0.000028 0.000771 0.000636
vn 0.000141 0.000766 0.000627
vn -0.000064 0.00015 0.000987
vn 0.00014 0.000759 0.000636
vn 0.000251 0.000737 0.000627
vn 0.000785 0.000608 -0.000121
vn 0.000865 0.000485 -0.00013
vn 0.000664 0.000049 -0.000746
vn 0.000665 0.000049 -0.000745
vn 0.00067 -0.000049 -0.000741
vn 0.000658 -0.000048 -0.000751
vn 0.000645 -0.000144 -0.000751
vn 0.000644 -0.000143 -0.000751
vn 0.000617 -0.000236 -0.000751
vn 0.000619 -0.000237 -0.000748
vn 0.000581 -0.000325 -0.000746
vn 0.000577 -0.000324 -0.00075
vn 0.000529 -0.000409 -0.000744
vn 0.00052 -0.000401 -0.000754
vn 0.000462 -0.000479 -0.000747
vn 0.000466 -0.000483 -0.000741
vn 0.000396 -0.000555 -0.000731
vn 0.000384 -0.000536 -0.000751
vn 0.000302 -0.000587 -0.000751
vn 0.000302 -0.000587 -0.000751
vn 0.000213 -0.000625 -0.000751
vn 0.000215 -0.000631 -0.000745
vn 0.000122 -0.00066 -0.000741
vn 0.00012 -0.000646 -0.000754
vn 0.000024 -0.000665 -0.000746
vn 0.000024 -0.000657 -0.000754
vn -0.000073 -0.000661 -0.000746
vn -0.000072 -0.000653 -0.000754
vn -0.000168 -0.000644 -0.000746
vn -0.000167 -0.000638 -0.000752
vn -0.000258 -0.000608 -0.000751
vn -0.000258 -0.000607 -0.000751
vn -0.000344 -0.000564 -0.000751
vn -0.000346 -0.000566 -0.000748
vn -0.000426 -0.000512 -0.000746
vn -0.000423 -0.000509 -0.00075
vn -0.000498 -0.000446 -0.000744
vn -0.000489 -0.000439 -0.000754
vn -0.000555 -0.000367 -0.000746
vn -0.000543 -0.00036 -0.000759
vn -0.000596 -0.000279 -0.000752
vn -0.000597 -0.00028 -0.000752
vn -0.000632 -0.00019 -0.000751
vn -0.000632 -0.00019 -0.000751
vn -0.000653 -0.000096 -0.000751
vn -0.000656 -0.000097 -0.000748
vn -0.000666 0 -0.000746
vn -0.000657 -0 -0.000754
vn -0.000652 0.000096 -0.000752
vn -0.00066 0.000097 -0.000745
vn -0.000643 0.000194 -0.000741
vn -0.000629 0.000189 -0.000754
vn -0.000602 0.000283 -0.000746
vn -0.000597 0.00028 -0.000752
vn -0.000551 0.000364 -0.000751
vn -0.00055 0.000364 -0.000751
vn -0.000492 0.000441 -0.000751
vn -0.000494 0.000443 -0.000748
vn -0.000426 0.000511 -0.000746
vn -0.000424 0.000509 -0.00075
vn -0.000348 0.000571 -0.000744
vn -0.000342 0.000561 -0.000754
vn -0.00026 0.000613 -0.000746
vn -0.000255 0.000599 -0.000759
vn -0.000166 0.000637 -0.000752
vn -0.000167 0.000638 -0.000751
vn -0.000072 0.000656 -0.000751
vn -0.000072 0.000656 -0.000752
vn 0.000024 0.00066 -0.000751
vn 0.000024 0.000663 -0.000748
vn 0.000121 0.000655 -0.000746
vn 0.00012 0.000651 -0.00075
vn 0.000216 0.000633 -0.000744
vn 0.000212 0.000622 -0.000754
vn 0.000304 0.000592 -0.000746
vn 0.0003 0.000584 -0.000754
vn 0.000387 0.000541 -0.000746
vn 0.000384 0.000537 -0.000751
vn 0.000459 0.000475 -0.000751
vn 0.000454 0.00047 -0.000757
vn 0.000519 0.000402 -0.000754
vn 0.000524 0.000405 -0.00075
vn 0.000583 0.000327 -0.000744
vn 0.000573 0.000322 -0.000754
vn 0.000622 0.000238 -0.000746
vn 0.000614 0.000235 -0.000754
vn 0.00065 0.000145 -0.000746
vn 0.000641 0.000143 -0.000754
vn 0.000992 -0.000073 -0.000105
vn 0.000993 -0.000073 -0.000093
vn 0.000929 -0.000355 -0.0001
vn 0.000931 -0.000356 -0.000085
vn 0.000787 -0.000607 -0.000107
vn 0.000788 -0.000608 -0.000096
vn 0.000691 -0.000716 -0.000097
vn 0.000692 -0.000717 -0.000082
vn 0.000579 -0.000809 -0.0001
vn 0.00058 -0.00081 -0.000084
vn 0.000321 -0.000942 -0.0001
vn 0.000322 -0.000943 -0.000085
vn 0.000037 -0.000994 -0.000107
vn 0.000036 -0.000995 -0.000096
vn -0.000109 -0.000989 -0.000097
vn -0.000109 -0.000991 -0.000082
vn -0.000251 -0.000963 -0.0001
vn -0.000252 -0.000964 -0.000084
vn -0.000518 -0.000849 -0.0001
vn -0.000519 -0.00085 -0.000085
vn -0.00074 -0.000664 -0.000107
vn -0.000741 -0.000664 -0.000096
vn -0.000812 -0.000535 -0.000232
vn -0.00083 -0.00055 -0.000097
vn -0.000877 -0.000413 -0.000246
vn -0.000903 -0.000422 -0.000085
vn -0.000984 -0.000145 -0.0001
vn -0.000985 -0.000145 -0.000093
vn -0.000984 0.000145 -0.0001
vn -0.000985 0.000145 -0.000095
vn -0.000954 0.000287 -0.000089
vn -0.000954 0.000287 -0.000082
vn -0.000901 0.000422 -0.0001
vn -0.000902 0.000423 -0.000084
vn -0.000741 0.000664 -0.0001
vn -0.000742 0.000665 -0.000085
vn -0.000518 0.000849 -0.000107
vn -0.000519 0.00085 -0.000096
vn -0.000379 0.000896 -0.000232
vn -0.00039 0.000916 -0.000097
vn -0.000247 0.000937 -0.000246
vn -0.000251 0.000964 -0.000084
vn 0.000036 0.000994 -0.0001
vn 0.000037 0.000996 -0.000085
vn 0.000321 0.000941 -0.000107
vn 0.000321 0.000942 -0.000096
vn 0.000455 0.000885 -0.000097
vn 0.000456 0.000886 -0.000082
vn 0.000579 0.000809 -0.0001
vn 0.00058 0.00081 -0.000084
vn 0.000788 0.000608 -0.000099
vn 0.000789 0.000609 -0.000086
vn 0.000929 0.000355 -0.000107
vn 0.000931 0.000356 -0.000086
vn -0.000001 0 -0.001
vn -0.000001 0 -0.001
vn 0.000972 -0.000217 -0.000093
vn 0.000971 -0.000216 -0.0001
vn -0.000001 0 -0.001
vn -0.000001 0 -0.001
vn 0.000869 -0.000488 -0.000086
vn 0.000868 -0.000487 -0.000099
vn -0.000001 0.000001 -0.001
vn -0 0.000001 -0.001
vn 0.000455 -0.000886 -0.000093
vn 0.000455 -0.000884 -0.000106
vn -0 0.000001 -0.001
vn -0 0.000001 -0.001
vn 0.000181 -0.00098 -0.000086
vn 0.000181 -0.000979 -0.000099
vn -0 0.000001 -0.001
vn 0 0.000001 -0.001
vn -0.00039 -0.000916 -0.000093
vn -0.000389 -0.000915 -0.000106
vn 0 0.000001 -0.001
vn 0 0.000001 -0.001
vn -0.000637 -0.000766 -0.000086
vn -0.000636 -0.000765 -0.000099
vn 0.000001 0.000001 -0.001
vn 0.000001 0 -0.001
vn -0.000954 -0.000287 -0.000093
vn -0.000952 -0.000287 -0.000106
vn 0.000001 0 -0.001
vn 0.000001 -0 -0.001
vn -0.000996 0 -0.000093
vn -0.000995 -0 -0.0001
vn 0.000001 -0 -0.001
vn 0.000001 -0.000001 -0.001
vn -0.00083 0.00055 -0.000093
vn -0.000829 0.000549 -0.000106
vn 0.000001 -0 -0.001
vn 0 -0.000001 -0.001
vn -0.000637 0.000766 -0.000086
vn -0.000637 0.000765 -0.000099
vn 0.000001 -0.000001 -0.001
vn 0 -0.000001 -0.001
vn -0.000109 0.00099 -0.000093
vn -0.000109 0.000988 -0.000106
vn -0 -0.000001 -0.001
vn -0 -0.000001 -0.001
vn 0.000181 0.00098 -0.000086
vn 0.000181 0.000979 -0.000099
vn -0 -0.000001 -0.001
vn -0.000001 -0.000001 -0.001
vn 0.000692 0.000717 -0.000085
vn 0.00069 0.000716 -0.000106
vn -0.000001 -0 -0.001
vn -0.000001 -0 -0.001
vn 0.000869 0.000487 -0.000086
vn 0.000867 0.000487 -0.000107
vn -0.000001 -0 -0.001
vn 0.00097 0.000216 -0.000107
vn 0.000972 0.000217 -0.000096
vn -0.000001 -0 -0.001
vn 0.000993 0.000073 -0.000097
vn 0.000994 0.000073 -0.000076
vn 0.00098 -0.000086 0.000181
vn 0.000966 -0.000218 -0.00014
vn 0.000948 -0.000254 0.000194
vn 0.00091 -0.00038 -0.000165
vn 0.000885 -0.000412 0.000218
vn 0.000827 -0.000521 -0.000213
vn 0.000797 -0.000558 0.000231
vn 0.000725 -0.000651 -0.000225
vn 0.000686 -0.000686 0.000242
vn 0.000603 -0.000762 -0.000236
vn 0.000555 -0.000793 0.000251
vn 0.000464 -0.000851 -0.000244
vn 0.000408 -0.000875 0.000259
vn 0.000313 -0.000916 -0.000252
vn 0.00025 -0.000931 0.000266
vn 0.00016 -0.00096 -0.00023
vn 0.000084 -0.000964 0.000254
vn -0.000015 -0.000974 -0.000224
vn -0.000084 -0.000958 0.000274
vn -0.000173 -0.000949 -0.000264
vn -0.000249 -0.000929 0.000275
vn -0.000328 -0.000916 -0.000232
vn -0.000408 -0.000876 0.000258
vn -0.000488 -0.000842 -0.000232
vn -0.000552 -0.000788 0.000274
vn -0.000614 -0.000745 -0.000262
vn -0.00068 -0.000681 0.000272
vn -0.000732 -0.000631 -0.000258
vn -0.000789 -0.000553 0.000267
vn -0.000829 -0.000499 -0.000253
vn -0.000875 -0.000408 0.000261
vn -0.000903 -0.000352 -0.000246
vn -0.000934 -0.00025 0.000254
vn -0.000951 -0.000195 -0.000238
vn -0.000966 -0.000084 0.000245
vn -0.000973 -0.000031 -0.000228
vn -0.000968 0.000085 0.000234
vn -0.000974 0.000131 -0.000183
vn -0.000944 0.000253 0.00021
vn -0.000941 0.000299 -0.000158
vn -0.000888 0.000414 0.000198
vn -0.000872 0.000456 -0.000176
vn -0.000804 0.000563 0.000193
vn -0.000794 0.000594 -0.000128
vn -0.000696 0.000696 0.000175
vn -0.000679 0.000725 -0.000112
vn -0.000567 0.000809 0.000156
vn -0.000549 0.000831 -0.000093
vn -0.00042 0.0009 -0.000116
vn -0.000395 0.000901 0.000178
vn -0.000087 0.000995 -0.000052
vn -0.000074 0.000992 0.000107
vn -0.000258 0.000963 -0.000083
vn -0.000239 0.000961 0.000139
vn 0.000095 0.000993 0.000076
vn 0.000087 0.000996 -0.000023
vn 0.000259 0.000965 0.000043
vn 0.000262 0.000965 0.000008
vn 0.000422 0.000906 0.000035
vn 0.000421 0.000907 0.000018
vn 0.000573 0.000818 0.00006
vn 0.000568 0.000823 -0.000012
vn 0.000704 0.000704 0.000093
vn 0.000698 0.000716 -0.000037
vn 0.000814 0.00057 0.000114
vn 0.000809 0.000586 -0.000047
vn 0.000898 0.000419 0.000133
vn 0.000895 0.00044 -0.000069
vn 0.000955 0.000256 0.00015
vn 0.000955 0.000282 -0.000089
vn 0.000991 -0.000052 -0.000125
vn 0.000982 0.000086 0.000166
vn 0.000987 0.000117 -0.000107
vn -0.000596 -0.000066 0.0008
vn -0.000603 0.000032 0.000797
vn -0.000568 0.000029 0.000822
vn -0.000599 0.000136 0.000789
vn -0.000558 0.000125 0.00082
vn -0.000572 0.000237 0.000785
vn -0.000535 0.00022 0.000815
vn -0.000527 0.000332 0.000782
vn -0.000497 0.000312 0.000809
vn -0.000465 0.000418 0.00078
vn -0.00044 0.000394 0.000807
vn -0.000521 0.000662 0.000539
vn -0.000371 0.000463 0.000805
vn -0.000147 0.00019 0.000971
vn -0.000404 0.00074 0.000538
vn -0.0004 0.000733 0.000549
vn -0.000115 0.000211 0.000971
vn -0.000111 0.000204 0.000973
vn 0.000225 -0.000411 0.000883
vn -0.000273 0.000798 0.000537
vn -0.000271 0.000792 0.000548
vn -0.000078 0.000228 0.000971
vn -0.000075 0.000219 0.000973
vn 0.000152 -0.000444 0.000883
vn 0.000158 -0.00046 0.000874
vn -0.000134 0.000834 0.000536
vn -0.000133 0.000827 0.000547
vn -0.000038 0.000237 0.000971
vn -0.000037 0.000229 0.000973
vn 0.000085 -0.000522 0.000848
vn 0.000079 -0.00048 0.000874
vn 0.000009 0.000844 0.000536
vn 0.000008 0.000838 0.000545
vn 0.000002 0.000241 0.00097
vn 0.000002 0.000232 0.000973
vn -0.000004 -0.000469 0.000883
vn -0.000007 -0.000549 0.000836
vn 0.000152 0.000832 0.000533
vn 0.000149 0.000822 0.00055
vn 0.000043 0.000237 0.000971
vn 0.000041 0.000228 0.000973
vn -0.000083 -0.000461 0.000883
vn -0.000087 -0.000479 0.000874
vn 0.000339 0.000919 -0.000203
vn 0.000289 0.000793 0.000537
vn 0.000286 0.000785 0.000549
vn 0.000082 0.000226 0.000971
vn 0.000079 0.000218 0.000973
vn -0.000181 -0.000498 0.000848
vn -0.000165 -0.000458 0.000874
vn 0.000902 -0.000286 0.000323
vn 0.000802 -0.000255 0.00054
vn 0.000742 -0.000383 0.00055
vn 0.000072 -0.000164 0.000984
vn 0.000043 -0.00017 0.000984
vn 0.000394 0.000573 0.000718
vn 0.000498 0.000506 0.000705
vn 0.000668 -0.000504 0.000547
vn 0.000573 -0.00061 0.000547
vn 0.000013 -0.000179 0.000984
vn -0.000016 -0.000175 0.000984
vn 0.000461 -0.000698 0.000548
vn 0.000336 -0.000762 0.000553
vn -0.000047 -0.000173 0.000984
vn -0.000071 -0.000161 0.000984
vn 0.00043 0.000312 0.000847
vn 0.000486 0.000239 0.000841
vn 0.000203 -0.000814 0.000544
vn 0.000062 -0.000831 0.000553
vn -0.000136 -0.000191 0.000972
vn -0.00016 -0.000166 0.000973
vn 0.000513 0.000152 0.000845
vn 0.000541 0.000064 0.000839
vn 0.000802 -0.000505 0.000319
vn 0.000707 -0.000635 0.000311
vn -0.00008 -0.000838 0.00054
vn -0.000218 -0.000805 0.000552
vn -0.000244 -0.000177 0.000953
vn -0.000256 -0.000126 0.000958
vn 0.00046 -0.000023 0.000888
vn 0.000461 -0.000104 0.000881
vn 0.000588 -0.000744 0.000318
vn 0.000455 -0.000835 0.000309
vn -0.000293 -0.000086 0.000952
vn -0.000284 -0.000037 0.000958
vn 0.00036 -0.000148 0.000921
vn 0.000344 -0.000217 0.000914
vn 0.000307 -0.000897 0.000318
vn 0.000149 -0.00094 0.000308
vn -0.00064 -0.000655 0.000401
vn 0.00029 -0.000259 0.000921
vn 0.000252 -0.000319 0.000913
vn -0.000007 -0.000949 0.000314
vn -0.00017 -0.000936 0.000307
vn 0.000891 0.000352 -0.000286
vn 0.000786 0.000307 0.000537
vn 0.000823 0.000169 0.000543
vn 0.000214 -0.000111 0.000971
vn 0.000185 -0.00014 0.000973
vn -0.000052 0.000686 0.000725
vn 0.000068 0.000708 0.000703
vn 0.000922 0.00003 0.000387
vn 0.000842 0.000027 0.000539
vn 0.000828 -0.000114 0.00055
vn 0.000165 -0.000176 0.000971
vn 0.000128 -0.000193 0.000973
vn 0.000179 0.000664 0.000726
vn 0.000299 0.000643 0.000705
vn 0.000013 -0.000175 0.000984
vn 0.000044 -0.000174 0.000984
vn 0.000666 -0.000503 0.00055
vn 0.000747 -0.000387 0.000541
vn 0.000849 -0.000439 0.000294
vn 0.000437 0.000317 0.000842
vn 0.000368 0.00038 0.000849
vn 0.000078 0.00011 0.000991
vn 0.000053 0.00012 0.000991
vn -0.000046 -0.000169 0.000985
vn -0.000017 -0.000179 0.000984
vn 0.00046 -0.000696 0.000552
vn 0.000573 -0.000609 0.000549
vn 0.000804 -0.000506 0.000312
vn 0.000877 -0.000359 0.00032
vn 0.000521 0.000154 0.00084
vn 0.000478 0.000236 0.000846
vn 0.000202 -0.000808 0.000554
vn 0.000337 -0.000767 0.000546
vn 0.00059 -0.000746 0.00031
vn 0.000705 -0.000633 0.000319
vn 0.00047 -0.000024 0.000882
vn 0.000455 0.000057 0.000889
vn -0.000233 -0.000169 0.000958
vn -0.000211 -0.000216 0.000953
vn -0.000308 -0.00045 0.000838
vn -0.00024 -0.000512 0.000825
vn -0.000079 -0.00083 0.000552
vn 0.000063 -0.000838 0.000542
vn 0.000308 -0.0009 0.000309
vn 0.000454 -0.000832 0.000318
vn 0.000437 -0.000183 0.00088
vn 0.000451 -0.000101 0.000887
vn -0.000273 -0.000081 0.000959
vn -0.000272 -0.000134 0.000953
vn -0.00035 -0.000758 0.00055
vn -0.000221 -0.000813 0.000538
vn 0.000303 -0.000272 0.000914
vn 0.00033 -0.000207 0.000921
vn 0.00029 -0.000369 0.000883
vn 0.000233 -0.000427 0.000874
vn -0.00017 -0.000933 0.000318
vn -0.000328 -0.000893 0.000308
vn 0.00049 0.000855 -0.000172
vn 0.000419 0.000732 0.000537
vn 0.000415 0.000725 0.000549
vn 0.000119 0.000209 0.000971
vn 0.000115 0.000201 0.000973
vn -0.000232 -0.000407 0.000883
vn -0.000274 -0.000476 0.000836
vn -0.000469 -0.000825 0.000316
vn -0.000605 -0.000734 0.00031
vn -0.000603 -0.000732 0.000316
vn -0.000309 -0.000375 0.000874
vn -0.000298 -0.000362 0.000883
vn 0.000147 0.000179 0.000973
vn 0.000153 0.000186 0.000971
vn 0.000531 0.000645 0.000549
vn -0.00072 -0.000621 0.00031
vn -0.000718 -0.00062 0.000317
vn -0.000369 -0.000318 0.000874
vn -0.000355 -0.000307 0.000883
vn 0.000176 0.000152 0.000973
vn 0.000182 0.000157 0.000971
vn -0.000815 -0.00049 0.00031
vn -0.000813 -0.000489 0.000317
vn -0.000417 -0.000251 0.000874
vn -0.000401 -0.000242 0.000883
vn 0.000199 0.00012 0.000973
vn 0.000206 0.000124 0.000971
vn -0.000886 -0.000345 0.00031
vn -0.000883 -0.000345 0.000317
vn -0.000453 -0.000177 0.000874
vn -0.000436 -0.000171 0.000883
vn 0.000216 0.000085 0.000973
vn 0.000224 0.000087 0.000971
vn -0.000931 -0.000191 0.00031
vn -0.000929 -0.00019 0.000318
vn -0.000477 -0.000098 0.000874
vn -0.000459 -0.000095 0.000883
vn 0.000227 0.000047 0.000973
vn 0.000236 0.000048 0.000971
vn -0.00095 -0.000031 0.000311
vn -0.000947 -0.000031 0.000319
vn -0.000486 -0.000016 0.000874
vn -0.000469 -0.000016 0.000883
vn 0.000232 0.000008 0.000973
vn -0.000941 0.000133 0.000311
vn -0.000482 0.000064 0.000874
vn -0.000528 0.000072 0.000846
vn -0.000536 0.000171 0.000827
vn -0.000507 0.00016 0.000847
vn -0.000843 0.000433 0.000319
vn -0.000498 0.000259 0.000828
vn -0.000417 0.000215 0.000883
vn -0.000757 0.000575 0.00031
vn -0.000389 0.000292 0.000874
vn 0.000613 0.000759 -0.000221
vn 0.000537 0.000651 0.000537
vn 0.000633 0.000546 0.000549
vn 0.000241 0.000008 0.000971
vn 0.00023 -0.000032 0.000973
vn -0.000417 0.000314 0.000853
vn -0.000371 0.000394 0.000841
vn 0.000747 0.000623 -0.000231
vn 0.000639 0.000551 0.000537
vn 0.000716 0.000431 0.000549
vn 0.000238 -0.000033 0.000971
vn 0.000221 -0.00007 0.000973
vn -0.000361 0.000384 0.00085
vn -0.000306 0.000464 0.000832
vn -0.000279 0.000629 0.000725
vn -0.000172 0.000691 0.000702
vn -0.000053 0.00071 0.000703
vn -0.000167 0.000668 0.000725
vn -0.000221 0.000507 0.000833
vn -0.000286 0.000431 0.000856
vn 0.000206 -0.000106 0.000973
vn 0.000229 -0.000073 0.000971
vn 0.000779 0.000304 0.000549
vn 0.000723 0.000435 0.000537
vn 0.000843 0.000505 -0.000185
vn 0.000186 0.000687 0.000703
vn 0.000065 0.000688 0.000723
vn 0.000159 -0.000169 0.000973
vn 0.000192 -0.000145 0.000971
vn 0.000835 0.000027 0.000549
vn 0.000826 0.00017 0.000538
vn 0.000926 -0.000128 0.000354
vn 0.000834 -0.000115 0.000539
vn 0.000796 -0.000252 0.00055
vn 0.000133 -0.000201 0.000971
vn 0.000092 -0.000213 0.000973
vn 0.000313 0.000671 0.000672
vn 0.000423 0.000612 0.000668
vn -0.000801 0.000313 0.00051
vn -0.000922 0.000381 0.000066
vn -0.000846 0.000533 0.000007
vn -0.000713 0.000425 0.000558
vn -0.000761 0.000649 -0.000022
vn -0.000729 0.000655 0.000201
vn -0.000613 0.000524 0.000591
vn -0.000643 0.000763 -0.000065
vn -0.000605 0.000765 0.00022
vn -0.000485 0.00058 0.000655
vn -0.000502 0.000849 -0.000164
vn -0.000463 0.000849 0.000254
vn -0.000381 0.000655 0.000652
vn -0.000352 0.000929 -0.000117
vn -0.000308 0.000902 0.000303
vn -0.000258 0.000692 0.000674
vn -0.000194 0.000969 -0.000151
vn -0.000148 0.000921 0.000361
vn -0.000135 0.00071 0.000691
vn -0.000032 0.000983 -0.000181
vn 0.000009 0.000905 0.000424
vn -0.000012 0.000712 0.000702
vn 0.000128 0.000972 -0.000196
vn 0.000136 0.000747 0.000651
vn 0.000409 0.000053 0.000911
vn 0.000881 0.000262 -0.000394
vn 0.000671 0.000263 0.000693
vn 0.000675 0.000263 0.00069
vn 0.000827 0.000404 -0.000392
vn 0.000613 0.00037 0.000698
vn 0.000615 0.00037 0.000696
vn 0.000748 0.000534 -0.000394
vn 0.000537 0.000464 0.000704
vn 0.000539 0.000464 0.000703
vn 0.00065 0.00065 -0.000394
vn 0.000453 0.000551 0.000701
vn 0.000454 0.00055 0.000702
vn 0.000538 0.000753 -0.000378
vn 0.000359 0.000629 0.000689
vn 0.00036 0.000627 0.000691
vn 0.00041 0.000838 -0.000359
vn 0.000252 0.000692 0.000676
vn 0.000252 0.000689 0.000679
vn 0.000267 0.000898 -0.00035
vn 0.000881 0.000181 0.000438
vn 0.000946 0.000128 -0.000298
vn 0.000696 0.00001 0.000718
vn 0.000929 -0.00002 -0.000369
vn 0.0007 -0.000109 0.000706
vn 0.000915 -0.000171 -0.000365
vn 0.000685 -0.000229 0.000691
vn 0.000877 -0.000319 -0.000358
vn 0.000649 -0.000347 0.000677
vn 0.000819 -0.000461 -0.000342
vn 0.000632 -0.000477 0.000611
vn 0.000696 -0.000614 -0.000372
vn 0.000758 -0.000625 -0.000187
vn 0.000548 -0.000583 0.0006
vn 0.000597 -0.00073 -0.000331
vn 0.000647 -0.000742 -0.000177
vn 0.000446 -0.000674 0.000589
vn 0.000477 -0.000828 -0.000294
vn 0.000518 -0.000839 -0.000164
vn 0.000329 -0.000748 0.000576
vn 0.000358 -0.000928 -0.000105
vn 0.000195 -0.000781 0.000593
vn 0.000205 -0.000971 -0.000126
vn 0.000061 -0.000816 0.000575
vn 0.000042 -0.000994 -0.000104
vn -0.000079 -0.000828 0.000555
vn -0.000122 -0.000991 -0.000059
vn -0.000225 -0.000829 0.000511
vn -0.000283 -0.000958 0.000037
vn -0.00037 -0.0008 0.000472
vn -0.00044 -0.000893 0.000097
vn -0.00052 -0.00075 0.000408
vn -0.000568 -0.000799 0.000195
vn -0.000876 0.000198 0.000439
vn -0.000968 0.000203 0.000149
vn -0.000912 0.000048 0.000408
vn -0.000981 0.00004 0.000191
vn -0.000921 -0.000109 0.000373
vn -0.000953 -0.000118 0.00028
vn -0.000891 -0.000262 0.00037
vn -0.000908 -0.000271 0.000318
vn -0.000845 -0.000415 0.000338
vn -0.000839 -0.000411 0.000357
vn -0.000772 -0.000559 0.000301
vn -0.000747 -0.000534 0.000396
vn -0.000679 -0.000683 0.000269
vn -0.000385 -0.000385 0.000839
vn -0.000302 -0.000422 0.000854
vn -0.000316 -0.000444 0.000839
vn -0.000229 -0.000466 0.000854
vn -0.000239 -0.000489 0.000839
vn 0.000198 0.000398 0.000896
vn 0.000239 0.000489 0.000839
vn -0.000149 -0.000498 0.000854
vn -0.000152 -0.000511 0.000846
vn 0.000146 0.000499 0.000854
vn 0.000133 0.000447 0.000885
vn 0.00003 0.000219 0.000975
vn -0.000067 -0.000513 0.000856
vn -0.000094 -0.000776 0.000624
vn -0.000032 -0.000229 0.000973
vn 0.000058 0.000441 0.000896
vn 0.000067 0.00054 0.000839
vn -0.00001 0.000236 0.000972
vn -0.000015 0.000305 0.000952
vn 0.000025 -0.000543 0.000839
vn 0.000029 -0.000767 0.000641
vn 0.00001 -0.000241 0.00097
vn 0.000009 -0.000232 0.000973
vn -0.000021 0.000519 0.000854
vn -0.000023 0.000544 0.000839
vn -0.000068 0.000324 0.000944
vn -0.000061 0.000294 0.000954
vn 0.000106 -0.000509 0.000854
vn 0.000112 -0.000533 0.000839
vn 0.000049 -0.000235 0.000971
vn 0.000047 -0.000228 0.000973
vn -0.000106 0.000509 0.000854
vn -0.000112 0.000533 0.000839
vn -0.00012 0.000304 0.000945
vn -0.000108 0.000278 0.000955
vn 0.000188 -0.000484 0.000854
vn 0.000194 -0.000496 0.000846
vn 0.000085 -0.000225 0.000971
vn 0.000115 -0.000296 0.000948
vn -0.000188 0.000484 0.000854
vn -0.000198 0.000508 0.000838
vn -0.0003 0.000509 0.000807
vn -0.000169 0.000279 0.000945
vn 0.000266 -0.000442 0.000857
vn 0.000235 -0.000395 0.000888
vn 0.000167 -0.00028 0.000945
vn 0.000163 -0.000274 0.000948
vn -0.000266 0.000447 0.000854
vn -0.000273 0.000458 0.000846
vn -0.000407 0.00048 0.000777
vn -0.000379 0.000448 0.00081
vn 0.000289 -0.000343 0.000894
vn 0.000303 -0.000357 0.000883
vn 0.000211 -0.000249 0.000945
vn 0.000206 -0.000244 0.000948
vn -0.000333 0.000395 0.000856
vn -0.000346 0.000408 0.000845
vn 0.000531 0.000066 0.000845
vn 0.000455 0.000054 0.000889
vn -0.000285 -0.000032 0.000958
vn -0.000597 -0.000078 0.000798
vn 0.000467 -0.000098 0.000879
vn 0.000439 -0.000093 0.000894
vn -0.000562 0.000119 0.000818
vn -0.000578 0.000122 0.000807
vn 0.000395 -0.000235 0.000888
vn 0.000377 -0.000225 0.000899
vn -0.000497 0.000297 0.000815
vn -0.000533 0.000317 0.000784
vn 0.000592 0.000592 0.000546
vn 0.000589 0.000588 0.000554
vn 0.00049 0.000687 0.000537
vn -0.000481 -0.000235 0.000845
vn -0.000473 -0.000231 0.00085
vn 0.000208 0.000102 0.000973
vn 0.000216 0.000106 0.000971
vn 0.000743 0.000363 0.000562
vn 0.000724 0.000353 0.000592
vn -0.000531 -0.000066 0.000845
vn -0.000513 -0.000063 0.000856
vn 0.00023 0.000028 0.000973
vn 0.000316 0.000041 0.000948
vn 0.00083 0.000101 0.000548
vn -0.000765 0.000158 0.000624
vn -0.000515 0.000112 0.00085
vn 0.000223 -0.00005 0.000974
vn 0.000315 -0.000066 0.000947
vn -0.00046 0.000274 0.000845
vn -0.000452 0.00027 0.00085
vn 0.000273 -0.000163 0.000948
vn 0.00028 -0.000167 0.000946
vn 0.000436 0.000311 0.000845
vn 0.000429 0.000305 0.00085
vn -0.000232 -0.000166 0.000958
vn -0.000244 -0.000174 0.000954
vn -0.000294 -0.000088 0.000952
vn -0.000274 -0.000081 0.000958
vn 0.000505 0.00015 0.00085
vn 0.000513 0.000152 0.000845
vn -0.000602 0.000025 0.000798
vn -0.00057 0.000024 0.000821
vn 0.000467 -0.00002 0.000884
vn 0.000481 -0.00002 0.000877
vn 0.000595 -0.000025 0.000803
vn -0.000548 0.000215 0.000808
vn -0.000537 0.00021 0.000817
vn 0.000417 -0.000164 0.000894
vn 0.000428 -0.000167 0.000888
vn 0.000347 -0.000295 0.00089
vn 0.000344 -0.000292 0.000892
vn -0.000444 0.000377 0.000813
vn -0.000477 0.000404 0.00078
vn -0.00073 0.000616 0.000296
vn -0.000619 0.000731 0.000286
vn 0.000032 0.000238 0.000971
vn 0.000066 0.000222 0.000973
vn -0.000373 -0.000372 0.00085
vn -0.000471 0.000787 0.000398
vn 0.000069 0.000231 0.00097
vn 0.000102 0.000208 0.000973
vn -0.000331 0.000847 0.000415
vn 0.000106 0.000217 0.00097
vn 0.000135 0.000189 0.000973
vn -0.000188 0.000889 0.000417
vn 0.00014 0.000196 0.00097
vn 0.000164 0.000164 0.000973
vn -0.000039 0.000907 0.000419
vn 0.00017 0.00017 0.000971
vn 0.000097 0.000795 0.000598
vn 0.000227 0.000761 0.000608
vn 0.000235 0.000794 0.000561
vn 0.000358 0.000732 0.000579
vn 0.000367 0.000751 0.000549
vn 0.000479 0.000669 0.000568
vn 0.000669 0.000476 0.000571
vn 0.000681 0.000486 0.000548
vn 0.000196 0.00014 0.000971
vn 0.000189 0.000135 0.000973
vn -0.000429 -0.000306 0.00085
vn -0.000436 -0.000311 0.000845
vn 0.000808 0.000241 0.000538
vn 0.000784 0.000233 0.000575
vn 0.000231 0.000069 0.000971
vn 0.000222 0.000066 0.000973
vn -0.000505 -0.00015 0.00085
vn -0.000513 -0.000152 0.000845
vn 0.000949 0.00012 0.000292
vn 0.000941 -0.00004 0.000336
vn 0.000229 -0.00001 0.000973
vn 0.000316 -0.00001 0.000949
vn -0.000532 0.000019 0.000847
vn -0.000766 0.000035 0.000641
vn 0.00093 -0.000196 0.000311
vn 0.000893 -0.000349 0.000285
vn 0.000302 -0.000118 0.000946
vn 0.000296 -0.000116 0.000948
vn -0.00049 0.000192 0.00085
vn -0.000499 0.000195 0.000845
vn 0.000829 -0.000494 0.000263
vn -0.000408 0.000346 0.000845
vn -0.000401 0.000341 0.00085
vn 0.000243 -0.000206 0.000948
vn 0.000249 -0.000211 0.000945
vn 0.000708 -0.0006 0.000372
vn 0.000601 -0.000709 0.000369
vn 0.000476 -0.0008 0.000367
vn -0.00009 -0.000313 0.000945
vn -0.000146 -0.000291 0.000946
vn 0.000315 -0.000802 0.000508
vn 0.000163 -0.000777 0.000608
vn 0.000176 -0.000833 0.000525
vn 0.000033 -0.000803 0.000595
vn -0.000074 -0.000621 0.00078
vn -0.000173 -0.000569 0.000804
vn 0.000036 -0.000843 0.000536
vn -0.000101 -0.000805 0.000584
vn -0.000284 -0.000589 0.000757
vn 0.000271 0.00038 0.000884
vn 0.000258 0.000361 0.000896
vn -0.000354 -0.000494 0.000794
vn -0.000364 -0.00051 0.000779
vn -0.000414 -0.000409 0.000814
vn -0.000208 -0.000213 0.000955
vn 0.000371 0.000374 0.00085
vn 0.00033 0.00033 0.000885
vn 0.000481 0.000235 0.000845
vn 0.000473 0.000231 0.00085
vn -0.000256 -0.000125 0.000959
vn -0.000272 -0.000133 0.000953
vn 0.000999 -0.000032 -0
vn 0.000999 0.00003 -0.000014
vn 0.000999 -0.000044 -0.000014
vn 0.000998 -0.000065 -0
vn 0.000979 -0.000206 -0
vn 0.000979 -0.000206 0
vn 0.000931 -0.000364 0
vn 0.000931 -0.000364 0
vn 0.000859 -0.000512 0
vn 0.000859 -0.000513 0
vn 0.000764 -0.000646 0.000001
vn 0.000763 -0.000647 -0
vn 0.000646 -0.000763 -0
vn 0.000646 -0.000763 0
vn 0.000511 -0.000859 0
vn 0.000511 -0.000859 0
vn 0.000364 -0.000931 -0
vn 0.000364 -0.000931 -0
vn 0.000206 -0.000979 -0
vn 0.000206 -0.000979 -0
vn 0.000042 -0.000999 -0
vn 0.000043 -0.000999 -0.000001
vn -0.000123 -0.000992 -0.000002
vn -0.000126 -0.000992 0.000001
vn -0.000285 -0.000959 0
vn -0.000285 -0.000959 -0
vn -0.000439 -0.000899 -0
vn -0.000439 -0.000899 -0
vn -0.000581 -0.000814 -0
vn -0.000581 -0.000814 -0
vn -0.000707 -0.000707 -0
vn -0.000707 -0.000707 0
vn -0.000814 -0.000581 0
vn -0.000814 -0.000581 0
vn -0.000899 -0.000439 0
vn -0.000899 -0.000439 0
vn -0.000959 -0.000285 0
vn -0.000959 -0.000285 0
vn -0.000992 -0.000123 0
vn -0.000992 -0.000123 0
vn -0.000999 0.000039 -0
vn -0.000999 0.000039 -0
vn -0.000978 0.000207 0
vn -0.000978 0.000207 0
vn -0.000931 0.000364 0
vn -0.000931 0.000364 0
vn -0.000859 0.000512 0
vn -0.000859 0.000512 0
vn -0.000763 0.000647 0
vn -0.000763 0.000647 0
vn -0.000646 0.000764 0
vn -0.000646 0.000764 0
vn -0.000512 0.000859 -0
vn -0.000512 0.000859 -0
vn -0.000364 0.000931 -0
vn -0.000364 0.000931 -0
vn -0.000206 0.000979 -0
vn -0.000206 0.000979 -0
vn -0.000042 0.000999 -0
vn -0.000042 0.000999 -0
vn 0.000123 0.000992 -0
vn 0.000123 0.000992 -0
vn 0.000285 0.000959 -0
vn 0.000285 0.000959 -0
vn 0.000439 0.000899 -0
vn 0.000439 0.000899 -0
vn 0.000581 0.000814 -0
vn 0.000581 0.000814 -0
vn 0.000707 0.000707 -0
vn 0.000707 0.000707 0
vn 0.000814 0.000581 0
vn 0.000814 0.000581 0
vn 0.000899 0.000439 0
vn 0.000899 0.000439 0
vn 0.000959 0.000285 0
vn 0.000959 0.000285 0
vn 0.000992 0.000123 0
vn 0.000992 0.000124 -0.000001
vn 0.000488 0.000489 -0.000723
vn 0.000507 0.000506 -0.000698
vn 0.000404 0.000568 -0.000717
vn 0.000412 0.000577 -0.000705
vn 0.000302 0.00062 -0.000724
vn 0.000309 0.000632 -0.000711
vn -0.000123 -0.000262 -0.000957
vn -0.00031 -0.000627 -0.000715
vn -0.000402 -0.000824 -0.000398
vn 0.000194 0.000655 -0.00073
vn 0.000198 0.000667 -0.000718
vn -0.000192 -0.000647 -0.000738
vn -0.000198 -0.000666 -0.000719
vn -0.000069 -0.000523 -0.00085
vn 0.000042 0.000308 -0.00095
vn 0.000079 0.000669 -0.000739
vn 0.000052 0.000418 -0.000907
vn -0.000083 -0.00067 -0.000738
vn -0.000085 -0.000684 -0.000724
vn 0.000022 -0.000535 -0.000844
vn 0.000022 -0.000527 -0.00085
vn -0.000013 0.00031 -0.000951
vn -0.000013 0.000313 -0.00095
vn -0.00004 0.000932 -0.00036
vn -0.000018 0.00043 -0.000903
vn -0.000018 0.000421 -0.000907
vn 0.000029 -0.000674 -0.000738
vn 0.000029 -0.000682 -0.000731
vn 0.00011 -0.000524 -0.000844
vn 0.000109 -0.000516 -0.00085
vn -0.000065 0.000309 -0.000949
vn -0.000064 0.000304 -0.00095
vn -0.000188 0.00089 -0.000416
vn -0.000089 0.000421 -0.000903
vn -0.000087 0.000412 -0.000907
vn 0.000139 -0.000661 -0.000738
vn 0.000139 -0.000661 -0.000738
vn 0.000195 -0.000499 -0.000844
vn 0.000188 -0.000482 -0.000856
vn -0.000114 0.000291 -0.00095
vn -0.000112 0.000286 -0.000952
vn -0.000332 0.000848 -0.000414
vn -0.000157 0.000401 -0.000903
vn -0.000154 0.000392 -0.000907
vn 0.000247 -0.00063 -0.000737
vn 0.000258 -0.000662 -0.000703
vn 0.000273 -0.000458 -0.000846
vn 0.000267 -0.000447 -0.000854
vn -0.000159 0.000265 -0.000951
vn -0.000156 0.000261 -0.000953
vn -0.000467 0.000782 -0.000414
vn -0.00022 0.000369 -0.000903
vn -0.000211 0.000354 -0.000911
vn 0.00035 -0.000586 -0.00073
vn 0.000364 -0.000611 -0.000703
vn 0.000508 -0.000855 -0.000106
vn 0.000352 -0.000416 -0.000838
vn 0.000337 -0.000397 -0.000854
vn -0.000198 0.000233 -0.000952
vn -0.000199 0.000234 -0.000952
vn -0.000589 0.000694 -0.000413
vn -0.000275 0.000325 -0.000905
vn -0.00027 0.000318 -0.000909
vn 0.000442 -0.000521 -0.00073
vn 0.00046 -0.000543 -0.000702
vn 0.000643 -0.000758 -0.000109
vn -0.000497 -0.00006 -0.000866
vn -0.000291 -0.000039 -0.000956
vn 0.000465 0.00006 -0.000883
vn 0.000529 0.000066 -0.000846
vn -0.000287 0.000059 -0.000956
vn -0.000299 0.000063 -0.000952
vn 0.000509 -0.000106 -0.000854
vn 0.000533 -0.000112 -0.000838
vn -0.000602 0.000362 -0.000712
vn -0.000259 0.00015 -0.000954
vn 0.000361 -0.000211 -0.000908
vn 0.000468 -0.000279 -0.000838
vn 0.000641 0.000313 -0.000701
vn 0.000605 0.000297 -0.000739
vn -0.000375 -0.000184 -0.000909
vn -0.000392 -0.000192 -0.0009
vn 0.000953 0.00012 -0.000278
vn 0.000714 0.000085 -0.000695
vn 0.000302 0.000042 -0.000953
vn -0.000414 -0.000055 -0.000908
vn -0.000529 -0.000066 -0.000846
vn 0.000934 -0.000198 -0.000297
vn 0.000669 -0.000137 -0.00073
vn 0.00023 -0.000054 -0.000972
vn -0.000424 0.000094 -0.000901
vn -0.000752 0.000155 -0.000641
vn 0.00085 -0.000507 -0.000145
vn 0.000612 -0.000365 -0.000702
vn 0.000588 -0.000349 -0.00073
vn -0.000359 0.000213 -0.000909
vn -0.000375 0.000224 -0.0009
vn -0.000242 -0.000173 -0.000955
vn -0.000235 -0.000168 -0.000957
vn 0.000423 0.000303 -0.000854
vn 0.000444 0.000316 -0.000838
vn 0.000475 0.000141 -0.000869
vn 0.000499 0.000147 -0.000854
vn -0.000282 -0.000082 -0.000956
vn -0.000458 -0.000139 -0.000878
vn 0.000985 -0.000041 -0.000165
vn 0.000545 -0.000023 -0.000838
vn 0.000517 -0.000021 -0.000856
vn -0.000293 0.000012 -0.000956
vn -0.000294 0.000012 -0.000956
vn 0.000407 -0.000159 -0.0009
vn 0.000483 -0.000192 -0.000854
vn -0.000295 0.000119 -0.000948
vn -0.000615 0.000236 -0.000752
vn -0.000726 0.000615 -0.000308
vn -0.000233 0.000197 -0.000952
vn -0.00023 0.000194 -0.000953
vn 0.000398 -0.000336 -0.000854
vn 0.000416 -0.000353 -0.000838
vn -0.000053 -0.000427 -0.000903
vn -0.00012 -0.000404 -0.000907
vn -0.000123 -0.000412 -0.000903
vn -0.000185 -0.000379 -0.000907
vn -0.000189 -0.000387 -0.000903
vn -0.000244 -0.000343 -0.000907
vn -0.00025 -0.000351 -0.000903
vn -0.000298 -0.000298 -0.000907
vn -0.000309 -0.000309 -0.0009
vn -0.000355 -0.000254 -0.0009
vn -0.000339 -0.000243 -0.000909
vn 0.000553 0.000396 -0.000733
vn 0.000587 0.000418 -0.000693
vn -0.000418 -0.000124 -0.0009
vn -0.0004 -0.00012 -0.000909
vn 0.00066 0.000197 -0.000725
vn 0.000678 0.000202 -0.000707
vn -0.000781 0.000035 -0.000624
vn -0.000517 0.000018 -0.000856
vn 0.000223 -0.000007 -0.000975
vn 0.000328 -0.000014 -0.000945
vn 0.00094 -0.00004 -0.000338
vn -0.000407 0.000159 -0.0009
vn -0.000389 0.000151 -0.000909
vn 0.000637 -0.000248 -0.00073
vn 0.000664 -0.000259 -0.000701
vn 0.000918 -0.000359 -0.000169
vn 0.000759 -0.00064 -0.000117
vn 0.000543 -0.000461 -0.000702
vn 0.000522 -0.000441 -0.00073
vn -0.000319 0.000269 -0.000909
vn -0.000333 0.000282 -0.0009
vn 0.000053 0.000427 -0.000903
vn 0.00012 0.000404 -0.000907
vn 0.000123 0.000412 -0.000903
vn 0.000182 0.00038 -0.000907
vn 0.000235 0.000481 -0.000844
vn -0.000175 -0.000245 -0.000954
vn -0.000179 -0.000251 -0.000951
vn 0.000306 0.00043 -0.00085
vn 0.000311 0.000436 -0.000844
vn 0.000385 0.000385 -0.000838
vn 0.000373 0.000373 -0.00085
vn -0.000204 -0.000204 -0.000957
vn -0.00022 -0.00022 -0.00095
vn -0.000265 -0.00013 -0.000956
vn -0.00026 -0.000127 -0.000957
vn 0.000467 0.000229 -0.000854
vn 0.00049 0.000239 -0.000838
vn 0.00028 0.000944 0.000171
vn 0.000256 0.000673 -0.000694
vn 0.000252 0.000715 -0.000652
vn 0.000433 0.000885 0.00017
vn 0.000365 0.00062 -0.000695
vn 0.000361 0.000649 -0.00067
vn 0.000571 0.0008 0.000186
vn 0.000463 0.000549 -0.000696
vn 0.000454 0.000567 -0.000687
vn 0.000693 0.000692 0.000202
vn 0.000552 0.000466 -0.000691
vn 0.000534 0.000475 -0.000699
vn 0.000797 0.000569 0.000202
vn 0.00063 0.000371 -0.000682
vn 0.000599 0.000375 -0.000708
vn 0.00088 0.000429 0.000202
vn 0.000691 0.000263 -0.000673
vn 0.000642 0.000265 -0.000719
vn 0.000936 0.000278 0.000217
vn 0.000521 0.000071 -0.00085
vn 0.000144 0.000789 -0.000598
vn 0.00013 0.00099 0.000054
vn -0.000008 0.00077 -0.000638
vn -0.00003 0.000996 0.000081
vn -0.000144 0.000742 -0.000654
vn -0.000148 0.000921 -0.00036
vn -0.000198 0.00098 0.000031
vn -0.000272 0.000721 -0.000638
vn -0.000306 0.000897 -0.000318
vn -0.000356 0.000934 0.000007
vn -0.000397 0.00068 -0.000616
vn -0.000459 0.000843 -0.000281
vn -0.000505 0.000863 -0.000019
vn -0.000517 0.000619 -0.000591
vn -0.0006 0.000759 -0.000253
vn -0.000639 0.000768 -0.000051
vn -0.000636 0.000558 -0.000533
vn -0.000754 0.000652 -0.000085
vn -0.000738 0.000465 -0.000488
vn -0.000855 0.000506 -0.000116
vn -0.000815 0.000338 -0.00047
vn -0.000918 0.000361 -0.000166
vn -0.000878 0.000199 -0.000436
vn -0.000957 0.000201 -0.000207
vn -0.000899 0.000036 -0.000437
vn -0.000974 0.000052 -0.000222
vn -0.00091 -0.000114 -0.000399
vn -0.00096 -0.000113 -0.000255
vn -0.000899 -0.000267 -0.000347
vn -0.000911 -0.000269 -0.000312
vn -0.000849 -0.000415 -0.000326
vn -0.00084 -0.000413 -0.000352
vn -0.000778 -0.000556 -0.000291
vn -0.000748 -0.000542 -0.000383
vn -0.000686 -0.000689 -0.000234
vn -0.000569 -0.000795 -0.00021
vn -0.000511 -0.00074 -0.000438
vn -0.000388 -0.000919 -0.000076
vn -0.000437 -0.000893 -0.000108
vn -0.000372 -0.000802 -0.000468
vn -0.000285 -0.000957 -0.00005
vn -0.000227 -0.000842 -0.00049
vn -0.000123 -0.000992 -0.000016
vn -0.000081 -0.000856 -0.000511
vn 0.000042 -0.000999 0.000011
vn 0.000064 -0.000846 -0.000529
vn 0.000206 -0.000978 0.000033
vn 0.000204 -0.000813 -0.000546
vn 0.000365 -0.00093 0.000053
vn 0.000332 -0.000752 -0.00057
vn 0.000509 -0.000852 0.00012
vn 0.000507 -0.000853 0.000127
vn 0.000448 -0.000676 -0.000584
vn 0.000641 -0.000756 0.000135
vn 0.000639 -0.000756 0.000143
vn 0.000537 -0.000567 -0.000624
vn 0.000739 -0.000624 0.000254
vn 0.000733 -0.000624 0.000272
vn 0.000625 -0.000475 -0.00062
vn 0.000838 -0.000489 0.000241
vn 0.000623 -0.000341 -0.000704
vn 0.000905 -0.000344 0.000251
vn 0.000652 -0.000226 -0.000724
vn 0.000948 -0.000191 0.000255
vn 0.000724 -0.000117 -0.00068
vn 0.000982 -0.000027 0.000187
vn 0.000721 0.000006 -0.000693
vn 0.000981 0.00013 0.000141
vn 0.000889 0.000182 -0.000421
vn 0.000896 0.000109 -0.00043
vn 0.000369 -0.00002 0.000929
vn 0.000908 -0.000047 -0.000416
vn 0.000898 -0.000047 -0.000438
vn 0.000891 -0.000201 -0.000406
vn 0.000878 -0.000199 -0.000436
vn 0.000845 -0.000349 -0.000405
vn 0.00084 -0.000348 -0.000417
vn 0.000405 -0.000168 -0.000899
vn 0.000775 -0.000487 -0.000403
vn 0.00077 -0.000485 -0.000414
vn 0.000371 -0.000234 -0.000899
vn 0.00035 -0.000221 -0.00091
vn 0.000681 -0.000612 -0.000402
vn 0.000678 -0.000609 -0.000413
vn 0.000326 -0.000293 -0.000899
vn 0.000308 -0.000277 -0.00091
vn 0.000563 -0.000717 -0.000411
vn 0.000331 -0.000415 -0.000848
vn 0.000256 -0.000325 -0.00091
vn 0.000442 -0.000805 -0.000396
vn 0.000207 -0.000385 -0.000899
vn 0.000241 -0.000444 -0.000863
vn 0.000297 -0.000867 -0.0004
vn 0.000296 -0.000866 -0.000404
vn 0.000142 -0.000415 -0.000899
vn 0.000133 -0.000392 -0.00091
vn -0.000134 0.000394 -0.000909
vn 0.000142 -0.000902 -0.000408
vn 0.000087 -0.000525 -0.000847
vn 0.000065 -0.000409 -0.00091
vn -0.000066 0.000414 -0.000908
vn -0.000068 0.000422 -0.000904
vn -0.000006 -0.000919 -0.000394
vn -0.000008 -0.000437 -0.000899
vn -0.000006 -0.000507 -0.000862
vn 0.000005 0.000412 -0.000911
vn 0.000004 0.000432 -0.000902
vn -0.000164 -0.000902 -0.0004
vn -0.000164 -0.000901 -0.000402
vn -0.000078 -0.000431 -0.000899
vn -0.000075 -0.000407 -0.00091
vn 0.000077 0.000418 -0.000905
vn 0.000078 0.000424 -0.000903
vn -0.000316 -0.000857 -0.000407
vn -0.00018 -0.000501 -0.000847
vn -0.000142 -0.000389 -0.00091
vn 0.000143 0.000391 -0.000909
vn 0.00015 0.000411 -0.000899
vn -0.000812 0.00042 -0.000406
vn -0.000726 0.000552 -0.00041
vn -0.00021 0.000478 -0.000853
vn -0.000122 0.000492 -0.000862
vn -0.000169 -0.000362 -0.000917
vn -0.000236 -0.000343 -0.000909
vn -0.000435 -0.000442 -0.000785
vn -0.000516 -0.000377 -0.000769
vn -0.000038 0.000516 -0.000855
vn 0.000048 0.000499 -0.000865
vn 0.000135 0.000496 -0.000858
vn 0.00021 0.000449 -0.000868
vn -0.000347 -0.00017 -0.000922
vn -0.000386 -0.000114 -0.000915
vn 0.000297 0.00043 -0.000852
vn 0.000344 0.000347 -0.000872
vn -0.000394 -0.000046 -0.000918
vn -0.000409 0.000022 -0.000912
vn 0.000425 0.000311 -0.00085
vn 0.00044 0.000216 -0.000871
vn -0.000386 0.000088 -0.000918
vn -0.000376 0.000156 -0.000913
vn 0.000514 0.000152 -0.000844
vn 0.0005 0.000058 -0.000864
vn -0.000339 0.000214 -0.000916
vn -0.000306 0.000275 -0.000912
vn 0.000438 -0.000023 -0.000899
vn 0.000404 -0.000092 -0.00091
vn -0.000256 0.000324 -0.000911
vn -0.000202 0.000372 -0.000906
vn -0.000898 -0.000184 -0.000399
vn -0.000914 -0.000027 -0.000404
vn -0.00039 0.000201 -0.000899
vn -0.00033 0.00025 -0.00091
vn 0.0001 -0.000405 -0.000909
vn 0.000034 -0.000449 -0.000893
vn -0.000906 0.000122 -0.000406
vn -0.000868 0.000276 -0.000412
vn -0.000355 0.000379 -0.000855
vn -0.000273 0.000415 -0.000868
vn -0.00004 -0.000412 -0.00091
vn -0.000117 -0.000433 -0.000894
vn -0.000281 -0.000291 -0.000914
vn -0.000218 -0.000315 -0.000924
vn -0.000037 0.000503 -0.000864
vn -0.000126 0.000504 -0.000854
vn -0.00036 -0.000177 -0.000916
vn -0.000313 -0.000222 -0.000923
vn 0.000131 0.000481 -0.000867
vn 0.000049 0.000513 -0.000857
vn -0.000403 -0.000047 -0.000914
vn -0.000375 -0.00011 -0.00092
vn 0.000083 0.000057 -0.000995
vn 0.000071 0.000076 -0.000995
vn 0.000279 0.000402 -0.000872
vn 0.000219 0.000473 -0.000853
vn -0.000699 0.000629 -0.000339
vn -0.000403 0.000091 -0.00091
vn -0.000398 0.000022 -0.000917
vn -0.000346 0.000219 -0.000912
vn -0.000366 0.000152 -0.000918
vn 0.000473 0.000139 -0.00087
vn 0.000477 0.000235 -0.000847
vn 0.000596 0.00043 -0.000678
vn 0.000523 0.000539 -0.000661
vn 0.00001 0.000918 -0.000396
vn -0.000257 0.000326 -0.00091
vn -0.000302 0.000272 -0.000913
vn 0.000413 -0.000022 -0.00091
vn 0.000435 0.000048 -0.000899
vn 0.000428 -0.000097 -0.000899
vn 0.000382 -0.000159 -0.00091
vn -0.000198 0.000364 -0.00091
vn -0.000137 0.000403 -0.000905
vn 0.000321 0.00088 -0.00035
vn -0.000453 -0.000798 -0.000398
vn -0.00022 -0.000378 -0.000899
vn -0.000253 -0.000441 -0.000861
vn 0.000208 0.000363 -0.000908
vn 0.000216 0.000377 -0.0009
vn 0.000463 0.00081 -0.000359
vn 0.000594 0.000721 -0.000357
vn 0.000279 0.000338 -0.000899
vn 0.000268 0.000324 -0.000908
vn -0.000264 -0.000319 -0.00091
vn -0.000279 -0.000339 -0.000899
vn -0.000581 -0.000704 -0.000408
vn -0.000583 -0.000708 -0.000399
vn 0.000708 0.00061 -0.000356
vn 0.000334 0.000288 -0.000898
vn 0.000318 0.000273 -0.000908
vn -0.000314 -0.00027 -0.00091
vn -0.000332 -0.000286 -0.000899
vn -0.000691 -0.000596 -0.000408
vn 0.000801 0.000482 -0.000354
vn 0.000377 0.000227 -0.000898
vn 0.000357 0.000214 -0.000909
vn -0.000355 -0.000213 -0.00091
vn -0.000376 -0.000226 -0.000899
vn 0.000879 0.000343 -0.000332
vn 0.000409 0.000159 -0.000898
vn 0.000396 0.000154 -0.000905
vn -0.000386 -0.00015 -0.00091
vn -0.000409 -0.000159 -0.000899
vn 0.000444 0.000092 -0.000891
vn 0.000405 0.000082 -0.000911
vn -0.000406 -0.000083 -0.00091
vn -0.00043 -0.000088 -0.000899
vn 0.000926 0.000031 -0.000377
vn 0.000436 0.000014 -0.0009
vn 0.000411 0.000013 -0.000912
vn -0.000414 -0.000013 -0.00091
vn 0.000927 -0.000128 -0.000353
vn 0.000434 -0.00006 -0.000899
vn 0.000406 -0.000057 -0.000912
vn 0.0009 -0.000285 -0.000331
vn 0.000419 -0.000133 -0.000898
vn 0.00039 -0.000125 -0.000912
vn 0.000844 -0.000435 -0.000312
vn 0.000391 -0.000202 -0.000898
vn 0.000363 -0.000189 -0.000912
vn 0.000677 -0.000513 -0.000527
vn 0.000353 -0.000264 -0.000898
vn 0.000265 -0.000201 -0.000943
vn 0.000595 -0.00063 -0.0005
vn 0.00024 -0.000259 -0.000936
vn -0.000694 -0.000599 -0.000399
vn -0.000782 -0.000471 -0.000408
vn -0.000527 -0.000019 -0.00085
vn -0.000499 0.00007 -0.000864
vn 0.000282 -0.000301 -0.000911
vn 0.000245 -0.00037 -0.000896
vn -0.000785 -0.000473 -0.0004
vn -0.00085 -0.000332 -0.000409
vn -0.000433 0.000063 -0.000899
vn -0.000394 0.000126 -0.00091
vn 0.000228 -0.000346 -0.00091
vn 0.00018 -0.000409 -0.000894
vn 0.000109 -0.000436 -0.000893
vn 0.000167 -0.000382 -0.000909
vn -0.000368 0.000191 -0.00091
vn -0.000418 0.000133 -0.000899
vn -0.000894 -0.000183 -0.000409
vn -0.000853 -0.000333 -0.000401
vn -0.00064 -0.000655 -0.0004
vn -0.000042 -0.000448 -0.000893
vn 0.000031 -0.000416 -0.000909
vn -0.000346 0.00037 -0.000862
vn -0.00043 0.000322 -0.000843
vn -0.00087 0.000276 -0.000408
vn -0.000809 0.000418 -0.000413
vn -0.000289 0.000437 -0.000852
vn -0.000205 0.000467 -0.00086
vn -0.000108 -0.000396 -0.000912
vn -0.000187 -0.000404 -0.000895
vn 0.000971 -0.000085 -0.000222
vn 0.000876 -0.000408 -0.000257
vn 0.000953 -0.000216 0.000214
vn 0.000938 -0.000251 -0.000241
vn 0.000898 -0.000371 0.000237
vn 0.000678 -0.000678 -0.000285
vn 0.000819 -0.000515 0.000253
vn 0.000788 -0.000552 -0.000272
vn 0.000717 -0.000644 0.000268
vn 0.000402 -0.000863 -0.000306
vn 0.000604 -0.000755 0.000255
vn 0.000551 -0.000787 -0.000279
vn 0.00046 -0.000854 0.000244
vn 0.000083 -0.000951 -0.000297
vn 0.000309 -0.000902 0.0003
vn 0.000246 -0.000918 -0.000312
vn 0.000159 -0.000949 0.000273
vn -0.000245 -0.000914 -0.000323
vn -0.000015 -0.000963 0.000268
vn -0.000082 -0.000943 -0.000323
vn -0.00017 -0.000934 0.000315
vn -0.000324 -0.000905 0.000276
vn -0.000403 -0.000864 -0.000302
vn -0.000482 -0.000831 0.000277
vn -0.000543 -0.000775 -0.000322
vn -0.000604 -0.000733 0.000313
vn -0.00067 -0.00067 -0.000319
vn -0.00072 -0.000621 0.000308
vn -0.000778 -0.000545 -0.000314
vn -0.000817 -0.000492 0.000302
vn -0.000863 -0.000402 -0.000307
vn -0.00089 -0.000348 0.000294
vn -0.000922 -0.000247 -0.000298
vn -0.000939 -0.000193 0.000285
vn -0.000954 -0.000083 -0.000289
vn -0.000974 -0.000037 0.000222
vn -0.000961 0.000084 -0.000262
vn -0.000962 0.000138 0.000236
vn -0.000932 0.00025 -0.000261
vn -0.000925 0.000293 0.000241
vn -0.000879 0.00041 -0.000245
vn -0.000866 0.000447 0.000224
vn -0.000798 0.000559 -0.000227
vn -0.00079 0.000592 0.000158
vn -0.000693 0.000693 -0.000197
vn -0.00068 0.000722 0.000124
vn -0.000564 0.000805 -0.000187
vn -0.000547 0.000829 0.000113
vn -0.000417 0.000894 -0.000162
vn -0.000401 0.000912 0.00009
vn -0.000256 0.000956 -0.00014
vn -0.000241 0.000968 0.000064
vn -0.000087 0.000989 -0.000117
vn -0.000074 0.000997 0.000037
vn 0.000087 0.000992 -0.000091
vn 0.000095 0.000995 0.000007
vn 0.000258 0.000964 -0.000064
vn 0.000262 0.000965 -0.000024
vn 0.000422 0.000906 -0.000035
vn 0.00042 0.000905 -0.000062
vn 0.000574 0.000819 0.000002
vn 0.000565 0.00082 -0.000095
vn 0.000707 0.000707 0.000036
vn 0.000694 0.00071 -0.000117
vn 0.000816 0.000571 0.00009
vn 0.000798 0.000579 -0.000165
vn 0.000901 0.00042 0.000109
vn 0.000879 0.000433 -0.0002
vn 0.000954 0.000282 0.000106
vn 0.00095 0.000255 -0.000178
vn 0.000984 0.000114 0.000137
vn 0.000976 0.000085 -0.000201
vn 0.001 0.000015 -0
vn 0.000998 -0.000068 0
vn 0.000011 -0.001 -0.000012
vn -0 -0.001 0
vn 0.000009 -0.001 -0.000013
vn -0.00001 -0.001 0.000011
vn -0.000004 -0.001 0.000011
vn 0.000004 -0.001 -0.00001
vn -0.000006 -0.001 0.00001
vn -0.000001 -0.001 -0.000002
vn -0.000002 -0.001 0.00001
vn 0.000003 -0.001 -0.000012
vn -0.000002 -0.001 -0.000011
vn 0 -0.001 0.000012
vn 0 -0.001 -0.000009
vn -0 -0.001 0
vn -0.000003 -0.001 -0.000011
vn 0.000002 -0.001 0.000011
vn 0.000006 -0.001 0.000011
vn -0 -0.001 0
vn 0 -0.001 0
vn -0.00001 -0.001 -0.00001
vn 0.000008 -0.001 0.00001
vn -0.000007 -0.001 -0.00001
vn -0.000014 -0.001 -0.000008
vn 0.000013 -0.001 0.000011
vn 0 -0.001 0
vn 0 -0.001 0
vn -0.000019 -0.001 -0.000008
vn 0.000017 -0.001 0.00001
vn 0.00005 -0.000999 0.000009
vn 0 -0.001 0
vn -0 -0.001 0
vn 0.000144 -0.00099 0.000005
vn -0.000049 -0.000999 -0.000002
vn 0.000068 -0.000997 -0.000023
vn -0.000082 -0.000997 0.000015
vn -0.000021 -0.001 0.000011
vn 0.000034 -0.000999 -0.000018
vn -0.000036 -0.000999 0.000012
vn -0.000013 -0.001 0.000011
vn 0 -0.001 0
vn 0.000022 -0.001 -0.000016
vn -0.000049 -0.000837 -0.000545
vn -0.000157 -0.000674 -0.000722
vn -0.00027 0.000455 -0.000849
vn -0.000221 -0.000787 -0.000577
vn -0.000371 0.000368 -0.000853
vn -0.000407 -0.000558 -0.000723
vn -0.000294 -0.00087 -0.000396
vn -0.00058 0.000474 -0.000662
vn -0.000474 -0.000757 -0.000449
vn -0.00048 -0.000804 -0.000353
vn -0.000455 -0.000862 -0.000223
vn -0.000749 0.000486 -0.000451
vn -0.000446 -0.00089 -0.000092
vn -0.000745 -0.000667 -0.000023
vn -0.000896 0.000428 -0.000118
vn -0.00052 -0.000853 0.000047
vn -0.000547 -0.000824 0.000152
vn -0.000861 0.000483 0.000156
vn -0.000661 -0.000698 0.000276
vn -0.000529 -0.000785 0.000323
vn -0.000782 0.000465 0.000415
vn -0.000661 -0.00051 0.00055
vn -0.000655 -0.000524 0.000545
vn -0.00078 0.000343 0.000523
vn -0.000414 -0.000784 0.000462
vn -0.000658 0.000336 0.000674
vn -0.000369 -0.000736 0.000568
vn -0.000551 0.000464 0.000694
vn -0.000251 -0.00082 0.000515
vn -0.000309 0.00049 0.000815
vn -0.000141 -0.000853 0.000503
vn -0.000113 -0.00065 0.000752
vn -0.000047 0.00042 0.000906
vn 0 -0.000789 0.000615
vn 0.000046 0.000408 0.000912
vn 0.000116 -0.000634 0.000765
vn 0.000134 -0.000867 0.000479
vn 0.000307 0.000486 0.000818
vn 0.000261 -0.0008 0.000539
vn 0.000359 -0.000752 0.000552
vn 0.000416 -0.000782 0.000464
vn 0.000548 0.000468 0.000693
vn 0.000645 -0.000545 0.000537
vn 0.000676 -0.000473 0.000565
vn 0.000661 0.000315 0.000681
vn 0.000527 -0.000786 0.000322
vn 0.000773 0.000361 0.000521
vn 0.000649 -0.000711 0.000271
vn 0.000786 0.000454 0.00042
vn 0.000542 -0.000827 0.00015
vn 0.00086 0.000485 0.000157
vn 0.000527 -0.000849 0.000049
vn 0.000734 -0.000678 -0.000024
vn 0.000893 0.000436 -0.000115
vn 0.000606 -0.000788 -0.000112
vn 0.000897 0.000389 -0.00021
vn 0.000759 -0.000597 -0.000261
vn 0.000442 -0.00087 -0.000216
vn 0.000755 0.000475 -0.000452
vn 0.000493 -0.000792 -0.000362
vn 0.000462 -0.000772 -0.000437
vn 0.000286 -0.000877 -0.000387
vn 0.000581 0.000475 -0.000661
vn 0.000399 -0.000579 -0.000711
vn 0.00022 -0.000787 -0.000576
vn 0.00037 0.000383 -0.000846
vn 0.000152 -0.000693 -0.000704
vn 0.000274 0.00044 -0.000855
vn 0.000001 0.000486 -0.000874
vn 0.000049 -0.000833 -0.000551
vn 0.000098 -0.000982 0.000159
vn 0.000111 -0.000979 0.000168
vn 0.000035 -0.000979 0.0002
vn 0.000128 -0.000908 0.000399
vn -0.000029 -0.000973 0.000229
vn -0.000029 -0.000986 0.000167
vn 0.000231 -0.000965 -0.000125
vn 0.00042 -0.000892 -0.000165
vn 0.000136 -0.000985 0.000108
vn 0.000309 -0.000931 0.000195
vn 0.000231 -0.000963 0.000139
vn 0.000237 -0.000966 0.000107
vn 0.000237 -0.000965 0.000107
vn 0.000131 -0.00099 0.000044
vn 0.000358 -0.00093 0.000087
vn 0.000374 -0.000923 0.000092
vn 0.0002 -0.000979 0.000026
vn 0.000418 -0.000908 0.000014
vn 0.000239 -0.000971 0.000002
vn 0.000176 -0.000984 -0.000009
vn 0.000426 -0.000901 -0.000074
vn 0.00035 -0.000935 -0.000064
vn 0.00017 -0.000984 -0.000054
vn 0.000334 -0.000933 -0.000134
vn 0.00067 -0.000609 -0.000425
vn 0.000303 -0.000931 -0.000203
vn 0.000153 -0.00098 -0.000128
vn 0.000302 -0.000903 -0.000306
vn 0.000246 -0.000936 -0.000253
vn 0.000125 -0.00098 -0.000157
vn 0.000194 -0.000938 -0.000287
vn 0.000073 -0.00099 -0.000124
vn 0.000024 -0.000997 -0.000066
vn 0.000171 -0.000927 -0.000335
vn 0.000071 -0.00098 -0.000188
vn 0.000101 -0.000931 -0.000352
vn 0.000049 -0.000978 -0.000203
vn 0.000027 -0.000981 -0.000192
vn 0.000064 -0.000923 -0.00038
vn 0.00001 -0.00098 -0.000201
vn -0.000019 -0.000906 -0.000423
vn -0.000018 -0.000931 -0.000365
vn -0.000032 -0.000984 -0.000175
vn -0.000091 -0.00093 -0.000357
vn -0.000093 -0.000927 -0.000363
vn -0.00007 -0.00098 -0.000188
vn -0.000156 -0.000931 -0.00033
vn -0.000097 -0.000978 -0.000185
vn -0.000113 -0.000979 -0.000172
vn -0.0002 -0.000925 -0.000322
vn -0.000125 -0.00098 -0.000158
vn -0.000249 -0.000931 -0.000267
vn -0.000188 -0.000963 -0.000194
vn -0.00019 -0.00097 -0.000153
vn -0.000277 -0.000933 -0.000231
vn -0.000167 -0.00098 -0.000112
vn -0.000365 -0.00091 -0.000198
vn -0.000324 -0.00093 -0.000173
vn -0.000167 -0.000984 -0.000063
vn -0.000344 -0.000933 -0.000103
vn -0.000362 -0.000926 -0.000109
vn -0.000198 -0.00098 -0.000036
vn -0.000417 -0.000908 -0.000035
vn -0.000261 -0.000965 -0.000017
vn -0.000173 -0.000985 -0
vn -0.000381 -0.000923 0.000042
vn -0.000242 -0.00097 0.000031
vn -0.000058 -0.000998 0.000025
vn -0.000358 -0.00093 0.000084
vn -0.000165 -0.000984 0.000063
vn -0.000276 -0.000953 0.000122
vn -0.000244 -0.000964 0.00011
vn -0.000225 -0.000964 0.000139
vn -0.000307 -0.000934 0.000184
vn -0.000141 -0.000984 0.00011
vn -0.000227 -0.000953 0.000201
vn -0.000198 -0.000964 0.000178
vn -0.000172 -0.000964 0.000201
vn -0.000235 -0.000934 0.000268
vn -0.0001 -0.000984 0.000148
vn -0.00016 -0.000947 0.000277
vn -0.000195 -0.000922 0.000334
vn -0.00008 -0.00098 0.000184
vn -0.000146 -0.000873 0.000466
vn -0.000198 -0.000762 0.000616
vn -0.000038 -0.000932 0.000359
vn 0 -0.00098 0.000201
vn 0.000052 -0.000876 0.000479
vn 0.000057 -0.000841 0.000537
vn 0.000109 -0.000932 0.000346
vn 0.00008 -0.00098 0.000183
vn 0.000186 -0.000921 0.000341
vn 0.0002 -0.000939 0.000279
vn 0.000132 -0.00098 0.000151
vn 0.000306 -0.000908 0.000287
vn 0.000193 -0.000966 0.000174
vn -0.000001 -0.001 0.000009
vn 0.000001 -0.001 0.000008
vn 0.000001 -0.001 0.000009
vn 0.000004 -0.001 0.000018
vn 0.000004 -0.001 0.000009
vn 0.000003 -0.001 0.000009
vn 0.000003 -0.001 0.000006
vn 0.00002 -0.001 -0.000011
vn 0.000008 -0.001 -0.000006
vn 0.000007 -0.001 -0.000006
vn 0.000005 -0.001 -0.000005
vn -0.000006 -0.001 -0.000006
vn 0.000005 -0.001 -0.000005
vn 0.000006 -0.001 -0.000008
vn -0.000009 -0.001 0.000008
vn 0.00002 -0.000999 -0.00004
vn -0.000004 -0.001 -0.000007
vn -0.000004 -0.001 -0.000006
vn -0.000007 -0.001 -0.000009
vn -0.000005 -0.001 -0.000005
vn 0.000007 -0.001 0.000004
vn 0.000006 -0.001 0.000003
vn 0.00001 -0.001 0.000004
vn 0.000008 -0.001 -0.000002
vn 0.000007 -0.001 -0.000003
vn 0.000015 -0.001 -0.000005
vn 0.000002 -0.001 -0.000006
vn 0.000002 -0.001 -0.000008
vn 0.000001 -0.001 -0.000007
vn 0.000001 -0.001 -0.000011
vn -0 -0.001 -0.000007
vn -0.000001 -0.001 -0.000008
vn -0.000002 -0.001 -0.000008
vn -0.000002 -0.001 -0.000006
vn -0.000004 -0.001 -0.00001
vn -0.000003 -0.001 -0.000006
vn 0.000007 -0.001 0.000002
vn 0.000008 -0.001 0.000002
vn 0.000009 -0.001 0.000001
vn 0.000006 -0.001 0
vn 0.000011 -0.001 -0.000001
vn 0.000006 -0.001 -0.000001
vn -0.000005 -0.001 -0.000004
vn -0.000007 -0.001 -0.000005
vn -0.000006 -0.001 -0.000003
vn -0.00001 -0.001 0.000001
vn 0.000008 -0.001 0.000001
vn -0.000038 -0.000999 0.000011
vn -0.000006 -0.001 0.000003
vn -0.000007 -0.001 0.000004
vn -0.000006 -0.001 0.000003
vn -0.000009 -0.001 0.000007
vn 0.000008 -0.001 0.000017
vn 0.000011 -0.001 0.000013
vn 0.000005 -0.001 0.000007
vn 0.000006 -0.001 0.000006
vn 0.000005 -0.001 0.000005
vn 0.000009 -0.001 0.000007
vn 0.000006 -0.001 0.000003
vn -0.000006 -0.001 -0.000004
vn -0.00001 -0.001 -0.000004
vn -0.000006 -0.001 -0.000002
vn -0.00001 -0.001 -0.000002
vn -0.000006 -0.001 -0
vn -0.000008 -0.001 -0.000001
vn -0.000005 -0.001 0.000004
vn -0.000006 -0.001 0.000006
vn -0.000004 -0.001 0.000005
vn -0.000007 -0.001 0.000009
vn -0.000003 -0.001 0.000006
vn -0.000004 -0.001 0.000007
vn -0.000003 -0.001 0.000008
vn -0.000003 -0.001 0.000008
vn -0.000004 -0.001 0.000018
vn -0.000001 -0.001 0.000011
vn 0.000062 -0.000499 0.000864
vn 0.000184 -0.000499 0.000847
vn 0.000184 -0.000499 0.000847
vn 0.000303 -0.000499 0.000812
vn 0.000303 -0.000499 0.000812
vn 0.000415 -0.000499 0.000761
vn 0.000415 -0.000499 0.000761
vn 0.000519 -0.000499 0.000694
vn 0.000519 -0.000499 0.000694
vn 0.000613 -0.000499 0.000613
vn 0.000613 -0.000499 0.000613
vn 0.000694 -0.000499 0.000519
vn 0.000694 -0.000499 0.000519
vn 0.000761 -0.000499 0.000415
vn 0.000761 -0.000499 0.000415
vn 0.000812 -0.000499 0.000303
vn 0.000812 -0.000499 0.000303
vn 0.000847 -0.000499 0.000184
vn 0.000847 -0.000499 0.000184
vn 0.000864 -0.000499 0.000062
vn 0.000864 -0.000499 0.000062
vn 0.000864 -0.000499 -0.000062
vn 0.000864 -0.000499 -0.000062
vn 0.000846 -0.000499 -0.000186
vn 0.000836 -0.000518 -0.000182
vn 0.000808 -0.000506 -0.000301
vn 0.000812 -0.000499 -0.000303
vn 0.000761 -0.000499 -0.000415
vn 0.000761 -0.000499 -0.000415
vn 0.000694 -0.000499 -0.000519
vn 0.000694 -0.000499 -0.000519
vn 0.000613 -0.000499 -0.000613
vn 0.000613 -0.000499 -0.000613
vn 0.000519 -0.000499 -0.000694
vn 0.000519 -0.000499 -0.000694
vn 0.000415 -0.000499 -0.000761
vn 0.000415 -0.000499 -0.000761
vn 0.000303 -0.000499 -0.000812
vn 0.000303 -0.000499 -0.000812
vn 0.000184 -0.000499 -0.000847
vn 0.000184 -0.000499 -0.000847
vn 0.000062 -0.000499 -0.000864
vn 0.000062 -0.000499 -0.000864
vn -0.000062 -0.000499 -0.000864
vn -0.000062 -0.000499 -0.000864
vn -0.000184 -0.000499 -0.000847
vn -0.000184 -0.000499 -0.000847
vn -0.000303 -0.000499 -0.000812
vn -0.000303 -0.000499 -0.000812
vn -0.000415 -0.000499 -0.000761
vn -0.000415 -0.000499 -0.000761
vn -0.000519 -0.000499 -0.000694
vn -0.000519 -0.000499 -0.000694
vn -0.000613 -0.000499 -0.000613
vn -0.000613 -0.000499 -0.000613
vn -0.000694 -0.000499 -0.000519
vn -0.000694 -0.000499 -0.000519
vn -0.000761 -0.000499 -0.000415
vn -0.000761 -0.000499 -0.000415
vn -0.000812 -0.000499 -0.000303
vn -0.000812 -0.000499 -0.000303
vn -0.000847 -0.000499 -0.000184
vn -0.000847 -0.000499 -0.000184
vn -0.000864 -0.000499 -0.000062
vn -0.000864 -0.000499 -0.000062
vn -0.000864 -0.000499 0.000062
vn -0.000864 -0.000499 0.000062
vn -0.000847 -0.000499 0.000184
vn -0.000847 -0.000499 0.000184
vn -0.000812 -0.000499 0.000303
vn -0.000812 -0.000499 0.000303
vn -0.000761 -0.000499 0.000415
vn -0.000761 -0.000499 0.000415
vn -0.000694 -0.000499 0.000519
vn -0.000694 -0.000499 0.000519
vn -0.000613 -0.000499 0.000613
vn -0.000613 -0.000499 0.000613
vn -0.000519 -0.000499 0.000694
vn -0.000519 -0.000499 0.000694
vn -0.000413 -0.000499 0.000762
vn -0.000408 -0.000523 0.000748
vn -0.000302 -0.000506 0.000808
vn -0.000303 -0.000499 0.000812
vn -0.000184 -0.000499 0.000847
vn -0.000184 -0.000499 0.000847
vn -0.000062 -0.000499 0.000864
vn -0.000062 -0.000499 0.000864
vn 0.000062 -0.000499 0.000864
vn 0.000071 -0 -0.000997
vn 0.000213 0 -0.000977
vn 0.000213 0 -0.000977
vn 0.000349 0 -0.000937
vn 0.000349 0 -0.000937
vn 0.000479 0 -0.000878
vn 0.000479 0 -0.000878
vn 0.000599 0 -0.000801
vn 0.000599 0 -0.000801
vn 0.000707 0 -0.000707
vn 0.000801 0 -0.000599
vn 0.000801 0 -0.000599
vn 0.000878 0 -0.000479
vn 0.000878 0 -0.000479
vn 0.000937 0 -0.000349
vn 0.000937 0 -0.000349
vn 0.000977 0 -0.000213
vn 0.000977 0 -0.000213
vn 0.000997 0 -0.000071
vn 0.000997 0 0.000071
vn 0.000977 0 0.000213
vn 0.000977 0 0.000213
vn 0.000937 0 0.000349
vn 0.000937 0 0.000349
vn 0.000878 0 0.000479
vn 0.000878 0 0.000479
vn 0.000801 0 0.000599
vn 0.000801 0 0.000599
vn 0.000707 0 0.000707
vn 0.000707 0 0.000707
vn 0.000599 0 0.000801
vn 0.000599 0 0.000801
vn 0.000479 0 0.000878
vn 0.000479 0 0.000878
vn 0.000349 0 0.000937
vn 0.000349 0 0.000937
vn 0.000213 0 0.000977
vn 0.000213 0 0.000977
vn 0.000071 0 0.000997
vn 0.000071 0 0.000997
vn -0.000071 0 0.000997
vn -0.000071 0 0.000997
vn -0.000213 -0 0.000977
vn -0.000213 -0 0.000977
vn -0.000349 -0 0.000937
vn -0.000349 -0 0.000937
vn -0.000479 -0 0.000878
vn -0.000479 -0 0.000878
vn -0.000599 -0 0.000801
vn -0.000599 -0 0.000801
vn -0.000707 -0 0.000707
vn -0.000707 -0 0.000707
vn -0.000801 -0 0.000599
vn -0.000801 -0 0.000599
vn -0.000878 -0 0.000479
vn -0.000878 -0 0.000479
vn -0.000937 -0 0.000349
vn -0.000937 -0 0.000349
vn -0.000977 -0 0.000213
vn -0.000977 -0 0.000213
vn -0.000997 -0 0.000071
vn -0.000997 -0 0.000071
vn -0.000997 -0 -0.000071
vn -0.000997 -0 -0.000071
vn -0.000977 -0 -0.000213
vn -0.000977 -0 -0.000213
vn -0.000937 -0 -0.000349
vn -0.000937 -0 -0.000349
vn -0.000878 -0 -0.000479
vn -0.000878 -0 -0.000479
vn -0.000801 -0 -0.000599
vn -0.000801 -0 -0.000599
vn -0.000707 -0 -0.000707
vn -0.000707 -0 -0.000707
vn -0.000599 -0 -0.000801
vn -0.000599 -0 -0.000801
vn -0.000479 -0 -0.000878
vn -0.000479 -0 -0.000878
vn -0.000349 -0 -0.000937
vn -0.000349 -0 -0.000937
vn -0.000213 -0 -0.000977
vn -0.000213 -0 -0.000977
vn -0.000071 -0 -0.000997
vn -0.000071 -0 -0.000997
vn 0.000071 -0 -0.000997
vn -0 0.001 -0
vn -0 0.001 -0
vn -0 0.001 -0
vn -0 0.001 -0
vn 0 0.001 -0
vn 0 0.001 -0
vn 0 0.001 -0
vn 0 0.001 -0
vn 0 0.001 -0
vn -0 0.001 -0
vn -0 0.001 -0
vn -0 0.001 -0
vn -0 0.001 -0
vn -0 0.001 -0
vn -0 0.001 -0
vn 0 0.001 -0
vn -0 0.001 -0
vn 0 0.001 -0
vn -0 0.001 -0
vn 0 0.001 -0
vn -0 0.001 -0
vn 0 0.001 -0
vn -0 0.001 -0
vn -0 0.001 -0
vn 0 0.001 -0
vn -0 0.001 -0
vn 0 0.001 -0
vn -0 0.001 -0
vn -0 0.001 -0
vn 0 0.001 -0
vn -0 0.001 -0
vn -0.000971 -0.000229 0.000071
vn -0.000993 0.000027 0.000115
vn -0.000966 -0.000144 0.000215
vn -0.00097 -0.000115 0.000213
vn -0.000949 0.000056 0.00031
vn -0.000909 -0.000228 0.000348
vn -0.000909 0.000074 0.000411
vn -0.00086 -0.000168 0.000482
vn -0.000864 -0.000057 0.000499
vn -0.000774 -0.000209 0.000598
vn -0.000809 0.000022 0.000587
vn -0.000674 0.000003 0.000738
vn -0.000679 -0.000208 0.000704
vn -0.000742 0.000104 0.000663
vn -0.00059 -0.000068 0.000804
vn -0.000573 -0.000173 0.000801
vn -0.000507 0.000075 0.000859
vn -0.000446 -0.000223 0.000867
vn -0.000412 0.000061 0.000909
vn -0.00032 -0.000131 0.000938
vn -0.000319 -0.000138 0.000938
vn -0.000177 -0.000221 0.000959
vn -0.000217 0.00003 0.000976
vn -0.000016 -0.000019 0.001
vn -0.000036 -0.000189 0.000981
vn -0.000121 0.000093 0.000988
vn 0.000084 -0.000001 0.000996
vn 0.000107 -0.000195 0.000975
vn 0.000186 0.000083 0.000979
vn 0.000247 -0.000219 0.000944
vn 0.000287 0.000016 0.000958
vn 0.000386 -0.000156 0.000909
vn 0.000384 -0.000112 0.000917
vn 0.000476 0.000053 0.000878
vn 0.000507 -0.000229 0.000831
vn 0.000565 0.000051 0.000824
vn 0.000638 -0.000077 0.000766
vn 0.000635 -0.000204 0.000745
vn 0.000727 -0.000218 0.000651
vn 0.000719 0.000032 0.000694
vn 0.00085 0.000007 0.000527
vn 0.000816 -0.000205 0.00054
vn 0.000789 0.000072 0.000611
vn 0.000897 -0.00004 0.00044
vn 0.00089 -0.000183 0.000417
vn 0.000937 0.000075 0.000342
vn 0.000933 -0.000223 0.000281
vn 0.000968 0.00006 0.000245
vn 0.000982 -0.000122 0.000145
vn 0.000981 -0.000129 0.000144
vn 0.000975 -0.000223 0
vn 0.000997 0.00006 0.000042
vn 0.000986 -0.000029 -0.000165
vn 0.000972 -0.000186 -0.000143
vn 0.000995 0.000082 -0.000057
vn 0.000965 0.000009 -0.000263
vn 0.000938 -0.0002 -0.000282
vn 0.00093 0.000093 -0.000356
vn 0.000884 -0.000216 -0.000414
vn 0.00089 0.000025 -0.000456
vn 0.000824 -0.000156 -0.000545
vn 0.000835 -0.000083 -0.000543
vn 0.000776 0.000086 -0.000625
vn 0.000725 -0.000227 -0.00065
vn 0.000709 0.000072 -0.000701
vn 0.000636 -0.000103 -0.000765
vn 0.000624 -0.000174 -0.000762
vn 0.000509 -0.000216 -0.000833
vn 0.000549 0.000022 -0.000835
vn 0.000366 -0.000003 -0.000931
vn 0.000383 -0.000201 -0.000902
vn 0.000462 0.000083 -0.000883
vn 0.00027 -0.00003 -0.000962
vn 0.000249 -0.000183 -0.000951
vn 0.000174 0.00008 -0.000982
vn 0.000107 -0.000226 -0.000968
vn 0.000066 0.000042 -0.000997
vn -0.000036 -0.000135 -0.00099
vn -0.000035 -0.00012 -0.000992
vn -0.000136 0.000054 -0.000989
vn -0.000177 -0.000225 -0.000958
vn -0.000238 0.000069 -0.000969
vn -0.000318 -0.00018 -0.000931
vn -0.000336 -0.000061 -0.00094
vn -0.000447 -0.000206 -0.00087
vn -0.000432 -0.000003 -0.000902
vn -0.000606 0.000011 -0.000795
vn -0.000569 -0.000211 -0.000795
vn -0.000522 0.000085 -0.000849
vn -0.000684 -0.000078 -0.000725
vn -0.000684 -0.00017 -0.000709
vn -0.000757 0.000071 -0.00065
vn -0.000771 -0.000226 -0.000595
vn -0.000818 0.000079 -0.00057
vn -0.000867 -0.000102 -0.000487
vn -0.000864 -0.000156 -0.000479
vn -0.000918 0.00004 -0.000395
vn -0.000911 -0.000223 -0.000348
vn -0.000953 0.000081 -0.000291
vn -0.000958 -0.000192 -0.000213
vn -0.00098 -0.000025 -0.000197
vn -0.000998 0.000063 0.000005
vn -0.000979 -0.000193 -0.000072
vn -0.000995 -0.000037 -0.000093
vn 0.000259 -0.000773 -0.000579
vn 0.000198 -0.000787 -0.000585
vn 0.000199 -0.000783 -0.000589
vn 0.000136 -0.000806 -0.000577
vn 0.000071 -0.000772 -0.000631
vn 0.000015 -0.000783 -0.000622
vn -0.000004 -0.000978 -0.000208
vn -0.000024 -0.000962 -0.000272
vn -0.000014 -0.000979 -0.000203
vn -0.000049 -0.000965 -0.000259
vn -0.000048 -0.000966 -0.000254
vn -0.000182 -0.000789 -0.000586
vn -0.000067 -0.000967 -0.000246
vn 0.000091 -0.00094 0.00033
vn -0.000227 -0.000804 -0.00055
vn -0.000196 -0.000864 -0.000464
vn 0.000145 -0.00093 0.000339
vn 0.00018 -0.00088 0.000439
vn -0.000224 -0.000879 -0.000421
vn -0.000142 -0.000957 -0.000254
vn 0.000249 -0.000855 0.000455
vn 0.000233 -0.000873 0.000429
vn -0.000682 -0.000673 -0.000287
vn -0.000648 -0.000671 -0.00036
vn 0.000143 -0.000959 0.000243
vn 0.000127 -0.000956 0.000265
vn -0.0003 -0.000851 -0.00043
vn -0.000155 -0.000959 -0.000235
vn 0.000204 -0.00093 0.000307
vn 0.000307 -0.000843 0.000442
vn -0.000395 -0.000856 -0.000333
vn -0.000343 -0.000865 -0.000366
vn -0.000066 -0.000995 -0.00008
vn -0.000049 -0.000995 -0.000087
vn 0.000122 -0.000959 0.000257
vn 0.000102 -0.000953 0.000286
vn -0.000325 -0.000862 -0.000389
vn -0.00014 -0.000978 -0.000154
vn 0.000268 -0.000914 0.000304
vn 0.000491 -0.000642 0.000589
vn -0.000689 -0.000617 -0.000379
vn -0.000626 -0.000646 -0.000438
vn -0.000357 -0.000854 -0.000379
vn -0.00029 -0.000875 -0.000389
vn 0.000098 -0.000957 0.000275
vn 0.000071 -0.000955 0.000289
vn -0.000219 -0.000953 -0.000209
vn -0.000144 -0.000979 -0.000144
vn 0.000368 -0.000857 0.000361
vn 0.000566 -0.000628 0.000534
vn 0.000471 -0.000833 0.00029
vn 0.000735 -0.00067 0.000102
vn 0.000739 -0.000672 0.000032
vn 0.000773 -0.000633 0.000036
vn 0.000786 -0.000617 -0.000052
vn -0.000203 -0.000971 -0.000126
vn -0.00021 -0.000972 -0.000108
vn 0.000092 -0.000995 0.000038
vn 0.000102 -0.000995 0.00002
vn 0.000754 -0.000646 -0.00012
vn 0.00075 -0.00063 -0.000204
vn 0.000601 -0.000799 -0.000031
vn 0.000617 -0.00078 -0.000105
vn 0.000746 -0.000634 -0.000203
vn 0.000731 -0.000619 -0.000287
vn 0.000566 -0.000796 -0.000213
vn 0.000558 -0.000779 -0.000285
vn 0.000649 -0.000637 -0.000416
vn 0.000608 -0.000625 -0.00049
vn -0.000268 -0.000963 0.000017
vn -0.00026 -0.000964 0.000046
vn -0.000246 -0.000965 0.000095
vn -0.000226 -0.000967 0.000115
vn 0.00041 -0.000675 -0.000614
vn 0.00034 -0.000668 -0.000662
vn -0.000162 -0.000978 0.000131
vn -0.000149 -0.000978 0.000143
vn 0.000221 -0.000885 -0.00041
vn 0.000181 -0.000863 -0.000472
vn 0.000202 -0.000666 -0.000718
vn 0.000123 -0.000668 -0.000734
vn 0.000041 -0.000995 -0.000091
vn 0.000028 -0.000995 -0.000099
vn 0.000085 -0.000887 -0.000454
vn 0.00003 -0.000872 -0.000489
vn 0.000044 -0.000797 -0.000603
vn -0.000022 -0.000774 -0.000633
vn -0.000082 -0.000794 -0.000602
vn -0.000152 -0.000779 -0.000608
vn -0.00035 -0.000769 0.000534
vn -0.000288 -0.000785 0.000549
vn -0.000228 -0.000867 0.000443
vn -0.000179 -0.000881 0.000439
vn -0.000232 -0.000772 0.000591
vn -0.000169 -0.000784 0.000598
vn -0.000014 -0.000963 0.000268
vn 0.000009 -0.000964 0.000265
vn -0.000176 -0.000852 -0.000494
vn -0.00023 -0.000846 -0.000481
vn -0.000381 -0.000677 -0.000629
vn -0.000457 -0.000665 -0.000591
vn -0.000172 -0.000773 0.00061
vn -0.000107 -0.000787 0.000607
vn -0.000082 -0.000865 0.000495
vn -0.000038 -0.000877 0.000479
vn 0.00001 -0.000962 0.000274
vn 0.000035 -0.000966 0.000256
vn -0.000229 -0.000847 -0.00048
vn -0.000286 -0.000842 -0.000459
vn -0.000704 -0.000675 -0.000222
vn -0.000742 -0.000655 -0.000143
vn 0.000247 -0.000916 0.000316
vn 0.000265 -0.000922 0.000282
vn -0.000447 -0.000873 -0.000197
vn -0.000493 -0.000857 -0.000148
vn 0.000172 -0.000978 0.000119
vn 0.000177 -0.000978 0.000107
vn -0.000474 -0.000874 -0.000101
vn -0.000516 -0.000855 -0.000049
vn -0.000094 -0.000995 -0.000033
vn -0.000102 -0.000995 -0.000017
vn -0.000501 -0.000864 -0.000049
vn -0.000517 -0.000856 0.000008
vn 0.000367 -0.000917 0.000152
vn 0.000361 -0.000925 0.000117
vn -0.000343 -0.000939 -0.000003
vn -0.000356 -0.000933 0.000045
vn -0.000511 -0.000858 0.000055
vn -0.000534 -0.000837 0.000118
vn -0.000602 -0.000788 0.000129
vn -0.000592 -0.000781 0.000197
vn 0.000608 -0.000772 0.000184
vn 0.000609 -0.000783 0.000125
vn 0.000399 -0.000916 0.000038
vn 0.00038 -0.000925 0.000002
vn -0.00057 -0.000645 0.000509
vn -0.000523 -0.000621 0.000584
vn 0.000615 -0.000789 -0.000009
vn 0.000593 -0.000803 -0.000061
vn -0.000087 -0.000995 0.00005
vn -0.000082 -0.000995 0.000063
vn -0.000411 -0.000726 0.000551
vn -0.000353 -0.00071 0.000609
vn 0.000164 -0.000978 -0.000128
vn 0.000151 -0.000979 -0.000134
vn -0.000268 -0.000854 0.000446
vn -0.000226 -0.000833 0.000505
vn -0.000179 -0.000635 0.000752
vn -0.000091 -0.000617 0.000781
vn 0.000553 -0.000769 -0.00032
vn 0.000504 -0.000785 -0.00036
vn 0.0002 -0.000955 -0.000221
vn 0.00017 -0.000957 -0.000236
vn -0.000088 -0.00068 0.000728
vn -0.000013 -0.000668 0.000744
vn -0.000015 -0.000647 0.000762
vn 0.00007 -0.00063 0.000774
vn 0.000144 -0.00097 -0.000195
vn 0.00012 -0.000973 -0.000198
vn -0.000045 -0.000995 0.000089
vn -0.000031 -0.000995 0.000098
vn -0.00012 -0.000935 0.000334
vn -0.000071 -0.000933 0.000352
vn 0.000048 -0.000786 0.000616
vn 0.000118 -0.000778 0.000617
vn -0.000015 -0.000995 0.000099
vn 0.000001 -0.000995 0.000103
vn 0.000113 -0.000795 0.000596
vn 0.000186 -0.000778 0.0006
vn 0.00058 -0.000727 0.000366
vn 0.00064 -0.000704 0.000308
vn 0.000691 -0.000676 0.000258
vn 0.000723 -0.000666 0.000183
vn 0.000448 -0.000865 0.000226
vn 0.000487 -0.000856 0.000174
vn 0.000616 -0.000771 0.000162
vn 0.000665 -0.000741 0.000097
vn -0.000238 -0.00096 -0.000145
vn -0.000366 -0.000914 -0.000176
vn -0.000358 -0.000923 -0.000137
vn 0.000098 -0.000995 0.000021
vn 0.000103 -0.000995 0.000001
vn 0.000553 -0.000621 -0.000555
vn 0.000598 -0.000642 -0.00048
vn 0.000529 -0.000774 -0.000348
vn 0.000539 -0.000796 -0.000274
vn -0.000197 -0.00098 0.000009
vn -0.0002 -0.00098 -0.000002
vn -0.000424 -0.000903 -0.000069
vn -0.000431 -0.000897 -0.000104
vn -0.000597 -0.000788 -0.000153
vn -0.000596 -0.000774 -0.000215
vn -0.000632 -0.00077 -0.000091
vn -0.000619 -0.000785 -0.000031
vn -0.000209 -0.000977 0.000034
vn -0.000195 -0.000979 0.000053
vn 0.000402 -0.000771 -0.000495
vn 0.000432 -0.000797 -0.000421
vn -0.000191 -0.000979 0.00007
vn -0.000204 -0.000977 0.000056
vn -0.000239 -0.000963 0.000123
vn -0.00022 -0.000964 0.000146
vn 0.000303 -0.000882 -0.000361
vn 0.000264 -0.000873 -0.00041
vn 0.000202 -0.000667 -0.000717
vn 0.000273 -0.00068 -0.00068
vn -0.000153 -0.000981 0.000123
vn -0.00017 -0.000979 0.00011
vn -0.000191 -0.000963 0.000189
vn -0.000172 -0.000964 0.000201
vn 0.000058 -0.000995 -0.000081
vn 0.000044 -0.000995 -0.000093
vn -0.000085 -0.000782 -0.000617
vn -0.00002 -0.000789 -0.000614
vn 0.000014 -0.000995 -0.000102
vn 0.000027 -0.000995 -0.000096
vn -0.000267 -0.000879 0.000396
vn -0.000316 -0.000864 0.000392
vn -0.000186 -0.000835 -0.000517
vn -0.000121 -0.000855 -0.000504
vn 0.000036 -0.000965 0.000261
vn 0.000059 -0.000967 0.000247
vn -0.000575 -0.000644 -0.000505
vn -0.000642 -0.000623 -0.000447
vn -0.000096 -0.000995 -0.000037
vn -0.000086 -0.000995 -0.000051
vn 0.000161 -0.000981 0.000113
vn 0.000155 -0.00098 0.000127
vn 0.000287 -0.000924 0.000252
vn 0.00028 -0.000913 0.000297
vn 0.000375 -0.000783 0.000497
vn 0.000336 -0.000772 0.000539
vn 0.00056 -0.000771 0.000305
vn 0.000568 -0.000785 0.000246
vn -0.000673 -0.000677 0.000297
vn -0.000652 -0.000658 0.000377
vn -0.000585 -0.000619 0.000524
vn -0.000628 -0.000634 0.000451
vn -0.0006 -0.000673 0.000434
vn -0.00064 -0.000673 0.00037
vn -0.000469 -0.000856 0.000215
vn -0.000465 -0.000873 0.000149
vn 0.000385 -0.000922 0.000037
vn 0.000394 -0.000916 0.000074
vn 0.000294 -0.000955 -0.000038
vn 0.000284 -0.000957 -0.000063
vn -0.000089 -0.000995 0.000051
vn -0.000093 -0.000995 0.000037
vn 0.000243 -0.000967 -0.000076
vn 0.000258 -0.000965 -0.000056
vn 0.000381 -0.000916 -0.000128
vn 0.000357 -0.000921 -0.000154
vn -0.000349 -0.000859 0.000374
vn -0.000321 -0.000838 0.000441
vn -0.000236 -0.000658 0.000715
vn -0.000308 -0.00068 0.000666
vn 0.000136 -0.00098 -0.000143
vn 0.000151 -0.000979 -0.000135
vn 0.000538 -0.000783 -0.00031
vn 0.000579 -0.000772 -0.000263
vn 0.000122 -0.000959 -0.000255
vn 0.000149 -0.000956 -0.000253
vn 0.000037 -0.00098 -0.000197
vn 0.000031 -0.00098 -0.000196
vn -0.000232 -0.000956 -0.00018
vn -0.000224 -0.000959 -0.000175
vn 0.000411 -0.000853 0.000321
vn 0.000422 -0.000845 0.000328
vn 0.000945 -0.000314 0.000089
vn 0.000932 -0.000353 0.000084
vn 0.000927 -0.000326 0.000184
vn 0.000921 -0.000343 0.000182
vn 0.000905 -0.000318 0.000282
vn 0.000909 -0.000306 0.000284
vn 0.000875 -0.00031 0.000371
vn 0.000883 -0.00028 0.000377
vn 0.000837 -0.000288 0.000466
vn 0.000825 -0.000334 0.000455
vn 0.000777 -0.000317 0.000543
vn 0.000772 -0.000339 0.000537
vn 0.000713 -0.000341 0.000613
vn 0.000719 -0.000309 0.000622
vn 0.000649 -0.000326 0.000688
vn 0.000652 -0.000301 0.000695
vn 0.000581 -0.000295 0.000759
vn 0.000582 -0.000284 0.000762
vn 0.000499 -0.000281 0.00082
vn 0.00049 -0.000363 0.000792
vn 0.000404 -0.000362 0.00084
vn 0.000407 -0.000305 0.000861
vn 0.000319 -0.000322 0.000891
vn 0.000319 -0.000318 0.000893
vn 0.000226 -0.000307 0.000925
vn 0.000226 -0.000329 0.000917
vn 0.000131 -0.000333 0.000934
vn 0.00013 -0.000315 0.00094
vn 0.000033 -0.000337 0.000941
vn 0.000033 -0.000334 0.000942
vn -0.000064 -0.000317 0.000946
vn -0.000063 -0.00032 0.000945
vn -0.000164 -0.000315 0.000935
vn -0.000163 -0.000284 0.000945
vn -0.000259 -0.000289 0.000922
vn -0.00026 -0.000284 0.000923
vn -0.000354 -0.000282 0.000892
vn -0.000347 -0.000321 0.000881
vn -0.000436 -0.000323 0.00084
vn -0.000442 -0.0003 0.000846
vn -0.000523 -0.000312 0.000793
vn -0.000529 -0.00029 0.000798
vn -0.000605 -0.000302 0.000737
vn -0.000596 -0.000334 0.00073
vn -0.000674 -0.000317 0.000667
vn -0.000668 -0.000337 0.000664
vn -0.000736 -0.000328 0.000592
vn -0.000736 -0.000327 0.000592
vn -0.000789 -0.000339 0.000513
vn -0.000791 -0.000334 0.000513
vn -0.000845 -0.000317 0.000431
vn -0.000843 -0.000323 0.00043
vn -0.000881 -0.000327 0.000343
vn -0.000885 -0.000315 0.000343
vn -0.000908 -0.000336 0.000249
vn -0.000919 -0.000305 0.000249
vn -0.000934 -0.000323 0.000154
vn -0.00092 -0.00036 0.000156
vn -0.000942 -0.000332 0.000056
vn -0.000939 -0.000339 0.000057
vn -0.000939 -0.000341 -0.000037
vn -0.000953 -0.0003 -0.000042
vn -0.00094 -0.000313 -0.000138
vn -0.000938 -0.000317 -0.000137
vn -0.000923 -0.000304 -0.000234
vn -0.00091 -0.000346 -0.000227
vn -0.000882 -0.000341 -0.000324
vn -0.000892 -0.000309 -0.000331
vn -0.000849 -0.000326 -0.000416
vn -0.000852 -0.000313 -0.000419
vn -0.000808 -0.000303 -0.000505
vn -0.000805 -0.000316 -0.000502
vn -0.000749 -0.00032 -0.00058
vn -0.000748 -0.000328 -0.000578
vn -0.00068 -0.000339 -0.00065
vn -0.000686 -0.000305 -0.00066
vn -0.000614 -0.000322 -0.00072
vn -0.000617 -0.000307 -0.000725
vn -0.000538 -0.000297 -0.000789
vn -0.00053 -0.000363 -0.000766
vn -0.000448 -0.000361 -0.000818
vn -0.000453 -0.000286 -0.000844
vn -0.000369 -0.000296 -0.000881
vn -0.000368 -0.000301 -0.00088
vn -0.000273 -0.000292 -0.000917
vn -0.000273 -0.000339 -0.000901
vn -0.000178 -0.000341 -0.000923
vn -0.000177 -0.000316 -0.000932
vn -0.000082 -0.000336 -0.000938
vn -0.00008 -0.000305 -0.000949
vn 0.000013 -0.000322 -0.000947
vn 0.000016 -0.000291 -0.000956
vn 0.000117 -0.000287 -0.000951
vn 0.000107 -0.000363 -0.000926
vn 0.000204 -0.000362 -0.00091
vn 0.000214 -0.0003 -0.000929
vn 0.000304 -0.000313 -0.0009
vn 0.000304 -0.000313 -0.0009
vn 0.000399 -0.0003 -0.000866
vn 0.000394 -0.000323 -0.000861
vn 0.000478 -0.000327 -0.000815
vn 0.000481 -0.000316 -0.000818
vn 0.000558 -0.000336 -0.000758
vn 0.000551 -0.00036 -0.000753
vn 0.000635 -0.000332 -0.000697
vn 0.000636 -0.00033 -0.000698
vn 0.000701 -0.000334 -0.00063
vn 0.000709 -0.000309 -0.000633
vn 0.000763 -0.000328 -0.000556
vn 0.000778 -0.00028 -0.000562
vn 0.000829 -0.000288 -0.000479
vn 0.000825 -0.000301 -0.000478
vn 0.000873 -0.000292 -0.000389
vn 0.00087 -0.000302 -0.000389
vn 0.000906 -0.000298 -0.0003
vn 0.000898 -0.000327 -0.000294
vn 0.000919 -0.000339 -0.000201
vn 0.000921 -0.000334 -0.000201
vn 0.000942 -0.000317 -0.000107
vn 0.000943 -0.000315 -0.000107
vn 0.00095 -0.000312 -0.000006
vn 0.000952 -0.000306 -0.000007
vn 0.000715 -0.000673 -0.000189
vn 0.000709 -0.000694 -0.000125
vn 0.000627 -0.000778 -0.000032
vn 0.000543 -0.00084 0.000024
vn 0.000608 -0.000794 0.000024
vn -0.000234 -0.000972 -0.000032
vn 0.000516 -0.000854 0.000071
vn 0.000694 -0.000712 0.000106
vn -0.000228 -0.000971 -0.000063
vn 0.000134 -0.00099 0.000044
vn 0.000669 -0.000725 0.000162
vn -0.000219 -0.000973 -0.000075
vn 0.000135 -0.00099 0.000038
vn 0.000662 -0.000707 0.000249
vn -0.000535 -0.000805 -0.000256
vn -0.000218 -0.000969 -0.000113
vn 0.000323 -0.000932 0.000165
vn 0.000623 -0.000723 0.000299
vn -0.00016 -0.000804 0.000573
vn 0.000094 -0.000937 -0.000337
vn 0.000095 -0.000935 -0.00034
vn -0.000521 -0.000789 -0.000325
vn -0.000505 -0.000804 -0.000314
vn 0.000297 -0.000937 0.000185
vn 0.0003 -0.000935 0.000187
vn -0.000231 -0.000788 0.00057
vn -0.000066 -0.00098 0.000186
vn 0.00012 -0.000938 -0.000324
vn 0.000291 -0.00063 -0.000719
vn -0.000093 -0.00098 0.000179
vn -0.000123 -0.000965 0.000231
vn 0.000293 -0.000777 -0.000556
vn 0.000351 -0.000644 -0.00068
vn -0.000484 -0.000788 -0.000381
vn -0.000225 -0.00096 -0.000168
vn 0.000276 -0.000939 0.000208
vn 0.000426 -0.00084 0.000335
vn -0.000261 -0.000965 -0.000011
vn -0.000293 -0.000953 0.000079
vn -0.000381 -0.000918 0.000108
vn 0.000433 -0.000874 -0.000222
vn 0.000469 -0.000851 -0.000238
vn -0.000264 -0.000955 0.000132
vn -0.000418 -0.000882 0.000218
vn 0.000448 -0.000846 -0.00029
vn 0.000432 -0.000857 -0.000281
vn -0.000245 -0.000956 0.000159
vn -0.000254 -0.000953 0.000165
vn 0.000386 -0.00084 -0.000382
vn 0.000373 -0.00085 -0.000371
vn -0.0002 -0.000959 0.000199
vn -0.00021 -0.000955 0.000208
vn 0.000339 -0.000845 -0.000413
vn 0.000292 -0.000885 -0.000361
vn -0.000182 -0.000957 0.000228
vn -0.000325 -0.000862 0.00039
vn 0.000058 -0.000626 -0.000778
vn 0.00003 -0.00085 -0.000526
vn -0.00001 -0.00098 0.000197
vn -0.00002 -0.000955 0.000294
vn -0.000023 -0.000796 -0.000605
vn -0.000017 -0.000845 -0.000534
vn 0.000009 -0.000956 0.000292
vn 0.000009 -0.000962 0.000273
vn -0.000124 -0.000854 -0.000506
vn -0.000114 -0.000883 -0.000454
vn 0.000093 -0.000926 0.000366
vn 0.000117 -0.000866 0.000487
vn -0.000163 -0.00087 -0.000464
vn -0.000128 -0.000929 -0.000348
vn 0.000163 -0.000878 0.000449
vn 0.000179 -0.000848 0.000499
vn -0.000185 -0.000936 -0.000298
vn -0.000067 -0.00099 -0.000125
vn 0.000317 -0.000787 0.000529
vn -0.00053 -0.00071 -0.000463
vn -0.000394 -0.000856 -0.000334
vn 0.000178 -0.000973 0.00015
vn 0.000221 -0.000957 0.00019
vn -0.000325 -0.000936 -0.000138
vn -0.000322 -0.000937 -0.000137
vn 0.000545 -0.000806 0.000232
vn 0.000563 -0.000791 0.00024
vn -0.000569 -0.000821 -0.000046
vn -0.000129 -0.000991 -0.000023
vn 0.000479 -0.000876 0.000052
vn -0.000785 -0.000614 0.000084
vn -0.000605 -0.000793 0.000073
vn 0.000196 -0.00098 -0.000025
vn 0.000264 -0.000964 -0.00003
vn -0.000616 -0.000776 0.000134
vn -0.000599 -0.00079 0.000132
vn 0.000258 -0.000964 -0.000057
vn 0.000266 -0.000962 -0.000058
vn -0.00045 -0.00087 0.000204
vn -0.000323 -0.000936 0.00014
vn 0.000369 -0.000916 -0.000161
vn 0.000536 -0.000808 -0.000244
vn -0.000451 -0.000855 0.000257
vn -0.000302 -0.000936 0.00018
vn 0.000331 -0.000923 -0.000197
vn 0.000537 -0.000786 -0.000307
vn -0.00038 -0.00086 0.00034
vn -0.000366 -0.00087 0.000329
vn 0.000284 -0.000924 -0.000255
vn 0.000296 -0.000917 -0.000265
vn -0.000271 -0.000845 0.00046
vn -0.000233 -0.000886 0.000401
vn 0.000141 -0.000959 -0.000247
vn 0.000256 -0.000866 -0.000429
vn -0.000124 -0.00084 0.000528
vn -0.000021 -0.00099 0.000139
vn 0.000058 -0.000959 -0.000279
vn 0.000064 -0.00067 0.000739
vn 0.000064 -0.000644 0.000763
vn -0.000014 -0.000977 -0.000214
vn -0.000038 -0.000918 -0.000394
vn 0.000198 -0.000713 0.000673
vn 0.000147 -0.000869 0.000473
vn -0.000069 -0.000974 -0.000216
vn -0.000114 -0.000916 -0.000385
vn 0.000197 -0.000854 0.000481
vn 0.00014 -0.000936 0.000323
vn -0.000153 -0.000923 -0.000354
vn -0.000235 -0.000786 -0.000572
vn 0.000281 -0.000872 0.000401
vn 0.000072 -0.00099 0.000122
vn -0.000223 -0.000915 -0.000336
vn 0.00047 -0.000695 0.000544
vn 0.000325 -0.000862 0.00039
vn -0.00025 -0.000922 -0.000296
vn -0.000269 -0.000909 -0.00032
vn -0.000253 -0.000967 0.00002
vn -0.000416 -0.000907 0.000061
vn 0.000441 -0.000881 -0.000174
vn -0.000264 -0.000958 0.000107
vn -0.000467 -0.000866 0.000177
vn 0.000414 -0.000847 -0.000334
vn 0.000404 -0.000855 -0.000326
vn -0.000223 -0.000958 0.00018
vn -0.000226 -0.000957 0.000183
vn 0.000334 -0.000793 -0.00051
vn 0.000268 -0.000876 -0.000401
vn -0.000155 -0.000962 0.000227
vn -0.000258 -0.00088 0.000398
vn -0.000167 -0.000787 0.000593
vn -0.000096 -0.000807 0.000583
vn -0.000041 -0.000979 0.000198
vn 0.000069 -0.000932 -0.000356
vn 0.000125 -0.000644 -0.000755
vn 0.000053 -0.000917 0.000396
vn 0.000039 -0.000966 0.000257
vn -0.000071 -0.000869 -0.000489
vn -0.000083 -0.000785 -0.000614
vn 0.000222 -0.000866 0.000448
vn -0.00007 -0.00099 -0.000125
vn -0.000162 -0.000924 -0.000345
vn -0.000223 -0.00093 -0.000291
vn -0.000216 -0.000935 -0.000282
vn 0.000362 -0.000804 0.000472
vn 0.000373 -0.000789 0.000488
vn 0.00041 -0.000805 0.000429
vn 0.000164 -0.000969 0.000183
vn -0.00024 -0.000934 -0.000265
vn -0.00048 -0.00072 -0.000501
vn -0.000436 -0.000847 -0.000304
vn -0.000426 -0.000855 -0.000296
vn 0.000232 -0.000959 0.000161
vn 0.000242 -0.000955 0.000169
vn 0.00054 -0.000785 0.000304
vn 0.000258 -0.000957 0.000137
vn -0.000304 -0.000939 -0.000163
vn -0.000473 -0.00084 -0.000265
vn -0.000347 -0.000931 -0.000111
vn -0.00013 -0.000991 -0.000031
vn 0.000564 -0.000809 0.000167
vn -0.000128 -0.000991 -0.000025
vn -0.000134 -0.000991 -0.000027
vn 0.000449 -0.000893 -0.000008
vn 0.000202 -0.000979 0.000004
vn -0.000595 -0.000804 -0
vn -0.000777 -0.00063 0.00001
vn -0.000716 -0.000698 0.00001
vn 0.000585 -0.000789 -0.000188
vn 0.000243 -0.000966 -0.000086
vn -0.000326 -0.000939 0.000114
vn -0.000593 -0.000783 0.000191
vn 0.000477 -0.000806 -0.00035
vn 0.000334 -0.000912 -0.000238
vn -0.000298 -0.000931 0.000211
vn -0.000395 -0.000872 0.000289
vn -0.000352 -0.000856 0.000379
vn -0.000082 -0.000991 0.000107
vn 0.000248 -0.000927 -0.000283
vn 0.000185 -0.000952 -0.000243
vn -0.000085 -0.000991 0.000099
vn -0.000309 -0.00085 0.000427
vn -0.000251 -0.000794 0.000554
vn -0.000203 -0.000876 0.000436
vn 0.000114 -0.000964 -0.000241
vn 0.000192 -0.000882 -0.00043
vn 0.000097 -0.000953 -0.000287
vn 0.000083 -0.000964 -0.000251
vn -0.000164 -0.000854 0.000493
vn -0.000204 -0.000777 0.000595
vn -0.00005 -0.000885 0.000462
vn -0.000026 -0.00099 0.000139
vn 0.000067 -0.000864 -0.000499
vn 0.000007 -0.000909 -0.000416
vn 0.000012 -0.000877 -0.00048
vn -0.000014 -0.000877 0.000481
vn -0.000007 -0.000695 0.000719
vn -0.000044 -0.000973 -0.000228
vn -0.00004 -0.000979 -0.0002
vn 0.000132 -0.000725 0.000675
vn 0.000144 -0.000629 0.000764
vn -0.000288 -0.000807 -0.000515
vn 0.000074 -0.00099 0.000119
vn 0.000172 -0.000931 0.000322
vn 0.000531 -0.000672 0.000516
vn 0.00038 -0.000853 0.000357
vn -0.00021 -0.000957 -0.000202
vn -0.00029 -0.000918 -0.000271
vn 0.000507 -0.000839 -0.000196
vn 0.000501 -0.000853 -0.000142
vn 0.000119 -0.000993 -0.000007
vn 0.000121 -0.000993 -0.000017
vn -0.000287 -0.000958 -0.000013
vn -0.0003 -0.000953 -0.000044
vn -0.001 0.000002 -0.000027
vn -0.001 0.000009 0.000007
vn -0.000999 0.000002 0.000031
vn -0.000994 0.000002 0.000111
vn -0.000994 0 0.000113
vn -0.000978 0.000001 0.000211
vn -0.000977 -0.000001 0.000213
vn -0.000949 -0.000001 0.000315
vn -0.000949 -0.000001 0.000316
vn -0.000913 -0.000001 0.000407
vn -0.000914 0 0.000406
vn -0.000866 0 0.0005
vn -0.000866 -0 0.000501
vn -0.000812 0 0.000584
vn -0.00081 -0.000001 0.000586
vn -0.000746 -0.000001 0.000666
vn -0.000742 0.000002 0.000671
vn -0.000674 0.000002 0.000738
vn -0.000672 -0 0.000741
vn -0.000598 0 0.000802
vn -0.000595 -0.000001 0.000804
vn -0.000503 -0.000001 0.000864
vn -0.000506 0.000001 0.000862
vn -0.000417 0.000001 0.000909
vn -0.000418 0.000001 0.000909
vn -0.000322 0.000001 0.000947
vn -0.00032 0 0.000947
vn -0.000221 0 0.000975
vn -0.000218 -0.000002 0.000976
vn -0.000116 -0.000001 0.000993
vn -0.000121 0.000002 0.000993
vn -0.000022 0.000002 0.001
vn -0.00002 0.000001 0.001
vn 0.00009 0.000001 0.000996
vn 0.000086 0.000003 0.000996
vn 0.000187 0.000002 0.000982
vn 0.000189 0.000001 0.000982
vn 0.000286 0.000001 0.000958
vn 0.000289 -0 0.000957
vn 0.000386 -0.000001 0.000922
vn 0.000385 -0 0.000923
vn 0.000475 0 0.00088
vn 0.000479 -0.000003 0.000878
vn 0.00057 -0.000002 0.000822
vn 0.000565 0.000002 0.000825
vn 0.000646 0.000002 0.000764
vn 0.000645 0.000002 0.000764
vn 0.00072 0.000003 0.000694
vn 0.000724 0 0.00069
vn 0.000791 0 0.000612
vn 0.000791 -0 0.000612
vn 0.000847 0 0.000531
vn 0.000848 -0.000001 0.00053
vn 0.000899 -0.000001 0.000439
vn 0.000897 0.000001 0.000442
vn 0.000939 0.000002 0.000343
vn 0.00094 -0 0.00034
vn 0.00097 0 0.000244
vn 0.000968 0.000003 0.000249
vn 0.000989 0.000003 0.000147
vn 0.00099 0.000001 0.000144
vn 0.000999 0.000002 0.000044
vn 0.000999 0.000002 0.000044
vn 0.000998 0.000002 -0.000058
vn 0.000998 -0.000002 -0.000065
vn 0.000987 -0.000002 -0.000164
vn 0.000988 0.000002 -0.000157
vn 0.000966 0.000003 -0.000258
vn 0.000964 -0.000001 -0.000265
vn 0.000933 -0.000001 -0.000361
vn 0.000932 -0.000001 -0.000361
vn 0.00089 -0.000001 -0.000455
vn 0.00089 -0.000001 -0.000456
vn 0.000836 -0.000001 -0.000549
vn 0.000838 0.000002 -0.000545
vn 0.000781 0.000002 -0.000624
vn 0.000779 0 -0.000627
vn 0.000711 0 -0.000703
vn 0.00071 -0.000001 -0.000704
vn 0.00063 -0 -0.000777
vn 0.000633 0.000002 -0.000774
vn 0.000555 0.000002 -0.000832
vn 0.000552 0 -0.000834
vn 0.00046 0 -0.000888
vn 0.000463 0.000002 -0.000886
vn 0.000367 0.000002 -0.00093
vn 0.000364 -0 -0.000931
vn 0.000274 0 -0.000962
vn 0.000272 -0.000001 -0.000962
vn 0.000172 -0.000001 -0.000985
vn 0.000174 0 -0.000985
vn 0.000068 0 -0.000998
vn 0.000066 -0.000001 -0.000998
vn -0.000037 -0 -0.000999
vn -0.000035 0.000001 -0.000999
vn -0.000136 0.000001 -0.000991
vn -0.000137 0 -0.000991
vn -0.000238 0 -0.000971
vn -0.000238 0 -0.000971
vn -0.000338 0 -0.000941
vn -0.000339 -0 -0.000941
vn -0.00043 0 -0.000903
vn -0.000432 -0.000001 -0.000902
vn -0.000522 -0.000001 -0.000853
vn -0.00052 -0.000001 -0.000854
vn -0.000609 -0.000001 -0.000793
vn -0.000607 0.000001 -0.000794
vn -0.000683 0.000001 -0.00073
vn -0.000684 -0 -0.000729
vn -0.000759 -0 -0.000652
vn -0.000759 -0 -0.000651
vn -0.000819 0 -0.000574
vn -0.000819 -0.000001 -0.000573
vn -0.000876 -0.000001 -0.000483
vn -0.000876 -0.000001 -0.000483
vn -0.000919 -0.000001 -0.000393
vn -0.000919 -0.000001 -0.000394
vn -0.000956 -0.000001 -0.000294
vn -0.000955 -0 -0.000295
vn -0.000981 0 -0.000196
vn -0.000981 -0 -0.000195
vn -0.000996 0 -0.000092
vn -0.000995 0.000003 -0.000097
vn 0.00053 0.000848 -0.000036
vn 0.000128 0.000992 0.000003
vn -0.000291 0.000957 0.000013
vn -0.000157 0.000881 -0.000447
vn -0.00013 0.000924 -0.000359
vn 0.000168 0.000866 0.000471
vn 0.000168 0.000866 0.000471
vn -0.000515 0.000768 0.000381
vn -0.000293 0.000935 0.000202
vn 0.000418 0.000859 -0.000297
vn 0.000496 0.000791 -0.000359
vn -0.000109 0.000869 0.000482
vn -0.000114 0.000851 0.000513
vn 0.000062 0.000956 -0.000286
vn 0.000109 0.00088 -0.000462
vn 0.000126 0.000992 0.000006
vn 0.000133 0.000991 0.000005
vn -0.000116 0.000874 -0.000473
vn -0.000119 0.000867 -0.000484
vn 0.000098 0.000913 0.000396
vn 0.000112 0.000878 0.000465
vn -0.000457 0.00085 0.000261
vn -0.000308 0.000934 0.000183
vn 0.000254 0.000955 -0.000152
vn 0.000512 0.000808 -0.00029
vn -0.000169 0.000845 0.000507
vn -0.000119 0.000935 0.000335
vn 0.000095 0.00096 -0.000264
vn 0.000193 0.000788 -0.000585
vn 0.000126 0.000992 0.000018
vn 0.000129 0.000991 0.000018
vn -0.00007 0.000859 -0.000508
vn -0.000071 0.000857 -0.00051
vn 0.000043 0.000952 0.000301
vn 0.00005 0.000924 0.000379
vn -0.000488 0.000845 0.000218
vn -0.000425 0.000886 0.000187
vn 0.000268 0.000956 -0.000116
vn 0.000462 0.000861 -0.000211
vn -0.000149 0.000934 0.000326
vn -0.000153 0.000929 0.000336
vn 0.000217 0.000851 -0.000478
vn 0.000249 0.000804 -0.000539
vn -0.00053 0.000806 -0.000263
vn -0.000361 0.000917 -0.000173
vn 0.000323 0.000934 0.000154
vn 0.000447 0.000867 0.000222
vn -0.000584 0.000784 -0.000208
vn 0.000126 0.000991 0.000037
vn 0.000333 0.000935 0.000125
vn -0.000383 0.000919 0.000096
vn 0.000138 0.00099 -0.000024
vn 0.00071 0.000675 -0.000201
vn -0.000388 0.000909 0.00015
vn -0.000373 0.000917 0.000143
vn 0.000671 0.000695 -0.000258
vn 0.000692 0.00067 -0.000268
vn -0.000344 0.00091 0.000233
vn 0.000102 0.000991 -0.000081
vn 0.000608 0.000694 -0.000385
vn -0.000163 0.000965 0.000206
vn 0.000068 0.000993 -0.000099
vn 0.000391 0.000793 -0.000467
vn -0.000219 0.000808 0.000548
vn -0.000192 0.000852 0.000488
vn 0.000137 0.000927 -0.000349
vn 0.000131 0.000935 -0.000328
vn -0.000047 0.000962 0.000269
vn -0.000042 0.000972 0.000232
vn 0.000107 0.00079 -0.000604
vn 0.000119 0.00071 -0.000694
vn -0.000016 0.000972 0.000236
vn -0.000016 0.000967 0.000255
vn 0.000042 0.000777 -0.000628
vn 0.000049 0.00072 -0.000692
vn 0.000215 0.000912 0.000348
vn 0.00015 0.000957 0.00025
vn -0.000259 0.000867 -0.000426
vn -0.000279 0.000846 -0.000455
vn 0.000183 0.000955 0.000232
vn -0.000093 0.00099 -0.000107
vn -0.000316 0.00085 -0.000421
vn 0.000441 0.000811 0.000384
vn 0.000343 0.000893 0.000291
vn -0.000346 0.000892 -0.000292
vn -0.000483 0.000767 -0.000423
vn 0.000375 0.000913 0.00016
vn 0.000351 0.000924 0.000151
vn -0.000449 0.000872 -0.000193
vn -0.000471 0.000859 -0.000201
vn -0.000131 0.000991 -0.000012
vn -0.000125 0.000992 -0.000012
vn 0.000469 0.000881 -0.000051
vn 0.000399 0.000916 -0.000046
vn -0.000485 0.000873 0.000055
vn -0.000484 0.000874 0.000054
vn 0.000486 0.000867 -0.000106
vn 0.000388 0.000918 -0.00008
vn -0.000465 0.00088 0.000094
vn -0.000722 0.000672 0.000163
vn -0.000081 0.000993 0.000088
vn -0.000094 0.00099 0.000104
vn 0.000241 0.000919 -0.000313
vn -0.000093 0.00099 0.000105
vn -0.000432 0.000673 0.0006
vn 0.000009 0.000967 -0.000254
vn -0.000012 0.000993 0.000121
vn -0.000005 0.000783 0.000621
vn -0.000027 0.000965 -0.000262
vn 0.000021 0.000991 0.000129
vn 0.000047 0.00079 0.000611
vn -0.000085 0.000955 -0.000283
vn -0.000072 0.000967 -0.000245
vn 0.000146 0.000856 0.000495
vn 0.000181 0.000782 0.000596
vn -0.000315 0.000838 -0.000445
vn 0.000083 0.000991 0.0001
vn 0.000343 0.000786 0.000515
vn 0.000436 0.000859 0.000269
vn 0.00029 0.000939 0.000187
vn -0.000317 0.000926 -0.000203
vn -0.000523 0.000789 -0.000323
vn 0.000125 0.000992 0.000033
vn 0.000127 0.000991 0.000033
vn 0.000511 0.000856 -0.000079
vn 0.000138 0.00099 -0.000032
vn -0.000291 0.000955 0.000052
vn 0.000661 0.00067 -0.000338
vn 0.00064 0.000696 -0.000325
vn -0.000356 0.000917 0.000181
vn -0.000367 0.000911 0.000188
vn -0.00023 0.000957 0.000179
vn 0.000107 0.000991 -0.000074
vn 0.000412 0.000846 -0.000338
vn 0.000445 0.000777 -0.000444
vn 0.000375 0.00085 -0.000369
vn -0.000182 0.000967 0.000178
vn -0.000209 0.000956 0.000208
vn -0.000146 0.000966 0.000213
vn 0.000073 0.000993 -0.000092
vn 0.000338 0.000783 -0.000523
vn 0.000287 0.000789 -0.000543
vn 0.000178 0.000919 -0.000351
vn -0.000123 0.000961 0.000246
vn -0.000236 0.000863 0.000446
vn 0.000165 0.000782 -0.000601
vn 0.0001 0.000938 -0.000331
vn -0.000076 0.000966 0.000247
vn -0.000162 0.000789 0.000592
vn 0.000009 0.000965 0.000261
vn 0.000011 0.000958 0.000288
vn -0.000019 0.000847 -0.000531
vn -0.000019 0.000793 -0.000608
vn -0.000223 0.000859 -0.00046
vn -0.000157 0.000929 -0.000336
vn 0.000161 0.000925 0.000345
vn 0.000228 0.000852 0.000471
vn -0.000461 0.000748 -0.000478
vn -0.000089 0.00099 -0.000113
vn 0.000283 0.000907 0.000313
vn 0.00067 -0.000572 0.000474
vn 0.000504 0.000791 0.000347
vn 0.000286 0.000936 0.000207
vn -0.000357 0.000898 -0.000257
vn -0.000564 0.000729 -0.000389
vn -0.000583 0.000743 -0.000328
vn -0.000446 0.000861 -0.000244
vn 0.000337 0.000923 0.000184
vn 0.000326 0.000928 0.000179
vn 0.000395 0.000911 0.000116
vn -0.000138 0.00099 -0.000032
vn -0.000476 0.000866 -0.000153
vn -0.000128 0.000991 -0.000026
vn -0.00014 0.00099 -0.000027
vn -0.000508 0.000861 0.000009
vn -0.000125 0.000992 -0.00001
vn 0.000385 0.000923 0.000003
vn 0.000396 0.000909 -0.00013
vn 0.000453 0.000878 -0.000153
vn -0.000455 0.000877 0.000156
vn -0.000685 0.000695 0.000219
vn -0.000467 0.000785 0.000406
vn -0.00008 0.000993 0.000088
vn 0.000401 0.000838 -0.000369
vn 0.000211 0.000909 -0.000359
vn 0.000253 0.000862 -0.00044
vn -0.000187 0.000925 0.000331
vn -0.000371 0.000695 0.000616
vn -0.000061 0.000883 0.000466
vn -0.000004 0.000993 0.00012
vn 0.000055 0.00086 -0.000507
vn 0.000104 0.000847 0.00052
vn 0.000014 0.000991 0.00013
vn -0.00005 0.000956 -0.000288
vn -0.000223 0.000807 -0.000547
vn -0.000106 0.000965 -0.000241
vn 0.000143 0.000934 0.000328
vn 0.000232 0.000789 0.000568
vn 0.000311 0.000768 0.00056
vn 0.000163 0.000935 0.000316
vn -0.000241 0.000859 -0.000452
vn -0.000295 0.000786 -0.000542
vn 0.000085 0.000991 0.000099
vn 0.000082 0.000992 0.000096
vn -0.000203 0.000959 -0.0002
vn 0.000085 0.000992 0.000095
vn 0.000388 0.000846 0.000366
vn -0.000466 0.000805 -0.000368
vn -0.000244 0.000952 -0.000184
vn 0.000281 0.000936 0.000213
vn 0.000414 0.00085 0.000325
vn 0.000767 0.000305 0.000565
vn 0.000732 0.000452 0.00051
vn 0.000797 0.000294 0.000528
vn 0.000835 0.000296 0.000464
vn 0.000837 0.000291 0.000464
vn 0.000877 0.000302 0.000374
vn 0.000879 0.000296 0.000374
vn 0.000909 0.000309 0.00028
vn 0.00089 0.000361 0.000279
vn 0.000919 0.000349 0.000182
vn 0.000921 0.000344 0.000183
vn 0.000929 0.000359 0.000089
vn 0.000939 0.000333 0.000087
vn 0.000934 0.000357 -0.000008
vn 0.000946 0.000324 -0.000012
vn 0.000944 0.000311 -0.000107
vn 0.000942 0.000319 -0.000106
vn 0.000928 0.000312 -0.000203
vn 0.000926 0.000317 -0.000203
vn 0.000899 0.000325 -0.000293
vn 0.00091 0.000285 -0.0003
vn 0.000872 0.000294 -0.00039
vn 0.000868 0.000312 -0.000387
vn 0.000826 0.0003 -0.000478
vn 0.000827 0.000296 -0.000479
vn 0.000772 0.000299 -0.00056
vn 0.000772 0.000301 -0.00056
vn 0.000708 0.000318 -0.000631
vn 0.000702 0.000348 -0.000622
vn 0.000636 0.000321 -0.000702
vn 0.000629 0.000363 -0.000688
vn 0.000555 0.000361 -0.000749
vn 0.000564 0.000291 -0.000773
vn 0.000484 0.000302 -0.000822
vn 0.000484 0.000298 -0.000823
vn 0.000398 0.000292 -0.00087
vn 0.000399 0.000284 -0.000872
vn 0.000304 0.000281 -0.00091
vn 0.000303 0.000339 -0.00089
vn 0.00021 0.000342 -0.000916
vn 0.000209 0.00029 -0.000934
vn 0.000114 0.000301 -0.000947
vn 0.000116 0.000348 -0.00093
vn 0.000016 0.000322 -0.000947
vn 0.000016 0.000316 -0.000949
vn -0.000081 0.000316 -0.000945
vn -0.000081 0.000321 -0.000944
vn -0.000178 0.000339 -0.000924
vn -0.000179 0.000333 -0.000926
vn -0.000272 0.000317 -0.000909
vn -0.000272 0.000315 -0.000909
vn -0.000368 0.000312 -0.000876
vn -0.000368 0.000314 -0.000875
vn -0.00045 0.000321 -0.000833
vn -0.000458 0.000286 -0.000842
vn -0.000541 0.000296 -0.000787
vn -0.000524 0.000361 -0.000771
vn -0.000608 0.000349 -0.000713
vn -0.000612 0.000323 -0.000722
vn -0.00068 0.000339 -0.00065
vn -0.000687 0.000317 -0.000654
vn -0.000743 0.000336 -0.000578
vn -0.000751 0.000313 -0.000581
vn -0.000809 0.000303 -0.000504
vn -0.000801 0.000327 -0.000501
vn -0.000852 0.000319 -0.000415
vn -0.000857 0.000302 -0.000419
vn -0.000893 0.000309 -0.000328
vn -0.000877 0.000353 -0.000326
vn -0.000917 0.000326 -0.000231
vn -0.000902 0.000363 -0.000232
vn -0.000922 0.000361 -0.000137
vn -0.000933 0.000333 -0.000135
vn -0.000933 0.000357 -0.000041
vn -0.000942 0.000333 -0.000039
vn -0.000932 0.000357 0.000056
vn -0.000941 0.000334 0.000059
vn -0.000936 0.000317 0.000155
vn -0.00092 0.000363 0.000148
vn -0.0009 0.000362 0.000243
vn -0.000923 0.000285 0.000257
vn -0.000891 0.000294 0.000345
vn -0.000892 0.000291 0.000345
vn -0.000853 0.000286 0.000436
vn -0.000852 0.000293 0.000435
vn -0.000802 0.000291 0.000522
vn -0.000788 0.000353 0.000505
vn -0.000728 0.000359 0.000584
vn -0.000737 0.000317 0.000597
vn -0.000676 0.000304 0.000671
vn -0.000672 0.000327 0.000665
vn -0.000601 0.000321 0.000732
vn -0.000599 0.000328 0.000731
vn -0.000518 0.000344 0.000783
vn -0.000523 0.0003 0.000798
vn -0.000439 0.000312 0.000842
vn -0.000441 0.000291 0.000849
vn -0.000351 0.000286 0.000891
vn -0.000351 0.000306 0.000885
vn -0.00026 0.00031 0.000915
vn -0.00026 0.000299 0.000918
vn -0.000162 0.000313 0.000936
vn -0.000162 0.000312 0.000936
vn -0.000064 0.0003 0.000952
vn -0.000066 0.000327 0.000943
vn 0.000034 0.000321 0.000947
vn 0.000034 0.000327 0.000944
vn 0.000127 0.000339 0.000932
vn 0.000132 0.00031 0.000942
vn 0.000223 0.000328 0.000918
vn 0.000228 0.000298 0.000927
vn 0.000325 0.000291 0.0009
vn 0.000318 0.000323 0.000891
vn 0.000407 0.000327 0.000853
vn 0.000411 0.000309 0.000858
vn 0.000492 0.000329 0.000806
vn 0.000494 0.000318 0.000809
vn 0.000579 0.000304 0.000756
vn 0.000565 0.000354 0.000745
vn 0.000647 0.000343 0.000681
vn 0.000655 0.000295 0.000696
vn 0.000722 0.000303 0.000622
vn 0.000721 0.000308 0.000621
vn 0.000292 0.000956 0.000028
vn 0.000275 0.00096 0.000054
vn 0.000292 0.000955 0.000059
vn 0.00028 0.000956 0.000082
vn -0.000093 0.000995 -0.000035
vn -0.000089 0.000995 -0.000052
vn -0.000314 0.000935 -0.000166
vn -0.000292 0.000933 -0.00021
vn -0.000424 0.000857 -0.000293
vn -0.000405 0.000845 -0.00035
vn -0.000352 0.000887 -0.000299
vn -0.000341 0.000868 -0.000362
vn -0.0001 0.000587 0.000804
vn -0.000008 0.000593 0.000805
vn 0.000098 0.000844 0.000527
vn 0.000151 0.000857 0.000493
vn 0.000098 0.000934 0.000344
vn 0.000142 0.000936 0.000323
vn -0.000169 0.000957 -0.000238
vn -0.000188 0.000955 -0.000229
vn 0.000208 0.000836 0.000507
vn 0.000249 0.000859 0.000447
vn -0.000211 0.000958 -0.000195
vn -0.00024 0.000953 -0.000186
vn -0.000363 0.000922 -0.000132
vn -0.000389 0.000916 -0.000102
vn 0.000452 0.000846 0.000281
vn 0.00047 0.000852 0.00023
vn -0.00028 0.000959 -0.000042
vn -0.000303 0.000953 -0.000013
vn -0.000223 0.000974 0.000039
vn -0.000224 0.000973 0.000054
vn -0.000548 0.000788 0.000281
vn -0.000534 0.000774 0.00034
vn 0.000637 0.00077 0.000031
vn 0.000609 0.000792 -0.000038
vn -0.000414 0.000845 0.000338
vn -0.00039 0.000837 0.000384
vn 0.00009 0.000995 -0.000048
vn 0.000082 0.000995 -0.000057
vn -0.000272 0.000922 0.000276
vn -0.000256 0.000915 0.000311
vn -0.000298 0.000881 0.000367
vn -0.000277 0.000867 0.000414
vn -0.00034 0.000785 0.000518
vn -0.000295 0.000769 0.000567
vn 0.0007 0.000705 -0.000113
vn 0.000662 0.000727 -0.000182
vn 0.000548 0.000824 -0.000144
vn 0.000491 0.000848 -0.000199
vn -0.000287 0.000783 0.000552
vn -0.000238 0.000772 0.00059
vn 0.000463 0.000835 -0.000296
vn 0.000395 0.000859 -0.000326
vn -0.000165 0.000785 0.000597
vn -0.000109 0.000769 0.00063
vn 0.000313 0.000869 -0.000382
vn 0.000248 0.000888 -0.000387
vn 0.000047 0.000995 -0.00009
vn 0.000033 0.000995 -0.000094
vn 0.000414 0.000667 -0.00062
vn 0.00034 0.000677 -0.000653
vn 0.000193 0.000859 -0.000475
vn 0.000128 0.00087 -0.000476
vn 0.000017 0.000995 -0.000101
vn 0.000004 0.000995 -0.0001
vn 0.000013 0.00096 0.000281
vn 0.00004 0.000956 0.000291
vn 0.000119 0.000877 0.000466
vn 0.000164 0.000866 0.000473
vn 0.000208 0.000659 -0.000723
vn 0.000125 0.000676 -0.000726
vn 0.000091 0.000967 0.000238
vn 0.000114 0.000965 0.000238
vn 0.000255 0.000877 0.000408
vn 0.000303 0.000865 0.0004
vn 0.000238 0.000922 0.000306
vn 0.000275 0.000915 0.000294
vn 0.000326 0.000881 0.000343
vn 0.000374 0.000867 0.000328
vn -0.000083 0.00078 -0.00062
vn -0.000147 0.000796 -0.000587
vn -0.000113 0.000872 -0.000477
vn -0.000165 0.000881 -0.000444
vn 0.000488 0.000807 0.000334
vn 0.000534 0.000792 0.000296
vn -0.00021 0.000776 -0.000595
vn -0.000262 0.000797 -0.000544
vn -0.000236 0.000835 -0.000496
vn -0.00027 0.000854 -0.000445
vn 0.000223 0.000957 0.000186
vn 0.00024 0.000955 0.000174
vn -0.000254 0.000875 -0.000413
vn -0.000283 0.000887 -0.000366
vn 0.000441 0.000879 0.000183
vn 0.00048 0.000864 0.000153
vn -0.000448 0.000872 -0.000197
vn -0.000442 0.000887 -0.000133
vn 0.000264 0.000964 -0.000003
vn 0.000267 0.000963 -0.00003
vn 0.000587 0.000785 -0.000198
vn 0.000583 0.000769 -0.000261
vn -0.000653 0.000662 -0.000368
vn -0.000675 0.000681 -0.000284
vn -0.000513 0.000843 -0.000159
vn -0.000519 0.000848 -0.000103
vn 0.000263 0.000964 -0.00003
vn 0.000263 0.000963 -0.000057
vn 0.000567 0.000783 -0.000255
vn 0.000551 0.000772 -0.000316
vn 0.000408 0.000881 -0.000241
vn 0.000405 0.000868 -0.000288
vn -0.000646 0.000761 -0.000065
vn -0.000624 0.000781 0.000007
vn -0.000618 0.000783 0.000071
vn -0.000599 0.00079 0.000132
vn -0.000093 0.000995 0.000042
vn -0.000084 0.000995 0.000054
vn 0.000208 0.000965 -0.000158
vn 0.000205 0.000963 -0.000176
vn -0.000879 -0.000477 0.000008
vn -0.000708 0.000668 0.00023
vn -0.000672 0.000677 0.000301
vn -0.000433 0.000868 0.000244
vn -0.00037 0.000887 0.000275
vn -0.000123 0.000987 0.000106
vn -0.000103 0.000987 0.000119
vn -0.000363 0.000846 0.000392
vn -0.000312 0.000852 0.00042
vn 0.000076 0.000967 -0.000243
vn 0.000062 0.000965 -0.000254
vn 0.000067 0.000846 -0.000529
vn 0.000009 0.000837 -0.000547
vn 0.000008 0.000808 -0.000589
vn -0.000053 0.000789 -0.000612
vn -0.000024 0.000987 0.000161
vn -0.000001 0.000987 0.000158
vn -0.000453 0.000774 -0.000441
vn -0.000403 0.000788 -0.000466
vn -0.000136 0.000956 -0.000258
vn -0.000114 0.000959 -0.000258
vn 0.000071 0.000938 0.00034
vn 0.000031 0.000929 0.000369
vn 0.000092 0.000987 0.000128
vn 0.000075 0.000987 0.000144
vn 0.000064 0.000995 0.000081
vn 0.000074 0.000995 0.000066
vn -0.00023 0.000957 -0.000178
vn -0.000253 0.000955 -0.000157
vn -0.000376 0.000916 -0.000138
vn -0.000341 0.000926 -0.000164
vn -0.000267 0.000955 -0.000132
vn -0.000248 0.000957 -0.000154
vn 0.000345 0.000849 0.000399
vn 0.0003 0.000844 0.000445
vn 0.000384 0.00058 0.000718
vn 0.00046 0.000592 0.000661
vn 0.000385 0.000844 0.000374
vn 0.000407 0.000857 0.000315
vn -0.000261 0.000965 -0.000038
vn -0.000248 0.000967 -0.000059
vn 0.00045 0.000848 0.00028
vn 0.000425 0.000843 0.000331
vn 0.000532 0.000681 0.000504
vn 0.000481 0.000664 0.000572
vn 0.000472 0.000851 0.000231
vn 0.000458 0.000873 0.000167
vn -0.000259 0.000966 -0.000009
vn -0.000273 0.000962 0.000016
vn -0.000522 0.00084 0.000148
vn -0.000532 0.000822 0.000206
vn -0.000566 0.000772 0.000289
vn -0.00058 0.000784 0.000221
vn -0.000265 0.000963 0.000043
vn -0.000264 0.000964 0.000016
vn 0.000474 0.000873 0.000116
vn 0.000481 0.000859 0.000177
vn 0.000513 0.000858 0.000019
vn 0.00054 0.000838 0.000081
vn 0.000607 0.00079 0.000087
vn 0.000604 0.000782 0.000156
vn -0.000237 0.000954 0.000186
vn -0.000238 0.000958 0.000161
vn 0.000115 0.000992 -0.000059
vn 0.000126 0.000991 -0.000043
vn 0.000596 0.000797 -0.000101
vn 0.00062 0.000784 -0.000038
vn 0.000109 0.000987 -0.000114
vn 0.000128 0.000987 -0.000099
vn 0.000759 0.000583 -0.00029
vn 0.000717 0.000592 -0.000369
vn 0.000659 0.000674 -0.000335
vn 0.000619 0.000673 -0.000406
vn -0.000135 0.000925 0.000355
vn -0.000112 0.000917 0.000382
vn -0.000105 0.000783 0.000613
vn -0.000047 0.000772 0.000634
vn 0.000046 0.000995 -0.000089
vn 0.00006 0.000995 -0.000084
vn 0.000317 0.000866 -0.000386
vn 0.00037 0.000857 -0.000359
vn 0.000637 0.000581 -0.000507
vn 0.000568 0.000592 -0.000571
vn -0.000024 0.00091 0.000413
vn 0.000012 0.000903 0.000429
vn 0.000017 0.000995 -0.000099
vn 0.000031 0.000995 -0.000098
vn 0.000344 0.000668 -0.00066
vn 0.00027 0.000667 -0.000694
vn 0.000037 0.000966 0.000256
vn 0.00006 0.000963 0.000264
vn -0.000018 0.000914 -0.000405
vn 0.000033 0.00091 -0.000414
vn 0.000154 0.000954 0.000259
vn 0.000122 0.000959 0.000256
vn -0.000073 0.000858 -0.000508
vn -0.000016 0.000837 -0.000547
vn 0.000044 0.000677 -0.000735
vn 0.000127 0.000669 -0.000732
vn 0.000586 0.00077 0.000252
vn 0.000541 0.000786 0.0003
vn -0.00031 0.00086 -0.000406
vn -0.00034 0.000868 -0.000361
vn 0.000273 0.000962 -0.000002
vn 0.000258 0.000966 0.000023
vn 0.00025 0.000965 -0.000076
vn 0.000247 0.000967 -0.000054
vn -0.00052 0.000853 -0.000046
vn -0.000523 0.000846 -0.000104
vn 0.000371 0.000838 -0.000401
vn 0.000396 0.000845 -0.00036
vn -0.000091 0.000995 0.000041
vn -0.000099 0.000995 0.000029
vn -0.000625 0.000778 0.000071
vn -0.000644 0.000765 0.000005
vn -0.000619 0.000774 0.000135
vn -0.000572 0.000798 0.000192
vn 0.000279 0.000879 -0.000387
vn 0.000257 0.000863 -0.000436
vn 0.000208 0.000772 -0.0006
vn 0.000257 0.000783 -0.000566
vn 0.000201 0.000881 -0.000429
vn 0.000228 0.000891 -0.000393
vn 0.000176 0.000956 -0.000233
vn 0.000186 0.000959 -0.000212
vn -0.000678 0.00067 0.000303
vn -0.000642 0.000668 0.000375
vn 0.000057 0.000878 -0.000475
vn 0.000095 0.000892 -0.000442
vn -0.00045 0.000794 0.000409
vn -0.000518 0.00077 0.000371
vn -0.000286 0.000876 0.000389
vn -0.000227 0.000891 0.000394
vn -0.00006 0.000991 0.000119
vn -0.000037 0.000992 0.000124
vn -0.000052 0.000806 -0.000589
vn -0.000111 0.000788 -0.000606
vn -0.000607 0.000584 0.000538
vn -0.000538 0.000592 0.0006
vn -0.000231 0.000789 -0.000568
vn -0.000177 0.000803 -0.000569
vn -0.000227 0.000827 0.000515
vn -0.0003 0.00081 0.000503
vn -0.000207 0.000773 0.000599
vn -0.000136 0.000796 0.00059
vn -0.000061 0.000956 -0.000286
vn -0.000081 0.000955 -0.000286
vn -0.00034 0.000586 0.000736
vn -0.000256 0.000587 0.000768
vn -0.000132 0.000806 0.000576
vn -0.000059 0.000831 0.000553
vn -0.000013 0.00093 0.000366
vn 0.00003 0.000939 0.000343
vn -0.000256 0.000848 -0.000463
vn -0.000308 0.000835 -0.000456
vn -0.000981 0.000182 0.000072
vn -0.000993 -0.000033 0.000111
vn -0.000972 0.000093 0.000216
vn -0.000969 0.00013 0.000211
vn -0.000949 -0.000051 0.000312
vn -0.000917 0.000189 0.000351
vn -0.000865 0.000063 0.000497
vn -0.000864 0.000139 0.000485
vn -0.00091 -0.000068 0.000408
vn -0.00081 -0.000005 0.000587
vn -0.000779 0.000175 0.000602
vn -0.000742 -0.000078 0.000666
vn -0.000684 0.000173 0.000709
vn -0.000583 0.000188 0.00079
vn -0.000581 0.000062 0.000812
vn -0.000674 -0.000001 0.000738
vn -0.000504 -0.000051 0.000862
vn -0.000449 0.000187 0.000874
vn -0.000413 -0.000057 0.000909
vn -0.000321 0.000111 0.000941
vn -0.00032 0.000097 0.000942
vn -0.000221 -0.000036 0.000975
vn -0.000179 0.000184 0.000967
vn -0.000021 0.000046 0.000999
vn -0.000036 0.000156 0.000987
vn -0.000118 -0.000076 0.00099
vn 0.000085 0.000025 0.000996
vn 0.000108 0.000173 0.000979
vn 0.000187 -0.000054 0.000981
vn 0.000248 0.000188 0.00095
vn 0.000288 -0.000011 0.000958
vn 0.000389 0.000098 0.000916
vn 0.000381 0.000146 0.000913
vn 0.000479 -0.000051 0.000876
vn 0.000512 0.000189 0.000838
vn 0.000562 -0.000057 0.000825
vn 0.000633 0.00014 0.000761
vn 0.000647 0.000058 0.00076
vn 0.00072 -0.000022 0.000694
vn 0.000732 0.000185 0.000656
vn 0.000789 -0.00006 0.000611
vn 0.000821 0.000173 0.000543
vn 0.000849 0.000007 0.000529
vn 0.000904 0.000053 0.000424
vn 0.000881 0.000197 0.000431
vn 0.000937 -0.000055 0.000345
vn 0.00094 0.000193 0.000283
vn 0.000969 -0.00004 0.000244
vn 0.000983 0.000109 0.000145
vn 0.000983 0.000114 0.000145
vn 0.000998 -0.000035 0.000042
vn 0.000983 0.000186 -0
vn 0.000996 -0.000063 -0.000059
vn 0.000977 0.000155 -0.000144
vn 0.000986 0.00003 -0.000164
vn 0.000965 -0.000003 -0.000262
vn 0.000944 0.000169 -0.000284
vn 0.000929 -0.000078 -0.000361
vn 0.000891 0.000179 -0.000418
vn 0.00089 -0.000027 -0.000454
vn 0.000832 0.00007 -0.00055
vn 0.000829 0.000161 -0.000536
vn 0.000776 -0.000055 -0.000629
vn 0.000731 0.000189 -0.000655
vn 0.000711 -0.000053 -0.000701
vn 0.000634 0.000134 -0.000762
vn 0.000632 0.000081 -0.000771
vn 0.00055 -0.000019 -0.000835
vn 0.000512 0.000181 -0.000839
vn 0.00037 0.000014 -0.000929
vn 0.000386 0.000164 -0.000908
vn 0.00046 -0.000078 -0.000884
vn 0.000269 0.000039 -0.000962
vn 0.00025 0.000154 -0.000956
vn 0.000171 -0.000074 -0.000982
vn 0.000107 0.000186 -0.000977
vn 0.000071 -0.000025 -0.000997
vn -0.000036 0.000114 -0.000993
vn -0.000035 0.000122 -0.000992
vn -0.000137 -0.000039 -0.00099
vn -0.000178 0.00019 -0.000965
vn -0.000238 -0.000057 -0.00097
vn -0.000319 0.000151 -0.000936
vn -0.000337 0.000045 -0.00094
vn -0.00043 -0.000004 -0.000903
vn -0.00045 0.000175 -0.000876
vn -0.00052 -0.00006 -0.000852
vn -0.000572 0.000183 -0.0008
vn -0.000608 -0.000006 -0.000794
vn -0.000692 0.000072 -0.000718
vn -0.000675 0.000172 -0.000717
vn -0.000755 -0.00005 -0.000654
vn -0.000776 0.000194 -0.0006
vn -0.00082 -0.000035 -0.000572
vn -0.000864 0.000134 -0.000485
vn -0.000873 0.000077 -0.000481
vn -0.000918 -0.000034 -0.000395
vn -0.000917 0.000189 -0.000351
vn -0.00098 0.000022 -0.000195
vn -0.000963 0.000165 -0.000214
vn -0.000954 -0.000059 -0.000294
vn -0.000995 0.00003 -0.000092
vn -0.000985 0.000159 -0.000072
vn -0.001 -0 -0.000017
vn -0.001 -0 0.000027
usemtl Black
f 1//1 2//1 3//1
f 4//2 1//2 5//2
f 6//3 7//3 8//3
f 9//4 10//4 11//4
f 12//5 9//5 13//5
f 14//6 15//6 16//6
f 17//7 18//7 19//7
f 20//8 17//8 21//8
f 22//9 23//9 24//9
f 25//10 22//10 26//10
f 27//11 28//11 29//11
f 30//12 27//12 31//12
f 32//13 33//13 34//13
f 35//14 32//14 36//14
f 37//15 38//15 39//15
f 40//16 41//16 42//16
f 43//17 40//17 44//17
f 45//18 46//18 47//18
f 47//19 46//19 48//19
f 49//20 45//20 50//20
f 50//21 45//21 47//21
f 50//22 47//22 51//22
f 52//23 53//23 54//23
f 54//24 53//24 55//24
f 56//25 57//25 58//25
f 58//26 57//26 59//26
f 60//27 61//27 62//27
f 62//28 61//28 63//28
f 64//29 65//29 8//29
f 64//30 8//30 66//30
f 66//31 8//31 7//31
f 66//32 7//32 67//32
f 68//33 69//33 16//33
f 68//34 16//34 70//34
f 70//35 16//35 15//35
f 70//36 15//36 71//36
f 72//37 49//37 50//37
f 72//38 50//38 73//38
f 73//39 50//39 51//39
f 73//40 51//40 74//40
f 75//41 52//41 76//41
f 76//42 52//42 54//42
f 76//43 54//43 77//43
f 78//44 56//44 79//44
f 79//45 56//45 58//45
f 79//46 58//46 80//46
f 81//47 60//47 82//47
f 82//48 60//48 62//48
f 82//49 62//49 83//49
f 84//50 64//50 66//50
f 84//51 66//51 85//51
f 85//52 66//52 67//52
f 85//53 67//53 4//53
f 86//54 68//54 70//54
f 86//55 70//55 87//55
f 87//56 70//56 71//56
f 87//57 71//57 12//57
f 88//58 72//58 73//58
f 88//59 73//59 89//59
f 89//60 73//60 74//60
f 89//61 74//61 20//61
f 90//62 75//62 76//62
f 90//63 76//63 91//63
f 91//64 76//64 77//64
f 91//65 77//65 25//65
f 92//66 78//66 79//66
f 92//67 79//67 93//67
f 93//68 79//68 80//68
f 93//69 80//69 30//69
f 94//70 81//70 82//70
f 94//71 82//71 95//71
f 95//72 82//72 83//72
f 95//73 83//73 35//73
f 1//74 3//74 5//74
f 5//75 3//75 96//75
f 5//76 96//76 97//76
f 9//77 11//77 13//77
f 13//78 11//78 98//78
f 13//79 98//79 99//79
f 17//80 19//80 21//80
f 21//81 19//81 100//81
f 21//82 100//82 101//82
f 22//83 24//83 26//83
f 26//84 24//84 102//84
f 26//85 102//85 103//85
f 27//86 29//86 31//86
f 31//87 29//87 104//87
f 31//88 104//88 105//88
f 32//89 34//89 36//89
f 36//90 34//90 106//90
f 36//91 106//91 107//91
f 37//92 39//92 108//92
f 108//93 39//93 109//93
f 108//94 109//94 110//94
f 40//95 42//95 44//95
f 44//96 42//96 111//96
f 44//97 111//97 112//97
f 113//98 96//98 3//98
f 113//99 3//99 114//99
f 114//100 3//100 2//100
f 114//101 2//101 115//101
f 4//102 5//102 85//102
f 85//103 5//103 97//103
f 85//104 97//104 84//104
f 6//105 8//105 116//105
f 116//106 8//106 65//106
f 116//107 98//107 11//107
f 116//108 11//108 6//108
f 6//109 11//109 10//109
f 12//110 13//110 87//110
f 87//111 13//111 99//111
f 87//112 99//112 86//112
f 14//113 16//113 117//113
f 117//114 16//114 69//114
f 117//115 100//115 19//115
f 117//116 19//116 14//116
f 14//117 19//117 18//117
f 20//118 21//118 89//118
f 89//119 21//119 101//119
f 89//120 101//120 88//120
f 45//121 118//121 46//121
f 118//122 102//122 24//122
f 118//123 24//123 46//123
f 46//124 24//124 23//124
f 46//125 23//125 48//125
f 25//126 26//126 91//126
f 91//127 26//127 103//127
f 91//128 103//128 90//128
f 90//129 103//129 119//129
f 52//130 120//130 53//130
f 120//131 104//131 29//131
f 120//132 29//132 53//132
f 53//133 29//133 28//133
f 53//134 28//134 55//134
f 30//135 31//135 93//135
f 93//136 31//136 105//136
f 93//137 105//137 92//137
f 56//138 121//138 57//138
f 121//139 106//139 34//139
f 121//140 34//140 57//140
f 57//141 34//141 33//141
f 57//142 33//142 59//142
f 35//143 36//143 95//143
f 95//144 36//144 107//144
f 95//145 107//145 94//145
f 60//146 122//146 61//146
f 122//147 109//147 39//147
f 122//148 39//148 61//148
f 61//149 39//149 38//149
f 61//150 38//150 63//150
f 110//151 111//151 42//151
f 110//152 42//152 108//152
f 108//153 42//153 41//153
f 108//154 41//154 37//154
f 43//155 44//155 123//155
f 123//156 44//156 112//156
f 115//157 43//157 114//157
f 114//158 43//158 123//158
f 114//159 123//159 113//159
f 124//160 119//160 125//160
f 125//161 119//161 103//161
f 125//162 103//162 126//162
f 126//163 103//163 102//163
f 126//164 102//164 127//164
f 127//165 102//165 118//165
f 127//166 118//166 128//166
f 128//167 118//167 45//167
f 128//168 45//168 129//168
f 129//169 45//169 49//169
f 129//170 49//170 130//170
f 130//171 49//171 72//171
f 130//172 72//172 131//172
f 131//173 72//173 88//173
f 131//174 88//174 132//174
f 132//175 88//175 101//175
f 132//176 101//176 133//176
f 133//177 101//177 100//177
f 133//178 100//178 134//178
f 134//179 100//179 117//179
f 134//180 117//180 135//180
f 135//181 117//181 69//181
f 135//182 69//182 136//182
f 136//183 69//183 68//183
f 136//184 68//184 137//184
f 137//185 68//185 86//185
f 137//186 86//186 138//186
f 138//187 86//187 99//187
f 138//188 99//188 139//188
f 139//189 99//189 98//189
f 139//190 98//190 140//190
f 140//191 98//191 116//191
f 140//192 116//192 141//192
f 141//193 116//193 65//193
f 141//194 65//194 142//194
f 142//195 65//195 64//195
f 142//196 64//196 143//196
f 143//197 64//197 84//197
f 143//198 84//198 144//198
f 144//199 84//199 97//199
f 144//200 97//200 145//200
f 145//201 97//201 96//201
f 145//202 96//202 146//202
f 146//203 96//203 113//203
f 146//204 113//204 147//204
f 147//205 113//205 123//205
f 147//206 123//206 148//206
f 148//207 123//207 112//207
f 148//208 112//208 111//208
f 148//209 111//209 149//209
f 149//210 111//210 110//210
f 149//211 110//211 150//211
f 150//212 110//212 151//212
f 151//213 110//213 109//213
f 151//214 109//214 152//214
f 152//215 109//215 122//215
f 152//216 122//216 153//216
f 153//217 122//217 60//217
f 153//218 60//218 154//218
f 154//219 60//219 81//219
f 154//220 81//220 155//220
f 155//221 81//221 94//221
f 155//222 94//222 156//222
f 156//223 94//223 107//223
f 156//224 107//224 157//224
f 157//225 107//225 106//225
f 157//226 106//226 158//226
f 158//227 106//227 121//227
f 158//228 121//228 159//228
f 159//229 121//229 56//229
f 159//230 56//230 160//230
f 160//231 56//231 78//231
f 160//232 78//232 161//232
f 161//233 78//233 92//233
f 161//234 92//234 162//234
f 162//235 92//235 105//235
f 162//236 105//236 163//236
f 163//237 105//237 104//237
f 163//238 104//238 164//238
f 164//239 104//239 120//239
f 164//240 120//240 165//240
f 165//241 120//241 52//241
f 165//242 52//242 166//242
f 166//243 52//243 75//243
f 166//244 75//244 124//244
f 124//245 75//245 90//245
f 124//246 90//246 119//246
f 147//247 167//247 146//247
f 146//248 167//248 145//248
f 144//249 168//249 143//249
f 143//250 168//250 142//250
f 142//251 169//251 141//251
f 141//252 169//252 140//252
f 138//253 170//253 137//253
f 137//254 170//254 171//254
f 137//255 171//255 136//255
f 136//256 171//256 172//256
f 136//257 172//257 135//257
f 135//258 172//258 134//258
f 133//259 173//259 132//259
f 132//260 173//260 174//260
f 132//261 174//261 131//261
f 131//262 174//262 175//262
f 131//263 175//263 130//263
f 130//264 175//264 176//264
f 130//265 176//265 129//265
f 129//266 176//266 177//266
f 129//267 177//267 128//267
f 128//268 177//268 178//268
f 128//269 178//269 127//269
f 127//270 178//270 126//270
f 126//271 179//271 125//271
f 125//272 179//272 180//272
f 125//273 180//273 124//273
f 124//274 180//274 181//274
f 124//275 181//275 166//275
f 166//276 181//276 182//276
f 166//277 182//277 165//277
f 165//278 182//278 164//278
f 163//279 183//279 162//279
f 162//280 183//280 184//280
f 162//281 184//281 161//281
f 161//282 184//282 185//282
f 161//283 185//283 160//283
f 160//284 185//284 159//284
f 159//285 186//285 158//285
f 158//286 186//286 187//286
f 158//287 187//287 157//287
f 157//288 187//288 188//288
f 157//289 188//289 156//289
f 156//290 188//290 155//290
f 155//291 189//291 154//291
f 154//292 189//292 153//292
f 150//293 190//293 149//293
f 149//294 190//294 191//294
f 149//295 191//295 148//295
f 148//296 191//296 192//296
f 148//297 192//297 147//297
f 147//298 192//298 167//298
f 169//299 193//299 140//299
f 140//300 193//300 194//300
f 140//301 194//301 139//301
f 139//302 194//302 195//302
f 139//303 195//303 138//303
f 138//304 195//304 170//304
f 145//305 196//305 144//305
f 144//306 196//306 168//306
f 168//307 197//307 142//307
f 142//308 197//308 169//308
f 172//309 198//309 134//309
f 134//310 198//310 133//310
f 185//311 199//311 159//311
f 159//312 199//312 186//312
f 188//313 200//313 155//313
f 155//314 200//314 189//314
f 189//315 201//315 153//315
f 153//316 201//316 152//316
f 167//317 202//317 145//317
f 145//318 202//318 196//318
f 171//319 203//319 172//319
f 172//320 203//320 198//320
f 198//321 204//321 133//321
f 133//322 204//322 173//322
f 176//323 205//323 177//323
f 177//324 205//324 178//324
f 178//325 206//325 126//325
f 126//326 206//326 207//326
f 126//327 207//327 179//327
f 179//328 207//328 180//328
f 181//329 208//329 182//329
f 182//330 208//330 209//330
f 182//331 209//331 164//331
f 164//332 209//332 210//332
f 164//333 210//333 163//333
f 163//334 210//334 183//334
f 201//335 211//335 152//335
f 152//336 211//336 212//336
f 152//337 212//337 151//337
f 151//338 212//338 213//338
f 151//339 213//339 150//339
f 150//340 213//340 214//340
f 150//341 214//341 190//341
f 190//342 214//342 215//342
f 190//343 215//343 191//343
f 191//344 215//344 192//344
f 192//345 216//345 167//345
f 167//346 216//346 202//346
f 196//347 217//347 168//347
f 168//348 217//348 197//348
f 197//349 218//349 169//349
f 169//350 218//350 193//350
f 195//351 219//351 170//351
f 170//352 219//352 220//352
f 170//353 220//353 171//353
f 171//354 220//354 203//354
f 204//355 221//355 173//355
f 173//356 221//356 222//356
f 173//357 222//357 174//357
f 174//358 222//358 223//358
f 174//359 223//359 175//359
f 175//360 223//360 224//360
f 175//361 224//361 176//361
f 176//362 224//362 205//362
f 205//363 225//363 178//363
f 178//364 225//364 206//364
f 207//365 226//365 180//365
f 180//366 226//366 227//366
f 180//367 227//367 181//367
f 181//368 227//368 208//368
f 210//369 228//369 183//369
f 183//370 228//370 229//370
f 183//371 229//371 184//371
f 184//372 229//372 230//372
f 184//373 230//373 185//373
f 185//374 230//374 199//374
f 199//375 231//375 186//375
f 186//376 231//376 232//376
f 186//377 232//377 187//377
f 187//378 232//378 233//378
f 187//379 233//379 188//379
f 188//380 233//380 200//380
f 200//381 234//381 189//381
f 189//382 234//382 201//382
f 215//383 235//383 192//383
f 192//384 235//384 216//384
f 235//385 236//385 216//385
f 216//386 236//386 237//386
f 216//387 237//387 202//387
f 202//388 237//388 238//388
f 202//389 238//389 196//389
f 196//390 238//390 239//390
f 196//391 239//391 217//391
f 217//392 239//392 240//392
f 217//393 240//393 197//393
f 197//394 240//394 241//394
f 197//395 241//395 218//395
f 218//396 241//396 242//396
f 218//397 242//397 193//397
f 193//398 242//398 243//398
f 193//399 243//399 194//399
f 194//400 243//400 244//400
f 194//401 244//401 195//401
f 195//402 244//402 245//402
f 195//403 245//403 219//403
f 219//404 245//404 246//404
f 219//405 246//405 220//405
f 220//406 246//406 247//406
f 220//407 247//407 203//407
f 203//408 247//408 248//408
f 203//409 248//409 198//409
f 198//410 248//410 249//410
f 198//411 249//411 204//411
f 204//412 249//412 250//412
f 204//413 250//413 221//413
f 221//414 250//414 251//414
f 221//415 251//415 222//415
f 222//416 251//416 252//416
f 222//417 252//417 223//417
f 223//418 252//418 253//418
f 223//419 253//419 224//419
f 224//420 253//420 254//420
f 224//421 254//421 205//421
f 205//422 254//422 255//422
f 205//423 255//423 225//423
f 225//424 255//424 256//424
f 225//425 256//425 206//425
f 206//426 256//426 257//426
f 206//427 257//427 207//427
f 207//428 257//428 258//428
f 207//429 258//429 226//429
f 226//430 258//430 259//430
f 226//431 259//431 227//431
f 227//432 259//432 260//432
f 227//433 260//433 208//433
f 208//434 260//434 261//434
f 208//435 261//435 209//435
f 209//436 261//436 262//436
f 209//437 262//437 210//437
f 210//438 262//438 263//438
f 210//439 263//439 228//439
f 228//440 263//440 264//440
f 228//441 264//441 229//441
f 229//442 264//442 265//442
f 229//443 265//443 230//443
f 230//444 265//444 266//444
f 230//445 266//445 199//445
f 199//446 266//446 267//446
f 199//447 267//447 231//447
f 231//448 267//448 268//448
f 231//449 268//449 232//449
f 232//450 268//450 269//450
f 232//451 269//451 233//451
f 233//452 269//452 270//452
f 233//453 270//453 200//453
f 200//454 270//454 271//454
f 200//455 271//455 234//455
f 234//456 271//456 272//456
f 234//457 272//457 201//457
f 201//458 272//458 273//458
f 201//459 273//459 211//459
f 211//460 273//460 274//460
f 211//461 274//461 212//461
f 212//462 274//462 275//462
f 212//463 275//463 213//463
f 213//464 275//464 276//464
f 213//465 276//465 214//465
f 214//466 276//466 277//466
f 214//467 277//467 215//467
f 215//468 277//468 278//468
f 215//469 278//469 235//469
f 235//470 278//470 236//470
f 279//471 278//471 280//471
f 280//472 278//472 277//472
f 280//473 277//473 281//473
f 281//474 277//474 276//474
f 281//475 276//475 282//475
f 282//476 276//476 275//476
f 282//477 275//477 283//477
f 283//478 275//478 274//478
f 283//479 274//479 284//479
f 284//480 274//480 273//480
f 284//481 273//481 285//481
f 285//482 273//482 272//482
f 285//483 272//483 286//483
f 286//484 272//484 271//484
f 286//485 271//485 287//485
f 287//486 271//486 270//486
f 287//487 270//487 288//487
f 288//488 270//488 269//488
f 288//489 269//489 289//489
f 289//490 269//490 268//490
f 289//491 268//491 290//491
f 290//492 268//492 267//492
f 290//493 267//493 291//493
f 291//494 267//494 266//494
f 291//495 266//495 292//495
f 292//496 266//496 265//496
f 292//497 265//497 293//497
f 293//498 265//498 264//498
f 293//499 264//499 294//499
f 294//500 264//500 263//500
f 294//501 263//501 295//501
f 295//502 263//502 262//502
f 295//503 262//503 296//503
f 296//504 262//504 261//504
f 296//505 261//505 297//505
f 297//506 261//506 260//506
f 297//507 260//507 298//507
f 298//508 260//508 259//508
f 298//509 259//509 299//509
f 299//510 259//510 258//510
f 299//511 258//511 300//511
f 300//512 258//512 257//512
f 300//513 257//513 301//513
f 301//514 257//514 256//514
f 301//515 256//515 302//515
f 302//516 256//516 255//516
f 302//517 255//517 303//517
f 303//518 255//518 254//518
f 303//519 254//519 304//519
f 304//520 254//520 253//520
f 304//521 253//521 305//521
f 305//522 253//522 252//522
f 305//523 252//523 306//523
f 306//524 252//524 251//524
f 306//525 251//525 307//525
f 307//526 251//526 250//526
f 307//527 250//527 308//527
f 308//528 250//528 249//528
f 308//529 249//529 309//529
f 309//530 249//530 248//530
f 309//531 248//531 310//531
f 310//532 248//532 247//532
f 310//533 247//533 311//533
f 311//534 247//534 246//534
f 311//535 246//535 312//535
f 312//536 246//536 245//536
f 312//537 245//537 313//537
f 313//538 245//538 244//538
f 313//539 244//539 314//539
f 314//540 244//540 243//540
f 314//541 243//541 315//541
f 315//542 243//542 242//542
f 315//543 242//543 316//543
f 316//544 242//544 241//544
f 316//545 241//545 317//545
f 317//546 241//546 240//546
f 317//547 240//547 318//547
f 318//548 240//548 239//548
f 318//549 239//549 319//549
f 319//550 239//550 238//550
f 319//551 238//551 320//551
f 320//552 238//552 237//552
f 320//553 237//553 321//553
f 321//554 237//554 236//554
f 321//555 236//555 279//555
f 279//556 236//556 278//556
f 322//557 297//557 298//557
f 323//558 290//558 291//558
f 324//559 284//559 285//559
f 325//560 326//560 316//560
f 325//561 316//561 317//561
f 327//562 328//562 310//562
f 327//563 310//563 311//563
f 329//564 330//564 305//564
f 305//565 330//565 304//565
f 331//566 322//566 298//566
f 331//567 298//567 299//567
f 332//568 323//568 291//568
f 332//569 291//569 292//569
f 333//570 324//570 285//570
f 333//571 285//571 286//571
f 334//572 325//572 317//572
f 334//573 317//573 318//573
f 335//574 327//574 311//574
f 335//575 311//575 312//575
f 336//576 329//576 305//576
f 336//577 305//577 306//577
f 337//578 331//578 299//578
f 337//579 299//579 300//579
f 338//580 332//580 292//580
f 338//581 292//581 293//581
f 339//582 333//582 286//582
f 339//583 286//583 287//583
f 319//584 320//584 340//584
f 319//585 340//585 341//585
f 313//586 314//586 342//586
f 313//587 342//587 343//587
f 307//588 308//588 344//588
f 307//589 344//589 345//589
f 301//590 302//590 346//590
f 301//591 346//591 347//591
f 294//592 295//592 348//592
f 294//593 348//593 349//593
f 288//594 289//594 350//594
f 288//595 350//595 351//595
f 282//596 283//596 352//596
f 282//597 352//597 353//597
f 280//598 281//598 354//598
f 280//599 354//599 355//599
f 356//600 340//600 321//600
f 321//601 340//601 320//601
f 318//602 319//602 341//602
f 318//603 341//603 334//603
f 315//604 316//604 326//604
f 315//605 326//605 357//605
f 357//606 342//606 314//606
f 357//607 314//607 315//607
f 312//608 313//608 335//608
f 335//609 313//609 343//609
f 309//610 310//610 358//610
f 358//611 310//611 328//611
f 358//612 344//612 308//612
f 358//613 308//613 309//613
f 306//614 307//614 345//614
f 306//615 345//615 336//615
f 303//616 304//616 330//616
f 303//617 330//617 359//617
f 359//618 346//618 302//618
f 359//619 302//619 303//619
f 300//620 301//620 347//620
f 300//621 347//621 337//621
f 322//622 360//622 297//622
f 297//623 360//623 296//623
f 360//624 361//624 296//624
f 361//625 348//625 295//625
f 361//626 295//626 296//626
f 293//627 294//627 349//627
f 293//628 349//628 338//628
f 323//629 362//629 290//629
f 362//630 350//630 289//630
f 362//631 289//631 290//631
f 287//632 288//632 339//632
f 339//633 288//633 351//633
f 324//634 363//634 284//634
f 363//635 352//635 283//635
f 363//636 283//636 284//636
f 353//637 354//637 281//637
f 353//638 281//638 282//638
f 279//639 280//639 355//639
f 279//640 355//640 364//640
f 321//641 279//641 364//641
f 321//642 364//642 356//642
f 364//643 365//643 356//643
f 356//644 365//644 366//644
f 356//645 366//645 340//645
f 340//646 366//646 367//646
f 340//647 367//647 341//647
f 341//648 367//648 368//648
f 341//649 368//649 334//649
f 334//650 368//650 369//650
f 334//651 369//651 325//651
f 325//652 369//652 370//652
f 325//653 370//653 326//653
f 326//654 370//654 371//654
f 326//655 371//655 357//655
f 357//656 371//656 372//656
f 357//657 372//657 342//657
f 342//658 372//658 373//658
f 342//659 373//659 343//659
f 343//660 373//660 374//660
f 343//661 374//661 335//661
f 335//662 374//662 375//662
f 335//663 375//663 376//663
f 335//664 376//664 327//664
f 327//665 376//665 328//665
f 328//666 376//666 377//666
f 328//667 377//667 358//667
f 358//668 377//668 378//668
f 358//669 378//669 344//669
f 344//670 378//670 379//670
f 344//671 379//671 345//671
f 345//672 379//672 380//672
f 345//673 380//673 336//673
f 336//674 380//674 381//674
f 336//675 381//675 329//675
f 329//676 381//676 382//676
f 329//677 382//677 330//677
f 330//678 382//678 383//678
f 330//679 383//679 359//679
f 359//680 383//680 384//680
f 359//681 384//681 346//681
f 346//682 384//682 385//682
f 346//683 385//683 347//683
f 347//684 385//684 386//684
f 347//685 386//685 387//685
f 347//686 387//686 337//686
f 337//687 387//687 331//687
f 331//688 387//688 388//688
f 331//689 388//689 322//689
f 322//690 388//690 389//690
f 322//691 389//691 360//691
f 360//692 389//692 390//692
f 360//693 390//693 361//693
f 361//694 390//694 391//694
f 361//695 391//695 348//695
f 348//696 391//696 392//696
f 348//697 392//697 349//697
f 349//698 392//698 393//698
f 349//699 393//699 338//699
f 338//700 393//700 394//700
f 338//701 394//701 332//701
f 332//702 394//702 395//702
f 332//703 395//703 323//703
f 323//704 395//704 396//704
f 323//705 396//705 362//705
f 362//706 396//706 397//706
f 362//707 397//707 350//707
f 350//708 397//708 398//708
f 350//709 398//709 351//709
f 351//710 398//710 399//710
f 351//711 399//711 339//711
f 339//712 399//712 400//712
f 339//713 400//713 333//713
f 333//714 400//714 401//714
f 333//715 401//715 324//715
f 324//716 401//716 402//716
f 324//717 402//717 363//717
f 363//718 402//718 403//718
f 363//719 403//719 352//719
f 352//720 403//720 404//720
f 352//721 404//721 353//721
f 353//722 404//722 405//722
f 353//723 405//723 406//723
f 353//724 406//724 354//724
f 354//725 406//725 355//725
f 355//726 406//726 407//726
f 355//727 407//727 364//727
f 364//728 407//728 365//728
f 366//729 408//729 367//729
f 367//730 408//730 409//730
f 367//731 409//731 368//731
f 368//732 409//732 410//732
f 368//733 410//733 369//733
f 369//734 410//734 411//734
f 369//735 411//735 370//735
f 370//736 411//736 412//736
f 370//737 412//737 371//737
f 371//738 412//738 413//738
f 371//739 413//739 372//739
f 372//740 413//740 414//740
f 372//741 414//741 373//741
f 373//742 414//742 415//742
f 373//743 415//743 374//743
f 374//744 415//744 416//744
f 374//745 416//745 375//745
f 375//746 416//746 417//746
f 375//747 417//747 376//747
f 376//748 417//748 418//748
f 376//749 418//749 377//749
f 377//750 418//750 419//750
f 377//751 419//751 378//751
f 378//752 419//752 420//752
f 378//753 420//753 379//753
f 379//754 420//754 421//754
f 379//755 421//755 380//755
f 380//756 421//756 422//756
f 380//757 422//757 381//757
f 381//758 422//758 423//758
f 381//759 423//759 382//759
f 382//760 423//760 424//760
f 382//761 424//761 383//761
f 383//762 424//762 425//762
f 383//763 425//763 384//763
f 384//764 425//764 426//764
f 384//765 426//765 385//765
f 385//766 426//766 427//766
f 385//767 427//767 386//767
f 386//768 427//768 428//768
f 386//769 428//769 387//769
f 387//770 428//770 429//770
f 387//771 429//771 388//771
f 388//772 429//772 430//772
f 388//773 430//773 389//773
f 389//774 430//774 431//774
f 389//775 431//775 390//775
f 390//776 431//776 432//776
f 390//777 432//777 391//777
f 391//778 432//778 433//778
f 391//779 433//779 392//779
f 392//780 433//780 434//780
f 392//781 434//781 393//781
f 393//782 434//782 435//782
f 393//783 435//783 394//783
f 394//784 435//784 436//784
f 394//785 436//785 395//785
f 395//786 436//786 437//786
f 395//787 437//787 396//787
f 396//788 437//788 438//788
f 396//789 438//789 397//789
f 397//790 438//790 439//790
f 397//791 439//791 398//791
f 398//792 439//792 440//792
f 398//793 440//793 399//793
f 399//794 440//794 441//794
f 399//795 441//795 400//795
f 400//796 441//796 442//796
f 400//797 442//797 401//797
f 401//798 442//798 443//798
f 401//799 443//799 402//799
f 402//800 443//800 444//800
f 402//801 444//801 403//801
f 403//802 444//802 445//802
f 403//803 445//803 404//803
f 404//804 445//804 446//804
f 404//805 446//805 405//805
f 405//806 446//806 447//806
f 405//807 447//807 406//807
f 406//808 447//808 448//808
f 406//809 448//809 407//809
f 407//810 448//810 449//810
f 407//811 449//811 365//811
f 365//812 449//812 450//812
f 365//813 450//813 366//813
f 366//814 450//814 408//814
f 409//815 408//815 451//815
f 410//816 409//816 452//816
f 413//817 412//817 453//817
f 415//818 414//818 454//818
f 416//819 415//819 455//819
f 422//820 421//820 456//820
f 423//821 422//821 457//821
f 428//822 427//822 458//822
f 429//823 428//823 459//823
f 434//824 433//824 460//824
f 436//825 435//825 461//825
f 437//826 436//826 462//826
f 438//827 437//827 463//827
f 440//828 439//828 464//828
f 441//829 440//829 465//829
f 444//830 443//830 466//830
f 446//831 445//831 467//831
f 447//832 446//832 468//832
f 450//833 449//833 469//833
f 470//834 471//834 472//834
f 473//835 474//835 475//835
f 473//836 475//836 476//836
f 477//837 478//837 420//837
f 477//838 420//838 419//838
f 479//839 470//839 472//839
f 479//840 472//840 480//840
f 481//841 473//841 476//841
f 481//842 476//842 457//842
f 482//843 477//843 419//843
f 482//844 419//844 418//844
f 483//845 484//845 485//845
f 483//846 485//846 486//846
f 487//847 488//847 489//847
f 487//848 489//848 490//848
f 491//849 492//849 426//849
f 491//850 426//850 425//850
f 493//851 494//851 495//851
f 493//852 495//852 496//852
f 497//853 498//853 462//853
f 497//854 462//854 461//854
f 499//855 500//855 432//855
f 499//856 432//856 431//856
f 501//857 502//857 503//857
f 501//858 503//858 504//858
f 505//859 506//859 507//859
f 505//860 507//860 468//860
f 508//861 466//861 443//861
f 508//862 443//862 442//862
f 509//863 510//863 511//863
f 509//864 511//864 512//864
f 513//865 514//865 515//865
f 513//866 515//866 452//866
f 516//867 469//867 449//867
f 516//868 449//868 448//868
f 517//869 518//869 519//869
f 517//870 519//870 520//870
f 521//871 522//871 523//871
f 521//872 523//872 455//872
f 524//873 453//873 412//873
f 524//874 412//874 411//874
f 525//875 479//875 480//875
f 525//876 480//876 526//876
f 527//877 481//877 457//877
f 527//878 457//878 456//878
f 528//879 482//879 418//879
f 528//880 418//880 417//880
f 529//881 483//881 486//881
f 529//882 486//882 530//882
f 471//883 487//883 490//883
f 471//884 490//884 459//884
f 475//885 491//885 425//885
f 475//886 425//886 424//886
f 531//887 493//887 496//887
f 531//888 496//888 532//888
f 485//889 497//889 461//889
f 485//890 461//890 533//890
f 489//891 499//891 431//891
f 489//892 431//892 430//892
f 534//893 501//893 504//893
f 534//894 504//894 535//894
f 536//895 505//895 468//895
f 536//896 468//896 467//896
f 537//897 508//897 442//897
f 537//898 442//898 441//898
f 503//899 513//899 452//899
f 503//900 452//900 451//900
f 507//901 516//901 448//901
f 507//902 448//902 447//902
f 538//903 517//903 520//903
f 538//904 520//904 539//904
f 511//905 521//905 455//905
f 511//906 455//906 454//906
f 515//907 524//907 411//907
f 515//908 411//908 410//908
f 540//909 525//909 526//909
f 540//910 526//910 474//910
f 519//911 527//911 456//911
f 519//912 456//912 478//912
f 523//913 528//913 417//913
f 523//914 417//914 416//914
f 541//915 529//915 530//915
f 541//916 530//916 542//916
f 472//917 471//917 459//917
f 472//918 459//918 458//918
f 476//919 475//919 424//919
f 476//920 424//920 423//920
f 543//921 531//921 532//921
f 543//922 532//922 544//922
f 486//923 485//923 533//923
f 486//924 533//924 460//924
f 490//925 489//925 430//925
f 490//926 430//926 429//926
f 440//927 464//927 465//927
f 545//928 466//928 546//928
f 545//929 546//929 547//929
f 548//930 506//930 549//930
f 548//931 549//931 550//931
f 446//932 467//932 468//932
f 551//933 469//933 535//933
f 551//934 535//934 504//934
f 552//935 514//935 553//935
f 552//936 553//936 554//936
f 409//937 451//937 452//937
f 555//938 453//938 556//938
f 555//939 556//939 557//939
f 558//940 522//940 559//940
f 558//941 559//941 560//941
f 415//942 454//942 455//942
f 477//943 482//943 539//943
f 477//944 539//944 520//944
f 473//945 481//945 561//945
f 473//946 561//946 562//946
f 422//947 456//947 457//947
f 492//948 491//948 526//948
f 492//949 526//949 480//949
f 488//950 487//950 563//950
f 488//951 563//951 564//951
f 428//952 458//952 459//952
f 500//953 499//953 542//953
f 500//954 542//954 530//954
f 498//955 497//955 565//955
f 498//956 565//956 566//956
f 434//957 460//957 533//957
f 567//958 463//958 544//958
f 567//959 544//959 532//959
f 568//960 569//960 570//960
f 568//961 570//961 571//961
f 436//962 461//962 462//962
f 465//963 464//963 496//963
f 465//964 496//964 495//964
f 547//965 546//965 572//965
f 547//966 572//966 573//966
f 574//967 549//967 506//967
f 574//968 506//968 505//968
f 573//969 505//969 536//969
f 573//970 536//970 547//970
f 568//971 546//971 466//971
f 568//972 466//972 508//972
f 567//973 464//973 439//973
f 567//974 439//974 438//974
f 441//975 465//975 537//975
f 467//976 545//976 547//976
f 467//977 547//977 536//977
f 535//978 548//978 550//978
f 535//979 550//979 534//979
f 444//980 466//980 545//980
f 516//981 507//981 506//981
f 516//982 506//982 548//982
f 513//983 503//983 502//983
f 513//984 502//984 575//984
f 575//985 553//985 514//985
f 575//986 514//986 513//986
f 548//987 535//987 469//987
f 548//988 469//988 516//988
f 545//989 467//989 445//989
f 545//990 445//990 444//990
f 447//991 468//991 507//991
f 451//992 551//992 504//992
f 451//993 504//993 503//993
f 556//994 552//994 554//994
f 556//995 554//995 512//995
f 450//996 469//996 551//996
f 524//997 515//997 514//997
f 524//998 514//998 552//998
f 557//999 556//999 512//999
f 557//1000 512//1000 511//1000
f 521//1001 511//1001 510//1001
f 521//1002 510//1002 576//1002
f 576//1003 559//1003 522//1003
f 576//1004 522//1004 521//1004
f 552//1005 556//1005 453//1005
f 552//1006 453//1006 524//1006
f 551//1007 451//1007 408//1007
f 551//1008 408//1008 450//1008
f 410//1009 452//1009 515//1009
f 454//1010 555//1010 557//1010
f 454//1011 557//1011 511//1011
f 539//1012 558//1012 560//1012
f 539//1013 560//1013 538//1013
f 413//1014 453//1014 555//1014
f 528//1015 523//1015 522//1015
f 528//1016 522//1016 558//1016
f 527//1017 519//1017 518//1017
f 527//1018 518//1018 577//1018
f 577//1019 561//1019 481//1019
f 577//1020 481//1020 527//1020
f 558//1021 539//1021 482//1021
f 558//1022 482//1022 528//1022
f 555//1023 454//1023 414//1023
f 555//1024 414//1024 413//1024
f 416//1025 455//1025 523//1025
f 478//1026 477//1026 520//1026
f 478//1027 520//1027 519//1027
f 474//1028 473//1028 562//1028
f 474//1029 562//1029 540//1029
f 470//1030 578//1030 471//1030
f 578//1031 563//1031 487//1031
f 578//1032 487//1032 471//1032
f 474//1033 526//1033 491//1033
f 474//1034 491//1034 475//1034
f 478//1035 456//1035 421//1035
f 478//1036 421//1036 420//1036
f 423//1037 457//1037 476//1037
f 458//1038 492//1038 480//1038
f 458//1039 480//1039 472//1039
f 542//1040 488//1040 564//1040
f 542//1041 564//1041 541//1041
f 484//1042 565//1042 497//1042
f 484//1043 497//1043 485//1043
f 488//1044 542//1044 499//1044
f 488//1045 499//1045 489//1045
f 492//1046 458//1046 427//1046
f 492//1047 427//1047 426//1047
f 429//1048 459//1048 490//1048
f 460//1049 500//1049 530//1049
f 460//1050 530//1050 486//1050
f 544//1051 498//1051 566//1051
f 544//1052 566//1052 543//1052
f 494//1053 570//1053 569//1053
f 494//1054 569//1054 495//1054
f 498//1055 544//1055 463//1055
f 498//1056 463//1056 462//1056
f 500//1057 460//1057 433//1057
f 500//1058 433//1058 432//1058
f 579//1059 580//1059 573//1059
f 579//1060 573//1060 572//1060
f 571//1061 572//1061 546//1061
f 571//1062 546//1062 568//1062
f 532//1063 496//1063 464//1063
f 532//1064 464//1064 567//1064
f 533//1065 461//1065 435//1065
f 533//1066 435//1066 434//1066
f 437//1067 462//1067 463//1067
f 537//1068 465//1068 495//1068
f 537//1069 495//1069 569//1069
f 438//1070 463//1070 567//1070
f 508//1071 537//1071 569//1071
f 508//1072 569//1072 568//1072
f 505//1073 573//1073 580//1073
f 505//1074 580//1074 574//1074
f 550//1075 581//1075 534//1075
f 534//1076 581//1076 582//1076
f 534//1077 582//1077 501//1077
f 501//1078 582//1078 583//1078
f 501//1079 583//1079 502//1079
f 502//1080 583//1080 584//1080
f 502//1081 584//1081 575//1081
f 575//1082 584//1082 585//1082
f 575//1083 585//1083 586//1083
f 575//1084 586//1084 553//1084
f 553//1085 586//1085 554//1085
f 554//1086 586//1086 587//1086
f 554//1087 587//1087 512//1087
f 512//1088 587//1088 588//1088
f 512//1089 588//1089 509//1089
f 509//1090 588//1090 589//1090
f 509//1091 589//1091 510//1091
f 510//1092 589//1092 590//1092
f 510//1093 590//1093 576//1093
f 576//1094 590//1094 591//1094
f 576//1095 591//1095 559//1095
f 559//1096 591//1096 592//1096
f 559//1097 592//1097 560//1097
f 560//1098 592//1098 593//1098
f 560//1099 593//1099 538//1099
f 538//1100 593//1100 594//1100
f 538//1101 594//1101 517//1101
f 517//1102 594//1102 595//1102
f 517//1103 595//1103 518//1103
f 518//1104 595//1104 596//1104
f 518//1105 596//1105 577//1105
f 577//1106 596//1106 597//1106
f 577//1107 597//1107 598//1107
f 577//1108 598//1108 561//1108
f 561//1109 598//1109 562//1109
f 562//1110 598//1110 599//1110
f 562//1111 599//1111 540//1111
f 540//1112 599//1112 600//1112
f 540//1113 600//1113 525//1113
f 525//1114 600//1114 601//1114
f 525//1115 601//1115 479//1115
f 479//1116 601//1116 602//1116
f 479//1117 602//1117 470//1117
f 470//1118 602//1118 603//1118
f 470//1119 603//1119 578//1119
f 578//1120 603//1120 604//1120
f 578//1121 604//1121 563//1121
f 563//1122 604//1122 605//1122
f 563//1123 605//1123 564//1123
f 564//1124 605//1124 606//1124
f 564//1125 606//1125 541//1125
f 541//1126 606//1126 607//1126
f 541//1127 607//1127 529//1127
f 529//1128 607//1128 608//1128
f 529//1129 608//1129 483//1129
f 483//1130 608//1130 609//1130
f 483//1131 609//1131 610//1131
f 483//1132 610//1132 484//1132
f 484//1133 610//1133 565//1133
f 565//1134 610//1134 611//1134
f 565//1135 611//1135 566//1135
f 566//1136 611//1136 612//1136
f 566//1137 612//1137 543//1137
f 543//1138 612//1138 613//1138
f 543//1139 613//1139 531//1139
f 531//1140 613//1140 614//1140
f 531//1141 614//1141 493//1141
f 493//1142 614//1142 615//1142
f 493//1143 615//1143 616//1143
f 493//1144 616//1144 494//1144
f 494//1145 616//1145 570//1145
f 570//1146 616//1146 617//1146
f 570//1147 617//1147 571//1147
f 571//1148 617//1148 618//1148
f 571//1149 618//1149 572//1149
f 572//1150 618//1150 619//1150
f 572//1151 619//1151 579//1151
f 579//1152 619//1152 620//1152
f 579//1153 620//1153 621//1153
f 579//1154 621//1154 580//1154
f 580//1155 621//1155 574//1155
f 574//1156 621//1156 622//1156
f 574//1157 622//1157 549//1157
f 549//1158 622//1158 623//1158
f 549//1159 623//1159 550//1159
f 550//1160 623//1160 581//1160
f 583//1161 582//1161 624//1161
f 583//1162 624//1162 625//1162
f 585//1163 584//1163 626//1163
f 585//1164 626//1164 627//1164
f 587//1165 586//1165 628//1165
f 587//1166 628//1166 629//1166
f 588//1167 587//1167 629//1167
f 588//1168 629//1168 630//1168
f 589//1169 588//1169 630//1169
f 589//1170 630//1170 631//1170
f 591//1171 590//1171 632//1171
f 591//1172 632//1172 633//1172
f 593//1173 592//1173 634//1173
f 593//1174 634//1174 635//1174
f 594//1175 593//1175 635//1175
f 594//1176 635//1176 636//1176
f 595//1177 594//1177 636//1177
f 595//1178 636//1178 637//1178
f 597//1179 596//1179 638//1179
f 597//1180 638//1180 639//1180
f 599//1181 598//1181 640//1181
f 599//1182 640//1182 641//1182
f 600//1183 599//1183 642//1183
f 642//1184 599//1184 641//1184
f 601//1185 600//1185 642//1185
f 601//1186 642//1186 643//1186
f 603//1187 602//1187 644//1187
f 603//1188 644//1188 645//1188
f 605//1189 604//1189 646//1189
f 605//1190 646//1190 647//1190
f 606//1191 605//1191 647//1191
f 606//1192 647//1192 648//1192
f 607//1193 606//1193 648//1193
f 607//1194 648//1194 649//1194
f 609//1195 608//1195 650//1195
f 609//1196 650//1196 651//1196
f 611//1197 610//1197 652//1197
f 611//1198 652//1198 653//1198
f 612//1199 611//1199 654//1199
f 654//1200 611//1200 653//1200
f 613//1201 612//1201 654//1201
f 613//1202 654//1202 655//1202
f 615//1203 614//1203 656//1203
f 615//1204 656//1204 657//1204
f 617//1205 616//1205 658//1205
f 617//1206 658//1206 659//1206
f 618//1207 617//1207 659//1207
f 618//1208 659//1208 660//1208
f 619//1209 618//1209 660//1209
f 619//1210 660//1210 661//1210
f 621//1211 620//1211 662//1211
f 621//1212 662//1212 663//1212
f 623//1213 622//1213 664//1213
f 623//1214 664//1214 665//1214
f 624//1215 666//1215 625//1215
f 667//1216 626//1216 625//1216
f 625//1217 626//1217 584//1217
f 625//1218 584//1218 583//1218
f 626//1219 668//1219 627//1219
f 669//1220 628//1220 627//1220
f 627//1221 628//1221 586//1221
f 627//1222 586//1222 585//1222
f 628//1223 670//1223 629//1223
f 671//1224 632//1224 631//1224
f 631//1225 632//1225 590//1225
f 631//1226 590//1226 589//1226
f 632//1227 672//1227 633//1227
f 673//1228 634//1228 633//1228
f 633//1229 634//1229 592//1229
f 633//1230 592//1230 591//1230
f 634//1231 674//1231 635//1231
f 675//1232 638//1232 637//1232
f 637//1233 638//1233 596//1233
f 637//1234 596//1234 595//1234
f 638//1235 676//1235 639//1235
f 677//1236 640//1236 639//1236
f 639//1237 640//1237 598//1237
f 639//1238 598//1238 597//1238
f 640//1239 678//1239 641//1239
f 679//1240 644//1240 643//1240
f 643//1241 644//1241 602//1241
f 643//1242 602//1242 601//1242
f 644//1243 680//1243 645//1243
f 681//1244 646//1244 645//1244
f 645//1245 646//1245 604//1245
f 645//1246 604//1246 603//1246
f 646//1247 682//1247 647//1247
f 683//1248 650//1248 649//1248
f 649//1249 650//1249 608//1249
f 649//1250 608//1250 607//1250
f 650//1251 684//1251 651//1251
f 685//1252 652//1252 651//1252
f 651//1253 652//1253 610//1253
f 651//1254 610//1254 609//1254
f 652//1255 686//1255 653//1255
f 687//1256 656//1256 655//1256
f 655//1257 656//1257 614//1257
f 655//1258 614//1258 613//1258
f 656//1259 688//1259 657//1259
f 689//1260 658//1260 657//1260
f 657//1261 658//1261 616//1261
f 657//1262 616//1262 615//1262
f 658//1263 690//1263 659//1263
f 691//1264 662//1264 661//1264
f 661//1265 662//1265 620//1265
f 661//1266 620//1266 619//1266
f 662//1267 692//1267 663//1267
f 693//1268 664//1268 663//1268
f 663//1269 664//1269 622//1269
f 663//1270 622//1270 621//1270
f 664//1271 694//1271 665//1271
f 581//1272 623//1272 665//1272
f 581//1273 665//1273 695//1273
f 695//1274 665//1274 696//1274
f 582//1275 581//1275 695//1275
f 582//1276 695//1276 624//1276
f 697//1277 698//1277 699//1277
f 698//1278 697//1278 700//1278
f 700//1279 697//1279 701//1279
f 700//1280 701//1280 702//1280
f 702//1281 701//1281 703//1281
f 702//1282 703//1282 704//1282
f 704//1283 703//1283 705//1283
f 704//1284 705//1284 706//1284
f 706//1285 705//1285 707//1285
f 706//1286 707//1286 708//1286
f 708//1287 707//1287 709//1287
f 708//1288 709//1288 710//1288
f 710//1289 709//1289 711//1289
f 710//1290 711//1290 712//1290
f 712//1291 711//1291 713//1291
f 712//1292 713//1292 714//1292
f 714//1293 713//1293 715//1293
f 714//1294 715//1294 716//1294
f 716//1295 715//1295 717//1295
f 716//1296 717//1296 718//1296
f 718//1297 717//1297 719//1297
f 718//1298 719//1298 720//1298
f 720//1299 719//1299 721//1299
f 720//1300 721//1300 722//1300
f 722//1301 721//1301 723//1301
f 722//1302 723//1302 724//1302
f 724//1303 723//1303 725//1303
f 724//1304 725//1304 726//1304
f 726//1305 725//1305 727//1305
f 726//1306 727//1306 728//1306
f 728//1307 727//1307 729//1307
f 728//1308 729//1308 730//1308
f 730//1309 729//1309 731//1309
f 730//1310 731//1310 732//1310
f 732//1311 731//1311 733//1311
f 732//1312 733//1312 734//1312
f 734//1313 733//1313 735//1313
f 734//1314 735//1314 736//1314
f 736//1315 735//1315 737//1315
f 736//1316 737//1316 738//1316
f 738//1317 737//1317 739//1317
f 738//1318 739//1318 740//1318
f 740//1319 739//1319 741//1319
f 740//1320 741//1320 742//1320
f 742//1321 741//1321 743//1321
f 742//1322 743//1322 744//1322
f 744//1323 743//1323 745//1323
f 744//1324 745//1324 746//1324
f 747//1325 748//1325 745//1325
f 745//1326 748//1326 746//1326
f 749//1327 750//1327 751//1327
f 750//1328 752//1328 751//1328
f 751//1329 752//1329 747//1329
f 747//1330 752//1330 748//1330
f 750//1331 749//1331 753//1331
f 753//1332 749//1332 754//1332
f 753//1333 754//1333 755//1333
f 753//1334 755//1334 756//1334
f 757//1335 758//1335 755//1335
f 755//1336 758//1336 756//1336
f 759//1337 760//1337 757//1337
f 757//1338 760//1338 758//1338
f 761//1339 762//1339 759//1339
f 759//1340 762//1340 760//1340
f 763//1341 764//1341 761//1341
f 761//1342 764//1342 762//1342
f 765//1343 766//1343 763//1343
f 763//1344 766//1344 764//1344
f 767//1345 768//1345 765//1345
f 765//1346 768//1346 766//1346
f 698//1347 769//1347 699//1347
f 699//1348 769//1348 767//1348
f 767//1349 769//1349 768//1349
f 770//1350 771//1350 772//1350
f 773//1351 770//1351 774//1351
f 774//1352 770//1352 772//1352
f 775//1353 773//1353 776//1353
f 776//1354 773//1354 774//1354
f 777//1355 775//1355 778//1355
f 778//1356 775//1356 776//1356
f 779//1357 777//1357 780//1357
f 780//1358 777//1358 778//1358
f 781//1359 779//1359 782//1359
f 782//1360 779//1360 780//1360
f 783//1361 781//1361 784//1361
f 784//1362 781//1362 782//1362
f 784//1363 782//1363 785//1363
f 786//1364 783//1364 787//1364
f 787//1365 783//1365 784//1365
f 787//1366 784//1366 788//1366
f 788//1367 784//1367 785//1367
f 788//1368 785//1368 789//1368
f 790//1369 786//1369 791//1369
f 791//1370 786//1370 787//1370
f 791//1371 787//1371 792//1371
f 792//1372 787//1372 788//1372
f 792//1373 788//1373 793//1373
f 793//1374 788//1374 789//1374
f 794//1375 790//1375 795//1375
f 795//1376 790//1376 791//1376
f 795//1377 791//1377 796//1377
f 796//1378 791//1378 792//1378
f 796//1379 792//1379 714//1379
f 714//1380 792//1380 793//1380
f 797//1381 794//1381 798//1381
f 798//1382 794//1382 795//1382
f 798//1383 795//1383 799//1383
f 799//1384 795//1384 796//1384
f 799//1385 796//1385 800//1385
f 800//1386 796//1386 714//1386
f 801//1387 797//1387 802//1387
f 802//1388 797//1388 798//1388
f 802//1389 798//1389 803//1389
f 803//1390 798//1390 799//1390
f 803//1391 799//1391 804//1391
f 804//1392 799//1392 800//1392
f 805//1393 806//1393 801//1393
f 805//1394 801//1394 807//1394
f 807//1395 801//1395 802//1395
f 807//1396 802//1396 808//1396
f 808//1397 802//1397 803//1397
f 808//1398 803//1398 720//1398
f 720//1399 803//1399 804//1399
f 809//1400 810//1400 811//1400
f 811//1401 810//1401 812//1401
f 811//1402 812//1402 813//1402
f 814//1403 815//1403 816//1403
f 814//1404 816//1404 817//1404
f 818//1405 819//1405 760//1405
f 818//1406 760//1406 762//1406
f 820//1407 821//1407 822//1407
f 820//1408 822//1408 823//1408
f 824//1409 825//1409 826//1409
f 824//1410 826//1410 827//1410
f 828//1411 829//1411 815//1411
f 828//1412 815//1412 814//1412
f 830//1413 831//1413 832//1413
f 830//1414 832//1414 833//1414
f 834//1415 835//1415 764//1415
f 834//1416 764//1416 766//1416
f 836//1417 837//1417 825//1417
f 836//1418 825//1418 824//1418
f 838//1419 833//1419 818//1419
f 838//1420 818//1420 835//1420
f 839//1421 840//1421 768//1421
f 839//1422 768//1422 769//1422
f 841//1423 842//1423 704//1423
f 841//1424 704//1424 706//1424
f 843//1425 844//1425 831//1425
f 843//1426 831//1426 830//1426
f 845//1427 846//1427 834//1427
f 845//1428 834//1428 840//1428
f 774//1429 772//1429 698//1429
f 774//1430 698//1430 700//1430
f 847//1431 848//1431 708//1431
f 847//1432 708//1432 710//1432
f 771//1433 849//1433 839//1433
f 771//1434 839//1434 772//1434
f 778//1435 776//1435 842//1435
f 778//1436 842//1436 841//1436
f 793//1437 789//1437 712//1437
f 793//1438 712//1438 714//1438
f 850//1439 838//1439 846//1439
f 782//1440 780//1440 848//1440
f 782//1441 848//1441 847//1441
f 800//1442 714//1442 716//1442
f 800//1443 716//1443 718//1443
f 851//1444 852//1444 853//1444
f 853//1445 852//1445 854//1445
f 853//1446 854//1446 855//1446
f 813//1447 812//1447 856//1447
f 813//1448 856//1448 857//1448
f 826//1449 817//1449 750//1449
f 826//1450 750//1450 753//1450
f 858//1451 859//1451 860//1451
f 860//1452 859//1452 861//1452
f 860//1453 861//1453 862//1453
f 823//1454 822//1454 863//1454
f 823//1455 863//1455 864//1455
f 832//1456 827//1456 756//1456
f 832//1457 756//1457 758//1457
f 817//1458 826//1458 825//1458
f 817//1459 825//1459 814//1459
f 813//1460 822//1460 821//1460
f 813//1461 821//1461 811//1461
f 811//1462 821//1462 865//1462
f 762//1463 764//1463 835//1463
f 762//1464 835//1464 818//1464
f 819//1465 818//1465 833//1465
f 819//1466 833//1466 832//1466
f 827//1467 832//1467 831//1467
f 827//1468 831//1468 824//1468
f 823//1469 815//1469 829//1469
f 823//1470 829//1470 820//1470
f 702//1471 704//1471 842//1471
f 702//1472 842//1472 700//1472
f 766//1473 768//1473 840//1473
f 766//1474 840//1474 834//1474
f 814//1475 825//1475 837//1475
f 814//1476 837//1476 828//1476
f 706//1477 708//1477 848//1477
f 706//1478 848//1478 841//1478
f 769//1479 698//1479 772//1479
f 769//1480 772//1480 839//1480
f 835//1481 834//1481 846//1481
f 835//1482 846//1482 838//1482
f 833//1483 838//1483 866//1483
f 833//1484 866//1484 830//1484
f 824//1485 831//1485 844//1485
f 824//1486 844//1486 836//1486
f 710//1487 712//1487 789//1487
f 710//1488 789//1488 847//1488
f 700//1489 842//1489 776//1489
f 700//1490 776//1490 774//1490
f 840//1491 839//1491 849//1491
f 840//1492 849//1492 845//1492
f 830//1493 866//1493 867//1493
f 830//1494 867//1494 843//1494
f 841//1495 848//1495 780//1495
f 841//1496 780//1496 778//1496
f 785//1497 782//1497 847//1497
f 785//1498 847//1498 789//1498
f 804//1499 800//1499 718//1499
f 804//1500 718//1500 720//1500
f 868//1501 869//1501 805//1501
f 868//1502 805//1502 870//1502
f 870//1503 805//1503 807//1503
f 870//1504 807//1504 871//1504
f 871//1505 807//1505 808//1505
f 871//1506 808//1506 872//1506
f 872//1507 808//1507 720//1507
f 872//1508 720//1508 722//1508
f 722//1509 724//1509 872//1509
f 872//1510 724//1510 873//1510
f 872//1511 873//1511 871//1511
f 871//1512 873//1512 874//1512
f 871//1513 874//1513 870//1513
f 870//1514 874//1514 875//1514
f 870//1515 875//1515 868//1515
f 724//1516 726//1516 873//1516
f 873//1517 726//1517 876//1517
f 873//1518 876//1518 874//1518
f 874//1519 876//1519 877//1519
f 874//1520 877//1520 875//1520
f 875//1521 877//1521 878//1521
f 726//1522 728//1522 876//1522
f 876//1523 728//1523 879//1523
f 876//1524 879//1524 877//1524
f 877//1525 879//1525 880//1525
f 877//1526 880//1526 878//1526
f 878//1527 880//1527 881//1527
f 728//1528 730//1528 879//1528
f 879//1529 730//1529 882//1529
f 879//1530 882//1530 880//1530
f 880//1531 882//1531 883//1531
f 880//1532 883//1532 881//1532
f 881//1533 883//1533 854//1533
f 730//1534 732//1534 882//1534
f 882//1535 732//1535 884//1535
f 882//1536 884//1536 883//1536
f 883//1537 884//1537 885//1537
f 883//1538 885//1538 854//1538
f 854//1539 885//1539 855//1539
f 732//1540 734//1540 884//1540
f 884//1541 734//1541 886//1541
f 884//1542 886//1542 885//1542
f 885//1543 886//1543 887//1543
f 885//1544 887//1544 855//1544
f 734//1545 736//1545 886//1545
f 886//1546 736//1546 887//1546
f 887//1547 736//1547 888//1547
f 736//1548 738//1548 888//1548
f 888//1549 738//1549 889//1549
f 738//1550 740//1550 890//1550
f 738//1551 890//1551 889//1551
f 889//1552 890//1552 856//1552
f 740//1553 742//1553 890//1553
f 890//1554 742//1554 856//1554
f 891//1555 868//1555 892//1555
f 892//1556 868//1556 875//1556
f 892//1557 875//1557 878//1557
f 861//1558 855//1558 887//1558
f 861//1559 887//1559 888//1559
f 857//1560 856//1560 742//1560
f 857//1561 742//1561 744//1561
f 893//1562 892//1562 894//1562
f 894//1563 892//1563 878//1563
f 894//1564 878//1564 881//1564
f 862//1565 861//1565 888//1565
f 862//1566 888//1566 889//1566
f 863//1567 857//1567 744//1567
f 863//1568 744//1568 746//1568
f 816//1569 746//1569 748//1569
f 816//1570 748//1570 752//1570
f 752//1571 750//1571 817//1571
f 752//1572 817//1572 816//1572
f 746//1573 816//1573 864//1573
f 746//1574 864//1574 863//1574
f 889//1575 856//1575 812//1575
f 889//1576 812//1576 862//1576
f 881//1577 854//1577 852//1577
f 881//1578 852//1578 894//1578
f 894//1579 852//1579 895//1579
f 753//1580 756//1580 827//1580
f 753//1581 827//1581 826//1581
f 857//1582 863//1582 822//1582
f 857//1583 822//1583 813//1583
f 855//1584 861//1584 859//1584
f 855//1585 859//1585 853//1585
f 896//1586 860//1586 810//1586
f 810//1587 860//1587 862//1587
f 810//1588 862//1588 812//1588
f 815//1589 823//1589 864//1589
f 815//1590 864//1590 816//1590
f 819//1591 832//1591 758//1591
f 819//1592 758//1592 760//1592
f 777//1593 897//1593 898//1593
f 777//1594 898//1594 775//1594
f 897//1595 777//1595 779//1595
f 897//1596 779//1596 899//1596
f 899//1597 779//1597 900//1597
f 900//1598 779//1598 781//1598
f 900//1599 781//1599 901//1599
f 901//1600 781//1600 902//1600
f 902//1601 781//1601 783//1601
f 902//1602 783//1602 903//1602
f 903//1603 783//1603 904//1603
f 904//1604 783//1604 786//1604
f 904//1605 786//1605 905//1605
f 905//1606 786//1606 906//1606
f 906//1607 786//1607 790//1607
f 906//1608 790//1608 907//1608
f 907//1609 790//1609 908//1609
f 908//1610 790//1610 794//1610
f 908//1611 794//1611 909//1611
f 909//1612 794//1612 910//1612
f 910//1613 794//1613 797//1613
f 910//1614 797//1614 911//1614
f 911//1615 797//1615 912//1615
f 912//1616 797//1616 801//1616
f 913//1617 914//1617 853//1617
f 853//1618 914//1618 915//1618
f 853//1619 915//1619 851//1619
f 851//1620 915//1620 852//1620
f 852//1621 915//1621 916//1621
f 852//1622 916//1622 895//1622
f 895//1623 916//1623 894//1623
f 894//1624 916//1624 917//1624
f 894//1625 917//1625 893//1625
f 893//1626 917//1626 892//1626
f 892//1627 917//1627 918//1627
f 892//1628 918//1628 891//1628
f 891//1629 918//1629 868//1629
f 868//1630 918//1630 919//1630
f 868//1631 919//1631 869//1631
f 869//1632 919//1632 805//1632
f 805//1633 919//1633 920//1633
f 805//1634 920//1634 806//1634
f 806//1635 920//1635 801//1635
f 801//1636 920//1636 912//1636
f 913//1637 853//1637 859//1637
f 913//1638 859//1638 921//1638
f 921//1639 859//1639 858//1639
f 858//1640 860//1640 922//1640
f 922//1641 860//1641 896//1641
f 896//1642 810//1642 923//1642
f 923//1643 810//1643 809//1643
f 809//1644 811//1644 924//1644
f 924//1645 811//1645 865//1645
f 865//1646 821//1646 925//1646
f 925//1647 821//1647 820//1647
f 925//1648 820//1648 926//1648
f 926//1649 820//1649 927//1649
f 927//1650 820//1650 829//1650
f 927//1651 829//1651 928//1651
f 928//1652 829//1652 929//1652
f 929//1653 829//1653 828//1653
f 929//1654 828//1654 930//1654
f 930//1655 828//1655 931//1655
f 931//1656 828//1656 837//1656
f 931//1657 837//1657 932//1657
f 932//1658 837//1658 836//1658
f 932//1659 836//1659 933//1659
f 933//1660 836//1660 844//1660
f 933//1661 844//1661 934//1661
f 934//1662 844//1662 843//1662
f 934//1663 843//1663 935//1663
f 935//1664 843//1664 867//1664
f 935//1665 867//1665 936//1665
f 936//1666 867//1666 866//1666
f 936//1667 866//1667 937//1667
f 937//1668 866//1668 838//1668
f 937//1669 838//1669 850//1669
f 775//1670 898//1670 773//1670
f 773//1671 898//1671 938//1671
f 773//1672 938//1672 770//1672
f 770//1673 938//1673 939//1673
f 770//1674 939//1674 771//1674
f 771//1675 939//1675 940//1675
f 771//1676 940//1676 849//1676
f 849//1677 940//1677 941//1677
f 849//1678 941//1678 845//1678
f 845//1679 941//1679 942//1679
f 845//1680 942//1680 846//1680
f 846//1681 942//1681 943//1681
f 846//1682 943//1682 850//1682
f 944//1683 945//1683 946//1683
f 947//1684 944//1684 946//1684
f 947//1685 946//1685 948//1685
f 949//1686 947//1686 948//1686
f 949//1687 948//1687 950//1687
f 951//1688 952//1688 953//1688
f 951//1689 953//1689 954//1689
f 955//1690 949//1690 950//1690
f 955//1691 950//1691 956//1691
f 957//1692 951//1692 954//1692
f 957//1693 954//1693 958//1693
f 911//1694 955//1694 959//1694
f 959//1695 955//1695 956//1695
f 959//1696 956//1696 960//1696
f 961//1697 957//1697 962//1697
f 962//1698 957//1698 958//1698
f 962//1699 958//1699 963//1699
f 909//1700 911//1700 959//1700
f 909//1701 959//1701 964//1701
f 964//1702 959//1702 965//1702
f 965//1703 959//1703 960//1703
f 966//1704 961//1704 962//1704
f 966//1705 962//1705 967//1705
f 967//1706 962//1706 963//1706
f 967//1707 963//1707 968//1707
f 907//1708 909//1708 964//1708
f 907//1709 964//1709 969//1709
f 969//1710 964//1710 965//1710
f 969//1711 965//1711 970//1711
f 971//1712 966//1712 967//1712
f 971//1713 967//1713 972//1713
f 972//1714 967//1714 968//1714
f 972//1715 968//1715 973//1715
f 905//1716 907//1716 969//1716
f 905//1717 969//1717 974//1717
f 974//1718 969//1718 970//1718
f 974//1719 970//1719 975//1719
f 931//1720 971//1720 972//1720
f 931//1721 972//1721 976//1721
f 976//1722 972//1722 973//1722
f 976//1723 973//1723 977//1723
f 903//1724 905//1724 978//1724
f 978//1725 905//1725 974//1725
f 978//1726 974//1726 975//1726
f 978//1727 975//1727 979//1727
f 929//1728 931//1728 976//1728
f 929//1729 976//1729 980//1729
f 980//1730 976//1730 977//1730
f 980//1731 977//1731 981//1731
f 901//1732 903//1732 978//1732
f 901//1733 978//1733 982//1733
f 982//1734 978//1734 979//1734
f 982//1735 979//1735 983//1735
f 927//1736 929//1736 980//1736
f 927//1737 980//1737 984//1737
f 984//1738 980//1738 981//1738
f 984//1739 981//1739 985//1739
f 986//1740 987//1740 988//1740
f 986//1741 988//1741 989//1741
f 989//1742 988//1742 940//1742
f 989//1743 940//1743 939//1743
f 990//1744 991//1744 992//1744
f 990//1745 992//1745 993//1745
f 993//1746 992//1746 938//1746
f 993//1747 938//1747 898//1747
f 994//1748 995//1748 996//1748
f 994//1749 996//1749 997//1749
f 997//1750 996//1750 897//1750
f 997//1751 897//1751 899//1751
f 917//1752 998//1752 918//1752
f 918//1753 998//1753 999//1753
f 918//1754 999//1754 919//1754
f 1000//1755 1001//1755 1002//1755
f 1000//1756 1002//1756 1003//1756
f 1003//1757 1002//1757 1004//1757
f 1003//1758 1004//1758 1005//1758
f 1005//1759 1004//1759 916//1759
f 1005//1760 916//1760 915//1760
f 1006//1761 1007//1761 1008//1761
f 1006//1762 1008//1762 1009//1762
f 1009//1763 1008//1763 1010//1763
f 1009//1764 1010//1764 921//1764
f 921//1765 1010//1765 914//1765
f 1011//1766 1012//1766 1013//1766
f 1011//1767 1013//1767 1014//1767
f 1014//1768 1013//1768 922//1768
f 1014//1769 922//1769 923//1769
f 1015//1770 1016//1770 1017//1770
f 1015//1771 1017//1771 1018//1771
f 1018//1772 1017//1772 924//1772
f 1018//1773 924//1773 925//1773
f 1019//1774 1020//1774 1021//1774
f 1019//1775 1021//1775 1022//1775
f 1022//1776 1021//1776 943//1776
f 1022//1777 943//1777 942//1777
f 941//1778 940//1778 988//1778
f 941//1779 988//1779 1023//1779
f 1023//1780 988//1780 987//1780
f 1023//1781 987//1781 1024//1781
f 939//1782 938//1782 992//1782
f 939//1783 992//1783 989//1783
f 989//1784 992//1784 991//1784
f 989//1785 991//1785 986//1785
f 986//1786 991//1786 1025//1786
f 898//1787 897//1787 996//1787
f 898//1788 996//1788 993//1788
f 993//1789 996//1789 995//1789
f 993//1790 995//1790 990//1790
f 983//1791 994//1791 997//1791
f 983//1792 997//1792 982//1792
f 982//1793 997//1793 899//1793
f 982//1794 899//1794 901//1794
f 901//1795 899//1795 900//1795
f 901//1796 902//1796 903//1796
f 911//1797 1026//1797 955//1797
f 955//1798 1026//1798 949//1798
f 944//1799 1027//1799 945//1799
f 903//1800 904//1800 905//1800
f 1026//1801 1028//1801 949//1801
f 949//1802 1028//1802 947//1802
f 905//1803 906//1803 907//1803
f 1028//1804 1029//1804 947//1804
f 947//1805 1029//1805 944//1805
f 907//1806 908//1806 909//1806
f 1029//1807 999//1807 944//1807
f 944//1808 999//1808 1027//1808
f 909//1809 910//1809 911//1809
f 999//1810 998//1810 1027//1810
f 911//1811 912//1811 1026//1811
f 1026//1812 912//1812 1028//1812
f 912//1813 920//1813 1028//1813
f 1028//1814 920//1814 1029//1814
f 920//1815 919//1815 1029//1815
f 1029//1816 919//1816 999//1816
f 917//1817 916//1817 1004//1817
f 917//1818 1004//1818 998//1818
f 998//1819 1004//1819 1002//1819
f 998//1820 1002//1820 1027//1820
f 1027//1821 1002//1821 1001//1821
f 1027//1822 1001//1822 945//1822
f 915//1823 914//1823 1010//1823
f 915//1824 1010//1824 1005//1824
f 1005//1825 1010//1825 1008//1825
f 1005//1826 1008//1826 1003//1826
f 1003//1827 1008//1827 1007//1827
f 1003//1828 1007//1828 1000//1828
f 914//1829 913//1829 921//1829
f 858//1830 922//1830 921//1830
f 921//1831 922//1831 1013//1831
f 921//1832 1013//1832 1009//1832
f 1009//1833 1013//1833 1006//1833
f 1006//1834 1013//1834 1012//1834
f 922//1835 896//1835 923//1835
f 809//1836 924//1836 923//1836
f 923//1837 924//1837 1017//1837
f 923//1838 1017//1838 1014//1838
f 1014//1839 1017//1839 1016//1839
f 1014//1840 1016//1840 1011//1840
f 924//1841 865//1841 925//1841
f 985//1842 1015//1842 1018//1842
f 985//1843 1018//1843 984//1843
f 984//1844 1018//1844 925//1844
f 984//1845 925//1845 927//1845
f 927//1846 925//1846 926//1846
f 927//1847 928//1847 929//1847
f 929//1848 930//1848 931//1848
f 957//1849 936//1849 951//1849
f 951//1850 936//1850 952//1850
f 931//1851 932//1851 971//1851
f 971//1852 932//1852 966//1852
f 932//1853 933//1853 966//1853
f 966//1854 933//1854 961//1854
f 961//1855 935//1855 957//1855
f 957//1856 935//1856 936//1856
f 933//1857 934//1857 961//1857
f 961//1858 934//1858 935//1858
f 936//1859 937//1859 952//1859
f 1030//1860 953//1860 952//1860
f 1030//1861 952//1861 1031//1861
f 1031//1862 952//1862 937//1862
f 1031//1863 937//1863 850//1863
f 850//1864 943//1864 1031//1864
f 1031//1865 943//1865 1021//1865
f 1031//1866 1021//1866 1020//1866
f 1031//1867 1020//1867 1030//1867
f 1024//1868 1019//1868 1022//1868
f 1024//1869 1022//1869 1023//1869
f 1023//1870 1022//1870 942//1870
f 1023//1871 942//1871 941//1871
f 1032//1872 986//1872 1033//1872
f 1033//1873 986//1873 1025//1873
f 1033//1874 1025//1874 1034//1874
f 1034//1875 1025//1875 991//1875
f 1034//1876 991//1876 1035//1876
f 1035//1877 991//1877 990//1877
f 1035//1878 990//1878 1036//1878
f 1036//1879 990//1879 995//1879
f 1036//1880 995//1880 1037//1880
f 1037//1881 995//1881 994//1881
f 1037//1882 994//1882 983//1882
f 1037//1883 983//1883 1038//1883
f 1038//1884 983//1884 1039//1884
f 1039//1885 983//1885 979//1885
f 1039//1886 979//1886 1040//1886
f 1040//1887 979//1887 975//1887
f 1040//1888 975//1888 1041//1888
f 1041//1889 975//1889 970//1889
f 1041//1890 970//1890 1042//1890
f 1042//1891 970//1891 965//1891
f 1042//1892 965//1892 1043//1892
f 1043//1893 965//1893 960//1893
f 1043//1894 960//1894 1044//1894
f 1044//1895 960//1895 956//1895
f 1044//1896 956//1896 1045//1896
f 1045//1897 956//1897 950//1897
f 1045//1898 950//1898 1046//1898
f 1046//1899 950//1899 948//1899
f 1046//1900 948//1900 1047//1900
f 1047//1901 948//1901 946//1901
f 1047//1902 946//1902 1048//1902
f 1048//1903 946//1903 945//1903
f 1048//1904 945//1904 1049//1904
f 1049//1905 945//1905 1001//1905
f 1049//1906 1001//1906 1050//1906
f 1050//1907 1001//1907 1000//1907
f 1050//1908 1000//1908 1051//1908
f 1051//1909 1000//1909 1007//1909
f 1051//1910 1007//1910 1052//1910
f 1052//1911 1007//1911 1006//1911
f 1052//1912 1006//1912 1053//1912
f 1053//1913 1006//1913 1012//1913
f 1053//1914 1012//1914 1054//1914
f 1054//1915 1012//1915 1011//1915
f 1054//1916 1011//1916 1055//1916
f 1055//1917 1011//1917 1016//1917
f 1055//1918 1016//1918 1056//1918
f 1056//1919 1016//1919 1015//1919
f 1056//1920 1015//1920 1057//1920
f 1057//1921 1015//1921 985//1921
f 1057//1922 985//1922 1058//1922
f 1058//1923 985//1923 981//1923
f 1058//1924 981//1924 1059//1924
f 1059//1925 981//1925 977//1925
f 1059//1926 977//1926 1060//1926
f 1060//1927 977//1927 973//1927
f 1060//1928 973//1928 1061//1928
f 1061//1929 973//1929 968//1929
f 1061//1930 968//1930 1062//1930
f 1062//1931 968//1931 963//1931
f 1062//1932 963//1932 1063//1932
f 1063//1933 963//1933 958//1933
f 1063//1934 958//1934 1064//1934
f 1064//1935 958//1935 954//1935
f 1064//1936 954//1936 1065//1936
f 1065//1937 954//1937 953//1937
f 1065//1938 953//1938 1066//1938
f 1066//1939 953//1939 1030//1939
f 1066//1940 1030//1940 1067//1940
f 1067//1941 1030//1941 1020//1941
f 1067//1942 1020//1942 1068//1942
f 1068//1943 1020//1943 1019//1943
f 1068//1944 1019//1944 1069//1944
f 1069//1945 1019//1945 1024//1945
f 1069//1946 1024//1946 1070//1946
f 1070//1947 1024//1947 987//1947
f 1070//1948 987//1948 1032//1948
f 1032//1949 987//1949 986//1949
f 1071//1950 1072//1950 1073//1950
f 1071//1951 1073//1951 1074//1951
f 1075//1952 1071//1952 1074//1952
f 1075//1953 1074//1953 1076//1953
f 1077//1954 1075//1954 1076//1954
f 1077//1955 1076//1955 1078//1955
f 1079//1956 1080//1956 1081//1956
f 1079//1957 1081//1957 1082//1957
f 1082//1958 1081//1958 1083//1958
f 1084//1959 1077//1959 1078//1959
f 1084//1960 1078//1960 1085//1960
f 1086//1961 1079//1961 1082//1961
f 1086//1962 1082//1962 1087//1962
f 1043//1963 1084//1963 1088//1963
f 1088//1964 1084//1964 1089//1964
f 1089//1965 1084//1965 1085//1965
f 1062//1966 1086//1966 1090//1966
f 1090//1967 1086//1967 1087//1967
f 1090//1968 1087//1968 1091//1968
f 1042//1969 1043//1969 1088//1969
f 1042//1970 1088//1970 1092//1970
f 1092//1971 1088//1971 1089//1971
f 1092//1972 1089//1972 1093//1972
f 1093//1973 1089//1973 1094//1973
f 1061//1974 1062//1974 1090//1974
f 1061//1975 1090//1975 1095//1975
f 1095//1976 1090//1976 1091//1976
f 1095//1977 1091//1977 1096//1977
f 1041//1978 1042//1978 1092//1978
f 1041//1979 1092//1979 1097//1979
f 1097//1980 1092//1980 1093//1980
f 1097//1981 1093//1981 1098//1981
f 1098//1982 1093//1982 1099//1982
f 1060//1983 1061//1983 1095//1983
f 1060//1984 1095//1984 1100//1984
f 1100//1985 1095//1985 1096//1985
f 1100//1986 1096//1986 1101//1986
f 1040//1987 1041//1987 1097//1987
f 1040//1988 1097//1988 1102//1988
f 1102//1989 1097//1989 1098//1989
f 1102//1990 1098//1990 1103//1990
f 1103//1991 1098//1991 1104//1991
f 1059//1992 1060//1992 1100//1992
f 1059//1993 1100//1993 1105//1993
f 1105//1994 1100//1994 1101//1994
f 1105//1995 1101//1995 1106//1995
f 1039//1996 1040//1996 1102//1996
f 1039//1997 1102//1997 1107//1997
f 1107//1998 1102//1998 1103//1998
f 1107//1999 1103//1999 1108//1999
f 1108//2000 1103//2000 1109//2000
f 1058//2001 1059//2001 1105//2001
f 1058//2002 1105//2002 1110//2002
f 1110//2003 1105//2003 1106//2003
f 1110//2004 1106//2004 1111//2004
f 1111//2005 1106//2005 1112//2005
f 1038//2006 1039//2006 1107//2006
f 1038//2007 1107//2007 1113//2007
f 1113//2008 1107//2008 1108//2008
f 1113//2009 1108//2009 1114//2009
f 1114//2010 1108//2010 1115//2010
f 1057//2011 1058//2011 1110//2011
f 1057//2012 1110//2012 1116//2012
f 1116//2013 1110//2013 1111//2013
f 1116//2014 1111//2014 1117//2014
f 1117//2015 1111//2015 1118//2015
f 1119//2016 1120//2016 1121//2016
f 1119//2017 1121//2017 1122//2017
f 1122//2018 1121//2018 1070//2018
f 1122//2019 1070//2019 1032//2019
f 1123//2020 1124//2020 1125//2020
f 1123//2021 1125//2021 1126//2021
f 1126//2022 1125//2022 1034//2022
f 1126//2023 1034//2023 1035//2023
f 1127//2024 1128//2024 1129//2024
f 1127//2025 1129//2025 1130//2025
f 1130//2026 1129//2026 1036//2026
f 1130//2027 1036//2027 1037//2027
f 1131//2028 1132//2028 1133//2028
f 1131//2029 1133//2029 1134//2029
f 1134//2030 1133//2030 1049//2030
f 1134//2031 1049//2031 1050//2031
f 1135//2032 1136//2032 1137//2032
f 1137//2033 1136//2033 1138//2033
f 1137//2034 1138//2034 1139//2034
f 1139//2035 1138//2035 1051//2035
f 1139//2036 1051//2036 1052//2036
f 1140//2037 1141//2037 1142//2037
f 1142//2038 1141//2038 1143//2038
f 1143//2039 1141//2039 1144//2039
f 1143//2040 1144//2040 1054//2040
f 1054//2041 1144//2041 1053//2041
f 1145//2042 1146//2042 1147//2042
f 1147//2043 1146//2043 1148//2043
f 1147//2044 1148//2044 1149//2044
f 1149//2045 1148//2045 1055//2045
f 1149//2046 1055//2046 1056//2046
f 1150//2047 1151//2047 1152//2047
f 1150//2048 1152//2048 1153//2048
f 1153//2049 1152//2049 1067//2049
f 1153//2050 1067//2050 1068//2050
f 1069//2051 1070//2051 1121//2051
f 1069//2052 1121//2052 1154//2052
f 1154//2053 1121//2053 1155//2053
f 1155//2054 1121//2054 1120//2054
f 1033//2055 1034//2055 1032//2055
f 1032//2056 1034//2056 1125//2056
f 1032//2057 1125//2057 1122//2057
f 1122//2058 1125//2058 1124//2058
f 1122//2059 1124//2059 1119//2059
f 1035//2060 1036//2060 1129//2060
f 1035//2061 1129//2061 1126//2061
f 1126//2062 1129//2062 1123//2062
f 1123//2063 1129//2063 1128//2063
f 1156//2064 1127//2064 1114//2064
f 1114//2065 1127//2065 1130//2065
f 1114//2066 1130//2066 1113//2066
f 1113//2067 1130//2067 1037//2067
f 1113//2068 1037//2068 1038//2068
f 1043//2069 1044//2069 1084//2069
f 1084//2070 1044//2070 1077//2070
f 1044//2071 1045//2071 1077//2071
f 1077//2072 1045//2072 1075//2072
f 1045//2073 1046//2073 1075//2073
f 1075//2074 1046//2074 1071//2074
f 1046//2075 1047//2075 1071//2075
f 1071//2076 1047//2076 1072//2076
f 1047//2077 1048//2077 1072//2077
f 1048//2078 1049//2078 1133//2078
f 1048//2079 1133//2079 1072//2079
f 1072//2080 1133//2080 1132//2080
f 1072//2081 1132//2081 1073//2081
f 1050//2082 1051//2082 1138//2082
f 1050//2083 1138//2083 1134//2083
f 1134//2084 1138//2084 1136//2084
f 1134//2085 1136//2085 1131//2085
f 1052//2086 1053//2086 1144//2086
f 1052//2087 1144//2087 1139//2087
f 1139//2088 1144//2088 1141//2088
f 1139//2089 1141//2089 1137//2089
f 1137//2090 1141//2090 1157//2090
f 1054//2091 1055//2091 1148//2091
f 1054//2092 1148//2092 1143//2092
f 1143//2093 1148//2093 1146//2093
f 1143//2094 1146//2094 1142//2094
f 1142//2095 1146//2095 1158//2095
f 1159//2096 1147//2096 1117//2096
f 1117//2097 1147//2097 1149//2097
f 1117//2098 1149//2098 1116//2098
f 1116//2099 1149//2099 1056//2099
f 1116//2100 1056//2100 1057//2100
f 1062//2101 1063//2101 1086//2101
f 1086//2102 1063//2102 1079//2102
f 1063//2103 1064//2103 1079//2103
f 1079//2104 1064//2104 1080//2104
f 1064//2105 1065//2105 1080//2105
f 1160//2106 1081//2106 1080//2106
f 1160//2107 1080//2107 1161//2107
f 1161//2108 1080//2108 1065//2108
f 1161//2109 1065//2109 1066//2109
f 1066//2110 1067//2110 1152//2110
f 1066//2111 1152//2111 1161//2111
f 1161//2112 1152//2112 1151//2112
f 1161//2113 1151//2113 1160//2113
f 1155//2114 1150//2114 1153//2114
f 1155//2115 1153//2115 1154//2115
f 1154//2116 1153//2116 1068//2116
f 1154//2117 1068//2117 1069//2117
f 1162//2118 1085//2118 1078//2118
f 1162//2119 1078//2119 1163//2119
f 1163//2120 1078//2120 1164//2120
f 1164//2121 1078//2121 1076//2121
f 1164//2122 1076//2122 1165//2122
f 1165//2123 1076//2123 1166//2123
f 1166//2124 1076//2124 1074//2124
f 1166//2125 1074//2125 1167//2125
f 1167//2126 1074//2126 1168//2126
f 1168//2127 1074//2127 1073//2127
f 1168//2128 1073//2128 1169//2128
f 1169//2129 1073//2129 1170//2129
f 1170//2130 1073//2130 1132//2130
f 1170//2131 1132//2131 1171//2131
f 1171//2132 1132//2132 1172//2132
f 1172//2133 1132//2133 1131//2133
f 1172//2134 1131//2134 1173//2134
f 1173//2135 1131//2135 1174//2135
f 1174//2136 1131//2136 1136//2136
f 1174//2137 1136//2137 1135//2137
f 1162//2138 1175//2138 1085//2138
f 1085//2139 1175//2139 1089//2139
f 1089//2140 1175//2140 1094//2140
f 1094//2141 1176//2141 1093//2141
f 1093//2142 1176//2142 1099//2142
f 1099//2143 1176//2143 1177//2143
f 1099//2144 1177//2144 1098//2144
f 1098//2145 1177//2145 1104//2145
f 1177//2146 1178//2146 1104//2146
f 1104//2147 1178//2147 1103//2147
f 1103//2148 1178//2148 1109//2148
f 1178//2149 1179//2149 1109//2149
f 1109//2150 1179//2150 1108//2150
f 1108//2151 1179//2151 1115//2151
f 1179//2152 1180//2152 1115//2152
f 1115//2153 1180//2153 1114//2153
f 1114//2154 1180//2154 1156//2154
f 1156//2155 1181//2155 1127//2155
f 1127//2156 1181//2156 1182//2156
f 1127//2157 1182//2157 1128//2157
f 1128//2158 1182//2158 1183//2158
f 1128//2159 1183//2159 1123//2159
f 1123//2160 1183//2160 1184//2160
f 1123//2161 1184//2161 1124//2161
f 1124//2162 1184//2162 1119//2162
f 1119//2163 1184//2163 1185//2163
f 1119//2164 1185//2164 1120//2164
f 1120//2165 1185//2165 1186//2165
f 1120//2166 1186//2166 1155//2166
f 1155//2167 1186//2167 1187//2167
f 1155//2168 1187//2168 1150//2168
f 1150//2169 1187//2169 1188//2169
f 1150//2170 1188//2170 1151//2170
f 1151//2171 1188//2171 1189//2171
f 1151//2172 1189//2172 1160//2172
f 1160//2173 1190//2173 1081//2173
f 1081//2174 1190//2174 1191//2174
f 1081//2175 1191//2175 1083//2175
f 1083//2176 1191//2176 1082//2176
f 1082//2177 1191//2177 1192//2177
f 1082//2178 1192//2178 1087//2178
f 1087//2179 1192//2179 1193//2179
f 1087//2180 1193//2180 1091//2180
f 1091//2181 1193//2181 1194//2181
f 1091//2182 1194//2182 1096//2182
f 1096//2183 1194//2183 1195//2183
f 1096//2184 1195//2184 1101//2184
f 1101//2185 1195//2185 1196//2185
f 1101//2186 1196//2186 1106//2186
f 1106//2187 1196//2187 1197//2187
f 1106//2188 1197//2188 1112//2188
f 1112//2189 1197//2189 1111//2189
f 1111//2190 1197//2190 1198//2190
f 1111//2191 1198//2191 1118//2191
f 1118//2192 1198//2192 1117//2192
f 1117//2193 1198//2193 1199//2193
f 1117//2194 1199//2194 1159//2194
f 1159//2195 1199//2195 1147//2195
f 1147//2196 1199//2196 1200//2196
f 1147//2197 1200//2197 1145//2197
f 1146//2198 1145//2198 1201//2198
f 1146//2199 1201//2199 1158//2199
f 1142//2200 1158//2200 1202//2200
f 1142//2201 1202//2201 1140//2201
f 1141//2202 1140//2202 1203//2202
f 1141//2203 1203//2203 1157//2203
f 1137//2204 1157//2204 1204//2204
f 1137//2205 1204//2205 1135//2205
f 1135//2206 1204//2206 1174//2206
f 1205//2207 1206//2207 1207//2207
f 1208//2208 1209//2208 1205//2208
f 1208//2209 1205//2209 1210//2209
f 1210//2210 1205//2210 1207//2210
f 1211//2211 1208//2211 1212//2211
f 1212//2212 1208//2212 1210//2212
f 1213//2213 1211//2213 1214//2213
f 1214//2214 1211//2214 1212//2214
f 1214//2215 1212//2215 1215//2215
f 1216//2216 1213//2216 1217//2216
f 1217//2217 1213//2217 1214//2217
f 1217//2218 1214//2218 1218//2218
f 1218//2219 1214//2219 1215//2219
f 1219//2220 1216//2220 1220//2220
f 1220//2221 1216//2221 1217//2221
f 1220//2222 1217//2222 1221//2222
f 1221//2223 1217//2223 1218//2223
f 1222//2224 1219//2224 1220//2224
f 1222//2225 1220//2225 1223//2225
f 1223//2226 1220//2226 1221//2226
f 1224//2227 1222//2227 1225//2227
f 1225//2228 1222//2228 1226//2228
f 1226//2229 1222//2229 1223//2229
f 1227//2230 1224//2230 1228//2230
f 1228//2231 1224//2231 1225//2231
f 1228//2232 1225//2232 1229//2232
f 1229//2233 1225//2233 1226//2233
f 1229//2234 1226//2234 1177//2234
f 1230//2235 1227//2235 1228//2235
f 1230//2236 1228//2236 1231//2236
f 1231//2237 1228//2237 1229//2237
f 1231//2238 1229//2238 1176//2238
f 1176//2239 1229//2239 1177//2239
f 1232//2240 1230//2240 1233//2240
f 1233//2241 1230//2241 1234//2241
f 1234//2242 1230//2242 1231//2242
f 1234//2243 1231//2243 1175//2243
f 1175//2244 1231//2244 1176//2244
f 1235//2245 1232//2245 1236//2245
f 1236//2246 1232//2246 1233//2246
f 1236//2247 1233//2247 1237//2247
f 1237//2248 1233//2248 1234//2248
f 1237//2249 1234//2249 1162//2249
f 1162//2250 1234//2250 1175//2250
f 1238//2251 1235//2251 1236//2251
f 1238//2252 1236//2252 1239//2252
f 1239//2253 1236//2253 1237//2253
f 1239//2254 1237//2254 1164//2254
f 1164//2255 1237//2255 1162//2255
f 1240//2256 1241//2256 1242//2256
f 1240//2257 1242//2257 1243//2257
f 1244//2258 1245//2258 1246//2258
f 1244//2259 1246//2259 1247//2259
f 1248//2260 1249//2260 1191//2260
f 1248//2261 1191//2261 1190//2261
f 1250//2262 1190//2262 1189//2262
f 1250//2263 1189//2263 1188//2263
f 1251//2264 1252//2264 1253//2264
f 1251//2265 1253//2265 1254//2265
f 1255//2266 1256//2266 1249//2266
f 1255//2267 1249//2267 1248//2267
f 1257//2268 1258//2268 1187//2268
f 1257//2269 1187//2269 1186//2269
f 1259//2270 1260//2270 1261//2270
f 1259//2271 1261//2271 1262//2271
f 1263//2272 1264//2272 1185//2272
f 1263//2273 1185//2273 1184//2273
f 1265//2274 1262//2274 1258//2274
f 1265//2275 1258//2275 1257//2275
f 1266//2276 1267//2276 1183//2276
f 1266//2277 1183//2277 1182//2277
f 1206//2278 1268//2278 1264//2278
f 1206//2279 1264//2279 1263//2279
f 1218//2280 1215//2280 1181//2280
f 1218//2281 1181//2281 1180//2281
f 1210//2282 1207//2282 1267//2282
f 1210//2283 1267//2283 1266//2283
f 1223//2284 1221//2284 1179//2284
f 1223//2285 1179//2285 1178//2285
f 1269//2286 1270//2286 1271//2286
f 1269//2287 1271//2287 1272//2287
f 1242//2288 1273//2288 1274//2288
f 1242//2289 1274//2289 1275//2289
f 1247//2290 1246//2290 1195//2290
f 1247//2291 1195//2291 1194//2291
f 1276//2292 1272//2292 1277//2292
f 1276//2293 1277//2293 1273//2293
f 1278//2294 1243//2294 1279//2294
f 1278//2295 1279//2295 1280//2295
f 1254//2296 1253//2296 1193//2296
f 1254//2297 1193//2297 1192//2297
f 1190//2298 1250//2298 1261//2298
f 1190//2299 1261//2299 1248//2299
f 1247//2300 1253//2300 1252//2300
f 1247//2301 1252//2301 1244//2301
f 1188//2302 1187//2302 1258//2302
f 1188//2303 1258//2303 1250//2303
f 1254//2304 1249//2304 1256//2304
f 1254//2305 1256//2305 1251//2305
f 1186//2306 1185//2306 1264//2306
f 1186//2307 1264//2307 1257//2307
f 1250//2308 1258//2308 1262//2308
f 1250//2309 1262//2309 1261//2309
f 1248//2310 1261//2310 1260//2310
f 1248//2311 1260//2311 1255//2311
f 1181//2312 1156//2312 1180//2312
f 1184//2313 1183//2313 1267//2313
f 1184//2314 1267//2314 1263//2314
f 1182//2315 1181//2315 1215//2315
f 1182//2316 1215//2316 1266//2316
f 1257//2317 1264//2317 1268//2317
f 1257//2318 1268//2318 1265//2318
f 1262//2319 1265//2319 1281//2319
f 1262//2320 1281//2320 1259//2320
f 1094//2321 1175//2321 1176//2321
f 1180//2322 1179//2322 1221//2322
f 1180//2323 1221//2323 1218//2323
f 1263//2324 1267//2324 1207//2324
f 1263//2325 1207//2325 1206//2325
f 1212//2326 1210//2326 1266//2326
f 1212//2327 1266//2327 1215//2327
f 1226//2328 1223//2328 1178//2328
f 1226//2329 1178//2329 1177//2329
f 1164//2330 1162//2330 1163//2330
f 1282//2331 1238//2331 1283//2331
f 1283//2332 1238//2332 1284//2332
f 1284//2333 1238//2333 1239//2333
f 1284//2334 1239//2334 1166//2334
f 1166//2335 1239//2335 1164//2335
f 1166//2336 1164//2336 1165//2336
f 1166//2337 1167//2337 1168//2337
f 1166//2338 1168//2338 1284//2338
f 1284//2339 1168//2339 1285//2339
f 1284//2340 1285//2340 1283//2340
f 1283//2341 1285//2341 1286//2341
f 1283//2342 1286//2342 1282//2342
f 1282//2343 1286//2343 1287//2343
f 1168//2344 1169//2344 1170//2344
f 1168//2345 1170//2345 1285//2345
f 1285//2346 1170//2346 1288//2346
f 1285//2347 1288//2347 1286//2347
f 1286//2348 1288//2348 1289//2348
f 1286//2349 1289//2349 1287//2349
f 1170//2350 1171//2350 1172//2350
f 1170//2351 1172//2351 1288//2351
f 1288//2352 1172//2352 1290//2352
f 1288//2353 1290//2353 1289//2353
f 1289//2354 1290//2354 1291//2354
f 1172//2355 1173//2355 1174//2355
f 1172//2356 1174//2356 1290//2356
f 1290//2357 1174//2357 1292//2357
f 1290//2358 1292//2358 1291//2358
f 1291//2359 1292//2359 1293//2359
f 1174//2360 1204//2360 1292//2360
f 1292//2361 1204//2361 1294//2361
f 1292//2362 1294//2362 1293//2362
f 1293//2363 1294//2363 1271//2363
f 1204//2364 1157//2364 1203//2364
f 1204//2365 1203//2365 1294//2365
f 1294//2366 1203//2366 1295//2366
f 1294//2367 1295//2367 1271//2367
f 1203//2368 1140//2368 1202//2368
f 1203//2369 1202//2369 1295//2369
f 1295//2370 1202//2370 1296//2370
f 1202//2371 1158//2371 1201//2371
f 1202//2372 1201//2372 1296//2372
f 1296//2373 1201//2373 1297//2373
f 1201//2374 1145//2374 1200//2374
f 1201//2375 1200//2375 1297//2375
f 1297//2376 1200//2376 1274//2376
f 1200//2377 1199//2377 1298//2377
f 1200//2378 1298//2378 1274//2378
f 1274//2379 1298//2379 1275//2379
f 1199//2380 1198//2380 1298//2380
f 1298//2381 1198//2381 1275//2381
f 1299//2382 1287//2382 1289//2382
f 1299//2383 1289//2383 1291//2383
f 1272//2384 1271//2384 1295//2384
f 1272//2385 1295//2385 1296//2385
f 1279//2386 1275//2386 1198//2386
f 1279//2387 1198//2387 1197//2387
f 1300//2388 1299//2388 1291//2388
f 1300//2389 1291//2389 1293//2389
f 1277//2390 1272//2390 1296//2390
f 1277//2391 1296//2391 1297//2391
f 1280//2392 1279//2392 1197//2392
f 1280//2393 1197//2393 1196//2393
f 1196//2394 1195//2394 1246//2394
f 1196//2395 1246//2395 1280//2395
f 1297//2396 1274//2396 1273//2396
f 1297//2397 1273//2397 1277//2397
f 1293//2398 1271//2398 1270//2398
f 1293//2399 1270//2399 1300//2399
f 1160//2400 1189//2400 1190//2400
f 1194//2401 1193//2401 1253//2401
f 1194//2402 1253//2402 1247//2402
f 1275//2403 1279//2403 1243//2403
f 1275//2404 1243//2404 1242//2404
f 1241//2405 1276//2405 1273//2405
f 1241//2406 1273//2406 1242//2406
f 1245//2407 1278//2407 1280//2407
f 1245//2408 1280//2408 1246//2408
f 1249//2409 1254//2409 1192//2409
f 1249//2410 1192//2410 1191//2410
f 1301//2411 1302//2411 1208//2411
f 1213//2412 1303//2412 1304//2412
f 1301//2413 1208//2413 1211//2413
f 1301//2414 1211//2414 1304//2414
f 1304//2415 1211//2415 1213//2415
f 1219//2416 1305//2416 1306//2416
f 1303//2417 1213//2417 1216//2417
f 1303//2418 1216//2418 1306//2418
f 1306//2419 1216//2419 1219//2419
f 1224//2420 1307//2420 1308//2420
f 1305//2421 1219//2421 1222//2421
f 1305//2422 1222//2422 1308//2422
f 1308//2423 1222//2423 1224//2423
f 1230//2424 1309//2424 1310//2424
f 1307//2425 1224//2425 1227//2425
f 1307//2426 1227//2426 1310//2426
f 1310//2427 1227//2427 1230//2427
f 1235//2428 1311//2428 1312//2428
f 1230//2429 1232//2429 1309//2429
f 1309//2430 1232//2430 1312//2430
f 1312//2431 1232//2431 1235//2431
f 1311//2432 1235//2432 1238//2432
f 1311//2433 1238//2433 1313//2433
f 1238//2434 1282//2434 1313//2434
f 1313//2435 1282//2435 1314//2435
f 1282//2436 1287//2436 1314//2436
f 1314//2437 1287//2437 1315//2437
f 1287//2438 1299//2438 1315//2438
f 1315//2439 1299//2439 1316//2439
f 1299//2440 1300//2440 1316//2440
f 1316//2441 1300//2441 1317//2441
f 1300//2442 1270//2442 1317//2442
f 1317//2443 1270//2443 1318//2443
f 1270//2444 1269//2444 1318//2444
f 1318//2445 1269//2445 1319//2445
f 1319//2446 1269//2446 1272//2446
f 1319//2447 1272//2447 1320//2447
f 1272//2448 1276//2448 1320//2448
f 1320//2449 1276//2449 1321//2449
f 1276//2450 1241//2450 1321//2450
f 1321//2451 1241//2451 1322//2451
f 1241//2452 1240//2452 1322//2452
f 1322//2453 1240//2453 1323//2453
f 1323//2454 1240//2454 1243//2454
f 1323//2455 1243//2455 1324//2455
f 1324//2456 1243//2456 1278//2456
f 1324//2457 1278//2457 1325//2457
f 1278//2458 1245//2458 1325//2458
f 1325//2459 1245//2459 1326//2459
f 1245//2460 1244//2460 1326//2460
f 1326//2461 1244//2461 1327//2461
f 1244//2462 1252//2462 1327//2462
f 1327//2463 1252//2463 1328//2463
f 1252//2464 1251//2464 1328//2464
f 1328//2465 1251//2465 1329//2465
f 1251//2466 1256//2466 1329//2466
f 1329//2467 1256//2467 1330//2467
f 1256//2468 1255//2468 1330//2468
f 1330//2469 1255//2469 1331//2469
f 1255//2470 1260//2470 1331//2470
f 1331//2471 1260//2471 1332//2471
f 1260//2472 1259//2472 1332//2472
f 1332//2473 1259//2473 1333//2473
f 1259//2474 1281//2474 1333//2474
f 1333//2475 1281//2475 1334//2475
f 1281//2476 1265//2476 1334//2476
f 1334//2477 1265//2477 1335//2477
f 1335//2478 1265//2478 1268//2478
f 1335//2479 1268//2479 1206//2479
f 1335//2480 1206//2480 1336//2480
f 1336//2481 1206//2481 1205//2481
f 1336//2482 1205//2482 1302//2482
f 1302//2483 1205//2483 1209//2483
f 1302//2484 1209//2484 1208//2484
f 1337//2485 1338//2485 1339//2485
f 1340//2486 1341//2486 1339//2486
f 1339//2487 1341//2487 1342//2487
f 1339//2488 1342//2488 1337//2488
f 1343//2489 1344//2489 1339//2489
f 1339//2490 1344//2490 1345//2490
f 1339//2491 1345//2491 1340//2491
f 1346//2492 1347//2492 1339//2492
f 1339//2493 1347//2493 1348//2493
f 1339//2494 1348//2494 1343//2494
f 1349//2495 1350//2495 1339//2495
f 1339//2496 1350//2496 1351//2496
f 1339//2497 1351//2497 1346//2497
f 1352//2498 1353//2498 1339//2498
f 1339//2499 1353//2499 1354//2499
f 1339//2500 1354//2500 1349//2500
f 1355//2501 1356//2501 1339//2501
f 1339//2502 1356//2502 1357//2502
f 1339//2503 1357//2503 1352//2503
f 1358//2504 1359//2504 1339//2504
f 1339//2505 1359//2505 1360//2505
f 1339//2506 1360//2506 1355//2506
f 1361//2507 1362//2507 1339//2507
f 1339//2508 1362//2508 1363//2508
f 1339//2509 1363//2509 1358//2509
f 1364//2510 1365//2510 1339//2510
f 1339//2511 1365//2511 1366//2511
f 1339//2512 1366//2512 1361//2512
f 1367//2513 1368//2513 1339//2513
f 1339//2514 1368//2514 1369//2514
f 1339//2515 1369//2515 1364//2515
f 1339//2516 1370//2516 1371//2516
f 1339//2517 1371//2517 1367//2517
f 1372//2518 1373//2518 1339//2518
f 1339//2519 1373//2519 1374//2519
f 1375//2520 1376//2520 1339//2520
f 1339//2521 1376//2521 1377//2521
f 1339//2522 1377//2522 1372//2522
f 1338//2523 1378//2523 1339//2523
f 1339//2524 1378//2524 1379//2524
f 1339//2525 1379//2525 1375//2525
f 1342//2526 1380//2526 1337//2526
f 1341//2527 1381//2527 1342//2527
f 1381//2528 1341//2528 1382//2528
f 1382//2529 1341//2529 1340//2529
f 1382//2530 1340//2530 1383//2530
f 1340//2531 1345//2531 1383//2531
f 1384//2532 1345//2532 1344//2532
f 1384//2533 1344//2533 1385//2533
f 1385//2534 1344//2534 1343//2534
f 1348//2535 1386//2535 1343//2535
f 1347//2536 1387//2536 1348//2536
f 1348//2537 1387//2537 1386//2537
f 1351//2538 1388//2538 1346//2538
f 1350//2539 1389//2539 1351//2539
f 1351//2540 1389//2540 1388//2540
f 1349//2541 1390//2541 1350//2541
f 1354//2542 1391//2542 1349//2542
f 1349//2543 1391//2543 1390//2543
f 1392//2544 1354//2544 1353//2544
f 1352//2545 1393//2545 1353//2545
f 1353//2546 1393//2546 1392//2546
f 1394//2547 1352//2547 1357//2547
f 1394//2548 1395//2548 1352//2548
f 1352//2549 1395//2549 1393//2549
f 1356//2550 1396//2550 1357//2550
f 1357//2551 1396//2551 1394//2551
f 1355//2552 1397//2552 1356//2552
f 1356//2553 1397//2553 1396//2553
f 1398//2554 1355//2554 1360//2554
f 1398//2555 1360//2555 1399//2555
f 1399//2556 1360//2556 1359//2556
f 1358//2557 1400//2557 1359//2557
f 1400//2558 1358//2558 1401//2558
f 1401//2559 1358//2559 1363//2559
f 1401//2560 1363//2560 1402//2560
f 1363//2561 1362//2561 1402//2561
f 1403//2562 1362//2562 1361//2562
f 1403//2563 1361//2563 1404//2563
f 1404//2564 1361//2564 1366//2564
f 1365//2565 1405//2565 1366//2565
f 1364//2566 1406//2566 1365//2566
f 1365//2567 1406//2567 1405//2567
f 1407//2568 1364//2568 1369//2568
f 1407//2569 1408//2569 1364//2569
f 1364//2570 1408//2570 1406//2570
f 1368//2571 1409//2571 1369//2571
f 1369//2572 1409//2572 1407//2572
f 1367//2573 1410//2573 1368//2573
f 1368//2574 1410//2574 1409//2574
f 1411//2575 1367//2575 1371//2575
f 1411//2576 1371//2576 1412//2576
f 1412//2577 1371//2577 1370//2577
f 1339//2578 1413//2578 1370//2578
f 1413//2579 1339//2579 1414//2579
f 1414//2580 1339//2580 1374//2580
f 1414//2581 1374//2581 1415//2581
f 1374//2582 1373//2582 1415//2582
f 1416//2583 1373//2583 1372//2583
f 1416//2584 1372//2584 1417//2584
f 1417//2585 1372//2585 1377//2585
f 1376//2586 1418//2586 1377//2586
f 1375//2587 1419//2587 1376//2587
f 1376//2588 1419//2588 1418//2588
f 1420//2589 1375//2589 1379//2589
f 1378//2590 1421//2590 1379//2590
f 1379//2591 1421//2591 1420//2591
f 1338//2592 1422//2592 1378//2592
f 1378//2593 1422//2593 1421//2593
f 1380//2594 1423//2594 1337//2594
f 1337//2595 1423//2595 1338//2595
f 1383//2596 1345//2596 1424//2596
f 1424//2597 1345//2597 1384//2597
f 1342//2598 1381//2598 1425//2598
f 1425//2599 1381//2599 1382//2599
f 1338//2600 1423//2600 1426//2600
f 1338//2601 1426//2601 1422//2601
f 1392//2602 1393//2602 1427//2602
f 1392//2603 1427//2603 1354//2603
f 1428//2604 1343//2604 1386//2604
f 1428//2605 1386//2605 1429//2605
f 1429//2606 1386//2606 1387//2606
f 1429//2607 1387//2607 1430//2607
f 1430//2608 1387//2608 1347//2608
f 1430//2609 1347//2609 1346//2609
f 1430//2610 1346//2610 1431//2610
f 1431//2611 1346//2611 1388//2611
f 1431//2612 1388//2612 1389//2612
f 1431//2613 1389//2613 1432//2613
f 1432//2614 1389//2614 1350//2614
f 1432//2615 1350//2615 1390//2615
f 1432//2616 1390//2616 1433//2616
f 1433//2617 1390//2617 1391//2617
f 1433//2618 1391//2618 1354//2618
f 1433//2619 1354//2619 1427//2619
f 1427//2620 1393//2620 1434//2620
f 1434//2621 1393//2621 1395//2621
f 1434//2622 1395//2622 1394//2622
f 1434//2623 1394//2623 1435//2623
f 1435//2624 1394//2624 1396//2624
f 1435//2625 1396//2625 1397//2625
f 1435//2626 1397//2626 1436//2626
f 1436//2627 1397//2627 1355//2627
f 1436//2628 1355//2628 1437//2628
f 1437//2629 1355//2629 1398//2629
f 1437//2630 1398//2630 1399//2630
f 1437//2631 1399//2631 1438//2631
f 1438//2632 1399//2632 1359//2632
f 1438//2633 1359//2633 1439//2633
f 1439//2634 1359//2634 1400//2634
f 1439//2635 1400//2635 1401//2635
f 1439//2636 1401//2636 1440//2636
f 1440//2637 1401//2637 1402//2637
f 1440//2638 1402//2638 1362//2638
f 1440//2639 1362//2639 1441//2639
f 1441//2640 1362//2640 1403//2640
f 1441//2641 1403//2641 1404//2641
f 1441//2642 1404//2642 1442//2642
f 1442//2643 1404//2643 1366//2643
f 1442//2644 1366//2644 1443//2644
f 1443//2645 1366//2645 1405//2645
f 1443//2646 1405//2646 1406//2646
f 1443//2647 1406//2647 1444//2647
f 1444//2648 1406//2648 1408//2648
f 1444//2649 1408//2649 1445//2649
f 1445//2650 1408//2650 1407//2650
f 1445//2651 1407//2651 1409//2651
f 1445//2652 1409//2652 1446//2652
f 1446//2653 1409//2653 1410//2653
f 1446//2654 1410//2654 1367//2654
f 1446//2655 1367//2655 1447//2655
f 1447//2656 1367//2656 1411//2656
f 1447//2657 1411//2657 1412//2657
f 1447//2658 1412//2658 1448//2658
f 1448//2659 1412//2659 1370//2659
f 1448//2660 1370//2660 1413//2660
f 1448//2661 1413//2661 1449//2661
f 1449//2662 1413//2662 1414//2662
f 1449//2663 1414//2663 1450//2663
f 1450//2664 1414//2664 1415//2664
f 1450//2665 1415//2665 1373//2665
f 1450//2666 1373//2666 1451//2666
f 1451//2667 1373//2667 1416//2667
f 1451//2668 1416//2668 1452//2668
f 1452//2669 1416//2669 1417//2669
f 1452//2670 1417//2670 1377//2670
f 1452//2671 1377//2671 1453//2671
f 1453//2672 1377//2672 1418//2672
f 1453//2673 1418//2673 1454//2673
f 1454//2674 1418//2674 1419//2674
f 1454//2675 1419//2675 1375//2675
f 1454//2676 1375//2676 1455//2676
f 1455//2677 1375//2677 1420//2677
f 1455//2678 1420//2678 1421//2678
f 1455//2679 1421//2679 1426//2679
f 1426//2680 1421//2680 1422//2680
f 1456//2681 1426//2681 1423//2681
f 1456//2682 1423//2682 1380//2682
f 1456//2683 1380//2683 1425//2683
f 1425//2684 1380//2684 1342//2684
f 1457//2685 1425//2685 1382//2685
f 1457//2686 1382//2686 1383//2686
f 1457//2687 1383//2687 1424//2687
f 1458//2688 1424//2688 1384//2688
f 1458//2689 1384//2689 1385//2689
f 1458//2690 1385//2690 1428//2690
f 1428//2691 1385//2691 1343//2691
f 1459//2692 1456//2692 1460//2692
f 1460//2693 1456//2693 1461//2693
f 1461//2694 1456//2694 1425//2694
f 1461//2695 1425//2695 1462//2695
f 1462//2696 1425//2696 1457//2696
f 1462//2697 1457//2697 1463//2697
f 1463//2698 1457//2698 1464//2698
f 1465//2699 1427//2699 1466//2699
f 1466//2700 1427//2700 1434//2700
f 1466//2701 1434//2701 1467//2701
f 1467//2702 1434//2702 1468//2702
f 1444//2703 1469//2703 1470//2703
f 1434//2704 1435//2704 1468//2704
f 1468//2705 1435//2705 1471//2705
f 1471//2706 1435//2706 1436//2706
f 1436//2707 1437//2707 1472//2707
f 1473//2708 1442//2708 1474//2708
f 1474//2709 1442//2709 1443//2709
f 1474//2710 1443//2710 1470//2710
f 1470//2711 1443//2711 1444//2711
f 1475//2712 1429//2712 1476//2712
f 1476//2713 1429//2713 1430//2713
f 1476//2714 1430//2714 1477//2714
f 1478//2715 1433//2715 1479//2715
f 1479//2716 1433//2716 1465//2716
f 1465//2717 1433//2717 1427//2717
f 1472//2718 1437//2718 1438//2718
f 1472//2719 1438//2719 1480//2719
f 1480//2720 1438//2720 1439//2720
f 1480//2721 1439//2721 1481//2721
f 1481//2722 1439//2722 1440//2722
f 1481//2723 1440//2723 1482//2723
f 1482//2724 1440//2724 1483//2724
f 1483//2725 1440//2725 1441//2725
f 1483//2726 1441//2726 1473//2726
f 1473//2727 1441//2727 1442//2727
f 1477//2728 1430//2728 1431//2728
f 1477//2729 1431//2729 1484//2729
f 1484//2730 1431//2730 1485//2730
f 1485//2731 1431//2731 1432//2731
f 1485//2732 1432//2732 1478//2732
f 1478//2733 1432//2733 1433//2733
f 1469//2734 1444//2734 1445//2734
f 1469//2735 1445//2735 1486//2735
f 1486//2736 1445//2736 1487//2736
f 1488//2737 1448//2737 1489//2737
f 1489//2738 1448//2738 1449//2738
f 1449//2739 1450//2739 1490//2739
f 1490//2740 1450//2740 1451//2740
f 1490//2741 1451//2741 1491//2741
f 1491//2742 1451//2742 1452//2742
f 1491//2743 1452//2743 1492//2743
f 1457//2744 1424//2744 1464//2744
f 1464//2745 1424//2745 1458//2745
f 1464//2746 1458//2746 1493//2746
f 1493//2747 1458//2747 1494//2747
f 1494//2748 1458//2748 1428//2748
f 1494//2749 1428//2749 1475//2749
f 1475//2750 1428//2750 1429//2750
f 1445//2751 1446//2751 1487//2751
f 1487//2752 1446//2752 1495//2752
f 1495//2753 1446//2753 1447//2753
f 1495//2754 1447//2754 1496//2754
f 1496//2755 1447//2755 1488//2755
f 1488//2756 1447//2756 1448//2756
f 1492//2757 1452//2757 1453//2757
f 1492//2758 1453//2758 1497//2758
f 1497//2759 1453//2759 1454//2759
f 1497//2760 1454//2760 1498//2760
f 1498//2761 1454//2761 1455//2761
f 1498//2762 1455//2762 1499//2762
f 1499//2763 1455//2763 1500//2763
f 1500//2764 1455//2764 1426//2764
f 1500//2765 1426//2765 1459//2765
f 1459//2766 1426//2766 1456//2766
f 1501//2767 1482//2767 1502//2767
f 1502//2768 1482//2768 1483//2768
f 1502//2769 1483//2769 1503//2769
f 1503//2770 1483//2770 1473//2770
f 1503//2771 1473//2771 1504//2771
f 1504//2772 1473//2772 1474//2772
f 1504//2773 1474//2773 1505//2773
f 1505//2774 1474//2774 1470//2774
f 1505//2775 1470//2775 1506//2775
f 1506//2776 1470//2776 1469//2776
f 1506//2777 1469//2777 1507//2777
f 1507//2778 1469//2778 1486//2778
f 1507//2779 1486//2779 1508//2779
f 1508//2780 1486//2780 1487//2780
f 1508//2781 1487//2781 1509//2781
f 1509//2782 1487//2782 1495//2782
f 1509//2783 1495//2783 1510//2783
f 1510//2784 1495//2784 1496//2784
f 1510//2785 1496//2785 1511//2785
f 1511//2786 1496//2786 1488//2786
f 1511//2787 1488//2787 1512//2787
f 1512//2788 1488//2788 1489//2788
f 1512//2789 1489//2789 1513//2789
f 1513//2790 1489//2790 1449//2790
f 1513//2791 1449//2791 1514//2791
f 1514//2792 1449//2792 1490//2792
f 1514//2793 1490//2793 1515//2793
f 1515//2794 1490//2794 1491//2794
f 1515//2795 1491//2795 1516//2795
f 1516//2796 1491//2796 1492//2796
f 1516//2797 1492//2797 1517//2797
f 1517//2798 1492//2798 1497//2798
f 1517//2799 1497//2799 1518//2799
f 1518//2800 1497//2800 1498//2800
f 1518//2801 1498//2801 1519//2801
f 1519//2802 1498//2802 1499//2802
f 1519//2803 1499//2803 1520//2803
f 1520//2804 1499//2804 1500//2804
f 1520//2805 1500//2805 1521//2805
f 1521//2806 1500//2806 1459//2806
f 1521//2807 1459//2807 1522//2807
f 1522//2808 1459//2808 1460//2808
f 1522//2809 1460//2809 1523//2809
f 1523//2810 1460//2810 1461//2810
f 1523//2811 1461//2811 1524//2811
f 1524//2812 1461//2812 1462//2812
f 1524//2813 1462//2813 1525//2813
f 1525//2814 1462//2814 1463//2814
f 1525//2815 1463//2815 1526//2815
f 1526//2816 1463//2816 1464//2816
f 1526//2817 1464//2817 1527//2817
f 1527//2818 1464//2818 1493//2818
f 1527//2819 1493//2819 1528//2819
f 1528//2820 1493//2820 1494//2820
f 1528//2821 1494//2821 1529//2821
f 1529//2822 1494//2822 1475//2822
f 1529//2823 1475//2823 1530//2823
f 1530//2824 1475//2824 1476//2824
f 1530//2825 1476//2825 1531//2825
f 1531//2826 1476//2826 1477//2826
f 1531//2827 1477//2827 1532//2827
f 1532//2828 1477//2828 1484//2828
f 1532//2829 1484//2829 1533//2829
f 1533//2830 1484//2830 1485//2830
f 1533//2831 1485//2831 1534//2831
f 1534//2832 1485//2832 1478//2832
f 1534//2833 1478//2833 1535//2833
f 1535//2834 1478//2834 1479//2834
f 1535//2835 1479//2835 1536//2835
f 1536//2836 1479//2836 1465//2836
f 1536//2837 1465//2837 1537//2837
f 1537//2838 1465//2838 1466//2838
f 1537//2839 1466//2839 1538//2839
f 1538//2840 1466//2840 1467//2840
f 1538//2841 1467//2841 1539//2841
f 1539//2842 1467//2842 1468//2842
f 1539//2843 1468//2843 1540//2843
f 1540//2844 1468//2844 1471//2844
f 1540//2845 1471//2845 1541//2845
f 1541//2846 1471//2846 1436//2846
f 1541//2847 1436//2847 1542//2847
f 1542//2848 1436//2848 1472//2848
f 1542//2849 1472//2849 1543//2849
f 1543//2850 1472//2850 1480//2850
f 1543//2851 1480//2851 1544//2851
f 1544//2852 1480//2852 1481//2852
f 1544//2853 1481//2853 1501//2853
f 1501//2854 1481//2854 1482//2854
f 1523//2855 1545//2855 1522//2855
f 1522//2856 1545//2856 1546//2856
f 1522//2857 1546//2857 1521//2857
f 1521//2858 1546//2858 1547//2858
f 1521//2859 1547//2859 1520//2859
f 1520//2860 1547//2860 1548//2860
f 1520//2861 1548//2861 1519//2861
f 1519//2862 1548//2862 1549//2862
f 1519//2863 1549//2863 1518//2863
f 1518//2864 1549//2864 1550//2864
f 1518//2864 1550//2864 1517//2864
f 1517//2865 1550//2865 1551//2865
f 1517//2866 1551//2866 1516//2866
f 1516//2867 1551//2867 1552//2867
f 1516//2868 1552//2868 1515//2868
f 1515//2869 1552//2869 1553//2869
f 1515//2870 1553//2870 1514//2870
f 1514//2871 1553//2871 1554//2871
f 1514//2872 1554//2872 1513//2872
f 1513//2873 1554//2873 1555//2873
f 1513//2873 1555//2873 1512//2873
f 1512//2874 1555//2874 1556//2874
f 1512//2874 1556//2874 1511//2874
f 1511//2875 1556//2875 1557//2875
f 1511//2876 1557//2876 1510//2876
f 1510//2877 1557//2877 1558//2877
f 1510//2878 1558//2878 1509//2878
f 1509//2879 1558//2879 1559//2879
f 1509//2880 1559//2880 1508//2880
f 1508//2881 1559//2881 1560//2881
f 1508//2882 1560//2882 1507//2882
f 1507//2883 1560//2883 1561//2883
f 1507//2884 1561//2884 1506//2884
f 1506//2885 1561//2885 1562//2885
f 1506//2886 1562//2886 1505//2886
f 1505//2887 1562//2887 1563//2887
f 1505//2888 1563//2888 1504//2888
f 1504//2889 1563//2889 1564//2889
f 1504//2890 1564//2890 1503//2890
f 1503//2891 1564//2891 1565//2891
f 1503//2892 1565//2892 1502//2892
f 1502//2893 1565//2893 1566//2893
f 1502//2894 1566//2894 1501//2894
f 1501//2895 1566//2895 1567//2895
f 1501//2896 1567//2896 1544//2896
f 1544//2897 1567//2897 1568//2897
f 1544//2898 1568//2898 1543//2898
f 1543//2899 1568//2899 1569//2899
f 1543//2900 1569//2900 1542//2900
f 1542//2901 1569//2901 1570//2901
f 1542//2902 1570//2902 1541//2902
f 1541//2903 1570//2903 1571//2903
f 1541//2904 1571//2904 1540//2904
f 1540//2905 1571//2905 1572//2905
f 1540//2906 1572//2906 1539//2906
f 1539//2907 1572//2907 1573//2907
f 1539//2908 1573//2908 1538//2908
f 1538//2909 1573//2909 1574//2909
f 1538//2910 1574//2910 1537//2910
f 1537//2911 1574//2911 1575//2911
f 1537//2912 1575//2912 1536//2912
f 1536//2913 1575//2913 1576//2913
f 1536//2914 1576//2914 1535//2914
f 1535//2915 1576//2915 1577//2915
f 1535//2916 1577//2916 1534//2916
f 1534//2917 1577//2917 1578//2917
f 1534//2918 1578//2918 1533//2918
f 1533//2919 1578//2919 1579//2919
f 1533//2920 1579//2920 1532//2920
f 1532//2921 1579//2921 1580//2921
f 1532//2922 1580//2922 1531//2922
f 1531//2923 1580//2923 1581//2923
f 1531//2924 1581//2924 1530//2924
f 1530//2925 1581//2925 1582//2925
f 1530//2926 1582//2926 1529//2926
f 1529//2927 1582//2927 1583//2927
f 1529//2928 1583//2928 1528//2928
f 1528//2929 1583//2929 1584//2929
f 1528//2930 1584//2930 1527//2930
f 1527//2931 1584//2931 1585//2931
f 1527//2932 1585//2932 1526//2932
f 1526//2933 1585//2933 1586//2933
f 1526//2934 1586//2934 1525//2934
f 1525//2935 1586//2935 1587//2935
f 1525//2936 1587//2936 1524//2936
f 1524//2937 1587//2937 1588//2937
f 1524//2938 1588//2938 1523//2938
f 1523//2939 1588//2939 1545//2939
f 1563//2940 1562//2940 1589//2940
f 1589//2941 1562//2941 1561//2941
f 1589//2940 1561//2940 1590//2940
f 1590//2940 1561//2940 1560//2940
f 1590//2940 1560//2940 1591//2940
f 1591//2942 1560//2942 1559//2942
f 1591//2943 1559//2943 1592//2943
f 1592//2944 1559//2944 1558//2944
f 1592//2945 1558//2945 1593//2945
f 1593//2940 1558//2940 1557//2940
f 1593//2946 1557//2946 1594//2946
f 1594//2940 1557//2940 1556//2940
f 1594//2940 1556//2940 1595//2940
f 1595//2940 1556//2940 1555//2940
f 1595//2940 1555//2940 1596//2940
f 1596//2940 1555//2940 1554//2940
f 1596//2940 1554//2940 1597//2940
f 1597//2940 1554//2940 1553//2940
f 1597//2947 1553//2947 1598//2947
f 1598//2940 1553//2940 1552//2940
f 1598//2948 1552//2948 1599//2948
f 1599//2944 1552//2944 1551//2944
f 1599//2949 1551//2949 1600//2949
f 1600//2950 1551//2950 1550//2950
f 1600//2940 1550//2940 1601//2940
f 1601//2940 1550//2940 1549//2940
f 1601//2951 1549//2951 1602//2951
f 1602//2952 1549//2952 1548//2952
f 1602//2940 1548//2940 1603//2940
f 1603//2940 1548//2940 1547//2940
f 1603//2953 1547//2953 1604//2953
f 1604//2940 1547//2940 1546//2940
f 1604//2954 1546//2954 1605//2954
f 1605//2940 1546//2940 1545//2940
f 1605//2955 1545//2955 1606//2955
f 1606//2940 1545//2940 1588//2940
f 1606//2940 1588//2940 1607//2940
f 1607//2940 1588//2940 1587//2940
f 1607//2956 1587//2956 1608//2956
f 1608//2940 1587//2940 1586//2940
f 1608//2940 1586//2940 1609//2940
f 1609//2957 1586//2957 1585//2957
f 1609//2958 1585//2958 1610//2958
f 1610//2959 1585//2959 1584//2959
f 1610//2960 1584//2960 1611//2960
f 1611//2961 1584//2961 1583//2961
f 1611//2940 1583//2940 1612//2940
f 1612//2940 1583//2940 1582//2940
f 1612//2940 1582//2940 1613//2940
f 1613//2940 1582//2940 1581//2940
f 1613//2940 1581//2940 1614//2940
f 1614//2962 1581//2962 1580//2962
f 1614//2940 1580//2940 1615//2940
f 1615//2940 1580//2940 1579//2940
f 1615//2940 1579//2940 1616//2940
f 1616//2940 1579//2940 1578//2940
f 1616//2940 1578//2940 1617//2940
f 1617//2940 1578//2940 1577//2940
f 1617//2940 1577//2940 1618//2940
f 1618//2940 1577//2940 1576//2940
f 1618//2963 1576//2963 1619//2963
f 1619//2964 1576//2964 1575//2964
f 1619//2965 1575//2965 1620//2965
f 1620//2966 1575//2966 1574//2966
f 1620//2967 1574//2967 1621//2967
f 1621//2940 1574//2940 1573//2940
f 1621//2940 1573//2940 1622//2940
f 1622//2940 1573//2940 1572//2940
f 1622//2940 1572//2940 1623//2940
f 1623//2940 1572//2940 1571//2940
f 1623//2940 1571//2940 1624//2940
f 1624//2940 1571//2940 1570//2940
f 1624//2940 1570//2940 1625//2940
f 1625//2940 1570//2940 1569//2940
f 1625//2940 1569//2940 1626//2940
f 1626//2940 1569//2940 1568//2940
f 1626//2968 1568//2968 1627//2968
f 1627//2940 1568//2940 1567//2940
f 1627//2940 1567//2940 1628//2940
f 1628//2940 1567//2940 1566//2940
f 1628//2940 1566//2940 1629//2940
f 1629//2969 1566//2969 1565//2969
f 1629//2940 1565//2940 1630//2940
f 1630//2940 1565//2940 1564//2940
f 1630//2940 1564//2940 1631//2940
f 1631//2970 1564//2970 1563//2970
f 1631//2940 1563//2940 1589//2940
f 1617//2971 1618//2971 1632//2971
f 1632//2972 1618//2972 1633//2972
f 1619//2973 1634//2973 1618//2973
f 1618//2974 1634//2974 1633//2974
f 1634//2975 1619//2975 1635//2975
f 1635//2976 1619//2976 1620//2976
f 1635//2977 1620//2977 1636//2977
f 1636//2978 1620//2978 1621//2978
f 1636//2979 1621//2979 1637//2979
f 1622//2980 1638//2980 1621//2980
f 1621//2981 1638//2981 1637//2981
f 1623//2982 1639//2982 1640//2982
f 1623//2983 1640//2983 1622//2983
f 1622//2984 1640//2984 1638//2984
f 1639//2985 1623//2985 1641//2985
f 1641//2986 1623//2986 1624//2986
f 1641//2987 1624//2987 1642//2987
f 1642//2988 1624//2988 1625//2988
f 1642//2989 1625//2989 1643//2989
f 1626//2990 1644//2990 1625//2990
f 1625//2991 1644//2991 1643//2991
f 1627//2992 1645//2992 1626//2992
f 1626//2993 1645//2993 1644//2993
f 1628//2994 1646//2994 1647//2994
f 1628//2995 1647//2995 1627//2995
f 1627//2996 1647//2996 1645//2996
f 1646//2997 1628//2997 1648//2997
f 1648//2998 1628//2998 1629//2998
f 1648//2999 1629//2999 1649//2999
f 1649//3000 1629//3000 1630//3000
f 1649//3001 1630//3001 1650//3001
f 1631//3002 1651//3002 1630//3002
f 1630//3003 1651//3003 1650//3003
f 1651//3004 1631//3004 1652//3004
f 1652//3005 1631//3005 1589//3005
f 1652//3006 1589//3006 1653//3006
f 1590//3007 1654//3007 1589//3007
f 1589//3008 1654//3008 1653//3008
f 1591//3009 1655//3009 1590//3009
f 1590//3010 1655//3010 1654//3010
f 1592//3011 1656//3011 1657//3011
f 1592//3012 1657//3012 1591//3012
f 1591//3013 1657//3013 1655//3013
f 1656//3014 1592//3014 1658//3014
f 1658//3015 1592//3015 1593//3015
f 1658//3016 1593//3016 1659//3016
f 1659//3017 1593//3017 1594//3017
f 1659//3018 1594//3018 1660//3018
f 1595//3019 1661//3019 1594//3019
f 1594//3020 1661//3020 1660//3020
f 1596//3021 1662//3021 1595//3021
f 1595//3022 1662//3022 1661//3022
f 1597//3023 1663//3023 1664//3023
f 1597//3024 1664//3024 1596//3024
f 1596//3025 1664//3025 1662//3025
f 1663//3026 1597//3026 1665//3026
f 1665//3027 1597//3027 1598//3027
f 1665//3028 1598//3028 1666//3028
f 1666//3029 1598//3029 1599//3029
f 1666//3030 1599//3030 1667//3030
f 1600//3031 1668//3031 1599//3031
f 1599//3032 1668//3032 1667//3032
f 1668//3033 1600//3033 1669//3033
f 1669//3034 1600//3034 1601//3034
f 1669//3035 1601//3035 1670//3035
f 1602//3036 1671//3036 1601//3036
f 1601//3037 1671//3037 1670//3037
f 1603//3038 1672//3038 1602//3038
f 1602//3039 1672//3039 1671//3039
f 1604//3040 1673//3040 1674//3040
f 1604//3041 1674//3041 1603//3041
f 1603//3042 1674//3042 1672//3042
f 1673//3043 1604//3043 1675//3043
f 1675//3044 1604//3044 1605//3044
f 1675//3045 1605//3045 1676//3045
f 1676//3046 1605//3046 1606//3046
f 1676//3047 1606//3047 1677//3047
f 1607//3048 1678//3048 1606//3048
f 1606//3049 1678//3049 1677//3049
f 1678//3050 1607//3050 1679//3050
f 1679//3051 1607//3051 1608//3051
f 1679//3052 1608//3052 1680//3052
f 1680//3053 1608//3053 1609//3053
f 1680//3054 1609//3054 1681//3054
f 1610//3055 1682//3055 1609//3055
f 1609//3056 1682//3056 1681//3056
f 1611//3057 1683//3057 1684//3057
f 1611//3058 1684//3058 1610//3058
f 1610//3059 1684//3059 1682//3059
f 1683//3060 1611//3060 1685//3060
f 1685//3061 1611//3061 1612//3061
f 1685//3062 1612//3062 1686//3062
f 1686//3063 1612//3063 1613//3063
f 1686//3064 1613//3064 1687//3064
f 1614//3065 1688//3065 1613//3065
f 1613//3066 1688//3066 1687//3066
f 1688//3067 1614//3067 1689//3067
f 1689//3068 1614//3068 1615//3068
f 1689//3069 1615//3069 1690//3069
f 1690//3070 1615//3070 1616//3070
f 1690//3071 1616//3071 1691//3071
f 1632//3072 1692//3072 1617//3072
f 1617//3073 1692//3073 1616//3073
f 1616//3074 1692//3074 1691//3074
f 1693//3075 1694//3075 1695//3075
f 1696//3076 1693//3076 1697//3076
f 1697//3077 1693//3077 1695//3077
f 1698//3078 1696//3078 1697//3078
f 1699//3079 1698//3079 1700//3079
f 1701//3080 1699//3080 1700//3080
f 1701//3081 1700//3081 1702//3081
f 1703//3082 1701//3082 1704//3082
f 1704//3083 1701//3083 1702//3083
f 1705//3084 1703//3084 1706//3084
f 1706//3085 1703//3085 1704//3085
f 1707//3086 1705//3086 1708//3086
f 1708//3087 1705//3087 1706//3087
f 1708//3088 1706//3088 1650//3088
f 1709//3089 1707//3089 1708//3089
f 1709//3090 1708//3090 1710//3090
f 1710//3091 1708//3091 1650//3091
f 1710//3092 1650//3092 1651//3092
f 1711//3093 1709//3093 1710//3093
f 1711//3094 1710//3094 1712//3094
f 1712//3095 1710//3095 1652//3095
f 1652//3096 1710//3096 1651//3096
f 1688//3097 1689//3097 1713//3097
f 1688//3098 1713//3098 1714//3098
f 1715//3099 1716//3099 1717//3099
f 1715//3100 1717//3100 1718//3100
f 1719//3101 1711//3101 1720//3101
f 1720//3102 1711//3102 1712//3102
f 1720//3103 1712//3103 1653//3103
f 1653//3104 1712//3104 1652//3104
f 1685//3105 1721//3105 1722//3105
f 1685//3106 1722//3106 1723//3106
f 1724//3107 1723//3107 1716//3107
f 1724//3108 1716//3108 1715//3108
f 1725//3109 1715//3109 1718//3109
f 1725//3110 1718//3110 1726//3110
f 1727//3111 1719//3111 1720//3111
f 1727//3112 1720//3112 1728//3112
f 1728//3113 1720//3113 1653//3113
f 1728//3114 1653//3114 1654//3114
f 1687//3115 1688//3115 1714//3115
f 1687//3116 1714//3116 1721//3116
f 1683//3117 1685//3117 1723//3117
f 1683//3118 1723//3118 1724//3118
f 1729//3119 1725//3119 1726//3119
f 1729//3120 1726//3120 1730//3120
f 1731//3121 1727//3121 1732//3121
f 1732//3122 1727//3122 1728//3122
f 1732//3123 1728//3123 1655//3123
f 1655//3124 1728//3124 1654//3124
f 1733//3125 1657//3125 1734//3125
f 1735//3126 1736//3126 1661//3126
f 1735//3127 1661//3127 1737//3127
f 1737//3128 1661//3128 1662//3128
f 1737//3129 1662//3129 1664//3129
f 1738//3130 1739//3130 1734//3130
f 1738//3131 1734//3131 1740//3131
f 1741//3132 1740//3132 1742//3132
f 1741//3133 1742//3133 1736//3133
f 1743//3134 1664//3134 1663//3134
f 1743//3135 1663//3135 1665//3135
f 1744//3136 1737//3136 1664//3136
f 1744//3137 1664//3137 1743//3137
f 1745//3138 1743//3138 1665//3138
f 1745//3139 1665//3139 1666//3139
f 1746//3140 1745//3140 1666//3140
f 1746//3141 1666//3141 1667//3141
f 1747//3142 1667//3142 1668//3142
f 1747//3143 1668//3143 1669//3143
f 1748//3144 1749//3144 1744//3144
f 1748//3145 1744//3145 1743//3145
f 1750//3146 1751//3146 1746//3146
f 1750//3147 1746//3147 1752//3147
f 1753//3148 1671//3148 1672//3148
f 1753//3149 1672//3149 1674//3149
f 1754//3150 1755//3150 1756//3150
f 1754//3151 1756//3151 1757//3151
f 1758//3152 1753//3152 1674//3152
f 1758//3153 1674//3153 1759//3153
f 1760//3154 1759//3154 1675//3154
f 1760//3155 1675//3155 1676//3155
f 1761//3156 1758//3156 1759//3156
f 1761//3157 1759//3157 1760//3157
f 1762//3158 1760//3158 1676//3158
f 1762//3159 1676//3159 1763//3159
f 1763//3160 1676//3160 1677//3160
f 1763//3161 1677//3161 1678//3161
f 1764//3162 1765//3162 1679//3162
f 1764//3163 1679//3163 1680//3163
f 1766//3164 1767//3164 1768//3164
f 1766//3165 1768//3165 1769//3165
f 1769//3166 1768//3166 1758//3166
f 1769//3167 1758//3167 1761//3167
f 1770//3168 1769//3168 1761//3168
f 1770//3169 1761//3169 1771//3169
f 1772//3170 1762//3170 1763//3170
f 1772//3171 1763//3171 1765//3171
f 1725//3172 1729//3172 1681//3172
f 1725//3173 1681//3173 1682//3173
f 1724//3174 1682//3174 1684//3174
f 1724//3175 1684//3175 1683//3175
f 1773//3176 1770//3176 1771//3176
f 1773//3177 1771//3177 1774//3177
f 1774//3178 1771//3178 1762//3178
f 1774//3179 1762//3179 1772//3179
f 1775//3180 1772//3180 1765//3180
f 1775//3181 1765//3181 1764//3181
f 1715//3182 1725//3182 1682//3182
f 1715//3183 1682//3183 1724//3183
f 1776//3184 1689//3184 1690//3184
f 1776//3185 1690//3185 1691//3185
f 1777//3186 1716//3186 1723//3186
f 1777//3187 1723//3187 1722//3187
f 1778//3188 1713//3188 1689//3188
f 1778//3189 1689//3189 1776//3189
f 1779//3190 1780//3190 1714//3190
f 1779//3191 1714//3191 1781//3191
f 1782//3192 1776//3192 1691//3192
f 1782//3193 1691//3193 1692//3193
f 1783//3194 1778//3194 1776//3194
f 1783//3195 1776//3195 1782//3195
f 1784//3196 1782//3196 1692//3196
f 1784//3197 1692//3197 1632//3197
f 1785//3198 1781//3198 1778//3198
f 1785//3199 1778//3199 1783//3199
f 1786//3200 1784//3200 1632//3200
f 1786//3201 1632//3201 1787//3201
f 1787//3202 1632//3202 1633//3202
f 1787//3203 1633//3203 1788//3203
f 1788//3204 1633//3204 1634//3204
f 1788//3205 1634//3205 1635//3205
f 1789//3206 1785//3206 1783//3206
f 1789//3207 1783//3207 1790//3207
f 1791//3208 1790//3208 1784//3208
f 1791//3209 1784//3209 1786//3209
f 1792//3210 1793//3210 1640//3210
f 1792//3211 1640//3211 1639//3211
f 1794//3212 1791//3212 1786//3212
f 1794//3213 1786//3213 1795//3213
f 1796//3214 1797//3214 1798//3214
f 1796//3215 1798//3215 1793//3215
f 1799//3216 1639//3216 1641//3216
f 1799//3217 1641//3217 1642//3217
f 1800//3218 1796//3218 1793//3218
f 1800//3219 1793//3219 1792//3219
f 1801//3220 1799//3220 1642//3220
f 1801//3221 1642//3221 1802//3221
f 1803//3222 1644//3222 1645//3222
f 1803//3223 1645//3223 1647//3223
f 1804//3224 1805//3224 1796//3224
f 1804//3225 1796//3225 1800//3225
f 1806//3226 1807//3226 1808//3226
f 1806//3227 1808//3227 1799//3227
f 1809//3228 1803//3228 1647//3228
f 1809//3229 1647//3229 1702//3229
f 1702//3230 1647//3230 1646//3230
f 1702//3231 1646//3231 1648//3231
f 1810//3232 1806//3232 1799//3232
f 1810//3233 1799//3233 1801//3233
f 1695//3234 1801//3234 1802//3234
f 1695//3235 1802//3235 1697//3235
f 1697//3236 1802//3236 1644//3236
f 1697//3237 1644//3237 1803//3237
f 1704//3238 1702//3238 1648//3238
f 1704//3239 1648//3239 1649//3239
f 1700//3240 1803//3240 1809//3240
f 1700//3241 1809//3241 1702//3241
f 1706//3242 1704//3242 1649//3242
f 1706//3243 1649//3243 1650//3243
f 1734//3244 1657//3244 1656//3244
f 1734//3245 1656//3245 1658//3245
f 1742//3246 1658//3246 1659//3246
f 1742//3247 1659//3247 1660//3247
f 1740//3248 1734//3248 1658//3248
f 1740//3249 1658//3249 1742//3249
f 1736//3250 1742//3250 1660//3250
f 1736//3251 1660//3251 1661//3251
f 1739//3252 1733//3252 1734//3252
f 1811//3253 1738//3253 1740//3253
f 1811//3254 1740//3254 1741//3254
f 1812//3255 1736//3255 1735//3255
f 1812//3256 1735//3256 1737//3256
f 1669//3257 1670//3257 1756//3257
f 1669//3258 1756//3258 1747//3258
f 1667//3259 1747//3259 1752//3259
f 1667//3260 1752//3260 1746//3260
f 1737//3261 1744//3261 1749//3261
f 1737//3262 1749//3262 1812//3262
f 1736//3263 1812//3263 1813//3263
f 1736//3264 1813//3264 1741//3264
f 1741//3265 1813//3265 1814//3265
f 1741//3266 1814//3266 1811//3266
f 1815//3267 1813//3267 1812//3267
f 1815//3268 1812//3268 1749//3268
f 1816//3269 1748//3269 1743//3269
f 1816//3270 1743//3270 1745//3270
f 1670//3271 1671//3271 1757//3271
f 1670//3272 1757//3272 1756//3272
f 1745//3273 1746//3273 1751//3273
f 1745//3274 1751//3274 1816//3274
f 1817//3275 1750//3275 1752//3275
f 1817//3276 1752//3276 1747//3276
f 1818//3277 1757//3277 1671//3277
f 1818//3278 1671//3278 1753//3278
f 1673//3279 1675//3279 1759//3279
f 1673//3280 1759//3280 1674//3280
f 1747//3281 1756//3281 1755//3281
f 1747//3282 1755//3282 1817//3282
f 1819//3283 1754//3283 1757//3283
f 1819//3284 1757//3284 1818//3284
f 1768//3285 1818//3285 1753//3285
f 1768//3286 1753//3286 1758//3286
f 1678//3287 1679//3287 1765//3287
f 1678//3288 1765//3288 1763//3288
f 1760//3289 1762//3289 1771//3289
f 1760//3290 1771//3290 1761//3290
f 1818//3291 1768//3291 1767//3291
f 1818//3292 1767//3292 1819//3292
f 1680//3293 1681//3293 1729//3293
f 1680//3294 1729//3294 1764//3294
f 1730//3295 1775//3295 1764//3295
f 1730//3296 1764//3296 1729//3296
f 1721//3297 1685//3297 1686//3297
f 1721//3298 1686//3298 1687//3298
f 1713//3299 1778//3299 1781//3299
f 1713//3300 1781//3300 1714//3300
f 1721//3301 1714//3301 1780//3301
f 1721//3302 1780//3302 1722//3302
f 1722//3303 1780//3303 1820//3303
f 1722//3304 1820//3304 1777//3304
f 1716//3305 1777//3305 1821//3305
f 1716//3306 1821//3306 1717//3306
f 1822//3307 1779//3307 1781//3307
f 1822//3308 1781//3308 1785//3308
f 1823//3309 1635//3309 1636//3309
f 1823//3310 1636//3310 1637//3310
f 1638//3311 1640//3311 1793//3311
f 1638//3312 1793//3312 1637//3312
f 1637//3313 1793//3313 1798//3313
f 1637//3314 1798//3314 1823//3314
f 1635//3315 1823//3315 1824//3315
f 1635//3316 1824//3316 1788//3316
f 1782//3317 1784//3317 1790//3317
f 1782//3318 1790//3318 1783//3318
f 1795//3319 1786//3319 1787//3319
f 1795//3320 1787//3320 1788//3320
f 1823//3321 1798//3321 1797//3321
f 1823//3322 1797//3322 1824//3322
f 1788//3323 1824//3323 1825//3323
f 1788//3324 1825//3324 1795//3324
f 1826//3325 1825//3325 1824//3325
f 1826//3326 1824//3326 1797//3326
f 1808//3327 1792//3327 1639//3327
f 1808//3328 1639//3328 1799//3328
f 1643//3329 1644//3329 1802//3329
f 1643//3330 1802//3330 1642//3330
f 1792//3331 1808//3331 1807//3331
f 1792//3332 1807//3332 1800//3332
f 1797//3333 1796//3333 1805//3333
f 1797//3334 1805//3334 1826//3334
f 1801//3335 1695//3335 1694//3335
f 1801//3336 1694//3336 1810//3336
f 1698//3337 1697//3337 1803//3337
f 1698//3338 1803//3338 1700//3338
f 1739//3339 1731//3339 1733//3339
f 1733//3340 1731//3340 1732//3340
f 1733//3341 1732//3341 1657//3341
f 1657//3342 1732//3342 1655//3342
f 1791//3343 1827//3343 1790//3343
f 1790//3344 1827//3344 1828//3344
f 1790//3345 1828//3345 1789//3345
f 1789//3346 1828//3346 1829//3346
f 1789//3347 1829//3347 1785//3347
f 1785//3348 1829//3348 1830//3348
f 1785//3349 1830//3349 1822//3349
f 1822//3350 1830//3350 1831//3350
f 1822//3351 1831//3351 1779//3351
f 1779//3352 1831//3352 1832//3352
f 1779//3353 1832//3353 1780//3353
f 1780//3354 1832//3354 1833//3354
f 1780//3355 1833//3355 1820//3355
f 1820//3356 1833//3356 1834//3356
f 1820//3357 1834//3357 1777//3357
f 1777//3358 1834//3358 1835//3358
f 1777//3359 1835//3359 1821//3359
f 1821//3360 1835//3360 1836//3360
f 1821//3361 1836//3361 1717//3361
f 1717//3362 1836//3362 1837//3362
f 1717//3363 1837//3363 1718//3363
f 1718//3364 1837//3364 1838//3364
f 1718//3365 1838//3365 1726//3365
f 1726//3366 1838//3366 1839//3366
f 1726//3367 1839//3367 1730//3367
f 1730//3368 1839//3368 1840//3368
f 1730//3369 1840//3369 1775//3369
f 1775//3370 1840//3370 1841//3370
f 1775//3371 1841//3371 1772//3371
f 1772//3372 1841//3372 1842//3372
f 1772//3373 1842//3373 1774//3373
f 1774//3374 1842//3374 1843//3374
f 1774//3375 1843//3375 1844//3375
f 1774//3376 1844//3376 1773//3376
f 1773//3377 1844//3377 1770//3377
f 1770//3378 1844//3378 1845//3378
f 1770//3379 1845//3379 1769//3379
f 1769//3380 1845//3380 1846//3380
f 1769//3381 1846//3381 1766//3381
f 1766//3382 1846//3382 1847//3382
f 1766//3383 1847//3383 1767//3383
f 1767//3384 1847//3384 1848//3384
f 1767//3385 1848//3385 1819//3385
f 1819//3386 1848//3386 1849//3386
f 1819//3387 1849//3387 1754//3387
f 1754//3388 1849//3388 1850//3388
f 1754//3389 1850//3389 1851//3389
f 1754//3390 1851//3390 1755//3390
f 1755//3391 1851//3391 1817//3391
f 1817//3392 1851//3392 1852//3392
f 1817//3393 1852//3393 1750//3393
f 1750//3394 1852//3394 1853//3394
f 1750//3395 1853//3395 1751//3395
f 1751//3396 1853//3396 1854//3396
f 1751//3397 1854//3397 1816//3397
f 1816//3398 1854//3398 1855//3398
f 1816//3399 1855//3399 1748//3399
f 1748//3400 1855//3400 1856//3400
f 1748//3401 1856//3401 1749//3401
f 1749//3402 1856//3402 1857//3402
f 1749//3403 1857//3403 1815//3403
f 1815//3404 1857//3404 1858//3404
f 1815//3405 1858//3405 1813//3405
f 1813//3406 1858//3406 1859//3406
f 1813//3407 1859//3407 1814//3407
f 1814//3408 1859//3408 1860//3408
f 1814//3409 1860//3409 1811//3409
f 1811//3410 1860//3410 1861//3410
f 1811//3411 1861//3411 1738//3411
f 1738//3412 1861//3412 1862//3412
f 1738//3413 1862//3413 1739//3413
f 1739//3414 1862//3414 1863//3414
f 1739//3415 1863//3415 1731//3415
f 1731//3416 1863//3416 1864//3416
f 1731//3417 1864//3417 1727//3417
f 1727//3418 1864//3418 1865//3418
f 1727//3419 1865//3419 1719//3419
f 1719//3420 1865//3420 1866//3420
f 1719//3421 1866//3421 1711//3421
f 1711//3422 1866//3422 1867//3422
f 1711//3423 1867//3423 1709//3423
f 1709//3424 1867//3424 1868//3424
f 1709//3425 1868//3425 1707//3425
f 1707//3426 1868//3426 1869//3426
f 1707//3427 1869//3427 1705//3427
f 1705//3428 1869//3428 1870//3428
f 1705//3429 1870//3429 1703//3429
f 1703//3430 1870//3430 1871//3430
f 1703//3431 1871//3431 1701//3431
f 1701//3432 1871//3432 1872//3432
f 1701//3433 1872//3433 1699//3433
f 1699//3434 1872//3434 1873//3434
f 1699//3435 1873//3435 1698//3435
f 1698//3436 1873//3436 1874//3436
f 1698//3437 1874//3437 1696//3437
f 1696//3438 1874//3438 1875//3438
f 1696//3439 1875//3439 1693//3439
f 1693//3440 1875//3440 1876//3440
f 1693//3441 1876//3441 1694//3441
f 1694//3442 1876//3442 1877//3442
f 1694//3443 1877//3443 1810//3443
f 1810//3444 1877//3444 1878//3444
f 1810//3445 1878//3445 1806//3445
f 1806//3446 1878//3446 1879//3446
f 1806//3447 1879//3447 1807//3447
f 1807//3448 1879//3448 1880//3448
f 1807//3449 1880//3449 1800//3449
f 1800//3450 1880//3450 1881//3450
f 1800//3451 1881//3451 1804//3451
f 1804//3452 1881//3452 1882//3452
f 1804//3453 1882//3453 1805//3453
f 1805//3454 1882//3454 1883//3454
f 1805//3455 1883//3455 1826//3455
f 1826//3456 1883//3456 1884//3456
f 1826//3457 1884//3457 1885//3457
f 1826//3458 1885//3458 1825//3458
f 1825//3459 1885//3459 1795//3459
f 1795//3460 1885//3460 1886//3460
f 1795//3461 1886//3461 1794//3461
f 1794//3462 1886//3462 1887//3462
f 1794//3463 1887//3463 1827//3463
f 1794//3464 1827//3464 1791//3464
f 1888//3465 1889//3465 1890//3465
f 1891//3466 1888//3466 1890//3466
f 1892//3467 1891//3467 1893//3467
f 1894//3468 1892//3468 1895//3468
f 1895//3469 1892//3469 1893//3469
f 1859//3470 1894//3470 1896//3470
f 1896//3471 1894//3471 1895//3471
f 1896//3472 1895//3472 1897//3472
f 1860//3473 1859//3473 1896//3473
f 1860//3474 1896//3474 1898//3474
f 1898//3475 1896//3475 1897//3475
f 1861//3476 1860//3476 1899//3476
f 1899//3477 1860//3477 1898//3477
f 1899//3478 1898//3478 1900//3478
f 1862//3479 1861//3479 1901//3479
f 1901//3480 1861//3480 1899//3480
f 1901//3481 1899//3481 1902//3481
f 1902//3482 1899//3482 1900//3482
f 1845//3483 1903//3483 1904//3483
f 1904//3484 1903//3484 1905//3484
f 1904//3485 1905//3485 1906//3485
f 1863//3486 1862//3486 1901//3486
f 1863//3487 1901//3487 1907//3487
f 1907//3488 1901//3488 1902//3488
f 1907//3489 1902//3489 1908//3489
f 1846//3490 1845//3490 1904//3490
f 1846//3491 1904//3491 1909//3491
f 1909//3492 1904//3492 1906//3492
f 1909//3493 1906//3493 1910//3493
f 1847//3494 1846//3494 1909//3494
f 1847//3495 1909//3495 1911//3495
f 1911//3496 1909//3496 1912//3496
f 1912//3497 1909//3497 1910//3497
f 1864//3498 1863//3498 1907//3498
f 1864//3499 1907//3499 1913//3499
f 1913//3500 1907//3500 1908//3500
f 1913//3501 1908//3501 1914//3501
f 1892//3502 1858//3502 1857//3502
f 1915//3503 1888//3503 1854//3503
f 1854//3504 1888//3504 1855//3504
f 1916//3505 1917//3505 1918//3505
f 1916//3506 1918//3506 1919//3506
f 1919//3507 1918//3507 1852//3507
f 1852//3508 1918//3508 1853//3508
f 1920//3509 1916//3509 1919//3509
f 1920//3510 1919//3510 1921//3510
f 1921//3511 1919//3511 1852//3511
f 1921//3512 1852//3512 1851//3512
f 1922//3513 1923//3513 1924//3513
f 1922//3514 1924//3514 1925//3514
f 1925//3515 1924//3515 1850//3515
f 1925//3516 1850//3516 1849//3516
f 1926//3517 1922//3517 1925//3517
f 1926//3518 1925//3518 1927//3518
f 1927//3519 1925//3519 1849//3519
f 1927//3520 1849//3520 1848//3520
f 1928//3521 1929//3521 1930//3521
f 1928//3522 1930//3522 1931//3522
f 1931//3523 1930//3523 1843//3523
f 1931//3524 1843//3524 1842//3524
f 1932//3525 1928//3525 1933//3525
f 1933//3526 1928//3526 1931//3526
f 1933//3527 1931//3527 1842//3527
f 1933//3528 1842//3528 1841//3528
f 1934//3529 1935//3529 1936//3529
f 1934//3530 1936//3530 1937//3530
f 1937//3531 1936//3531 1840//3531
f 1937//3532 1840//3532 1839//3532
f 1938//3533 1934//3533 1937//3533
f 1938//3534 1937//3534 1939//3534
f 1939//3535 1937//3535 1839//3535
f 1939//3536 1839//3536 1838//3536
f 1940//3537 1941//3537 1942//3537
f 1942//3538 1941//3538 1837//3538
f 1942//3539 1837//3539 1836//3539
f 1943//3540 1944//3540 1945//3540
f 1943//3541 1945//3541 1946//3541
f 1946//3542 1945//3542 1834//3542
f 1946//3543 1834//3543 1833//3543
f 1947//3544 1948//3544 1949//3544
f 1947//3545 1949//3545 1950//3545
f 1950//3546 1949//3546 1831//3546
f 1950//3547 1831//3547 1830//3547
f 1951//3548 1952//3548 1953//3548
f 1953//3549 1952//3549 1828//3549
f 1953//3550 1828//3550 1827//3550
f 1954//3551 1955//3551 1956//3551
f 1954//3552 1956//3552 1957//3552
f 1957//3553 1956//3553 1887//3553
f 1957//3554 1887//3554 1886//3554
f 1958//3555 1954//3555 1957//3555
f 1958//3556 1957//3556 1959//3556
f 1959//3557 1957//3557 1886//3557
f 1959//3558 1886//3558 1885//3558
f 1960//3559 1961//3559 1962//3559
f 1962//3560 1961//3560 1963//3560
f 1962//3561 1963//3561 1883//3561
f 1883//3562 1963//3562 1884//3562
f 1964//3563 1960//3563 1962//3563
f 1964//3564 1962//3564 1965//3564
f 1965//3565 1962//3565 1883//3565
f 1965//3566 1883//3566 1882//3566
f 1966//3567 1967//3567 1968//3567
f 1966//3568 1968//3568 1969//3568
f 1969//3569 1968//3569 1881//3569
f 1969//3570 1881//3570 1880//3570
f 1970//3571 1971//3571 1972//3571
f 1970//3572 1972//3572 1973//3572
f 1973//3573 1972//3573 1878//3573
f 1973//3574 1878//3574 1877//3574
f 1974//3575 1975//3575 1976//3575
f 1974//3576 1976//3576 1874//3576
f 1874//3577 1976//3577 1875//3577
f 1977//3578 1978//3578 1979//3578
f 1977//3579 1979//3579 1980//3579
f 1980//3580 1979//3580 1871//3580
f 1871//3581 1979//3581 1872//3581
f 1981//3582 1982//3582 1983//3582
f 1981//3583 1983//3583 1984//3583
f 1984//3584 1983//3584 1870//3584
f 1984//3585 1870//3585 1869//3585
f 1985//3586 1981//3586 1984//3586
f 1985//3587 1984//3587 1986//3587
f 1986//3588 1984//3588 1869//3588
f 1986//3589 1869//3589 1868//3589
f 1987//3590 1988//3590 1989//3590
f 1989//3591 1988//3591 1867//3591
f 1989//3592 1867//3592 1866//3592
f 1990//3593 1987//3593 1991//3593
f 1991//3594 1987//3594 1989//3594
f 1991//3595 1989//3595 1866//3595
f 1991//3596 1866//3596 1865//3596
f 1856//3597 1892//3597 1857//3597
f 1888//3598 1856//3598 1855//3598
f 1917//3599 1915//3599 1918//3599
f 1918//3600 1915//3600 1854//3600
f 1918//3601 1854//3601 1853//3601
f 1923//3602 1920//3602 1921//3602
f 1923//3603 1921//3603 1924//3603
f 1924//3604 1921//3604 1851//3604
f 1924//3605 1851//3605 1850//3605
f 1912//3606 1926//3606 1911//3606
f 1911//3607 1926//3607 1927//3607
f 1911//3608 1927//3608 1847//3608
f 1847//3609 1927//3609 1848//3609
f 1845//3610 1844//3610 1903//3610
f 1844//3611 1843//3611 1903//3611
f 1903//3612 1843//3612 1930//3612
f 1903//3613 1930//3613 1905//3613
f 1905//3614 1930//3614 1929//3614
f 1841//3615 1840//3615 1936//3615
f 1841//3616 1936//3616 1933//3616
f 1933//3617 1936//3617 1935//3617
f 1933//3618 1935//3618 1932//3618
f 1838//3619 1837//3619 1939//3619
f 1939//3620 1837//3620 1941//3620
f 1939//3621 1941//3621 1938//3621
f 1992//3622 1940//3622 1942//3622
f 1992//3623 1942//3623 1993//3623
f 1993//3624 1942//3624 1836//3624
f 1993//3625 1836//3625 1835//3625
f 1835//3626 1834//3626 1993//3626
f 1993//3627 1834//3627 1945//3627
f 1993//3628 1945//3628 1992//3628
f 1992//3629 1945//3629 1944//3629
f 1994//3630 1943//3630 1946//3630
f 1994//3631 1946//3631 1995//3631
f 1995//3632 1946//3632 1833//3632
f 1995//3633 1833//3633 1832//3633
f 1832//3634 1831//3634 1949//3634
f 1832//3635 1949//3635 1995//3635
f 1995//3636 1949//3636 1948//3636
f 1995//3637 1948//3637 1994//3637
f 1996//3638 1947//3638 1950//3638
f 1996//3639 1950//3639 1829//3639
f 1829//3640 1950//3640 1830//3640
f 1829//3641 1828//3641 1952//3641
f 1829//3642 1952//3642 1996//3642
f 1827//3643 1887//3643 1953//3643
f 1953//3644 1887//3644 1956//3644
f 1953//3645 1956//3645 1951//3645
f 1951//3646 1956//3646 1955//3646
f 1951//3647 1955//3647 1997//3647
f 1885//3648 1884//3648 1963//3648
f 1885//3649 1963//3649 1959//3649
f 1959//3650 1963//3650 1961//3650
f 1959//3651 1961//3651 1958//3651
f 1882//3652 1881//3652 1965//3652
f 1965//3653 1881//3653 1968//3653
f 1965//3654 1968//3654 1964//3654
f 1964//3655 1968//3655 1967//3655
f 1998//3656 1966//3656 1969//3656
f 1998//3657 1969//3657 1879//3657
f 1879//3658 1969//3658 1880//3658
f 1879//3659 1878//3659 1972//3659
f 1879//3660 1972//3660 1998//3660
f 1998//3661 1972//3661 1971//3661
f 1999//3662 1970//3662 2000//3662
f 2000//3663 1970//3663 1973//3663
f 2000//3664 1973//3664 1876//3664
f 1876//3665 1973//3665 1877//3665
f 1876//3666 1875//3666 1976//3666
f 1876//3667 1976//3667 2000//3667
f 2000//3668 1976//3668 1975//3668
f 2000//3669 1975//3669 1999//3669
f 2001//3670 1974//3670 2002//3670
f 2002//3671 1974//3671 1874//3671
f 2002//3672 1874//3672 1873//3672
f 1873//3673 1872//3673 1979//3673
f 1873//3674 1979//3674 2002//3674
f 2002//3675 1979//3675 2001//3675
f 2001//3676 1979//3676 1978//3676
f 1871//3677 1870//3677 1983//3677
f 1871//3678 1983//3678 1980//3678
f 1980//3679 1983//3679 1982//3679
f 1980//3680 1982//3680 1977//3680
f 1868//3681 1867//3681 1986//3681
f 1986//3682 1867//3682 1988//3682
f 1986//3683 1988//3683 1985//3683
f 1914//3684 1990//3684 1991//3684
f 1914//3685 1991//3685 1913//3685
f 1913//3686 1991//3686 1864//3686
f 1864//3687 1991//3687 1865//3687
f 1917//3688 1889//3688 1915//3688
f 1915//3689 1889//3689 1888//3689
f 1888//3690 1891//3690 1856//3690
f 1856//3691 1891//3691 1892//3691
f 1892//3692 1894//3692 1858//3692
f 1858//3693 1894//3693 1859//3693
f 2003//3694 1951//3694 1997//3694
f 2003//3695 1997//3695 2004//3695
f 2004//3696 1997//3696 1955//3696
f 2004//3697 1955//3697 2005//3697
f 2005//3698 1955//3698 1954//3698
f 2005//3699 1954//3699 2006//3699
f 2006//3700 1954//3700 1958//3700
f 2006//3701 1958//3701 2007//3701
f 2007//3702 1958//3702 1961//3702
f 2007//3703 1961//3703 2008//3703
f 2008//3704 1961//3704 1960//3704
f 2008//3705 1960//3705 2009//3705
f 2009//3706 1960//3706 1964//3706
f 2009//3707 1964//3707 2010//3707
f 2010//3708 1964//3708 1967//3708
f 2010//3709 1967//3709 1966//3709
f 2010//3710 1966//3710 2011//3710
f 2011//3711 1966//3711 2012//3711
f 2012//3712 1966//3712 1998//3712
f 2012//3713 1998//3713 2013//3713
f 2013//3714 1998//3714 1971//3714
f 2013//3715 1971//3715 2014//3715
f 2014//3716 1971//3716 1970//3716
f 2014//3717 1970//3717 2015//3717
f 2015//3718 1970//3718 1999//3718
f 2015//3719 1999//3719 2016//3719
f 2016//3720 1999//3720 1975//3720
f 2016//3721 1975//3721 2017//3721
f 2017//3722 1975//3722 1974//3722
f 2017//3723 1974//3723 2018//3723
f 2018//3724 1974//3724 2001//3724
f 2018//3725 2001//3725 2019//3725
f 2019//3726 2001//3726 1978//3726
f 2019//3727 1978//3727 2020//3727
f 2020//3728 1978//3728 1977//3728
f 2020//3729 1977//3729 2021//3729
f 2021//3730 1977//3730 1982//3730
f 2021//3731 1982//3731 2022//3731
f 2022//3732 1982//3732 1981//3732
f 2022//3733 1981//3733 2023//3733
f 2023//3734 1981//3734 1985//3734
f 2023//3735 1985//3735 2024//3735
f 2024//3736 1985//3736 1988//3736
f 2024//3737 1988//3737 2025//3737
f 2025//3738 1988//3738 1987//3738
f 2025//3739 1987//3739 2026//3739
f 2026//3740 1987//3740 1990//3740
f 2026//3741 1990//3741 2027//3741
f 2027//3742 1990//3742 1914//3742
f 2027//3743 1914//3743 2028//3743
f 2028//3744 1914//3744 1908//3744
f 2028//3745 1908//3745 2029//3745
f 2029//3746 1908//3746 1902//3746
f 2029//3747 1902//3747 2030//3747
f 2030//3748 1902//3748 1900//3748
f 2030//3749 1900//3749 2031//3749
f 2031//3750 1900//3750 1898//3750
f 2031//3751 1898//3751 2032//3751
f 2032//3752 1898//3752 1897//3752
f 2032//3753 1897//3753 2033//3753
f 2033//3754 1897//3754 1895//3754
f 2033//3755 1895//3755 2034//3755
f 2034//3756 1895//3756 1893//3756
f 2034//3757 1893//3757 2035//3757
f 2035//3758 1893//3758 1891//3758
f 2035//3759 1891//3759 2036//3759
f 2036//3760 1891//3760 1890//3760
f 2036//3761 1890//3761 2037//3761
f 2037//3762 1890//3762 1889//3762
f 2037//3763 1889//3763 2038//3763
f 2038//3764 1889//3764 1917//3764
f 2038//3765 1917//3765 2039//3765
f 2039//3766 1917//3766 1916//3766
f 2039//3767 1916//3767 2040//3767
f 2040//3768 1916//3768 1920//3768
f 2040//3769 1920//3769 2041//3769
f 2041//3770 1920//3770 1923//3770
f 2041//3771 1923//3771 2042//3771
f 2042//3772 1923//3772 1922//3772
f 2042//3773 1922//3773 2043//3773
f 2043//3774 1922//3774 1926//3774
f 2043//3775 1926//3775 2044//3775
f 2044//3776 1926//3776 1912//3776
f 2044//3777 1912//3777 2045//3777
f 2045//3778 1912//3778 1910//3778
f 2045//3779 1910//3779 2046//3779
f 2046//3780 1910//3780 1906//3780
f 2046//3781 1906//3781 2047//3781
f 2047//3782 1906//3782 1905//3782
f 2047//3783 1905//3783 2048//3783
f 2048//3784 1905//3784 1929//3784
f 2048//3785 1929//3785 2049//3785
f 2049//3786 1929//3786 1928//3786
f 2049//3787 1928//3787 2050//3787
f 2050//3788 1928//3788 1932//3788
f 2050//3789 1932//3789 2051//3789
f 2051//3790 1932//3790 1935//3790
f 2051//3791 1935//3791 2052//3791
f 2052//3792 1935//3792 1934//3792
f 2052//3793 1934//3793 2053//3793
f 2053//3794 1934//3794 1938//3794
f 2053//3795 1938//3795 2054//3795
f 2054//3796 1938//3796 1941//3796
f 2054//3797 1941//3797 2055//3797
f 2055//3798 1941//3798 1940//3798
f 2055//3799 1940//3799 2056//3799
f 2056//3800 1940//3800 1992//3800
f 2056//3801 1992//3801 2057//3801
f 2057//3802 1992//3802 1944//3802
f 2057//3803 1944//3803 2058//3803
f 2058//3804 1944//3804 1943//3804
f 2058//3805 1943//3805 2059//3805
f 2059//3806 1943//3806 1994//3806
f 2059//3807 1994//3807 2060//3807
f 2060//3808 1994//3808 1948//3808
f 2060//3809 1948//3809 2061//3809
f 2061//3810 1948//3810 1947//3810
f 2061//3811 1947//3811 2062//3811
f 2062//3812 1947//3812 1996//3812
f 2062//3813 1996//3813 2063//3813
f 2063//3814 1996//3814 1952//3814
f 2063//3815 1952//3815 2003//3815
f 2003//3816 1952//3816 1951//3816
f 2034//3817 2035//3817 2064//3817
f 2034//3818 2064//3818 2065//3818
f 2065//3819 2064//3819 2066//3819
f 2052//3820 2053//3820 2067//3820
f 2067//3821 2053//3821 2068//3821
f 2067//3822 2068//3822 2069//3822
f 2067//3823 2069//3823 2070//3823
f 2009//3824 2010//3824 2071//3824
f 2009//3825 2071//3825 2072//3825
f 2072//3826 2071//3826 2073//3826
f 2072//3827 2073//3827 2074//3827
f 2016//3828 2017//3828 2075//3828
f 2016//3829 2075//3829 2076//3829
f 2076//3830 2075//3830 2077//3830
f 2077//3831 2075//3831 2078//3831
f 2033//3832 2034//3832 2065//3832
f 2033//3833 2065//3833 2079//3833
f 2051//3834 2052//3834 2067//3834
f 2051//3835 2067//3835 2080//3835
f 2080//3836 2067//3836 2081//3836
f 2081//3837 2067//3837 2070//3837
f 2008//3838 2009//3838 2082//3838
f 2082//3839 2009//3839 2072//3839
f 2082//3840 2072//3840 2083//3840
f 2083//3841 2072//3841 2074//3841
f 2015//3842 2016//3842 2076//3842
f 2015//3843 2076//3843 2084//3843
f 2084//3844 2076//3844 2077//3844
f 2084//3845 2077//3845 2085//3845
f 2032//3846 2033//3846 2079//3846
f 2032//3847 2079//3847 2086//3847
f 2050//3848 2051//3848 2080//3848
f 2050//3849 2080//3849 2087//3849
f 2087//3850 2080//3850 2088//3850
f 2088//3851 2080//3851 2081//3851
f 2007//3852 2008//3852 2082//3852
f 2007//3853 2082//3853 2089//3853
f 2089//3854 2082//3854 2083//3854
f 2089//3855 2083//3855 2090//3855
f 2014//3856 2015//3856 2084//3856
f 2014//3857 2084//3857 2091//3857
f 2091//3858 2084//3858 2092//3858
f 2092//3859 2084//3859 2085//3859
f 2093//3860 2094//3860 2095//3860
f 2095//3861 2094//3861 2096//3861
f 2095//3862 2096//3862 2030//3862
f 2030//3863 2096//3863 2029//3863
f 2097//3864 2093//3864 2095//3864
f 2097//3865 2095//3865 2031//3865
f 2031//3866 2095//3866 2030//3866
f 2098//3867 2099//3867 2100//3867
f 2100//3868 2099//3868 2036//3868
f 2100//3869 2036//3869 2037//3869
f 2101//3870 2098//3870 2100//3870
f 2101//3871 2100//3871 2102//3871
f 2102//3872 2100//3872 2037//3872
f 2102//3873 2037//3873 2038//3873
f 2103//3874 2104//3874 2105//3874
f 2103//3875 2105//3875 2040//3875
f 2040//3876 2105//3876 2039//3876
f 2106//3877 2107//3877 2108//3877
f 2106//3878 2108//3878 2043//3878
f 2043//3879 2108//3879 2042//3879
f 2109//3880 2110//3880 2111//3880
f 2111//3881 2110//3881 2112//3881
f 2111//3882 2112//3882 2045//3882
f 2111//3883 2045//3883 2046//3883
f 2113//3884 2114//3884 2115//3884
f 2113//3885 2115//3885 2116//3885
f 2116//3886 2115//3886 2047//3886
f 2116//3887 2047//3887 2048//3887
f 2117//3888 2113//3888 2116//3888
f 2117//3889 2116//3889 2118//3889
f 2118//3890 2116//3890 2049//3890
f 2049//3891 2116//3891 2048//3891
f 2119//3892 2120//3892 2121//3892
f 2119//3893 2121//3893 2122//3893
f 2122//3894 2121//3894 2054//3894
f 2122//3895 2054//3895 2055//3895
f 2123//3896 2119//3896 2122//3896
f 2123//3897 2122//3897 2056//3897
f 2056//3898 2122//3898 2055//3898
f 2124//3899 2125//3899 2126//3899
f 2126//3900 2125//3900 2127//3900
f 2126//3901 2127//3901 2058//3901
f 2058//3902 2127//3902 2057//3902
f 2128//3903 2129//3903 2130//3903
f 2128//3904 2130//3904 2131//3904
f 2131//3905 2130//3905 2060//3905
f 2131//3906 2060//3906 2061//3906
f 2132//3907 2133//3907 2063//3907
f 2132//3908 2063//3908 2003//3908
f 2134//3909 2135//3909 2136//3909
f 2136//3910 2135//3910 2137//3910
f 2136//3911 2137//3911 2004//3911
f 2136//3912 2004//3912 2005//3912
f 2138//3913 2134//3913 2136//3913
f 2138//3914 2136//3914 2139//3914
f 2139//3915 2136//3915 2005//3915
f 2139//3916 2005//3916 2006//3916
f 2140//3917 2141//3917 2011//3917
f 2140//3918 2011//3918 2012//3918
f 2142//3919 2140//3919 2143//3919
f 2143//3920 2140//3920 2012//3920
f 2143//3921 2012//3921 2013//3921
f 2144//3922 2145//3922 2146//3922
f 2146//3923 2145//3923 2018//3923
f 2146//3924 2018//3924 2019//3924
f 2147//3925 2144//3925 2146//3925
f 2147//3926 2146//3926 2020//3926
f 2020//3927 2146//3927 2019//3927
f 2148//3928 2149//3928 2150//3928
f 2148//3929 2150//3929 2151//3929
f 2151//3930 2150//3930 2021//3930
f 2151//3931 2021//3931 2022//3931
f 2152//3932 2153//3932 2154//3932
f 2152//3933 2154//3933 2025//3933
f 2025//3934 2154//3934 2024//3934
f 2028//3935 2029//3935 2096//3935
f 2028//3936 2096//3936 2155//3936
f 2155//3937 2096//3937 2094//3937
f 2155//3938 2094//3938 2156//3938
f 2086//3939 2097//3939 2031//3939
f 2086//3940 2031//3940 2032//3940
f 2035//3941 2036//3941 2064//3941
f 2064//3942 2036//3942 2099//3942
f 2064//3943 2099//3943 2066//3943
f 2038//3944 2039//3944 2105//3944
f 2038//3945 2105//3945 2102//3945
f 2102//3946 2105//3946 2104//3946
f 2102//3947 2104//3947 2101//3947
f 2157//3948 2103//3948 2158//3948
f 2158//3949 2103//3949 2040//3949
f 2158//3950 2040//3950 2041//3950
f 2041//3951 2042//3951 2108//3951
f 2041//3952 2108//3952 2158//3952
f 2158//3953 2108//3953 2107//3953
f 2158//3954 2107//3954 2157//3954
f 2159//3955 2106//3955 2160//3955
f 2160//3956 2106//3956 2043//3956
f 2160//3957 2043//3957 2044//3957
f 2044//3958 2045//3958 2160//3958
f 2160//3959 2045//3959 2112//3959
f 2160//3960 2112//3960 2159//3960
f 2159//3961 2112//3961 2110//3961
f 2046//3962 2047//3962 2115//3962
f 2046//3963 2115//3963 2111//3963
f 2111//3964 2115//3964 2114//3964
f 2111//3965 2114//3965 2109//3965
f 2088//3966 2117//3966 2118//3966
f 2088//3967 2118//3967 2087//3967
f 2087//3968 2118//3968 2050//3968
f 2050//3969 2118//3969 2049//3969
f 2053//3970 2054//3970 2121//3970
f 2053//3971 2121//3971 2068//3971
f 2068//3972 2121//3972 2120//3972
f 2068//3973 2120//3973 2069//3973
f 2056//3974 2057//3974 2127//3974
f 2056//3975 2127//3975 2123//3975
f 2123//3976 2127//3976 2125//3976
f 2161//3977 2124//3977 2162//3977
f 2162//3978 2124//3978 2126//3978
f 2162//3979 2126//3979 2163//3979
f 2163//3980 2126//3980 2058//3980
f 2163//3981 2058//3981 2059//3981
f 2059//3982 2060//3982 2163//3982
f 2163//3983 2060//3983 2130//3983
f 2163//3984 2130//3984 2129//3984
f 2163//3985 2129//3985 2162//3985
f 2164//3986 2128//3986 2131//3986
f 2164//3987 2131//3987 2062//3987
f 2062//3988 2131//3988 2061//3988
f 2062//3989 2063//3989 2133//3989
f 2062//3990 2133//3990 2164//3990
f 2003//3991 2004//3991 2137//3991
f 2003//3992 2137//3992 2132//3992
f 2132//3993 2137//3993 2135//3993
f 2090//3994 2138//3994 2139//3994
f 2090//3995 2139//3995 2089//3995
f 2089//3996 2139//3996 2007//3996
f 2007//3997 2139//3997 2006//3997
f 2010//3998 2011//3998 2071//3998
f 2071//3999 2011//3999 2141//3999
f 2071//4000 2141//4000 2073//4000
f 2092//4001 2142//4001 2143//4001
f 2092//4002 2143//4002 2091//4002
f 2091//4003 2143//4003 2014//4003
f 2014//4004 2143//4004 2013//4004
f 2017//4005 2018//4005 2075//4005
f 2075//4006 2018//4006 2145//4006
f 2075//4007 2145//4007 2078//4007
f 2020//4008 2021//4008 2150//4008
f 2020//4009 2150//4009 2147//4009
f 2147//4010 2150//4010 2149//4010
f 2165//4011 2148//4011 2166//4011
f 2166//4012 2148//4012 2151//4012
f 2166//4013 2151//4013 2023//4013
f 2023//4014 2151//4014 2022//4014
f 2023//4015 2024//4015 2154//4015
f 2023//4016 2154//4016 2166//4016
f 2166//4017 2154//4017 2153//4017
f 2166//4018 2153//4018 2165//4018
f 2167//4019 2152//4019 2025//4019
f 2167//4020 2025//4020 2026//4020
f 2168//4021 2167//4021 2169//4021
f 2169//4022 2167//4022 2026//4022
f 2169//4023 2026//4023 2027//4023
f 2156//4024 2168//4024 2155//4024
f 2155//4025 2168//4025 2169//4025
f 2155//4026 2169//4026 2028//4026
f 2028//4027 2169//4027 2027//4027
f 2170//4028 2124//4028 2161//4028
f 2170//4029 2161//4029 2171//4029
f 2171//4030 2161//4030 2162//4030
f 2171//4031 2162//4031 2172//4031
f 2172//4032 2162//4032 2129//4032
f 2172//4033 2129//4033 2173//4033
f 2173//4034 2129//4034 2128//4034
f 2173//4035 2128//4035 2174//4035
f 2174//4036 2128//4036 2164//4036
f 2174//4037 2164//4037 2133//4037
f 2174//4038 2133//4038 2175//4038
f 2175//4039 2133//4039 2176//4039
f 2176//4040 2133//4040 2132//4040
f 2176//4041 2132//4041 2177//4041
f 2177//4042 2132//4042 2135//4042
f 2177//4043 2135//4043 2178//4043
f 2178//4044 2135//4044 2134//4044
f 2178//4045 2134//4045 2138//4045
f 2178//4046 2138//4046 2179//4046
f 2179//4047 2138//4047 2180//4047
f 2180//4048 2138//4048 2090//4048
f 2180//4049 2090//4049 2181//4049
f 2181//4050 2090//4050 2083//4050
f 2181//4051 2083//4051 2182//4051
f 2182//4052 2083//4052 2074//4052
f 2182//4053 2074//4053 2183//4053
f 2183//4054 2074//4054 2073//4054
f 2183//4055 2073//4055 2184//4055
f 2184//4056 2073//4056 2141//4056
f 2184//4057 2141//4057 2185//4057
f 2185//4058 2141//4058 2140//4058
f 2185//4059 2140//4059 2186//4059
f 2186//4060 2140//4060 2142//4060
f 2186//4061 2142//4061 2187//4061
f 2187//4062 2142//4062 2092//4062
f 2187//4063 2092//4063 2188//4063
f 2188//4064 2092//4064 2085//4064
f 2188//4065 2085//4065 2189//4065
f 2189//4066 2085//4066 2077//4066
f 2189//4067 2077//4067 2190//4067
f 2190//4068 2077//4068 2078//4068
f 2190//4069 2078//4069 2191//4069
f 2191//4070 2078//4070 2145//4070
f 2191//4071 2145//4071 2192//4071
f 2192//4072 2145//4072 2144//4072
f 2192//4073 2144//4073 2193//4073
f 2193//4074 2144//4074 2147//4074
f 2193//4075 2147//4075 2194//4075
f 2194//4076 2147//4076 2149//4076
f 2194//4077 2149//4077 2195//4077
f 2195//4078 2149//4078 2148//4078
f 2195//4079 2148//4079 2165//4079
f 2195//4080 2165//4080 2196//4080
f 2196//4081 2165//4081 2197//4081
f 2197//4082 2165//4082 2153//4082
f 2197//4083 2153//4083 2198//4083
f 2198//4084 2153//4084 2152//4084
f 2198//4085 2152//4085 2167//4085
f 2198//4086 2167//4086 2199//4086
f 2199//4087 2167//4087 2200//4087
f 2200//4088 2167//4088 2168//4088
f 2200//4089 2168//4089 2201//4089
f 2201//4090 2168//4090 2156//4090
f 2201//4091 2156//4091 2202//4091
f 2202//4092 2156//4092 2094//4092
f 2202//4093 2094//4093 2093//4093
f 2202//4094 2093//4094 2203//4094
f 2203//4095 2093//4095 2204//4095
f 2204//4096 2093//4096 2097//4096
f 2204//4097 2097//4097 2205//4097
f 2205//4098 2097//4098 2086//4098
f 2205//4099 2086//4099 2206//4099
f 2206//4100 2086//4100 2079//4100
f 2206//4101 2079//4101 2207//4101
f 2207//4102 2079//4102 2065//4102
f 2207//4103 2065//4103 2208//4103
f 2208//4104 2065//4104 2066//4104
f 2208//4105 2066//4105 2209//4105
f 2209//4106 2066//4106 2099//4106
f 2209//4107 2099//4107 2210//4107
f 2210//4108 2099//4108 2098//4108
f 2210//4109 2098//4109 2211//4109
f 2211//4110 2098//4110 2101//4110
f 2211//4111 2101//4111 2212//4111
f 2212//4112 2101//4112 2104//4112
f 2212//4113 2104//4113 2213//4113
f 2213//4114 2104//4114 2103//4114
f 2213//4115 2103//4115 2214//4115
f 2214//4116 2103//4116 2157//4116
f 2214//4117 2157//4117 2215//4117
f 2215//4118 2157//4118 2107//4118
f 2215//4119 2107//4119 2106//4119
f 2215//4120 2106//4120 2216//4120
f 2216//4121 2106//4121 2217//4121
f 2217//4122 2106//4122 2159//4122
f 2217//4123 2159//4123 2218//4123
f 2218//4124 2159//4124 2110//4124
f 2218//4125 2110//4125 2219//4125
f 2219//4126 2110//4126 2109//4126
f 2219//4127 2109//4127 2220//4127
f 2220//4128 2109//4128 2114//4128
f 2220//4129 2114//4129 2221//4129
f 2221//4130 2114//4130 2113//4130
f 2221//4131 2113//4131 2222//4131
f 2222//4132 2113//4132 2117//4132
f 2222//4133 2117//4133 2088//4133
f 2222//4134 2088//4134 2223//4134
f 2223//4135 2088//4135 2224//4135
f 2224//4136 2088//4136 2081//4136
f 2224//4137 2081//4137 2225//4137
f 2225//4138 2081//4138 2070//4138
f 2225//4139 2070//4139 2226//4139
f 2226//4140 2070//4140 2069//4140
f 2226//4141 2069//4141 2227//4141
f 2227//4142 2069//4142 2120//4142
f 2227//4143 2120//4143 2228//4143
f 2228//4144 2120//4144 2119//4144
f 2228//4145 2119//4145 2229//4145
f 2229//4146 2119//4146 2123//4146
f 2229//4147 2123//4147 2125//4147
f 2229//4148 2125//4148 2230//4148
f 2230//4149 2125//4149 2170//4149
f 2170//4150 2125//4150 2124//4150
f 2175//4151 2176//4151 2231//4151
f 2175//4152 2231//4152 2232//4152
f 2174//4153 2175//4153 2232//4153
f 2174//4154 2232//4154 2233//4154
f 2234//4155 2233//4155 2235//4155
f 2234//4156 2235//4156 2236//4156
f 2236//4157 2235//4157 2237//4157
f 2236//4158 2237//4158 2238//4158
f 2238//4159 2237//4159 2239//4159
f 2238//4160 2239//4160 2240//4160
f 2241//4161 2238//4161 2240//4161
f 2241//4162 2240//4162 2242//4162
f 2243//4163 2244//4163 2245//4163
f 2243//4164 2245//4164 2246//4164
f 2247//4165 2248//4165 2249//4165
f 2247//4166 2249//4166 2250//4166
f 2250//4167 2249//4167 2251//4167
f 2250//4168 2251//4168 2252//4168
f 2253//4169 2254//4169 2198//4169
f 2253//4170 2198//4170 2255//4170
f 2256//4171 2250//4171 2252//4171
f 2256//4172 2252//4172 2257//4172
f 2258//4173 2255//4173 2200//4173
f 2258//4174 2200//4174 2201//4174
f 2259//4175 2260//4175 2204//4175
f 2259//4176 2204//4176 2205//4176
f 2261//4177 2262//4177 2263//4177
f 2261//4178 2263//4178 2260//4178
f 2264//4179 2265//4179 2206//4179
f 2264//4180 2206//4180 2207//4180
f 2266//4181 2267//4181 2209//4181
f 2266//4182 2209//4182 2268//4182
f 2269//4183 2270//4183 2212//4183
f 2269//4184 2212//4184 2213//4184
f 2271//4185 2272//4185 2273//4185
f 2271//4186 2273//4186 2267//4186
f 2274//4187 2213//4187 2214//4187
f 2274//4188 2214//4188 2215//4188
f 2275//4189 2276//4189 2269//4189
f 2275//4190 2269//4190 2277//4190
f 2278//4191 2274//4191 2215//4191
f 2278//4192 2215//4192 2279//4192
f 2279//4193 2215//4193 2216//4193
f 2279//4194 2216//4194 2280//4194
f 2280//4195 2216//4195 2217//4195
f 2280//4196 2217//4196 2218//4196
f 2281//4197 2282//4197 2266//4197
f 2281//4198 2266//4198 2283//4198
f 2283//4199 2266//4199 2268//4199
f 2283//4200 2268//4200 2276//4200
f 2284//4201 2280//4201 2218//4201
f 2284//4202 2218//4202 2219//4202
f 2285//4203 2275//4203 2277//4203
f 2285//4204 2277//4204 2286//4204
f 2287//4205 2219//4205 2220//4205
f 2287//4206 2220//4206 2221//4206
f 2288//4207 2289//4207 2279//4207
f 2288//4208 2279//4208 2290//4208
f 2291//4209 2290//4209 2284//4209
f 2291//4210 2284//4210 2292//4210
f 2293//4211 2288//4211 2290//4211
f 2293//4212 2290//4212 2291//4212
f 2294//4213 2291//4213 2292//4213
f 2294//4214 2292//4214 2295//4214
f 2296//4215 2295//4215 2297//4215
f 2296//4216 2297//4216 2298//4216
f 2299//4217 2298//4217 2223//4217
f 2299//4218 2223//4218 2224//4218
f 2300//4219 2224//4219 2225//4219
f 2300//4220 2225//4220 2226//4220
f 2301//4221 2294//4221 2295//4221
f 2301//4222 2295//4222 2296//4222
f 2302//4223 2300//4223 2226//4223
f 2302//4224 2226//4224 2227//4224
f 2303//4225 2227//4225 2228//4225
f 2303//4226 2228//4226 2229//4226
f 2304//4227 2303//4227 2229//4227
f 2304//4228 2229//4228 2241//4228
f 2241//4229 2229//4229 2230//4229
f 2241//4230 2230//4230 2170//4230
f 2305//4231 2306//4231 2307//4231
f 2305//4232 2307//4232 2308//4232
f 2308//4233 2307//4233 2300//4233
f 2308//4234 2300//4234 2302//4234
f 2236//4235 2170//4235 2171//4235
f 2236//4236 2171//4236 2172//4236
f 2309//4237 2308//4237 2302//4237
f 2309//4238 2302//4238 2310//4238
f 2310//4239 2302//4239 2311//4239
f 2310//4240 2311//4240 2303//4240
f 2238//4241 2241//4241 2170//4241
f 2238//4242 2170//4242 2236//4242
f 2312//4243 2310//4243 2303//4243
f 2312//4244 2303//4244 2304//4244
f 2233//4245 2234//4245 2173//4245
f 2233//4246 2173//4246 2174//4246
f 2313//4247 2235//4247 2233//4247
f 2313//4248 2233//4248 2232//4248
f 2314//4249 2315//4249 2177//4249
f 2314//4250 2177//4250 2178//4250
f 2316//4251 2179//4251 2180//4251
f 2316//4252 2180//4252 2181//4252
f 2317//4253 2237//4253 2235//4253
f 2317//4254 2235//4254 2313//4254
f 2318//4255 2313//4255 2232//4255
f 2318//4256 2232//4256 2231//4256
f 2319//4257 2314//4257 2178//4257
f 2319//4258 2178//4258 2179//4258
f 2320//4259 2316//4259 2181//4259
f 2320//4260 2181//4260 2182//4260
f 2321//4261 2320//4261 2182//4261
f 2321//4262 2182//4262 2183//4262
f 2322//4263 2323//4263 2315//4263
f 2322//4264 2315//4264 2314//4264
f 2324//4265 2325//4265 2319//4265
f 2324//4266 2319//4266 2326//4266
f 2327//4267 2328//4267 2320//4267
f 2327//4268 2320//4268 2321//4268
f 2329//4269 2321//4269 2183//4269
f 2329//4270 2183//4270 2330//4270
f 2331//4271 2322//4271 2325//4271
f 2332//4272 2333//4272 2328//4272
f 2332//4273 2328//4273 2327//4273
f 2334//4274 2327//4274 2321//4274
f 2334//4275 2321//4275 2329//4275
f 2335//4276 2329//4276 2330//4276
f 2335//4277 2330//4277 2336//4277
f 2337//4278 2335//4278 2336//4278
f 2337//4279 2336//4279 2338//4279
f 2339//4280 2340//4280 2189//4280
f 2339//4281 2189//4281 2341//4281
f 2342//4282 2341//4282 2191//4282
f 2342//4283 2191//4283 2343//4283
f 2343//4284 2191//4284 2192//4284
f 2343//4285 2192//4285 2193//4285
f 2245//4286 2341//4286 2342//4286
f 2245//4287 2342//4287 2343//4287
f 2199//4288 2200//4288 2255//4288
f 2199//4289 2255//4289 2198//4289
f 2196//4290 2254//4290 2252//4290
f 2196//4291 2252//4291 2251//4291
f 2344//4292 2249//4292 2248//4292
f 2344//4293 2248//4293 2246//4293
f 2254//4294 2253//4294 2257//4294
f 2254//4295 2257//4295 2252//4295
f 2345//4296 2253//4296 2255//4296
f 2345//4297 2255//4297 2258//4297
f 2346//4298 2258//4298 2201//4298
f 2346//4299 2201//4299 2202//4299
f 2203//4300 2204//4300 2260//4300
f 2203//4301 2260//4301 2202//4301
f 2202//4302 2260//4302 2263//4302
f 2202//4303 2263//4303 2346//4303
f 2253//4304 2345//4304 2347//4304
f 2253//4305 2347//4305 2257//4305
f 2348//4306 2256//4306 2257//4306
f 2348//4307 2257//4307 2347//4307
f 2349//4308 2345//4308 2258//4308
f 2349//4309 2258//4309 2346//4309
f 2205//4310 2206//4310 2265//4310
f 2205//4311 2265//4311 2259//4311
f 2346//4312 2263//4312 2262//4312
f 2346//4313 2262//4313 2349//4313
f 2345//4314 2349//4314 2350//4314
f 2345//4315 2350//4315 2347//4315
f 2351//4316 2261//4316 2260//4316
f 2351//4317 2260//4317 2259//4317
f 2273//4318 2264//4318 2207//4318
f 2273//4319 2207//4319 2208//4319
f 2268//4320 2209//4320 2210//4320
f 2268//4321 2210//4321 2211//4321
f 2211//4322 2212//4322 2270//4322
f 2211//4323 2270//4323 2268//4323
f 2208//4324 2209//4324 2267//4324
f 2208//4325 2267//4325 2273//4325
f 2259//4326 2265//4326 2352//4326
f 2259//4327 2352//4327 2351//4327
f 2264//4328 2273//4328 2272//4328
f 2264//4329 2272//4329 2265//4329
f 2265//4330 2272//4330 2353//4330
f 2265//4331 2353//4331 2352//4331
f 2213//4332 2274//4332 2277//4332
f 2213//4333 2277//4333 2269//4333
f 2270//4334 2269//4334 2276//4334
f 2270//4335 2276//4335 2268//4335
f 2267//4336 2266//4336 2282//4336
f 2267//4337 2282//4337 2271//4337
f 2274//4338 2278//4338 2286//4338
f 2274//4339 2286//4339 2277//4339
f 2354//4340 2283//4340 2276//4340
f 2354//4341 2276//4341 2355//4341
f 2355//4342 2276//4342 2275//4342
f 2355//4343 2275//4343 2285//4343
f 2292//4344 2284//4344 2219//4344
f 2292//4345 2219//4345 2287//4345
f 2297//4346 2287//4346 2221//4346
f 2297//4347 2221//4347 2222//4347
f 2280//4348 2284//4348 2290//4348
f 2280//4349 2290//4349 2279//4349
f 2278//4350 2279//4350 2289//4350
f 2278//4351 2289//4351 2286//4351
f 2356//4352 2285//4352 2286//4352
f 2356//4353 2286//4353 2289//4353
f 2298//4354 2297//4354 2222//4354
f 2298//4355 2222//4355 2223//4355
f 2287//4356 2297//4356 2295//4356
f 2287//4357 2295//4357 2292//4357
f 2357//4358 2293//4358 2291//4358
f 2357//4359 2291//4359 2294//4359
f 2307//4360 2299//4360 2224//4360
f 2307//4361 2224//4361 2300//4361
f 2298//4362 2299//4362 2358//4362
f 2298//4363 2358//4363 2296//4363
f 2227//4364 2303//4364 2311//4364
f 2227//4365 2311//4365 2302//4365
f 2299//4366 2307//4366 2306//4366
f 2299//4367 2306//4367 2358//4367
f 2296//4368 2358//4368 2359//4368
f 2296//4369 2359//4369 2301//4369
f 2172//4370 2173//4370 2234//4370
f 2172//4371 2234//4371 2236//4371
f 2242//4372 2312//4372 2304//4372
f 2242//4373 2304//4373 2241//4373
f 2176//4374 2177//4374 2315//4374
f 2176//4375 2315//4375 2231//4375
f 2179//4376 2316//4376 2326//4376
f 2179//4377 2326//4377 2319//4377
f 2231//4378 2315//4378 2323//4378
f 2231//4379 2323//4379 2318//4379
f 2184//4380 2185//4380 2330//4380
f 2184//4381 2330//4381 2183//4381
f 2316//4382 2320//4382 2328//4382
f 2316//4383 2328//4383 2326//4383
f 2314//4384 2319//4384 2325//4384
f 2314//4385 2325//4385 2322//4385
f 2333//4386 2324//4386 2326//4386
f 2333//4387 2326//4387 2328//4387
f 2338//4388 2185//4388 2186//4388
f 2338//4389 2186//4389 2187//4389
f 2188//4390 2189//4390 2340//4390
f 2188//4391 2340//4391 2187//4391
f 2187//4392 2340//4392 2360//4392
f 2187//4393 2360//4393 2338//4393
f 2185//4394 2338//4394 2336//4394
f 2185//4395 2336//4395 2330//4395
f 2361//4396 2332//4396 2327//4396
f 2361//4397 2327//4397 2334//4397
f 2190//4398 2191//4398 2341//4398
f 2190//4399 2341//4399 2189//4399
f 2329//4400 2335//4400 2362//4400
f 2329//4401 2362//4401 2334//4401
f 2363//4402 2337//4402 2338//4402
f 2363//4403 2338//4403 2360//4403
f 2364//4404 2360//4404 2340//4404
f 2364//4405 2340//4405 2339//4405
f 2344//4406 2343//4406 2193//4406
f 2344//4407 2193//4407 2194//4407
f 2365//4408 2362//4408 2335//4408
f 2365//4409 2335//4409 2337//4409
f 2195//4410 2196//4410 2251//4410
f 2195//4411 2251//4411 2194//4411
f 2360//4412 2364//4412 2366//4412
f 2360//4413 2366//4413 2363//4413
f 2367//4414 2364//4414 2339//4414
f 2367//4415 2339//4415 2341//4415
f 2249//4416 2344//4416 2194//4416
f 2249//4417 2194//4417 2251//4417
f 2368//4418 2366//4418 2364//4418
f 2368//4419 2364//4419 2367//4419
f 2244//4420 2367//4420 2341//4420
f 2244//4421 2341//4421 2245//4421
f 2246//4422 2245//4422 2343//4422
f 2246//4423 2343//4423 2344//4423
f 2254//4424 2196//4424 2197//4424
f 2254//4425 2197//4425 2198//4425
f 2369//4426 2370//4426 2325//4426
f 2325//4427 2324//4427 2369//4427
f 2369//4428 2324//4428 2371//4428
f 2371//4429 2324//4429 2333//4429
f 2371//4430 2333//4430 2332//4430
f 2371//4431 2332//4431 2372//4431
f 2334//4432 2373//4432 2361//4432
f 2361//4433 2373//4433 2372//4433
f 2361//4434 2372//4434 2332//4434
f 2373//4435 2334//4435 2362//4435
f 2373//4436 2362//4436 2374//4436
f 2374//4437 2362//4437 2365//4437
f 2374//4438 2365//4438 2375//4438
f 2363//4439 2376//4439 2337//4439
f 2337//4440 2376//4440 2375//4440
f 2337//4441 2375//4441 2365//4441
f 2363//4442 2366//4442 2376//4442
f 2376//4443 2366//4443 2377//4443
f 2366//4444 2368//4444 2377//4444
f 2377//4445 2368//4445 2378//4445
f 2378//4446 2368//4446 2367//4446
f 2378//4447 2367//4447 2244//4447
f 2378//4448 2244//4448 2379//4448
f 2246//4449 2380//4449 2243//4449
f 2243//4450 2380//4450 2379//4450
f 2243//4451 2379//4451 2244//4451
f 2380//4452 2246//4452 2248//4452
f 2380//4453 2248//4453 2381//4453
f 2381//4454 2248//4454 2247//4454
f 2381//4455 2247//4455 2382//4455
f 2247//4456 2250//4456 2382//4456
f 2382//4457 2250//4457 2383//4457
f 2383//4458 2250//4458 2256//4458
f 2383//4459 2256//4459 2348//4459
f 2383//4460 2348//4460 2384//4460
f 2348//4461 2347//4461 2384//4461
f 2384//4462 2347//4462 2385//4462
f 2385//4463 2347//4463 2350//4463
f 2385//4464 2350//4464 2349//4464
f 2385//4465 2349//4465 2386//4465
f 2349//4466 2262//4466 2386//4466
f 2386//4467 2262//4467 2387//4467
f 2262//4468 2261//4468 2387//4468
f 2387//4469 2261//4469 2388//4469
f 2388//4470 2261//4470 2351//4470
f 2388//4471 2351//4471 2352//4471
f 2388//4472 2352//4472 2389//4472
f 2352//4473 2353//4473 2389//4473
f 2389//4474 2353//4474 2390//4474
f 2390//4475 2353//4475 2272//4475
f 2390//4476 2272//4476 2271//4476
f 2390//4477 2271//4477 2391//4477
f 2391//4478 2271//4478 2282//4478
f 2391//4479 2282//4479 2392//4479
f 2392//4480 2282//4480 2281//4480
f 2392//4481 2281//4481 2283//4481
f 2392//4482 2283//4482 2393//4482
f 2393//4483 2283//4483 2354//4483
f 2393//4484 2354//4484 2394//4484
f 2354//4485 2355//4485 2394//4485
f 2394//4486 2355//4486 2395//4486
f 2395//4487 2355//4487 2285//4487
f 2395//4488 2285//4488 2356//4488
f 2395//4489 2356//4489 2396//4489
f 2356//4490 2289//4490 2396//4490
f 2396//4491 2289//4491 2397//4491
f 2397//4492 2289//4492 2288//4492
f 2397//4493 2288//4493 2293//4493
f 2397//4494 2293//4494 2398//4494
f 2294//4495 2399//4495 2357//4495
f 2357//4496 2399//4496 2398//4496
f 2357//4497 2398//4497 2293//4497
f 2399//4498 2294//4498 2301//4498
f 2399//4499 2301//4499 2400//4499
f 2400//4500 2301//4500 2359//4500
f 2400//4501 2359//4501 2401//4501
f 2359//4502 2358//4502 2401//4502
f 2401//4503 2358//4503 2402//4503
f 2402//4504 2358//4504 2306//4504
f 2402//4505 2306//4505 2305//4505
f 2402//4506 2305//4506 2403//4506
f 2305//4507 2308//4507 2403//4507
f 2403//4508 2308//4508 2404//4508
f 2404//4509 2308//4509 2309//4509
f 2404//4510 2309//4510 2310//4510
f 2404//4511 2310//4511 2405//4511
f 2405//4512 2310//4512 2312//4512
f 2405//4513 2312//4513 2406//4513
f 2312//4514 2242//4514 2406//4514
f 2406//4515 2242//4515 2407//4515
f 2407//4516 2242//4516 2240//4516
f 2407//4517 2240//4517 2239//4517
f 2407//4518 2239//4518 2408//4518
f 2239//4519 2237//4519 2408//4519
f 2408//4520 2237//4520 2409//4520
f 2409//4521 2237//4521 2317//4521
f 2409//4522 2317//4522 2313//4522
f 2409//4523 2313//4523 2410//4523
f 2323//4524 2411//4524 2318//4524
f 2318//4525 2411//4525 2410//4525
f 2318//4526 2410//4526 2313//4526
f 2411//4527 2323//4527 2322//4527
f 2411//4528 2322//4528 2370//4528
f 2370//4529 2322//4529 2331//4529
f 2370//4530 2331//4530 2325//4530
