mtllib ../materials.mtl
v 0.001235 -0.046202 0.609018
v 0.000725 -0.0462 0.609674
v 0 -0.045472 0.608617
v 0.000079 -0.0462 0.609882
v -0.000553 -0.0462 0.609773
v -0.001057 -0.0462 0.609317
v -0.001255 -0.0462 0.608823
v -0.001186 -0.046201 0.608133
v -0.000806 -0.0462 0.607633
v -0.000172 -0.046201 0.607347
v 0.000658 -0.046199 0.6075
v 0.001194 -0.046199 0.608183
v 0.034143 -0.053102 0.552022
v 0.033547 -0.053099 0.552745
v 0.032909 -0.052372 0.551617
v 0.032687 -0.053099 0.552868
v 0.031944 -0.053102 0.552486
v 0.03163 -0.053099 0.551716
v 0.031774 -0.0531 0.551051
v 0.032184 -0.053099 0.55056
v 0.032831 -0.0531 0.550351
v 0.033566 -0.053099 0.550501
v 0.034102 -0.053099 0.551183
v 0.000655 -0.0462 0.609915
v -0.000797 -0.0462 0.609834
v -0.001453 -0.0462 0.608535
v -0.000655 -0.0462 0.607318
v 0.001453 -0.0462 0.608698
v 0.000797 -0.0462 0.607399
v 0.033564 -0.0531 0.552916
v 0.032111 -0.0531 0.552834
v 0.031456 -0.0531 0.551536
v 0.032253 -0.0531 0.550318
v 0.034361 -0.0531 0.551699
v 0.033706 -0.0531 0.5504
v 0.000655 -0.0469 0.609915
v 0.001453 -0.0469 0.608698
v -0.000797 -0.0469 0.609834
v -0.001453 -0.0469 0.608535
v -0.000655 -0.0469 0.607318
v 0.000797 -0.0469 0.607399
v 0.034361 -0.0538 0.551699
v 0.033564 -0.0538 0.552916
v 0.032111 -0.0538 0.552834
v 0.031456 -0.0538 0.551536
v 0.032253 -0.0538 0.550318
v 0.033706 -0.0538 0.5504
v -0.031674 -0.053102 0.552019
v -0.03227 -0.053099 0.552745
v -0.032909 -0.052372 0.551617
v -0.03313 -0.053099 0.552868
v -0.033873 -0.053102 0.552486
v -0.034187 -0.0531 0.551716
v -0.034044 -0.0531 0.551052
v -0.033633 -0.0531 0.55056
v -0.032987 -0.0531 0.550352
v -0.032251 -0.053099 0.550501
v -0.031715 -0.053099 0.551184
v 0.000547 -0.046892 0.606777
v 0.001293 -0.046891 0.607177
v 0.001815 -0.046897 0.608194
v 0.001802 -0.046889 0.60934
v -0.001624 -0.046898 0.60949
v -0.001922 -0.046891 0.608725
v -0.001833 -0.046891 0.608036
v 0.00128 -0.046895 0.610032
v -0.001441 -0.046893 0.607331
v -0.001123 -0.046891 0.610177
v 0.000159 -0.046895 0.61051
v -0.000259 -0.046893 0.606708
v 0.034186 -0.053798 0.552968
v 0.033051 -0.053791 0.553535
v 0.034615 -0.053798 0.550879
v 0.034719 -0.053797 0.552
v 0.031269 -0.053798 0.552461
v 0.031057 -0.053797 0.551393
v 0.032222 -0.053795 0.553404
v 0.033549 -0.053795 0.549814
v 0.031464 -0.05379 0.550323
v 0.032654 -0.053795 0.549714
v -0.032253 -0.0531 0.552916
v -0.033706 -0.0531 0.552834
v -0.034361 -0.0531 0.551536
v -0.033564 -0.0531 0.550318
v -0.031456 -0.0531 0.551699
v -0.032111 -0.0531 0.5504
v -0.000557 -0.046852 0.610625
v -0.001806 -0.04685 0.609667
v -0.001051 -0.046849 0.606808
v 0.001945 -0.046842 0.607815
v 0.002101 -0.046842 0.608528
v 0.000554 -0.046846 0.610643
v -0.001431 -0.04678 0.610337
v -0.002209 -0.046769 0.609092
v -0.002239 -0.046769 0.608308
v -0.001943 -0.04678 0.607506
v -0.001648 -0.046768 0.60708
v -0.000399 -0.04678 0.606414
v 0.000118 -0.046768 0.606366
v 0.000756 -0.04678 0.60651
v 0.001227 -0.046768 0.606726
v 0.001676 -0.046769 0.6071
v 0.002151 -0.046769 0.60931
v 0.001784 -0.046769 0.610003
v 0.001127 -0.04678 0.61055
v -0.000379 -0.046781 0.610822
v -0.001092 -0.046722 0.610673
v -0.002036 -0.046671 0.60989
v -0.002203 -0.046668 0.607676
v -0.001273 -0.046671 0.60658
v -0.000696 -0.046668 0.606324
v 0.000543 -0.046668 0.606283
v 0.002158 -0.046722 0.607744
v 0.002327 -0.046722 0.608534
v 0.001438 -0.046668 0.610532
v 0.000485 -0.046722 0.610894
v -0.00013 -0.046668 0.611008
v -0.000573 -0.046546 0.611068
v -0.00099 -0.046546 0.610932
v -0.001377 -0.046546 0.610725
v -0.001722 -0.046546 0.610453
v -0.00241 -0.046546 0.609346
v -0.0025 -0.046546 0.608916
v -0.002514 -0.046546 0.608478
v -0.002452 -0.046546 0.608043
v -0.002108 -0.046546 0.607239
v -0.001837 -0.046546 0.606894
v -0.0003 -0.046546 0.606116
v 0.000139 -0.046546 0.606102
v 0.00099 -0.046546 0.606301
v 0.001377 -0.046546 0.606509
v 0.001722 -0.046546 0.60678
v 0.002015 -0.046546 0.607107
v 0.002247 -0.046546 0.607479
v 0.00241 -0.046546 0.607887
v 0.0025 -0.046546 0.608316
v 0.002514 -0.046546 0.608755
v 0.002452 -0.046546 0.60919
v 0.002315 -0.046546 0.609607
v 0.002108 -0.046546 0.609993
v 0.001837 -0.046546 0.610339
v 0.001137 -0.046546 0.610863
v 0.00073 -0.046546 0.611026
v 0.0003 -0.046546 0.611116
v -0.000146 -0.04633 0.611276
v -0.002183 -0.046483 0.609977
v -0.002406 -0.046404 0.607586
v -0.001598 -0.04633 0.606486
v -0.001181 -0.046404 0.606281
v -0.000757 -0.046404 0.606111
v 0.000597 -0.046404 0.606068
v 0.001569 -0.046404 0.610712
v -0.000614 -0.046248 0.611237
v -0.00106 -0.046248 0.61109
v -0.001474 -0.046248 0.610869
v -0.001843 -0.046247 0.610578
v -0.002155 -0.046247 0.610229
v -0.002402 -0.046248 0.60983
v -0.002617 -0.046142 0.609406
v -0.002673 -0.046247 0.608935
v -0.002729 -0.046142 0.608463
v -0.00262 -0.046247 0.608002
v -0.002252 -0.046247 0.607143
v -0.001962 -0.046247 0.606774
v -0.000319 -0.046248 0.605944
v 0.00015 -0.046247 0.605929
v 0.00106 -0.046247 0.606143
v 0.001474 -0.046248 0.606364
v 0.001842 -0.046248 0.606655
v 0.002189 -0.046142 0.60698
v 0.002403 -0.046247 0.607403
v 0.002577 -0.046247 0.607838
v 0.002673 -0.046247 0.608298
v 0.002687 -0.046247 0.608767
v 0.00262 -0.046247 0.609231
v 0.002474 -0.046248 0.609677
v 0.002252 -0.046247 0.61009
v 0.001962 -0.046247 0.610459
v 0.001214 -0.046248 0.611019
v 0.000778 -0.046247 0.611193
v 0.000319 -0.046247 0.611289
v -0.002524 -0.046057 0.607541
v -0.001243 -0.046057 0.606171
v -0.000798 -0.046056 0.605992
v 0.000621 -0.046057 0.605944
v 0.001648 -0.046057 0.61081
v -0.000154 -0.045973 0.61136
v -0.000628 -0.045973 0.611292
v -0.001083 -0.045973 0.611142
v -0.001505 -0.045973 0.610916
v -0.001881 -0.045973 0.61062
v -0.0022 -0.045973 0.610263
v -0.002454 -0.045969 0.609854
v -0.002729 -0.045969 0.60894
v -0.002675 -0.045973 0.607989
v -0.002299 -0.045973 0.607112
v -0.002003 -0.045973 0.606735
v -0.001646 -0.045974 0.606416
v -0.000325 -0.045973 0.605888
v 0.000154 -0.045973 0.605873
v 0.001082 -0.045973 0.606091
v 0.001505 -0.045973 0.606317
v 0.001883 -0.045969 0.606614
v 0.002453 -0.045973 0.607378
v 0.002631 -0.045973 0.607822
v 0.002729 -0.045955 0.60829
v 0.002747 -0.045958 0.608747
v 0.002675 -0.045973 0.609244
v 0.002526 -0.045973 0.609699
v 0.002299 -0.045972 0.610122
v 0.002003 -0.045972 0.610498
v 0.001239 -0.045973 0.611069
v 0.000794 -0.045973 0.611247
v 0.000325 -0.045973 0.611345
v 0.031582 -0.053753 0.553223
v 0.030964 -0.053742 0.552419
v 0.030807 -0.053742 0.551705
v 0.0309 -0.05375 0.551081
v 0.032107 -0.053742 0.549673
v 0.033735 -0.053738 0.549656
v 0.034504 -0.05375 0.550269
v 0.035001 -0.053746 0.551424
v 0.034928 -0.053749 0.55216
v 0.034613 -0.05375 0.552808
v 0.033791 -0.053749 0.553513
v 0.032918 -0.05368 0.553855
v 0.032152 -0.05368 0.553723
v 0.0312 -0.05368 0.553063
v 0.030982 -0.053707 0.550598
v 0.031392 -0.053669 0.549942
v 0.032899 -0.05368 0.549379
v 0.035008 -0.05368 0.550843
v 0.034425 -0.053669 0.553293
v 0.032366 -0.053569 0.55395
v 0.031431 -0.053571 0.553511
v 0.030682 -0.053571 0.552518
v 0.030528 -0.053587 0.551636
v 0.030624 -0.053571 0.550876
v 0.030902 -0.053568 0.550309
v 0.031825 -0.053568 0.549481
v 0.032423 -0.053622 0.54934
v 0.033451 -0.053569 0.549284
v 0.034035 -0.05357 0.549496
v 0.034545 -0.053568 0.549869
v 0.034882 -0.053622 0.550382
v 0.035287 -0.053568 0.55133
v 0.035287 -0.053571 0.551951
v 0.03503 -0.053571 0.552744
v 0.033809 -0.053571 0.553844
v 0.033196 -0.053568 0.553996
v 0.03277 -0.053446 0.554131
v 0.031919 -0.053446 0.553932
v 0.030894 -0.053446 0.553127
v 0.030408 -0.053446 0.551917
v 0.031072 -0.053446 0.549895
v 0.031399 -0.053446 0.549603
v 0.032179 -0.053446 0.549207
v 0.032608 -0.053446 0.549117
v 0.033047 -0.053446 0.549103
v 0.034923 -0.053446 0.550107
v 0.035155 -0.053446 0.55048
v 0.035319 -0.053446 0.550888
v 0.034745 -0.053446 0.55334
v 0.034419 -0.053446 0.553632
v 0.032303 -0.05323 0.554211
v 0.031476 -0.053304 0.553808
v 0.031117 -0.053304 0.553526
v 0.030572 -0.053304 0.552798
v 0.03036 -0.05323 0.55239
v 0.030295 -0.053304 0.551472
v 0.03036 -0.053304 0.55102
v 0.030502 -0.053304 0.550587
v 0.030718 -0.053304 0.550184
v 0.031705 -0.05323 0.549241
v 0.033506 -0.053304 0.549069
v 0.033939 -0.053304 0.549211
v 0.034341 -0.053304 0.549427
v 0.034699 -0.053305 0.549708
v 0.035508 -0.053304 0.551307
v 0.035522 -0.053304 0.551763
v 0.035457 -0.053304 0.552214
v 0.035315 -0.053304 0.552648
v 0.035139 -0.05323 0.553073
v 0.033869 -0.053383 0.554003
v 0.033219 -0.053304 0.554217
v 0.032755 -0.053042 0.554347
v 0.031848 -0.053147 0.554091
v 0.030753 -0.053147 0.55323
v 0.030194 -0.053042 0.55194
v 0.030946 -0.053147 0.549775
v 0.031296 -0.053147 0.549462
v 0.032131 -0.053147 0.54904
v 0.03259 -0.053147 0.548945
v 0.033059 -0.053147 0.54893
v 0.035064 -0.053147 0.550005
v 0.035311 -0.053147 0.550404
v 0.035485 -0.053148 0.550839
v 0.034871 -0.053148 0.553459
v 0.034521 -0.053147 0.553773
v 0.034122 -0.053147 0.55402
v 0.033687 -0.053148 0.554194
v 0.031411 -0.052957 0.553916
v 0.031035 -0.052957 0.553621
v 0.030462 -0.052956 0.552859
v 0.030169 -0.052957 0.55147
v 0.030236 -0.052956 0.550996
v 0.030385 -0.052957 0.550542
v 0.03061 -0.052957 0.55012
v 0.033538 -0.052951 0.548946
v 0.03399 -0.052963 0.549098
v 0.034406 -0.052956 0.549319
v 0.034782 -0.052957 0.549613
v 0.03563 -0.052954 0.551275
v 0.035651 -0.052937 0.551771
v 0.035577 -0.052955 0.552255
v 0.035426 -0.052955 0.552709
v 0.033229 -0.05295 0.554343
v 0.032281 -0.052873 0.554293
v 0.031826 -0.052872 0.554143
v 0.030708 -0.052872 0.553263
v 0.030277 -0.052869 0.55241
v 0.030905 -0.052873 0.549736
v 0.031262 -0.052873 0.549417
v 0.03167 -0.052872 0.549164
v 0.032115 -0.052873 0.548986
v 0.032583 -0.052873 0.548889
v 0.033062 -0.052873 0.548873
v 0.035109 -0.052872 0.549971
v 0.035362 -0.052872 0.550378
v 0.035539 -0.052873 0.550823
v 0.035207 -0.052878 0.553122
v 0.034912 -0.052873 0.553498
v 0.034555 -0.052873 0.553818
v 0.034147 -0.052873 0.55407
v 0.033703 -0.052873 0.554248
v -0.032253 -0.0538 0.552916
v -0.031456 -0.0538 0.551699
v -0.033706 -0.0538 0.552834
v -0.034361 -0.0538 0.551536
v -0.033564 -0.0538 0.550318
v -0.032111 -0.0538 0.5504
v 0.002743 -0.044613 0.608769
v 0.002676 -0.044615 0.609242
v 0.002526 -0.044603 0.609694
v 0.002301 -0.044615 0.610119
v 0.002005 -0.044603 0.610493
v 0.00165 -0.044591 0.61081
v 0.001246 -0.044579 0.611059
v 0.000803 -0.044579 0.611238
v 0.000328 -0.044615 0.611345
v -0.000149 -0.044603 0.611359
v -0.000616 -0.044579 0.611288
v -0.001074 -0.044591 0.611142
v -0.001496 -0.044591 0.610917
v -0.001882 -0.044616 0.61062
v -0.002199 -0.044601 0.610261
v -0.002442 -0.044579 0.609863
v -0.00263 -0.044615 0.609413
v -0.002729 -0.044616 0.608941
v -0.002741 -0.044601 0.608463
v -0.002676 -0.044615 0.607991
v -0.002527 -0.044615 0.607536
v -0.0023 -0.044579 0.607124
v -0.002006 -0.044579 0.606748
v -0.00165 -0.044591 0.606423
v -0.001241 -0.044615 0.606165
v -0.000803 -0.044579 0.605995
v -0.000328 -0.044615 0.605888
v 0.000142 -0.044579 0.605879
v 0.000622 -0.044603 0.605942
v 0.00107 -0.044579 0.606092
v 0.001492 -0.044579 0.606316
v 0.001877 -0.044603 0.606611
v 0.002196 -0.044603 0.606968
v 0.002442 -0.044579 0.60737
v 0.00263 -0.044615 0.60782
v 0.002728 -0.044615 0.608288
v 0.035647 -0.05148 0.551773
v 0.035629 -0.051479 0.55128
v 0.03553 -0.051479 0.550814
v 0.035352 -0.051464 0.550387
v 0.035108 -0.051504 0.549972
v 0.034777 -0.051479 0.549611
v 0.034411 -0.051515 0.549317
v 0.033989 -0.051515 0.54909
v 0.033534 -0.051515 0.548941
v 0.033057 -0.051503 0.548875
v 0.032573 -0.051479 0.548896
v 0.032105 -0.051479 0.548996
v 0.031667 -0.051515 0.549165
v 0.03126 -0.051503 0.549421
v 0.030902 -0.051479 0.549748
v 0.030608 -0.051515 0.550115
v 0.030382 -0.051503 0.55054
v 0.030234 -0.051503 0.550995
v 0.030165 -0.051515 0.551466
v 0.030187 -0.051479 0.551953
v 0.030281 -0.051503 0.552416
v 0.030457 -0.051515 0.552858
v 0.030712 -0.051503 0.553266
v 0.031035 -0.051491 0.553623
v 0.031409 -0.051503 0.553918
v 0.031834 -0.051491 0.554143
v 0.03228 -0.051464 0.55428
v 0.032742 -0.051479 0.554354
v 0.033233 -0.051493 0.554344
v 0.033705 -0.051515 0.554247
v 0.034151 -0.051503 0.554067
v 0.034559 -0.051491 0.55381
v 0.034914 -0.051491 0.55349
v 0.035209 -0.051479 0.553109
v 0.035434 -0.051491 0.552691
v 0.035575 -0.051476 0.552245
v -0.03359 -0.053794 0.553413
v -0.032674 -0.053793 0.553533
v -0.031086 -0.053795 0.551029
v -0.032268 -0.053795 0.549814
v -0.031098 -0.053797 0.552
v -0.033163 -0.053795 0.549714
v -0.034548 -0.053798 0.552461
v -0.03476 -0.053797 0.551393
v -0.031631 -0.053798 0.552968
v -0.034353 -0.05379 0.550323
v -0.00185 -0.044533 0.61058
v -0.002571 -0.044506 0.609333
v -0.00268 -0.044533 0.608932
v -0.002626 -0.044533 0.607996
v -0.002478 -0.044533 0.607549
v -0.001205 -0.044523 0.606213
v -0.000301 -0.044511 0.60596
v 0.002564 -0.044511 0.607858
v 0.002656 -0.044506 0.608358
v 0.002694 -0.044533 0.608772
v 0.002626 -0.044533 0.609237
v 0.002245 -0.044523 0.610095
v 0.000315 -0.044533 0.611296
v -0.000121 -0.044503 0.61127
v -0.00211 -0.044504 0.610231
v -0.002648 -0.044504 0.608391
v 0.000522 -0.044504 0.60601
v 0.001837 -0.044518 0.60667
v 0.002208 -0.044504 0.607133
v 0.002453 -0.044503 0.609634
v 0.001935 -0.044504 0.610437
v -0.000914 -0.044503 0.611105
v -0.001463 -0.044504 0.610825
v -0.001697 -0.044503 0.60658
v 0.001575 -0.044505 0.610746
v -0.002358 -0.044502 0.609792
v -0.002273 -0.044501 0.607278
v -0.000788 -0.044501 0.606103
v 0.001313 -0.0445 0.606323
v 0.000959 -0.044502 0.611082
v 0.030498 -0.051433 0.55283
v 0.030225 -0.051423 0.551459
v 0.030679 -0.051411 0.55014
v 0.031696 -0.051433 0.549207
v 0.033573 -0.051405 0.549033
v 0.033975 -0.051433 0.549139
v 0.034387 -0.051423 0.549372
v 0.033684 -0.051433 0.554202
v 0.031437 -0.051418 0.553853
v 0.030769 -0.051407 0.553199
v 0.030374 -0.051404 0.552414
v 0.030323 -0.051406 0.550995
v 0.030473 -0.051405 0.550555
v 0.031246 -0.051404 0.549542
v 0.032969 -0.051403 0.54896
v 0.034966 -0.051402 0.549936
v 0.034109 -0.051417 0.554009
v 0.031851 -0.051404 0.554044
v 0.0311 -0.051402 0.553548
v 0.035396 -0.051402 0.552531
v 0.034935 -0.051403 0.553328
v 0.034451 -0.051402 0.553765
v 0.033283 -0.051402 0.554237
v 0.032588 -0.051401 0.554236
v 0.030285 -0.051401 0.551847
v 0.032034 -0.051402 0.549127
v 0.035398 -0.051401 0.550743
v 0.035553 -0.051402 0.551558
v -0.001361 -0.054699 0.555231
v -0.003314 -0.054752 0.554597
v 0.016462 -0.055028 0.55141
v -0.018289 -0.054946 0.552307
v -0.017287 -0.055001 0.551667
v -0.013837 -0.054517 0.55721
v -0.019245 -0.054775 0.554271
v -0.019033 -0.054857 0.553343
v -0.014965 -0.054327 0.559416
v 0.005194 -0.053648 0.56719
v 0.002878 -0.053838 0.564947
v 0.005145 -0.053762 0.565866
v 0.002886 -0.05274 0.577551
v 0.006157 -0.053389 0.570138
v 0.000288 -0.054613 0.556172
v 0.002723 -0.054219 0.560617
v 0.005345 -0.053872 0.564599
v 0.009655 -0.052947 0.575176
v 0.003625 -0.052596 0.579203
v 0.003155 -0.052658 0.578458
v -0.015972 -0.055025 0.551419
v -0.011939 -0.054662 0.555595
v -0.007521 -0.054769 0.55433
v -0.009546 -0.054744 0.554679
v 0.017154 -0.055008 0.551617
v 0.002242 -0.054386 0.558935
v -0.005423 -0.054776 0.554295
v 0.007707 -0.054188 0.561023
v 0.00654 -0.054073 0.562333
v 0.009162 -0.053027 0.574269
v 0.010032 -0.052868 0.576134
v 0.007035 -0.052518 0.580096
v 0.010164 -0.052759 0.577329
v 0.009167 -0.052572 0.579428
v 0.008036 -0.052535 0.579989
v 0.006018 -0.052523 0.580094
v 0.004355 -0.052553 0.57965
v -0.015314 -0.054109 0.561908
v -0.015332 -0.051673 0.589717
v 0.001465 -0.054508 0.557361
v 0.00987 -0.052649 0.578556
v 0.009601 -0.052609 0.579025
v -0.018606 -0.051764 0.588693
v -0.017897 -0.051707 0.589375
v -0.018971 -0.051817 0.58809
v -0.019231 -0.051935 0.586721
v -0.016809 -0.051672 0.589727
v 0.017099 -0.055016 0.551534
v 0.019269 -0.054503 0.557431
v 0.011673 -0.053889 0.5649
v 0.019324 -0.054543 0.557301
v 0.01936 -0.054609 0.557184
v 0.011623 -0.053989 0.564866
v 0.019384 -0.054696 0.557126
v 0.013892 -0.052279 0.582848
v 0.015372 -0.052455 0.580827
v 0.019274 -0.051927 0.58686
v 0.006339 -0.05208 0.585195
v 0.009298 -0.052093 0.584988
v 0.016562 -0.051671 0.589765
v 0.015788 -0.052885 0.575928
v 0.01488 -0.053092 0.573566
v -0.002931 -0.052783 0.57706
v -0.002721 -0.0526 0.579168
v -0.009594 -0.051684 0.589598
v -0.009426 -0.051672 0.589757
v -0.000614 -0.052266 0.582964
v 0.001226 -0.052163 0.584159
v -0.001951 -0.052423 0.581239
v 0.00326 -0.052097 0.58488
v 0.016011 -0.052664 0.578411
v -0.009104 -0.054248 0.560303
v -0.008519 -0.054298 0.559777
v 0.01176 -0.052166 0.584247
v 0.012879 -0.052213 0.583639
v 0.019003 -0.051822 0.587997
v 0.018381 -0.051745 0.588976
v 0.017433 -0.051689 0.589526
v -0.009631 -0.054105 0.561943
v 0.011449 -0.053816 0.565254
v 0.011505 -0.053519 0.56867
v -0.009447 -0.054203 0.560834
v -0.006775 -0.05433 0.559365
v -0.005809 -0.054333 0.559346
v -0.004573 -0.054311 0.559579
v -0.003014 -0.05417 0.561218
v 0.011007 -0.053596 0.567748
v -0.00323 -0.054213 0.560682
v 0.011119 -0.053774 0.565744
v -0.00406 -0.054289 0.559807
v -0.003568 -0.054258 0.560172
v 0.010831 -0.053687 0.566714
v -0.033417 -0.051401 0.549033
v -0.033386 -0.0514 0.548989
v -0.032671 -0.051397 0.548944
v -0.034017 -0.0514 0.549173
v -0.034269 -0.051401 0.549363
v -0.034676 -0.0514 0.54959
v -0.035158 -0.051401 0.550214
v -0.035172 -0.051401 0.550116
v -0.034036 -0.0514 0.554215
v -0.034829 -0.0514 0.553679
v -0.034716 -0.051402 0.553548
v -0.035391 -0.0514 0.552902
v -0.035667 -0.051399 0.551911
v -0.035551 -0.051406 0.551916
v -0.033106 -0.0514 0.554449
v -0.033229 -0.051401 0.554236
v -0.035523 -0.051402 0.551216
v -0.035562 -0.0514 0.550944
v -0.035398 -0.051401 0.552492
v -0.035048 -0.051407 0.553199
v -0.033966 -0.051403 0.554044
v -0.032153 -0.0514 0.554351
v -0.032535 -0.051402 0.554238
v -0.031291 -0.0514 0.553932
v -0.031362 -0.051402 0.553762
v -0.030624 -0.0514 0.553244
v -0.03057 -0.051401 0.552865
v -0.030232 -0.0514 0.55237
v -0.030323 -0.051404 0.552229
v -0.030173 -0.051401 0.551378
v -0.030282 -0.051402 0.551301
v -0.030402 -0.0514 0.550541
v -0.030399 -0.051402 0.550744
v -0.030951 -0.051401 0.549749
v -0.031128 -0.051401 0.549675
v -0.031534 -0.0514 0.549315
v -0.031968 -0.0514 0.549113
v -0.032264 -0.051401 0.549047
v -0.030321 -0.051468 0.550759
v -0.030507 -0.051449 0.550355
v -0.030163 -0.051531 0.551468
v -0.030196 -0.051486 0.551234
v -0.030167 -0.051506 0.551761
v -0.030904 -0.051515 0.553497
v -0.030608 -0.051479 0.553109
v -0.030954 -0.051423 0.553464
v -0.031258 -0.051491 0.55381
v -0.032112 -0.051515 0.554247
v -0.031666 -0.051503 0.554067
v -0.032133 -0.051433 0.554202
v -0.032584 -0.051493 0.554344
v -0.03536 -0.051515 0.552858
v -0.035105 -0.051503 0.553266
v -0.035319 -0.051433 0.55283
v -0.03553 -0.051479 0.55242
v -0.03565 -0.051487 0.551472
v -0.035635 -0.051503 0.551949
v -0.034782 -0.051491 0.553623
v -0.03438 -0.051418 0.553853
v -0.034408 -0.051503 0.553918
v -0.033983 -0.051491 0.554143
v -0.031708 -0.051417 0.554009
v -0.030383 -0.051491 0.552691
v -0.030234 -0.051503 0.552242
v -0.030237 -0.051418 0.551774
v -0.033075 -0.051479 0.554354
v -0.033537 -0.051464 0.55428
v -0.031101 -0.051431 0.549621
v -0.031484 -0.051421 0.549345
v -0.030787 -0.05143 0.549952
v -0.035569 -0.051466 0.551014
v -0.035419 -0.051457 0.550571
v -0.03508 -0.051439 0.550009
v -0.034759 -0.051431 0.549661
v -0.034382 -0.051423 0.549374
v -0.033945 -0.05142 0.549148
v -0.033504 -0.051417 0.549012
v -0.032962 -0.051416 0.548941
v -0.032337 -0.051418 0.549006
v -0.031891 -0.051421 0.54914
v -0.034235 -0.053753 0.553223
v -0.034853 -0.053742 0.552419
v -0.03501 -0.053742 0.551705
v -0.034917 -0.05375 0.551081
v -0.03371 -0.053742 0.549673
v -0.032082 -0.053738 0.549656
v -0.031313 -0.05375 0.550269
v -0.030889 -0.053749 0.55216
v -0.031204 -0.05375 0.552808
v -0.032012 -0.053746 0.553517
v -0.032899 -0.05368 0.553855
v -0.033665 -0.05368 0.553723
v -0.034617 -0.05368 0.553063
v -0.034835 -0.053707 0.550598
v -0.034425 -0.053669 0.549942
v -0.032918 -0.05368 0.549379
v -0.030809 -0.05368 0.550843
v -0.030671 -0.05368 0.551608
v -0.031392 -0.053669 0.553293
v -0.033452 -0.053569 0.55395
v -0.034386 -0.053571 0.553511
v -0.035135 -0.053571 0.552518
v -0.035289 -0.053587 0.551636
v -0.035193 -0.053571 0.550876
v -0.034915 -0.053568 0.550309
v -0.033992 -0.053568 0.549481
v -0.033394 -0.053622 0.54934
v -0.032366 -0.053569 0.549284
v -0.031782 -0.053571 0.549496
v -0.031272 -0.053568 0.549869
v -0.030935 -0.053622 0.550382
v -0.03053 -0.053568 0.55133
v -0.030624 -0.053571 0.552358
v -0.030902 -0.053568 0.552926
v -0.032008 -0.053571 0.553844
v -0.032621 -0.053568 0.553996
v -0.033047 -0.053446 0.554131
v -0.033898 -0.053446 0.553932
v -0.034923 -0.053446 0.553127
v -0.035409 -0.053446 0.551917
v -0.034745 -0.053446 0.549895
v -0.034418 -0.053446 0.549603
v -0.033638 -0.053446 0.549207
v -0.033209 -0.053446 0.549117
v -0.03277 -0.053446 0.549103
v -0.030894 -0.053446 0.550107
v -0.030662 -0.053446 0.55048
v -0.030499 -0.053446 0.550888
v -0.030394 -0.053446 0.551756
v -0.031072 -0.053446 0.55334
v -0.031399 -0.053446 0.553632
v -0.033514 -0.05323 0.554211
v -0.034341 -0.053304 0.553808
v -0.0347 -0.053304 0.553526
v -0.035245 -0.053304 0.552798
v -0.035458 -0.05323 0.55239
v -0.035522 -0.053304 0.551472
v -0.035457 -0.053304 0.55102
v -0.035315 -0.053304 0.550587
v -0.035099 -0.053304 0.550184
v -0.034112 -0.05323 0.549241
v -0.032311 -0.053304 0.549069
v -0.031878 -0.053304 0.549211
v -0.031476 -0.053304 0.549427
v -0.031118 -0.053305 0.549708
v -0.030309 -0.053304 0.551307
v -0.03036 -0.053304 0.552214
v -0.030502 -0.053304 0.552648
v -0.030678 -0.05323 0.553073
v -0.031948 -0.053383 0.554003
v -0.032598 -0.053304 0.554217
v -0.033062 -0.053042 0.554347
v -0.033969 -0.053147 0.554091
v -0.035064 -0.053147 0.55323
v -0.035623 -0.053042 0.55194
v -0.034904 -0.053036 0.549745
v -0.034548 -0.053036 0.549427
v -0.0337 -0.053036 0.548998
v -0.033234 -0.053036 0.548901
v -0.032757 -0.053036 0.548885
v -0.030719 -0.053037 0.549977
v -0.030467 -0.053036 0.550383
v -0.03029 -0.053036 0.550825
v -0.030221 -0.053147 0.551768
v -0.030946 -0.053148 0.553459
v -0.031296 -0.053147 0.553773
v -0.031695 -0.053147 0.55402
v -0.032131 -0.053148 0.554194
v -0.034406 -0.052957 0.553916
v -0.034782 -0.052957 0.553621
v -0.035355 -0.052956 0.552859
v -0.035649 -0.052955 0.551477
v -0.035578 -0.052955 0.550984
v -0.035425 -0.052963 0.550529
v -0.035203 -0.052959 0.550114
v -0.032276 -0.052956 0.548948
v -0.03182 -0.052963 0.549101
v -0.031405 -0.052959 0.549323
v -0.031029 -0.052959 0.549619
v -0.030187 -0.052956 0.551281
v -0.03024 -0.052955 0.552255
v -0.030391 -0.052955 0.552709
v -0.032588 -0.05295 0.554343
v -0.033536 -0.052873 0.554293
v -0.033991 -0.052872 0.554143
v -0.035109 -0.052872 0.553263
v -0.03554 -0.052869 0.55241
v -0.034144 -0.052875 0.549163
v -0.030158 -0.052844 0.55173
v -0.03061 -0.052878 0.553122
v -0.030905 -0.052873 0.553498
v -0.031262 -0.052873 0.553818
v -0.03167 -0.052873 0.55407
v -0.032115 -0.052873 0.554248
v -0.001618 -0.0445 0.606381
v -0.000941 -0.0445 0.606032
v 0.001375 -0.0445 0.610998
v 0.000756 -0.0445 0.61127
v 0.000941 -0.0445 0.606032
v -0.002285 -0.0445 0.607069
v 0.001981 -0.0445 0.610537
v 0.002752 -0.0445 0.608814
v 0.002519 -0.0445 0.609743
v 0.002235 -0.0445 0.606999
v 0.001547 -0.0445 0.606332
v 0.002654 -0.0445 0.607861
v 0.000197 -0.0445 0.605864
v -0.000478 -0.0445 0.605908
v -0.002235 -0.0445 0.610234
v -0.001768 -0.0445 0.610723
v -0.002676 -0.0445 0.607944
v -0.00275 -0.0445 0.608617
v -0.002654 -0.0445 0.609372
v -0.001128 -0.0445 0.611135
v -0.000198 -0.0445 0.611369
v 0.031291 -0.0514 0.549382
v 0.032153 -0.0514 0.548963
v 0.035617 -0.0514 0.552095
v 0.035427 -0.0514 0.552744
v 0.030624 -0.0514 0.55007
v 0.034113 -0.0514 0.5541
v 0.03489 -0.0514 0.553538
v 0.035653 -0.0514 0.551334
v 0.031968 -0.0514 0.554201
v 0.035391 -0.0514 0.550412
v 0.034829 -0.0514 0.549636
v 0.030156 -0.0514 0.551419
v 0.030324 -0.0514 0.550677
v 0.030426 -0.0514 0.552822
v 0.030802 -0.0514 0.553385
v 0.031361 -0.0514 0.553902
v 0.034036 -0.0514 0.549099
v 0.033106 -0.0514 0.548865
v 0.0302 -0.0514 0.552095
v 0.032711 -0.0514 0.55437
v 0.033386 -0.0514 0.554325
v 0.003485 -0.052672 0.579216
v 0.003211 -0.052763 0.578918
v 0.003289 -0.052654 0.578882
v 0.003972 -0.052653 0.579635
v 0.003806 -0.05262 0.57948
v 0.004311 -0.052572 0.57973
v 0.003074 -0.052695 0.578516
v 0.003034 -0.052798 0.578608
v 0.003443 -0.052751 0.579229
v 0.004279 -0.05264 0.5798
v 0.004142 -0.052726 0.579771
v 0.003768 -0.052747 0.579534
v 0.004607 -0.052707 0.579961
v 0.004701 -0.052608 0.57995
v 0.005153 -0.05255 0.58
v 0.006041 -0.052632 0.580227
v 0.005132 -0.052657 0.580097
v 0.00698 -0.052596 0.580221
v 0.008114 -0.052661 0.580097
v 0.006981 -0.052677 0.580256
v 0.006525 -0.052663 0.580259
v 0.010129 -0.052748 0.578275
v 0.010151 -0.052725 0.577937
v 0.010247 -0.0528 0.577865
v 0.008686 -0.052586 0.579852
v 0.008383 -0.052613 0.579996
v 0.00858 -0.052716 0.579973
v 0.010129 -0.052965 0.576112
v 0.010305 -0.052948 0.576895
v 0.01022 -0.052862 0.576698
v 0.010168 -0.053047 0.576161
v 0.010315 -0.052905 0.577539
v 0.010269 -0.052813 0.577347
v 0.010213 -0.052864 0.578157
v 0.009765 -0.052681 0.579005
v 0.010002 -0.052701 0.578558
v 0.009898 -0.052784 0.578882
v 0.010075 -0.05284 0.578549
v 0.009686 -0.052789 0.579189
v 0.008959 -0.052606 0.579714
v 0.009231 -0.05262 0.579539
v 0.008977 -0.052706 0.579778
v 0.009286 -0.052747 0.579574
v 0.009497 -0.052738 0.579384
v 0.009461 -0.052634 0.579324
v 0.008094 -0.053328 0.572599
v 0.009156 -0.053235 0.573993
v 0.008683 -0.053273 0.573335
v 0.009267 -0.053109 0.574222
v 0.00788 -0.053198 0.57248
v 0.009788 -0.053114 0.575134
v 0.009747 -0.053019 0.575136
v 0.007074 -0.053335 0.571388
v 0.007125 -0.053446 0.571368
v 0.005336 -0.053798 0.567152
v 0.00552 -0.053758 0.56811
v 0.005436 -0.05366 0.567909
v 0.005276 -0.053695 0.567171
v 0.005929 -0.053542 0.569377
v 0.005653 -0.053597 0.568666
v 0.00597 -0.053632 0.569397
v 0.005686 -0.05369 0.568655
v 0.006656 -0.05354 0.570682
v 0.006288 -0.053568 0.570039
v 0.006265 -0.053474 0.570066
v 0.005603 -0.053538 0.568703
v 0.006205 -0.053419 0.570082
v 0.006255 -0.054101 0.562924
v 0.006604 -0.054111 0.562385
v 0.006647 -0.054212 0.562447
v 0.006286 -0.054191 0.562953
v 0.006053 -0.054168 0.56333
v 0.005253 -0.053823 0.565879
v 0.005281 -0.05384 0.566529
v 0.005332 -0.05389 0.565247
v 0.005438 -0.053909 0.564613
v 0.005502 -0.054042 0.564661
v 0.005394 -0.05402 0.565135
v 0.005289 -0.053933 0.566075
v 0.005901 -0.054005 0.563435
v 0.005638 -0.053966 0.56402
v 0.005684 -0.054074 0.564102
v 0.007748 -0.054235 0.561118
v 0.007734 -0.054327 0.561217
v 0.016861 -0.055023 0.552025
v 0.016898 -0.055108 0.552077
v 0.017143 -0.055011 0.551699
v 0.017155 -0.05506 0.551803
v 0.017224 -0.055154 0.551807
v 0.017291 -0.055155 0.551578
v 0.017266 -0.055092 0.551657
v 0.017241 -0.055055 0.551631
v 0.017249 -0.055106 0.551734
v 0.017295 -0.055175 0.551679
v 0.016459 -0.055074 0.551337
v 0.017062 -0.055062 0.55144
v 0.017197 -0.055066 0.551508
v 0.016714 -0.055121 0.551352
v 0.016554 -0.055186 0.551289
v 0.016688 -0.055215 0.551325
v 0.017182 -0.055188 0.551424
v 0.017108 -0.055131 0.551404
v 0.017074 -0.055205 0.551378
v 0.01722 -0.055116 0.551479
v 0.01725 -0.055187 0.551484
v 0.016484 -0.055113 0.551306
v 0.016384 -0.055193 0.551274
v -0.016171 -0.055105 0.551309
v 0.015994 -0.055206 0.551286
v -0.016197 -0.055196 0.55128
v -0.019383 -0.054842 0.554477
v -0.019411 -0.054934 0.554424
v -0.019366 -0.054927 0.554047
v -0.019082 -0.054922 0.553229
v -0.019192 -0.055 0.553378
v -0.019096 -0.05503 0.553147
v -0.018647 -0.054993 0.552514
v -0.018812 -0.054936 0.552794
v -0.01889 -0.055052 0.552778
v -0.018693 -0.055088 0.552508
v -0.018419 -0.054995 0.552284
v -0.018516 -0.055124 0.552299
v -0.019308 -0.054992 0.553738
v -0.017415 -0.055071 0.551594
v -0.016994 -0.055156 0.55141
v -0.016665 -0.055059 0.551405
v -0.016636 -0.055186 0.551325
v -0.017247 -0.055188 0.551487
v -0.0179 -0.055028 0.55187
v -0.017712 -0.055165 0.551693
v -0.018098 -0.055142 0.551935
v -0.019276 -0.054821 0.554041
v -0.018192 -0.055059 0.55204
v -0.019254 -0.054898 0.553693
v -0.019388 -0.05408 0.564302
v -0.019367 -0.053419 0.570868
v -0.019289 -0.051946 0.58688
v -0.019364 -0.051997 0.587045
v -0.019399 -0.052098 0.586795
v -0.016298 -0.051735 0.589946
v -0.01615 -0.051685 0.589882
v -0.015389 -0.051736 0.589891
v -0.015406 -0.051678 0.58981
v -0.019267 -0.051911 0.587475
v -0.019359 -0.052048 0.58736
v -0.016874 -0.051707 0.589832
v -0.01539 -0.051807 0.589934
v -0.016363 -0.051804 0.58998
v -0.017229 -0.051756 0.589782
v -0.016879 -0.051806 0.589904
v -0.01756 -0.051725 0.589613
v -0.017559 -0.051848 0.589696
v -0.018088 -0.051878 0.58941
v -0.01789 -0.051775 0.589483
v -0.015828 -0.051805 0.58998
v -0.017103 -0.051853 0.58986
v -0.018171 -0.051768 0.589269
v -0.018453 -0.051919 0.589116
v -0.018447 -0.051798 0.589042
v -0.0189 -0.051847 0.588478
v -0.018684 -0.051814 0.588765
v -0.018735 -0.051918 0.588802
v -0.018983 -0.051979 0.588443
v -0.019117 -0.051973 0.588173
v -0.019239 -0.051991 0.587851
v -0.0191 -0.051865 0.588041
v -0.015303 -0.051707 0.589813
v -0.015212 -0.051753 0.589769
v -0.015273 -0.051805 0.589886
v -0.015164 -0.051789 0.589647
v -0.015147 -0.051854 0.589661
v -0.015176 -0.05184 0.589776
v -0.015226 -0.051829 0.589852
v -0.015271 -0.051689 0.589702
v -0.015209 -0.051733 0.589619
v -0.015237 -0.054144 0.5619
v -0.015162 -0.054258 0.56192
v -0.015126 -0.053336 0.573673
v -0.014867 -0.054378 0.559463
v -0.01442 -0.054464 0.558313
v -0.011893 -0.054709 0.555685
v -0.010772 -0.054786 0.555172
v -0.011302 -0.054811 0.555424
v -0.01073 -0.054874 0.555198
v -0.009589 -0.054805 0.554807
v -0.009579 -0.054905 0.554851
v -0.01174 -0.054835 0.555668
v -0.012381 -0.054705 0.556026
v -0.012858 -0.054753 0.556451
v -0.012897 -0.054634 0.556385
v -0.013313 -0.054635 0.556828
v -0.012603 -0.054794 0.556241
v -0.013365 -0.054727 0.556942
v -0.014369 -0.054558 0.55836
v -0.014648 -0.054454 0.558899
v -0.014086 -0.054549 0.557809
v -0.013859 -0.05468 0.557542
v -0.013745 -0.05456 0.557277
v -0.013701 -0.054665 0.557326
v -0.014752 -0.054523 0.559281
v -0.015111 -0.054306 0.560678
v -0.014976 -0.054411 0.56004
v -0.015064 -0.05442 0.560572
v -0.015172 -0.054241 0.560651
v -0.010785 -0.054733 0.555112
v -0.006704 -0.05494 0.55445
v -0.005426 -0.054911 0.554449
v -0.00478 -0.054954 0.554505
v -0.002327 -0.054804 0.554984
v -0.003358 -0.054898 0.554739
v -0.003307 -0.054804 0.554687
v -0.001354 -0.054851 0.555388
v -0.002343 -0.054882 0.555019
v -0.001337 -0.054748 0.555339
v -0.004376 -0.054843 0.554513
v -0.004371 -0.054921 0.554555
v -0.007506 -0.054791 0.554408
v -0.007503 -0.054909 0.554507
v -0.005419 -0.054833 0.5544
v -0.002955 -0.054925 0.554838
v 0.002452 -0.054351 0.559789
v 0.002626 -0.054247 0.560641
v 0.002384 -0.054475 0.559761
v 0.002544 -0.054373 0.560652
v 0.002036 -0.054588 0.558678
v 0.001594 -0.054662 0.557826
v 0.001801 -0.054604 0.558187
v 0.002153 -0.054532 0.558979
v -0.000479 -0.054832 0.555836
v -0.000543 -0.054714 0.555737
v 0.001347 -0.054666 0.557464
v 0.000792 -0.054723 0.556817
v 0.001398 -0.054556 0.557427
v 0.000858 -0.054591 0.556758
v 0.000181 -0.054663 0.556196
v 0.000138 -0.054773 0.556247
v 0.000443 -0.05478 0.556493
v 0.00187 -0.054478 0.558153
v 0.001107 -0.054721 0.557158
v 0.00274 -0.053507 0.569343
v 0.002723 -0.053977 0.565005
v 0.002807 -0.053864 0.564993
v 0.00268 -0.053608 0.569411
v 0.002761 -0.052849 0.576832
v 0.0027 -0.052946 0.576991
v 0.002703 -0.053359 0.573359
v 0.002793 -0.052807 0.577686
v 0.002852 -0.052845 0.578119
v 0.002922 -0.052729 0.578096
v 0.002749 -0.052908 0.57765
v 0.011133 -0.053648 0.568342
v 0.014786 -0.053164 0.573621
v 0.01476 -0.05326 0.573649
v 0.011192 -0.053593 0.568351
v 0.011308 -0.053705 0.568653
v 0.013156 -0.053497 0.571157
v 0.014241 -0.052457 0.582322
v 0.013866 -0.052356 0.582757
v 0.013806 -0.052442 0.582764
v 0.014686 -0.052393 0.581867
v 0.014557 -0.052532 0.581923
v 0.014946 -0.052564 0.581345
v 0.015008 -0.052464 0.581344
v 0.015718 -0.052602 0.579642
v 0.015507 -0.052588 0.580225
v 0.015661 -0.052711 0.579626
v 0.015787 -0.05279 0.579012
v 0.015818 -0.052699 0.579018
v 0.015897 -0.052737 0.578404
v 0.015145 -0.052629 0.580986
v 0.01553 -0.052703 0.580071
v 0.015859 -0.052831 0.578409
v 0.015888 -0.052866 0.577772
v 0.015679 -0.052975 0.575942
v 0.01585 -0.052943 0.577187
v 0.015654 -0.053057 0.575953
v 0.015318 -0.053157 0.574873
v 0.015769 -0.053027 0.576526
v 0.015961 -0.052791 0.577162
v 0.015885 -0.052858 0.577162
v 0.015362 -0.053015 0.574746
v 0.015278 -0.052516 0.580808
v 0.012323 -0.052329 0.583861
v 0.01174 -0.052249 0.584179
v 0.011856 -0.052341 0.584101
v 0.010537 -0.052255 0.584603
v 0.009301 -0.052192 0.584884
v 0.009278 -0.052286 0.584869
v 0.010731 -0.0523 0.584546
v 0.013338 -0.052408 0.583169
v 0.012846 -0.052303 0.583559
v 0.01294 -0.052409 0.583465
v 0.010546 -0.052139 0.584679
v 0.006335 -0.052181 0.585102
v 0.007832 -0.052243 0.585033
v 0.004841 -0.052139 0.585043
v 0.003376 -0.052137 0.584814
v 0.003359 -0.052267 0.584737
v 0.004868 -0.052251 0.584994
v 0.004232 -0.052293 0.584915
v 0.006323 -0.052257 0.585087
v -0.002644 -0.052634 0.579182
v -0.002573 -0.052738 0.579181
v -0.002299 -0.05261 0.580223
v -0.002244 -0.052686 0.580314
v -0.001849 -0.052508 0.581239
v -0.00207 -0.052609 0.580753
v -0.00176 -0.052594 0.581345
v -0.001557 -0.0525 0.581697
v 0.00147 -0.052352 0.584121
v 0.002307 -0.052215 0.584468
v 0.001285 -0.052219 0.58409
v 0.000344 -0.052295 0.583554
v 0.002311 -0.052307 0.584437
v 0.000399 -0.052388 0.583557
v -0.000071 -0.052377 0.583247
v -0.000466 -0.052457 0.582916
v -0.000537 -0.052349 0.582894
v -0.000894 -0.052424 0.582525
v -0.001157 -0.052517 0.58221
v -0.001269 -0.052416 0.582121
v 0.000287 -0.052223 0.583611
v -0.002361 -0.052536 0.580225
v -0.001341 -0.052351 0.582156
v -0.002743 -0.052797 0.578125
v -0.002845 -0.052828 0.577099
v -0.002782 -0.052939 0.577096
v -0.002774 -0.05422 0.562399
v -0.002874 -0.054069 0.56252
v -0.002811 -0.05367 0.56975
v -0.002828 -0.054188 0.561811
v -0.002797 -0.054286 0.561818
v -0.00285 -0.054343 0.561324
v -0.005173 -0.054426 0.559314
v -0.004431 -0.054386 0.559502
v -0.005785 -0.054416 0.55924
v -0.005193 -0.054508 0.559291
v -0.005768 -0.054517 0.559214
v -0.004437 -0.054489 0.559464
v -0.003986 -0.05445 0.559656
v -0.002952 -0.054244 0.561076
v -0.003079 -0.054361 0.560606
v -0.002958 -0.054357 0.56091
v -0.003284 -0.054303 0.560331
v -0.003247 -0.054426 0.560309
v -0.003676 -0.054411 0.559859
v -0.003476 -0.054428 0.560028
v -0.003511 -0.054294 0.560107
v -0.003171 -0.054248 0.560612
v -0.003916 -0.054318 0.559788
v -0.008054 -0.054315 0.559588
v -0.006784 -0.054393 0.559264
v -0.006281 -0.054417 0.559222
v -0.006408 -0.05453 0.559191
v -0.007797 -0.054389 0.559427
v -0.006805 -0.054517 0.55922
v -0.007756 -0.054526 0.559382
v -0.008194 -0.054384 0.559545
v -0.008276 -0.054479 0.559536
v -0.009762 -0.054292 0.561539
v -0.009688 -0.054341 0.561141
v -0.009615 -0.05423 0.561074
v -0.009699 -0.054163 0.561654
v -0.009567 -0.054374 0.560775
v -0.009452 -0.054286 0.560625
v -0.00942 -0.054393 0.560485
v -0.009227 -0.054423 0.560208
v -0.009185 -0.054307 0.560233
v -0.008887 -0.054319 0.559958
v -0.008965 -0.054442 0.559946
v -0.00855 -0.054401 0.559684
v -0.008714 -0.054459 0.559758
v -0.00976 -0.05419 0.561969
v -0.009792 -0.054277 0.561999
v -0.009695 -0.051722 0.589397
v -0.009765 -0.05178 0.589394
v -0.009799 -0.05187 0.589419
v -0.009322 -0.05178 0.589933
v -0.009178 -0.0517 0.589882
v -0.009015 -0.051812 0.589961
v -0.009733 -0.051838 0.58968
v -0.009707 -0.051757 0.589633
v -0.009654 -0.051771 0.589755
v -0.009616 -0.051822 0.58983
v -0.00964 -0.051708 0.589662
v -0.009522 -0.051719 0.589817
v -0.009472 -0.051814 0.589907
v 0.016412 -0.051727 0.589896
v 0.016442 -0.051815 0.589942
v 0.017337 -0.051727 0.589707
v 0.016871 -0.051708 0.589818
v 0.019175 -0.051968 0.588077
v 0.019293 -0.051948 0.587673
v 0.019324 -0.052038 0.587657
v 0.018999 -0.051874 0.588349
v 0.018941 -0.051949 0.588522
v 0.017845 -0.051856 0.589546
v 0.017317 -0.051831 0.58978
v 0.017717 -0.051768 0.589566
v 0.018656 -0.051839 0.588845
v 0.018814 -0.051817 0.588583
v 0.019095 -0.051851 0.588042
v 0.018628 -0.051922 0.588925
v 0.018461 -0.051856 0.589081
v 0.018238 -0.051835 0.589271
v 0.017963 -0.051746 0.589389
v 0.019274 -0.051902 0.587486
v 0.019374 -0.051981 0.587069
v 0.016833 -0.051826 0.589903
v 0.019408 -0.052062 0.587128
v 0.019415 -0.054623 0.557545
v 0.011623 -0.054175 0.564873
v 0.019389 -0.054887 0.557128
v 0.011243 -0.053899 0.565329
v 0.011238 -0.053985 0.565299
v 0.011066 -0.053733 0.56827
v 0.010863 -0.053737 0.56783
v 0.010787 -0.053795 0.567633
v 0.010763 -0.053708 0.567411
v 0.010706 -0.053818 0.567294
v 0.010741 -0.053744 0.566626
v 0.010665 -0.053843 0.566861
v 0.010704 -0.053868 0.566478
v 0.010835 -0.053825 0.566088
v 0.010776 -0.053917 0.566175
v 0.011007 -0.053841 0.565731
v 0.010921 -0.053943 0.56581
v 0.010865 -0.053752 0.566226
v 0.010935 -0.053632 0.567812
v 0.010812 -0.053659 0.567275
v 0.010715 -0.053733 0.567016
v -0.030145 -0.0518 0.551697
v -0.030194 -0.0518 0.551171
v -0.035677 -0.0518 0.551881
v -0.035605 -0.0518 0.551019
v -0.030241 -0.0518 0.552456
v -0.030662 -0.0518 0.553323
v -0.031353 -0.0518 0.553993
v -0.032233 -0.0518 0.554387
v -0.033193 -0.0518 0.554456
v -0.034119 -0.0518 0.554192
v -0.0349 -0.0518 0.553627
v -0.03544 -0.0518 0.55283
v -0.030419 -0.0518 0.550426
v -0.030802 -0.0518 0.54985
v -0.031348 -0.0518 0.54934
v -0.032222 -0.0518 0.548944
v -0.033177 -0.0518 0.54887
v -0.034101 -0.0518 0.549128
v -0.034676 -0.0518 0.549511
v -0.035185 -0.0518 0.550057
v -0.034679 -0.052299 0.545607
v -0.030609 -0.052182 0.548471
v -0.034885 -0.052175 0.545479
v -0.035136 -0.052037 0.545369
v -0.030668 -0.051977 0.548562
v -0.035261 -0.051922 0.545401
v -0.030743 -0.051867 0.54867
v -0.035403 -0.051836 0.54547
v -0.030407 -0.051803 0.549145
v -0.035424 -0.051801 0.545637
v -0.029336 -0.051823 0.551377
v -0.029421 -0.051804 0.552035
v -0.029668 -0.051801 0.550358
v -0.029935 -0.051812 0.553537
v -0.030712 -0.051801 0.554358
v -0.034471 -0.052176 0.555185
v -0.033821 -0.051968 0.555296
v -0.033839 -0.052214 0.555404
v -0.033175 -0.052175 0.555503
v -0.032505 -0.052174 0.555491
v -0.031889 -0.051968 0.555268
v -0.031847 -0.052213 0.555369
v -0.031219 -0.052133 0.555119
v -0.030719 -0.051968 0.554711
v -0.030648 -0.052214 0.554795
v -0.030145 -0.052137 0.554354
v -0.029805 -0.051968 0.553792
v -0.02971 -0.052214 0.553847
v -0.029377 -0.052178 0.553264
v -0.029149 -0.052173 0.552632
v -0.029136 -0.051968 0.55198
v -0.029026 -0.052215 0.551982
v -0.029026 -0.052175 0.551308
v -0.029682 -0.052175 0.549436
v -0.030169 -0.051968 0.548998
v -0.030095 -0.052214 0.548917
v -0.03443 -0.051948 0.555062
v -0.033172 -0.051973 0.555393
v -0.032538 -0.051907 0.555327
v -0.029537 -0.051907 0.553208
v -0.029257 -0.051973 0.552613
v -0.029135 -0.051973 0.551325
v -0.029241 -0.051973 0.550685
v -0.029136 -0.052175 0.550649
v -0.029363 -0.052136 0.550019
v -0.029769 -0.051973 0.549504
v -0.031324 -0.051885 0.554951
v -0.030294 -0.051885 0.554222
v -0.029537 -0.051885 0.550116
v -0.033174 -0.051842 0.555224
v -0.029424 -0.051842 0.552583
v -0.029401 -0.051842 0.55074
v -0.029901 -0.051842 0.549609
v -0.034358 -0.05183 0.55489
v -0.0338 -0.051804 0.555014
v -0.031856 -0.051803 0.554969
v -0.032717 -0.051802 0.555091
v 0.002759 -0.0449 0.608901
v 0.002597 -0.0449 0.609562
v 0.002247 -0.0449 0.610242
v 0.001555 -0.0449 0.610913
v 0.000676 -0.0449 0.611306
v -0.000284 -0.0449 0.611375
v -0.001211 -0.0449 0.611112
v -0.001991 -0.0449 0.610547
v -0.002532 -0.0449 0.609749
v -0.002766 -0.0449 0.608815
v -0.002722 -0.0449 0.608137
v -0.002495 -0.0449 0.607406
v -0.002117 -0.0449 0.60684
v -0.001555 -0.0449 0.60632
v -0.000945 -0.0449 0.606019
v -0.000198 -0.0449 0.60585
v 0.00076 -0.0449 0.605949
v 0.001626 -0.0449 0.606369
v 0.002117 -0.0449 0.60684
v 0.002532 -0.0449 0.607484
v 0.002722 -0.0449 0.608137
v -0.004227 -0.045098 0.608143
v -0.004522 -0.045223 0.610651
v -0.004314 -0.045301 0.608132
v -0.004514 -0.045372 0.61027
v -0.004457 -0.045077 0.610942
v -0.004072 -0.044963 0.608166
v -0.00436 -0.044979 0.611096
v -0.003883 -0.044903 0.607988
v -0.004192 -0.044904 0.611251
v 0.004286 -0.044933 0.611214
v 0.004168 -0.0449 0.611303
v 0.003859 -0.044905 0.607708
v 0.004117 -0.044987 0.608174
v 0.004439 -0.045045 0.611039
v 0.004525 -0.045247 0.610612
v 0.004255 -0.045141 0.608151
v 0.004315 -0.045296 0.608138
v 0.004514 -0.04536 0.61029
v -0.000801 -0.044901 0.604779
v 0.000865 -0.044911 0.604728
v 0.002001 -0.0449 0.605222
v 0.004063 -0.045061 0.607445
v 0.00417 -0.045299 0.607405
v 0.003895 -0.04526 0.606711
v 0.003027 -0.04526 0.605512
v 0.002408 -0.045096 0.605111
v 0.002457 -0.045298 0.605037
v 0.001803 -0.045262 0.604672
v 0.001085 -0.045061 0.604529
v 0.001104 -0.045298 0.604418
v 0.000368 -0.045096 0.60438
v 0.000371 -0.045299 0.60429
v -0.000362 -0.045096 0.60438
v -0.000378 -0.0453 0.604291
v -0.001116 -0.04526 0.604427
v -0.004167 -0.04526 0.607417
v 0.003796 -0.045066 0.606764
v 0.003509 -0.045223 0.60608
v 0.00295 -0.045066 0.605594
v 0.001745 -0.045003 0.604832
v -0.001051 -0.045003 0.604584
v -0.001725 -0.045003 0.604823
v -0.001807 -0.045257 0.604676
v -0.002348 -0.045003 0.605174
v -0.002458 -0.045262 0.605043
v -0.002927 -0.045033 0.605609
v -0.003034 -0.045259 0.605519
v -0.003422 -0.045066 0.60614
v -0.003521 -0.045262 0.606085
v -0.003795 -0.045066 0.606762
v -0.003901 -0.04526 0.606723
v -0.004056 -0.045066 0.607438
v 0.003375 -0.045008 0.606179
v 0.003652 -0.04494 0.60685
v 0.002844 -0.04494 0.605723
v 0.002319 -0.044961 0.605243
v 0.000355 -0.044961 0.604539
v -0.000333 -0.04494 0.604573
v -0.003279 -0.04494 0.606227
v -0.003639 -0.04494 0.606823
v -0.003892 -0.04494 0.607471
v 0.003266 -0.044904 0.606382
v -0.002916 -0.044902 0.605935
v -0.001895 -0.044903 0.605164
v 0.03563 -0.0518 0.552097
v 0.035404 -0.0518 0.552828
v 0.034839 -0.0518 0.553608
v 0.034042 -0.0518 0.554149
v 0.033107 -0.0518 0.554384
v 0.032429 -0.0518 0.554339
v 0.031698 -0.0518 0.554112
v 0.030917 -0.0518 0.553547
v 0.030377 -0.0518 0.55275
v 0.030187 -0.0518 0.552097
v 0.03015 -0.0518 0.551333
v 0.030311 -0.0518 0.550672
v 0.030662 -0.0518 0.549992
v 0.031353 -0.0518 0.549321
v 0.032233 -0.0518 0.548927
v 0.033193 -0.0518 0.548858
v 0.03412 -0.0518 0.549122
v 0.0349 -0.0518 0.549687
v 0.03544 -0.0518 0.550484
v 0.035675 -0.0518 0.551419
v 0.029615 -0.051842 0.550125
v 0.029904 -0.051802 0.549785
v 0.029408 -0.051842 0.55071
v 0.029431 -0.051802 0.551781
v 0.029305 -0.051842 0.551321
v 0.029701 -0.051803 0.553043
v 0.029375 -0.051858 0.552559
v 0.030138 -0.051827 0.553893
v 0.030759 -0.051802 0.554357
v 0.031809 -0.051802 0.55492
v 0.031335 -0.051842 0.554873
v 0.033973 -0.051804 0.554951
v 0.034387 -0.051867 0.554963
v 0.033782 -0.051885 0.555203
v 0.032952 -0.051806 0.55514
v 0.032516 -0.051907 0.555324
v 0.031888 -0.051907 0.555203
v 0.03074 -0.051907 0.55465
v 0.029196 -0.051907 0.551956
v 0.033164 -0.051968 0.555399
v 0.030237 -0.051939 0.55426
v 0.029825 -0.051939 0.553764
v 0.029473 -0.051968 0.553217
v 0.029769 -0.051968 0.549494
v 0.030179 -0.051968 0.548988
v 0.0304 -0.051803 0.549162
v 0.030707 -0.051916 0.54861
v 0.030804 -0.05183 0.548721
v 0.034438 -0.051976 0.555082
v 0.031261 -0.052005 0.555057
v 0.029135 -0.051973 0.551322
v 0.029241 -0.051973 0.550682
v 0.029455 -0.051973 0.550069
v 0.033848 -0.05214 0.555393
v 0.02916 -0.052135 0.552652
v 0.030639 -0.052048 0.548522
v 0.034487 -0.052167 0.555176
v 0.032515 -0.052175 0.555492
v 0.031859 -0.052175 0.555368
v 0.030658 -0.052175 0.554796
v 0.030148 -0.052174 0.554365
v 0.02972 -0.052174 0.553853
v 0.029031 -0.052176 0.551992
v 0.029024 -0.052176 0.55132
v 0.029133 -0.052175 0.550659
v 0.029352 -0.052175 0.550029
v 0.033178 -0.052212 0.555507
v 0.031229 -0.052214 0.555136
v 0.029378 -0.052215 0.553273
v 0.029674 -0.052212 0.549441
v 0.030093 -0.052213 0.548919
v 0.0306 -0.052216 0.548473
v 0.035376 -0.051834 0.545499
v 0.035483 -0.051798 0.545586
v 0.035166 -0.051945 0.545443
v 0.034731 -0.052254 0.545573
v 0.034985 -0.052094 0.545448
v 0.005999 -0.052825 0.580246
v 0.005143 -0.052824 0.580117
v 0.004624 -0.052868 0.579986
v 0.004124 -0.052886 0.579777
v 0.003739 -0.05292 0.579532
v 0.00343 -0.052941 0.57924
v 0.003037 -0.052978 0.578642
v 0.003215 -0.052958 0.578952
v 0.008119 -0.052872 0.580125
v 0.00697 -0.052805 0.580267
v 0.010161 -0.053239 0.576129
v 0.010268 -0.053146 0.576625
v 0.010314 -0.053095 0.577031
v 0.010314 -0.053039 0.577553
v 0.010255 -0.053072 0.578029
v 0.010124 -0.052982 0.578432
v 0.009889 -0.052933 0.57891
v 0.009685 -0.052928 0.579197
v 0.009315 -0.052865 0.579559
v 0.008991 -0.052919 0.579799
v 0.008541 -0.052841 0.579993
v 0.00801 -0.053533 0.572501
v 0.009158 -0.053353 0.574009
v 0.009791 -0.053306 0.575145
v 0.005342 -0.053971 0.567184
v 0.005512 -0.053877 0.568099
v 0.005977 -0.053794 0.56943
v 0.006659 -0.053637 0.570695
v 0.005392 -0.054141 0.565143
v 0.006662 -0.054383 0.562449
v 0.006056 -0.054298 0.563331
v 0.005683 -0.054231 0.564129
v 0.005289 -0.05406 0.566028
v 0.007651 -0.054461 0.561313
v 0.016902 -0.055323 0.552107
v 0.017281 -0.055341 0.551541
v 0.017307 -0.055368 0.551651
v 0.017275 -0.055344 0.551758
v 0.017177 -0.05535 0.551879
v 0.016701 -0.055391 0.55134
v 0.017074 -0.055356 0.55139
v 0.017206 -0.05538 0.551449
v 0.016356 -0.05537 0.551289
v 0.016536 -0.055385 0.551296
v -0.016224 -0.055361 0.551292
v -0.019409 -0.055075 0.554368
v -0.0193 -0.055154 0.553722
v -0.019156 -0.055166 0.553292
v -0.018895 -0.055278 0.552783
v -0.018529 -0.055245 0.552332
v -0.018198 -0.055307 0.552027
v -0.017753 -0.055297 0.551729
v -0.017186 -0.055326 0.55148
v -0.016586 -0.05533 0.55133
v -0.01939 -0.054159 0.564795
v -0.0194 -0.052264 0.586839
v -0.01589 -0.051953 0.589995
v -0.015371 -0.051999 0.589953
v -0.016602 -0.051952 0.589967
v -0.01717 -0.051983 0.589849
v -0.017627 -0.051976 0.589675
v -0.017981 -0.052009 0.589485
v -0.018483 -0.052068 0.589098
v -0.01878 -0.052059 0.588754
v -0.019073 -0.052106 0.588276
v -0.019364 -0.052191 0.58734
v -0.019241 -0.0522 0.587888
v -0.015147 -0.051991 0.589676
v -0.015168 -0.052022 0.589785
v -0.015205 -0.051997 0.589845
v -0.015259 -0.052009 0.589903
v -0.015162 -0.054425 0.561952
v -0.00958 -0.055047 0.554866
v -0.010645 -0.055 0.555184
v -0.011285 -0.05502 0.555451
v -0.011694 -0.054968 0.555657
v -0.012496 -0.054921 0.556172
v -0.013272 -0.054867 0.556854
v -0.013991 -0.05479 0.557743
v -0.014423 -0.054728 0.558494
v -0.014836 -0.054639 0.559556
v -0.015081 -0.05454 0.56069
v -0.00135 -0.055009 0.555406
v -0.003155 -0.055025 0.554797
v -0.00498 -0.055052 0.554496
v -0.007037 -0.055055 0.554482
v 0.002539 -0.054561 0.560664
v 0.002393 -0.054598 0.559797
v 0.002106 -0.054676 0.558861
v 0.001771 -0.054755 0.558131
v 0.001187 -0.054818 0.557263
v 0.000459 -0.054878 0.556516
v -0.000343 -0.05493 0.555926
v 0.002673 -0.053803 0.569434
v 0.002718 -0.054132 0.565047
v 0.002689 -0.053156 0.576861
v 0.002854 -0.053044 0.578169
v 0.002751 -0.05303 0.577659
v 0.011323 -0.053827 0.568686
v 0.01315 -0.053597 0.571156
v 0.014757 -0.053409 0.573659
v 0.013806 -0.052613 0.582773
v 0.014568 -0.052681 0.581925
v 0.015131 -0.052733 0.581024
v 0.015561 -0.052824 0.579979
v 0.015802 -0.052939 0.578937
v 0.01588 -0.053062 0.57769
v 0.015748 -0.053136 0.576414
v 0.015393 -0.053254 0.575073
v 0.009284 -0.052413 0.58488
v 0.010707 -0.052429 0.584561
v 0.011875 -0.052465 0.5841
v 0.012944 -0.052533 0.583473
v 0.00337 -0.052448 0.584757
v 0.004233 -0.052392 0.584924
v 0.006334 -0.052408 0.585098
v -0.002564 -0.052943 0.579205
v -0.002185 -0.052788 0.580475
v -0.001769 -0.052724 0.581343
v -0.001184 -0.05267 0.582195
v -0.000477 -0.052601 0.582919
v 0.000423 -0.05254 0.583585
v 0.001516 -0.052467 0.584152
v -0.002777 -0.053125 0.577118
v -0.002722 -0.053047 0.578151
v -0.002771 -0.054402 0.562405
v -0.005149 -0.05464 0.559321
v -0.005773 -0.05468 0.559224
v -0.004589 -0.054636 0.559436
v -0.00425 -0.05467 0.559546
v -0.003902 -0.054606 0.559717
v -0.003626 -0.05461 0.559904
v -0.003445 -0.054571 0.560077
v -0.003255 -0.054552 0.56031
v -0.002873 -0.054506 0.561208
v -0.002998 -0.054541 0.560804
v -0.003109 -0.054544 0.560559
v -0.002811 -0.054434 0.561604
v -0.007713 -0.054629 0.559382
v -0.006407 -0.054646 0.559203
v -0.009767 -0.054492 0.561561
v -0.009792 -0.054423 0.562011
v -0.009657 -0.054545 0.561012
v -0.009541 -0.054593 0.560707
v -0.009402 -0.054561 0.56047
v -0.009159 -0.054637 0.56014
v -0.008972 -0.054614 0.559963
v -0.008604 -0.054606 0.559705
v -0.008258 -0.054624 0.559543
v -0.009798 -0.052001 0.589426
v -0.009167 -0.052005 0.589984
v -0.00941 -0.051993 0.589946
v -0.009561 -0.052005 0.589887
v -0.009629 -0.052021 0.589843
v -0.009682 -0.052013 0.589785
v -0.009747 -0.052012 0.589667
v 0.016485 -0.051971 0.589958
v 0.019412 -0.052232 0.587133
v 0.01934 -0.052184 0.587599
v 0.019173 -0.052139 0.588101
v 0.018939 -0.052077 0.588536
v 0.018589 -0.052053 0.588981
v 0.018231 -0.052037 0.589305
v 0.017756 -0.052018 0.589608
v 0.017319 -0.051965 0.58979
v 0.016802 -0.051958 0.589919
v 0.019426 -0.054853 0.557549
v 0.010769 -0.054082 0.566205
v 0.010962 -0.053877 0.568078
v 0.010791 -0.053904 0.567645
v 0.010701 -0.053946 0.567269
v 0.01067 -0.054035 0.566776
v 0.010693 -0.05407 0.566517
v 0.010969 -0.054121 0.565729
v 0.01122 -0.054137 0.565335
v 0.0299 -0.054834 0.549062
v 0.030364 -0.054971 0.548584
v 0.029248 -0.054735 0.550148
v 0.02953 -0.054825 0.549577
v 0.029044 -0.054629 0.550821
v 0.028964 -0.054521 0.551558
v 0.029029 -0.054442 0.552302
v 0.029255 -0.054371 0.553082
v 0.029849 -0.054238 0.554092
v 0.029485 -0.054294 0.553558
v 0.030274 -0.054193 0.554541
v 0.03079 -0.054154 0.554934
v 0.031368 -0.054188 0.555244
v 0.031976 -0.054117 0.55544
v 0.032614 -0.054103 0.555541
v 0.033256 -0.054184 0.555542
v 0.033841 -0.054178 0.555446
v 0.034338 -0.05411 0.555291
v -0.034559 -0.054038 0.555192
v -0.034087 -0.054055 0.555371
v -0.033325 -0.054307 0.555553
v -0.033646 -0.054256 0.555495
v -0.032648 -0.054094 0.555543
v -0.032042 -0.054113 0.555458
v -0.031472 -0.054167 0.555282
v -0.030938 -0.054215 0.555024
v -0.030281 -0.054201 0.554553
v -0.029771 -0.054259 0.553995
v -0.029434 -0.054319 0.553468
v -0.029162 -0.054398 0.55284
v -0.029015 -0.054484 0.552226
v -0.028966 -0.05457 0.551553
v -0.029028 -0.054599 0.550914
v -0.029197 -0.054671 0.55028
v -0.02949 -0.054863 0.549629
v -0.030336 -0.054982 0.548603
v -0.029814 -0.054817 0.54917
v -0.030102 -0.055514 0.548474
v -0.030433 -0.055648 0.548024
v -0.029597 -0.055665 0.548637
v -0.030241 -0.055789 0.54782
v -0.031758 -0.054808 0.547593
v -0.033869 -0.053378 0.546151
v -0.032882 -0.054314 0.546812
v -0.037361 -0.051791 0.54891
v -0.038806 -0.051805 0.552737
v -0.038703 -0.051859 0.552937
v -0.038631 -0.051932 0.553089
v -0.038377 -0.052071 0.553321
v -0.037943 -0.052253 0.553582
v -0.035909 -0.053622 0.554555
v -0.004425 -0.047336 0.608137
v 0.00442 -0.047352 0.608098
v 0.004336 -0.047947 0.60747
v 0.004215 -0.048535 0.60695
v 0.003861 -0.048799 0.60625
v 0.003045 -0.049482 0.605212
v 0.003422 -0.049343 0.605591
v 0.002001 -0.04978 0.604494
v 0.002556 -0.049641 0.604824
v 0.00134 -0.049883 0.60423
v 0.000706 -0.049931 0.604081
v -0.000014 -0.049963 0.604025
v -0.000729 -0.049893 0.604089
v -0.001351 -0.049939 0.604227
v -0.002019 -0.049715 0.604511
v -0.003155 -0.049485 0.60531
v -0.002563 -0.049784 0.604807
v -0.003569 -0.049324 0.605759
v -0.003864 -0.048835 0.606248
v -0.004124 -0.048501 0.606782
v -0.004315 -0.047985 0.607395
v 0.036366 -0.053463 0.554345
v 0.03781 -0.052296 0.553646
v 0.03831 -0.052111 0.553373
v 0.038502 -0.051976 0.553188
v 0.038668 -0.051884 0.553001
v 0.038812 -0.051804 0.552732
v 0.037451 -0.051786 0.548972
v 0.03387 -0.053364 0.546152
v 0.031869 -0.054795 0.547517
v 0.029882 -0.055826 0.547913
v 0.030196 -0.055826 0.547655
v 0.030198 -0.055779 0.547884
v 0.030422 -0.055651 0.54803
v 0.029679 -0.055652 0.548604
v 0.030186 -0.055463 0.548464
v 0.030577 -0.055337 0.548265
v 0.030284 -0.055154 0.548599
v 0.002977 -0.053071 0.578595
v 0.003205 -0.053046 0.579035
v 0.002906 -0.053132 0.578715
v 0.003759 -0.053035 0.579697
v 0.00339 -0.053072 0.579398
v 0.003794 -0.052993 0.579636
v 0.003499 -0.053009 0.579381
v 0.004108 -0.053024 0.579922
v 0.004197 -0.052958 0.579857
v 0.004836 -0.05298 0.580154
v 0.005068 -0.052923 0.580141
v 0.006003 -0.052917 0.58029
v 0.005977 -0.052983 0.580395
v 0.007055 -0.052914 0.580303
v 0.008192 -0.052967 0.58019
v 0.00708 -0.052983 0.580418
v 0.008189 -0.052996 0.580272
v 0.006522 -0.052848 0.580283
v 0.010339 -0.05321 0.576879
v 0.010376 -0.053276 0.576761
v 0.010377 -0.053195 0.577428
v 0.008778 -0.052995 0.580013
v 0.008698 -0.052923 0.57996
v 0.009398 -0.053026 0.579625
v 0.009758 -0.053063 0.579259
v 0.009399 -0.053046 0.579714
v 0.010186 -0.053133 0.578724
v 0.010325 -0.053161 0.578096
v 0.01032 -0.053124 0.577744
v 0.010463 -0.053243 0.577435
v 0.010152 -0.053112 0.57861
v 0.010272 -0.053358 0.576086
v 0.009926 -0.053052 0.578953
v 0.009483 -0.052918 0.579419
v 0.01004 -0.053012 0.578659
v 0.009254 -0.05295 0.579642
v 0.008139 -0.053661 0.572513
v 0.009405 -0.053525 0.574181
v 0.009321 -0.053425 0.57423
v 0.008696 -0.053437 0.573355
v 0.009908 -0.053439 0.575134
v 0.006404 -0.053896 0.569996
v 0.007155 -0.053717 0.571356
v 0.006337 -0.053825 0.570063
v 0.005719 -0.053938 0.568665
v 0.005781 -0.053992 0.568658
v 0.005482 -0.054143 0.567163
v 0.005379 -0.054069 0.567184
v 0.005686 -0.053851 0.568672
v 0.006299 -0.053727 0.570076
v 0.005512 -0.054003 0.567925
v 0.007106 -0.053615 0.571356
v 0.006787 -0.054547 0.562544
v 0.006034 -0.054426 0.563534
v 0.006682 -0.054483 0.562497
v 0.006338 -0.054439 0.562972
v 0.006314 -0.054356 0.562925
v 0.005477 -0.054266 0.565804
v 0.005366 -0.054215 0.565906
v 0.005507 -0.054203 0.564666
v 0.005742 -0.054337 0.564075
v 0.005551 -0.0543 0.564686
v 0.005294 -0.054034 0.566545
v 0.005318 -0.054107 0.566546
v 0.005399 -0.054224 0.56528
v 0.005657 -0.054362 0.564691
v 0.007921 -0.054659 0.561272
v 0.007816 -0.054593 0.561215
v 0.016989 -0.055432 0.552149
v 0.017346 -0.055478 0.551925
v 0.017301 -0.05543 0.55152
v 0.017385 -0.055476 0.551604
v 0.017285 -0.05542 0.551826
v 0.017484 -0.055501 0.551669
v 0.017357 -0.055455 0.551764
v 0.017282 -0.05548 0.551435
v 0.017304 -0.05553 0.551327
v 0.017169 -0.055474 0.55137
v 0.017097 -0.055439 0.551371
v 0.016494 -0.05545 0.551266
v 0.016476 -0.055501 0.551226
v 0.016497 -0.055544 0.551155
v -0.016206 -0.05547 0.551257
v -0.015982 -0.055543 0.551155
v -0.019404 -0.055252 0.553893
v -0.01917 -0.055293 0.553216
v -0.019425 -0.055134 0.554436
v -0.019374 -0.055163 0.554029
v -0.016692 -0.055464 0.551318
v -0.017374 -0.055466 0.551493
v -0.016699 -0.055517 0.551256
v -0.017388 -0.05552 0.551416
v -0.017657 -0.055408 0.551658
v -0.017974 -0.055459 0.55178
v -0.018607 -0.055405 0.552305
v -0.01856 -0.055456 0.552163
v -0.019471 -0.055275 0.554021
v -0.019325 -0.055356 0.553315
v -0.019266 -0.055318 0.553364
v -0.018944 -0.05538 0.55272
v -0.019467 -0.055194 0.554515
v -0.019561 -0.05523 0.554722
v -0.018709 -0.055276 0.552533
v -0.019054 -0.055223 0.553067
v -0.018363 -0.055387 0.552116
v -0.01702 -0.055423 0.551411
v -0.017939 -0.055374 0.551829
v -0.019494 -0.053843 0.570375
v -0.019414 -0.053733 0.570668
v -0.019545 -0.052415 0.586908
v -0.019449 -0.052349 0.587036
v -0.015512 -0.05204 0.589998
v -0.015442 -0.052112 0.590061
v -0.016129 -0.052111 0.5901
v -0.015357 -0.052136 0.590125
v -0.016924 -0.052137 0.590067
v -0.019422 -0.052337 0.587568
v -0.019242 -0.052295 0.588303
v -0.01923 -0.052276 0.588176
v -0.018786 -0.052221 0.58893
v -0.018288 -0.05219 0.589429
v -0.017638 -0.052137 0.589784
v -0.017943 -0.052131 0.58959
v -0.017051 -0.052099 0.589963
v -0.018984 -0.052225 0.588588
v -0.018741 -0.052155 0.588852
v -0.018525 -0.052183 0.589169
v -0.019132 -0.052222 0.588247
v -0.016894 -0.052027 0.589935
v -0.016156 -0.052017 0.590019
v -0.017593 -0.052067 0.589722
v -0.016526 -0.052049 0.59001
v -0.019348 -0.052259 0.587541
v -0.018939 -0.05212 0.58853
v -0.018221 -0.052078 0.589336
v -0.015233 -0.052126 0.590024
v -0.015298 -0.052084 0.589984
v -0.015196 -0.052076 0.589895
v -0.015089 -0.05215 0.589947
v -0.015138 -0.05204 0.589686
v -0.015117 -0.052115 0.589827
v -0.015084 -0.052124 0.589723
v -0.014988 -0.052173 0.589708
v -0.015006 -0.054597 0.561977
v -0.015103 -0.054549 0.561936
v -0.010726 -0.055146 0.555301
v -0.010754 -0.055079 0.555246
v -0.009569 -0.055141 0.554907
v -0.01502 -0.054663 0.560754
v -0.014311 -0.054866 0.558427
v -0.014031 -0.054887 0.557896
v -0.013676 -0.054936 0.557394
v -0.014767 -0.054767 0.559562
v -0.011851 -0.055078 0.555809
v -0.011744 -0.055134 0.555877
v -0.012827 -0.055033 0.556533
v -0.013577 -0.054995 0.557449
v -0.014641 -0.054813 0.559567
v -0.009514 -0.055205 0.55501
v -0.013279 -0.054956 0.556912
v -0.012858 -0.054923 0.556468
v -0.012359 -0.055019 0.556111
v -0.014979 -0.054613 0.560135
v -0.014625 -0.054726 0.558963
v -0.013709 -0.054842 0.557363
v -0.003363 -0.055216 0.55493
v -0.005405 -0.055241 0.554628
v -0.003357 -0.055165 0.554812
v -0.005425 -0.055181 0.55452
v -0.001405 -0.055159 0.555555
v -0.001358 -0.055103 0.555458
v -0.003344 -0.055071 0.554756
v -0.004346 -0.055102 0.554574
v -0.005463 -0.055098 0.554469
v -0.002315 -0.055048 0.555044
v -0.002351 -0.055115 0.55507
v -0.007534 -0.055085 0.554532
v -0.006444 -0.055099 0.55446
v -0.007474 -0.055236 0.554671
v -0.007518 -0.055148 0.554553
v 0.002359 -0.054716 0.559838
v 0.000092 -0.055044 0.556311
v -0.000608 -0.055078 0.555847
v 0.000031 -0.055088 0.556395
v 0.001273 -0.054976 0.557685
v 0.000743 -0.055007 0.556895
v 0.00063 -0.055043 0.556939
v 0.002027 -0.05485 0.559057
v 0.002135 -0.054768 0.559021
v 0.002479 -0.054661 0.560683
v 0.002386 -0.054713 0.560674
v 0.001747 -0.054883 0.558253
v 0.001324 -0.054916 0.557507
v -0.000599 -0.054991 0.555781
v 0.000132 -0.054931 0.556252
v 0.000789 -0.054877 0.556821
v 0.002598 -0.054317 0.565096
v 0.002706 -0.054207 0.565089
v 0.002571 -0.053943 0.56932
v 0.002587 -0.053284 0.576858
v 0.002777 -0.053148 0.578201
v 0.002634 -0.053211 0.577792
v 0.002733 -0.053131 0.577754
v 0.002707 -0.0531 0.577283
v 0.011282 -0.053991 0.568875
v 0.01471 -0.053519 0.573699
v 0.0146 -0.053572 0.573717
v 0.011364 -0.053912 0.568799
v 0.015271 -0.053337 0.574757
v 0.015195 -0.053449 0.574826
v 0.014582 -0.052828 0.581792
v 0.013787 -0.052702 0.582749
v 0.013697 -0.05278 0.582704
v 0.014646 -0.052888 0.581557
v 0.015149 -0.052957 0.580707
v 0.015668 -0.052894 0.579592
v 0.01548 -0.052867 0.580221
v 0.015261 -0.052811 0.580761
v 0.01496 -0.052741 0.581331
v 0.014218 -0.052725 0.582318
v 0.014247 -0.052652 0.582308
v 0.014932 -0.052838 0.581304
v 0.015646 -0.053204 0.575928
v 0.015858 -0.053004 0.57839
v 0.015847 -0.053108 0.577165
v 0.015762 -0.05302 0.578998
v 0.015606 -0.053012 0.579606
v 0.015728 -0.053159 0.578398
v 0.015521 -0.053365 0.576106
v 0.015781 -0.053229 0.577151
v 0.015606 -0.053305 0.575957
v 0.015825 -0.053083 0.578393
v 0.013324 -0.052609 0.583189
v 0.009258 -0.052606 0.584741
v 0.010479 -0.05258 0.584571
v 0.00931 -0.052529 0.584845
v 0.010499 -0.052478 0.584613
v 0.012745 -0.05271 0.583482
v 0.011665 -0.052496 0.584199
v 0.011656 -0.052617 0.584141
v 0.011558 -0.052668 0.584069
v 0.012288 -0.052533 0.583886
v 0.012803 -0.052608 0.58355
v 0.004858 -0.052526 0.584971
v 0.006353 -0.052583 0.584979
v 0.006316 -0.052504 0.585067
v 0.003438 -0.052619 0.584618
v 0.00341 -0.052564 0.584705
v 0.00486 -0.052422 0.585009
v 0.007799 -0.052422 0.585044
v -0.002272 -0.052844 0.580238
v 0.001375 -0.052586 0.584064
v 0.002349 -0.052557 0.584437
v 0.001399 -0.052673 0.583962
v 0.000449 -0.052671 0.583534
v -0.000388 -0.052772 0.582834
v -0.002217 -0.05296 0.580216
v -0.002498 -0.05305 0.579189
v -0.002414 -0.053093 0.579172
v -0.001682 -0.05292 0.581187
v -0.001788 -0.052852 0.581226
v -0.00154 -0.052728 0.58171
v -0.002055 -0.052845 0.580746
v -0.001165 -0.052805 0.582096
v 0.00237 -0.052468 0.584471
v -0.000866 -0.052658 0.582545
v -0.000047 -0.052588 0.583265
v -0.000455 -0.052688 0.582899
v -0.002712 -0.05323 0.577109
v -0.002619 -0.053275 0.577115
v -0.002683 -0.053112 0.578153
v -0.002649 -0.054591 0.561983
v -0.002716 -0.054503 0.562435
v -0.004005 -0.05475 0.559608
v -0.004492 -0.054775 0.55941
v -0.004459 -0.054826 0.559343
v -0.005775 -0.054804 0.559164
v -0.005752 -0.054852 0.559082
v -0.005141 -0.054746 0.559288
v -0.003921 -0.054807 0.559558
v -0.003426 -0.05477 0.559934
v -0.003666 -0.054705 0.559842
v -0.003444 -0.054664 0.560052
v -0.002801 -0.054706 0.560777
v -0.003056 -0.054715 0.560432
v -0.003234 -0.05467 0.560289
v -0.002834 -0.054634 0.561117
v -0.002772 -0.054522 0.561774
v -0.002991 -0.054655 0.560675
v -0.007869 -0.054828 0.559303
v -0.006806 -0.054833 0.559142
v -0.007806 -0.054722 0.559392
v -0.006794 -0.054684 0.559234
v -0.006282 -0.054768 0.559172
v -0.009832 -0.054592 0.561554
v -0.009818 -0.054506 0.561988
v -0.009916 -0.054587 0.562029
v -0.008696 -0.054804 0.559605
v -0.008275 -0.0548 0.559452
v -0.008742 -0.054752 0.559722
v -0.009307 -0.054633 0.560309
v -0.009392 -0.054689 0.560351
v -0.009416 -0.05475 0.560238
v -0.009076 -0.054766 0.559912
v -0.009043 -0.054717 0.559966
v -0.009623 -0.054689 0.560687
v -0.009794 -0.054672 0.561071
v -0.009709 -0.054592 0.561106
v -0.00875 -0.054655 0.559787
v -0.008325 -0.054711 0.55955
v -0.009947 -0.052189 0.589527
v -0.009893 -0.052182 0.589278
v -0.009825 -0.052094 0.589338
v -0.0098 -0.052097 0.589597
v -0.009806 -0.052156 0.589865
v -0.009749 -0.052095 0.589762
v -0.009627 -0.052098 0.589916
v -0.009584 -0.052133 0.590013
v -0.009342 -0.052135 0.59014
v -0.009434 -0.052076 0.589989
v -0.009271 -0.052101 0.590052
v 0.016261 -0.052134 0.590132
v 0.016252 -0.052106 0.590056
v 0.016501 -0.052049 0.589989
v 0.019278 -0.052278 0.588063
v 0.019307 -0.052304 0.588196
v 0.018948 -0.052231 0.588688
v 0.016997 -0.052091 0.589947
v 0.016915 -0.052125 0.590023
v 0.017536 -0.052154 0.589877
v 0.017503 -0.052119 0.589807
v 0.017982 -0.052148 0.58958
v 0.019436 -0.052334 0.58756
v 0.019576 -0.052416 0.586913
v 0.018572 -0.052214 0.589226
v 0.019496 -0.052379 0.58695
v 0.01928 -0.052184 0.587829
v 0.01945 -0.052321 0.587185
v 0.019161 -0.052233 0.58826
v 0.018461 -0.052169 0.589212
v 0.018007 -0.05204 0.589468
v 0.018706 -0.052147 0.588894
v 0.017332 -0.052038 0.589809
v 0.018979 -0.052167 0.588518
v 0.019542 -0.054975 0.557572
v 0.019507 -0.055049 0.556817
v 0.019437 -0.054986 0.557003
v 0.011602 -0.05426 0.564857
v 0.011308 -0.054304 0.565068
v 0.011552 -0.054356 0.564737
v 0.011168 -0.054213 0.565366
v 0.010758 -0.05407 0.567917
v 0.011035 -0.053996 0.568381
v 0.011083 -0.053906 0.56833
v 0.010671 -0.054196 0.566256
v 0.010828 -0.054271 0.565703
v 0.010862 -0.05421 0.565814
v 0.010585 -0.054155 0.566716
v 0.010508 -0.054179 0.566776
v 0.010843 -0.053972 0.567848
v 0.010709 -0.054022 0.567459
v 0.010605 -0.054108 0.567254
v 0.010668 -0.054017 0.567056
v 0.01084 -0.054116 0.565991
v 0.029886 -0.055025 0.549037
v 0.029812 -0.055255 0.54899
v 0.029646 -0.055525 0.548867
v 0.028968 -0.055672 0.549259
v 0.028374 -0.055684 0.549603
v 0.028401 -0.055553 0.550634
v 0.028078 -0.055465 0.552068
v 0.032829 -0.054993 0.556164
v 0.032737 -0.054848 0.555906
v 0.033343 -0.054878 0.555933
v 0.033212 -0.054652 0.555726
v 0.032588 -0.054567 0.555671
v 0.033224 -0.054434 0.555609
v 0.03256 -0.054358 0.555578
v 0.031944 -0.054382 0.555478
v 0.031635 -0.054543 0.555449
v 0.032105 -0.054676 0.555667
v 0.029651 -0.054533 0.553896
v 0.029482 -0.054884 0.553958
v 0.029403 -0.05457 0.553481
v 0.030772 -0.054724 0.555149
v 0.030237 -0.054799 0.554795
v 0.030525 -0.054441 0.554799
v 0.029867 -0.054802 0.554405
v 0.030053 -0.054481 0.554382
v 0.031357 -0.054733 0.55547
v 0.031058 -0.054406 0.555136
v 0.028929 -0.055154 0.553402
v 0.029183 -0.054893 0.553377
v 0.028838 -0.055084 0.552713
v 0.029 -0.054839 0.552633
v 0.028889 -0.054904 0.551999
v 0.029256 -0.054661 0.553219
v 0.028845 -0.055231 0.550711
v 0.02903 -0.054896 0.550721
v 0.02888 -0.054969 0.551354
v 0.029184 -0.055051 0.550107
v 0.029092 -0.054487 0.552598
v 0.028974 -0.054629 0.551341
v 0.028983 -0.054551 0.551977
v 0.029431 -0.055221 0.549507
v 0.028493 -0.055331 0.553575
v 0.028337 -0.055403 0.552106
v 0.02862 -0.055251 0.552078
v 0.028606 -0.055272 0.552754
v 0.028477 -0.055401 0.551347
v 0.028707 -0.055212 0.55138
v 0.029032 -0.0553 0.550085
v 0.029495 -0.055164 0.554736
v 0.028708 -0.055273 0.553512
v 0.028624 -0.055435 0.550668
v 0.028798 -0.055528 0.549967
v 0.029178 -0.055525 0.549408
v 0.034224 -0.055041 0.556289
v 0.033975 -0.055061 0.556497
v 0.031991 -0.055044 0.556181
v 0.031773 -0.055085 0.556425
v 0.030486 -0.055133 0.555838
v 0.02931 -0.055218 0.554872
v 0.030626 -0.055082 0.555651
v 0.03202 -0.054926 0.555914
v 0.031363 -0.05499 0.555817
v 0.029665 -0.055051 0.554555
v 0.029193 -0.05515 0.554088
v 0.030141 -0.055054 0.555128
v 0.030734 -0.054971 0.555423
v -0.030222 -0.05533 0.548548
v -0.029644 -0.055505 0.548899
v -0.032716 -0.054976 0.556106
v -0.032008 -0.054953 0.55595
v -0.031993 -0.055075 0.556309
v -0.032738 -0.05435 0.555581
v -0.03331 -0.054633 0.555704
v -0.033573 -0.054813 0.555839
v -0.032738 -0.054712 0.555771
v -0.0333 -0.055057 0.556336
v -0.033325 -0.054954 0.556055
v -0.033491 -0.055071 0.556604
v -0.028983 -0.055662 0.549273
v -0.030046 -0.055838 0.547711
v -0.028762 -0.055725 0.54912
v -0.03023 -0.055139 0.548647
v -0.02983 -0.055211 0.549005
v -0.029277 -0.054981 0.549969
v -0.029674 -0.05508 0.549272
v -0.029436 -0.055201 0.549509
v -0.028581 -0.055276 0.552084
v -0.028793 -0.055058 0.552049
v -0.02864 -0.055281 0.551396
v -0.028946 -0.054882 0.552493
v -0.02892 -0.054809 0.551847
v -0.028888 -0.054973 0.551234
v -0.02896 -0.054772 0.551202
v -0.029062 -0.054918 0.550569
v -0.028948 -0.05508 0.55071
v -0.029025 -0.05466 0.552458
v -0.029214 -0.054696 0.553164
v -0.029079 -0.054841 0.552963
v -0.030357 -0.054688 0.554802
v -0.029932 -0.054587 0.5543
v -0.029836 -0.05484 0.554406
v -0.029544 -0.054639 0.553794
v -0.029414 -0.054933 0.553902
v -0.029075 -0.055015 0.553331
v -0.028831 -0.055099 0.55272
v -0.032092 -0.054672 0.555661
v -0.031401 -0.054844 0.555603
v -0.031497 -0.054533 0.555388
v -0.030817 -0.054832 0.555286
v -0.030913 -0.054583 0.555129
v -0.03024 -0.054907 0.554935
v -0.030415 -0.054425 0.5547
v -0.029285 -0.054452 0.553178
v -0.029593 -0.054355 0.553741
v -0.032111 -0.054365 0.555506
v -0.029974 -0.054303 0.554242
v -0.030566 -0.055121 0.555764
v -0.029423 -0.055193 0.554802
v -0.028708 -0.055272 0.554281
v -0.030817 -0.055098 0.556293
v -0.028719 -0.055282 0.553571
v -0.029128 -0.055188 0.554139
v -0.031339 -0.055028 0.555899
v -0.030722 -0.05502 0.555517
v -0.030093 -0.055092 0.555197
v -0.029625 -0.0551 0.554639
v -0.028485 -0.055522 0.550546
v -0.028222 -0.055591 0.550621
v -0.029215 -0.055492 0.549435
v -0.028935 -0.055406 0.550065
v -0.028123 -0.055457 0.552151
v -0.028356 -0.055393 0.551991
v -0.028706 -0.055374 0.550711
v -0.029144 -0.055142 0.55009
v -0.028572 -0.055289 0.552774
v -0.031107 -0.055477 0.547714
v -0.034458 -0.05327 0.545444
v -0.033987 -0.053871 0.545698
v -0.033958 -0.053617 0.545992
v -0.030674 -0.055779 0.547378
v -0.03109 -0.055701 0.547031
v -0.030983 -0.055687 0.547395
v -0.032461 -0.055155 0.546129
v -0.03201 -0.055371 0.546325
v -0.032249 -0.055264 0.546518
v -0.032927 -0.054779 0.546383
v -0.033482 -0.054271 0.546147
v -0.033458 -0.054438 0.545886
v -0.032854 -0.054919 0.5461
v -0.033343 -0.054538 0.545538
v -0.032898 -0.054852 0.54572
v -0.033703 -0.054161 0.545169
v -0.034428 -0.053412 0.545165
v -0.033926 -0.054012 0.545359
v -0.034331 -0.053475 0.544852
v -0.035018 -0.052451 0.545036
v -0.035205 -0.052219 0.54466
v -0.032978 -0.054572 0.546573
v -0.034891 -0.052474 0.545291
v -0.034833 -0.052343 0.545447
v -0.031808 -0.055098 0.547421
v -0.031621 -0.055546 0.546743
v -0.031692 -0.055421 0.547157
v -0.032346 -0.055089 0.54682
v -0.034717 -0.052855 0.54452
v -0.034813 -0.052822 0.544757
v -0.035344 -0.05199 0.545115
v -0.035171 -0.052205 0.545053
v -0.035067 -0.052209 0.545252
v -0.035579 -0.051781 0.545505
v -0.035508 -0.051828 0.54525
v -0.035796 -0.051681 0.545369
v -0.035788 -0.051637 0.545175
v -0.035472 -0.051891 0.544943
v -0.035248 -0.052163 0.544856
v -0.035563 -0.051764 0.544743
v -0.035177 -0.052106 0.544349
v -0.035786 -0.051404 0.54468
v -0.035887 -0.051513 0.545054
v -0.036191 -0.051282 0.545254
v -0.036925 -0.051592 0.547057
v -0.037151 -0.051346 0.547006
v -0.037069 -0.051221 0.546852
v -0.0377 -0.051691 0.548947
v -0.038611 -0.0516 0.550637
v -0.037899 -0.051502 0.548762
v -0.038783 -0.051393 0.55055
v -0.038313 -0.051309 0.549308
v -0.03945 -0.051377 0.552272
v -0.0394 -0.051596 0.55272
v -0.03895 -0.051789 0.552722
v -0.039171 -0.05172 0.552693
v -0.038409 -0.052577 0.553677
v -0.038685 -0.052303 0.553485
v -0.038445 -0.052279 0.553456
v -0.038712 -0.052032 0.553203
v -0.038926 -0.051985 0.553149
v -0.038919 -0.051873 0.552947
v -0.03916 -0.051863 0.553036
v -0.038996 -0.052137 0.553383
v -0.039325 -0.051778 0.553038
v -0.039293 -0.052012 0.553422
v -0.039593 -0.051645 0.553247
v -0.039398 -0.052086 0.553747
v -0.038563 -0.053035 0.554262
v -0.038757 -0.052947 0.554465
v -0.039141 -0.052456 0.554018
v -0.03869 -0.052622 0.553799
v -0.038348 -0.052948 0.55397
v -0.038077 -0.052403 0.553594
v -0.038171 -0.052521 0.553637
v -0.037856 -0.053704 0.554845
v -0.037497 -0.053511 0.554222
v -0.03775 -0.053671 0.554546
v -0.035925 -0.054557 0.555222
v -0.035044 -0.054863 0.555741
v -0.036104 -0.054633 0.555561
v -0.034176 -0.054292 0.555385
v -0.03408 -0.054568 0.555537
v -0.03555 -0.054078 0.554817
v -0.035736 -0.05436 0.554959
v -0.036379 -0.053635 0.554393
v -0.036572 -0.053931 0.554527
v -0.036796 -0.054138 0.554765
v -0.037012 -0.054217 0.555115
v -0.036765 -0.05436 0.555397
v -0.037244 -0.053241 0.554047
v -0.035712 -0.054763 0.555855
v -0.035166 -0.054902 0.556014
v -0.034872 -0.054583 0.555348
v -0.034905 -0.054759 0.555551
v -0.034293 -0.055038 0.556309
v -0.034254 -0.054958 0.555967
v -0.004804 -0.047736 0.60867
v -0.004954 -0.045563 0.610938
v -0.004904 -0.04686 0.609707
v -0.005127 -0.046958 0.609775
v -0.005021 -0.04788 0.608692
v -0.005449 -0.047005 0.609805
v -0.005224 -0.047897 0.608774
v -0.005494 -0.047954 0.608731
v -0.004472 -0.047732 0.608043
v -0.004583 -0.047782 0.608267
v -0.004724 -0.045599 0.610627
v -0.0046 -0.045465 0.610502
v -0.005228 -0.045639 0.611011
v -0.005571 -0.046149 0.610612
v -0.004285 -0.044745 0.611748
v -0.004435 -0.04497 0.611327
v -0.004231 -0.044879 0.611454
v -0.004598 -0.044885 0.611588
v -0.004514 -0.045052 0.611196
v -0.004729 -0.045128 0.611289
v -0.004746 -0.045328 0.610999
v -0.004606 -0.045214 0.610959
v -0.005338 -0.045326 0.611307
v -0.00493 -0.045053 0.611486
v -0.004134 -0.044531 0.611992
v -0.004731 -0.044657 0.611855
v -0.000038 -0.04475 0.611932
v 0.000029 -0.044547 0.612168
v 0.004338 -0.044699 0.611809
v 0.004126 -0.044521 0.612
v -0.000046 -0.04487 0.611664
v 0.004246 -0.044846 0.611557
v 0.004715 -0.045328 0.610951
v 0.004549 -0.045197 0.610852
v 0.00468 -0.045499 0.610646
v 0.004594 -0.045493 0.610458
v 0.004583 -0.045094 0.611185
v 0.004542 -0.044943 0.611471
v 0.004395 -0.044963 0.611292
v 0.004784 -0.045202 0.611223
v 0.005097 -0.044872 0.611671
v 0.004684 -0.044552 0.611936
v 0.004673 -0.044835 0.611675
v 0.005107 -0.045193 0.611389
v 0.004927 -0.045143 0.611386
v 0.005543 -0.045834 0.610884
v 0.005298 -0.045654 0.611026
v 0.005014 -0.045582 0.61096
v 0.004925 -0.045686 0.610789
v 0.004789 -0.045602 0.610718
v 0.005144 -0.046951 0.609785
v 0.004882 -0.047968 0.608492
v 0.005159 -0.047884 0.608764
v 0.004911 -0.046882 0.609697
v 0.005436 -0.046991 0.609826
v 0.004453 -0.047567 0.608113
v 0.004412 -0.048024 0.607656
v 0.005548 -0.046779 0.609954
v 0.005484 -0.047848 0.608872
v 0.004652 -0.047617 0.608581
v 0.002644 -0.049875 0.604821
v 0.004665 -0.048882 0.60723
v 0.004661 -0.048375 0.607778
v 0.004817 -0.049176 0.606961
v 0.004601 -0.049746 0.605993
v 0.005021 -0.04924 0.6069
v 0.004103 -0.049918 0.605611
v 0.005388 -0.048588 0.607891
v 0.003681 -0.050302 0.604792
v -0.002084 -0.050555 0.604007
v 0.000008 -0.050689 0.603568
v -0.00099 -0.050607 0.603743
v -0.00466 -0.048338 0.607823
v -0.003564 -0.050094 0.605149
v -0.003979 -0.050107 0.605242
v -0.004676 -0.049128 0.606955
v -0.004976 -0.049242 0.606896
v -0.004584 -0.049747 0.605991
v -0.000427 -0.050069 0.604027
v -0.002227 -0.049983 0.604555
v -0.001771 -0.049978 0.604359
v -0.001163 -0.050193 0.604095
v -0.001885 -0.050248 0.604273
v 0.000056 -0.050257 0.603944
v -0.000844 -0.050388 0.603928
v -0.002914 -0.04966 0.605071
v -0.002807 -0.050055 0.604802
v -0.003422 -0.049786 0.605378
v -0.002841 -0.050316 0.604568
v -0.001938 -0.050428 0.60414
v -0.003784 -0.049133 0.606067
v -0.004146 -0.04884 0.606677
v -0.003971 -0.049356 0.60614
v -0.004378 -0.048901 0.606937
v -0.004394 -0.048274 0.607449
v -0.004136 -0.049597 0.60605
v 0.003961 -0.049066 0.606309
v 0.004507 -0.048208 0.607718
v 0.004324 -0.048841 0.606927
v 0.004029 -0.049457 0.60612
v 0.003501 -0.049556 0.605576
v 0.003031 -0.049829 0.605078
v 0.00275 -0.050118 0.604729
v 0.001765 -0.049906 0.604374
v 0.001413 -0.050162 0.604176
v 0.001886 -0.050226 0.604292
v 0.000438 -0.050119 0.604015
v 0.000922 -0.050265 0.604017
v 0.000015 -0.050448 0.60383
v 0.002288 -0.050065 0.60454
v 0.000952 -0.050448 0.603905
v 0.00295 -0.050364 0.604541
v 0.003448 -0.04986 0.605342
v 0.001648 -0.050695 0.603665
v 0.001995 -0.050483 0.604093
v -0.005351 -0.048728 0.607689
v 0.001047 -0.050656 0.603675
v -0.003299 -0.050473 0.604347
v -0.000093 -0.050813 0.603265
v 0.035149 -0.054911 0.556084
v 0.034147 -0.054475 0.555468
v 0.0341 -0.054737 0.555658
v 0.034132 -0.054954 0.555964
v 0.034897 -0.054706 0.555479
v 0.03504 -0.054866 0.555757
v 0.034208 -0.054304 0.555383
v 0.035985 -0.054591 0.555316
v 0.036125 -0.054624 0.555565
v 0.035807 -0.054456 0.555063
v 0.037853 -0.053685 0.55473
v 0.036985 -0.054235 0.555142
v 0.037652 -0.053624 0.554407
v 0.036787 -0.054141 0.554769
v 0.03741 -0.053463 0.554172
v 0.036525 -0.053903 0.554506
v 0.037141 -0.053151 0.55403
v 0.035593 -0.054183 0.554854
v 0.038519 -0.053177 0.554554
v 0.037335 -0.05405 0.555124
v 0.038361 -0.05294 0.553971
v 0.038647 -0.052931 0.554183
v 0.038072 -0.052344 0.553575
v 0.038109 -0.052525 0.553646
v 0.038305 -0.052669 0.553729
v 0.038569 -0.052433 0.553583
v 0.038747 -0.052203 0.553391
v 0.038825 -0.052492 0.553731
v 0.038908 -0.051846 0.552879
v 0.039001 -0.05178 0.552708
v 0.038895 -0.051955 0.553091
v 0.039174 -0.051862 0.553047
v 0.039048 -0.0521 0.553351
v 0.038697 -0.052061 0.553235
v 0.038437 -0.052284 0.553466
v 0.039373 -0.052123 0.553771
v 0.039084 -0.052545 0.554129
v 0.039404 -0.051784 0.553158
v 0.039557 -0.051417 0.552657
v 0.039303 -0.051647 0.552662
v 0.039678 -0.051359 0.552863
v 0.038804 -0.051464 0.550818
v 0.037116 -0.051304 0.546876
v 0.035973 -0.051531 0.545258
v 0.036225 -0.051275 0.545305
v 0.037971 -0.05141 0.548753
v 0.038506 -0.051641 0.550563
v 0.037742 -0.051653 0.548865
v 0.036936 -0.051601 0.547104
v 0.03562 -0.051765 0.545437
v 0.037792 -0.051233 0.548121
v 0.036219 -0.051082 0.545119
v 0.035794 -0.051677 0.545336
v 0.034872 -0.052295 0.545423
v 0.035146 -0.052065 0.545307
v 0.035082 -0.052233 0.545202
v 0.03502 -0.052413 0.545083
v 0.035329 -0.052042 0.544967
v 0.035318 -0.051989 0.545178
v 0.03551 -0.051833 0.545227
v 0.035462 -0.051895 0.544794
v 0.035646 -0.051749 0.545168
v 0.035354 -0.051882 0.545371
v 0.035486 -0.051779 0.544563
v 0.035822 -0.051557 0.544994
v 0.035821 -0.051388 0.544723
v 0.035273 -0.052014 0.544415
v 0.034745 -0.052815 0.544505
v 0.034861 -0.052762 0.544801
v 0.035083 -0.052393 0.544888
v 0.034884 -0.05247 0.545306
v 0.034481 -0.053274 0.545386
v 0.032935 -0.054327 0.546757
v 0.032845 -0.054924 0.54588
v 0.032549 -0.055082 0.545953
v 0.033374 -0.054476 0.545391
v 0.034399 -0.053447 0.545025
v 0.034151 -0.053646 0.544845
v 0.033425 -0.054492 0.545761
v 0.033725 -0.05418 0.545261
v 0.034009 -0.053849 0.545682
v 0.033509 -0.054279 0.546097
v 0.033937 -0.054001 0.54535
v 0.032942 -0.054814 0.546293
v 0.031169 -0.05542 0.547723
v 0.031051 -0.055603 0.547542
v 0.032377 -0.055075 0.546799
v 0.03175 -0.055352 0.547195
v 0.032286 -0.055224 0.546592
v 0.031627 -0.055519 0.546951
v 0.032164 -0.055316 0.546359
v 0.031622 -0.055536 0.546625
v 0.030894 -0.055737 0.547309
v 0.03178 -0.05517 0.547388
v 0.032966 -0.054573 0.546587
v 0.033951 -0.053614 0.546003
v 0.017996 -0.051621 0.596045
v 0.02512 -0.052114 0.590409
v 0.025117 -0.056391 0.54148
v -0.017857 -0.051613 0.596133
v -0.02482 -0.052083 0.590756
v 0.01134 -0.051348 0.599164
v 0.000688 -0.05118 0.601084
v -0.007915 -0.051258 0.600195
v 0.03099 -0.052841 0.582094
v 0.034674 -0.054498 0.563155
v 0.034184 -0.053653 0.572819
v -0.029948 -0.052683 0.583899
v -0.033398 -0.053369 0.576064
v -0.011302 -0.057156 0.532738
v -0.035083 -0.053946 0.569382
v 0.014509 -0.057043 0.533992
v 0.021049 -0.056701 0.537902
v -0.001937 -0.057324 0.530805
v 0.007285 -0.057254 0.531565
v -0.026511 -0.056253 0.543031
v -0.018288 -0.056866 0.536043
v 0.012418 -0.018342 0.613679
v 0.011531 -0.037172 0.613139
v 0.013762 -0.018369 0.613328
v 0.013353 -0.038512 0.612496
v 0.01458 -0.018602 0.613073
v 0.017349 -0.019082 0.611957
v 0.020099 -0.019481 0.610733
v 0.017388 -0.038699 0.611018
v 0.022045 -0.020066 0.609662
v 0.016252 -0.037396 0.611595
v 0.018927 -0.019355 0.61132
v 0.021636 -0.038891 0.608956
v 0.024753 -0.038102 0.607152
v 0.02673 -0.021328 0.606663
v 0.021011 -0.037746 0.609397
v 0.023094 -0.020305 0.609104
v 0.039839 -0.040968 0.590018
v 0.040535 -0.028559 0.589755
v 0.037598 -0.040228 0.593999
v 0.03915 -0.027258 0.592502
v 0.038717 -0.027069 0.593302
v 0.034956 -0.039658 0.597716
v 0.036245 -0.025446 0.597073
v 0.035572 -0.024945 0.597934
v 0.034457 -0.024505 0.59928
v 0.031849 -0.039028 0.601266
v 0.03335 -0.023922 0.600648
v 0.030294 -0.022594 0.60372
v 0.029098 -0.039762 0.603721
v 0.028322 -0.038522 0.604501
v 0.025532 -0.039373 0.606494
v 0.041004 -0.028949 0.588836
v 0.042659 -0.030786 0.584509
v 0.041298 -0.041368 0.586811
v 0.041514 -0.042519 0.586016
v 0.042193 -0.041803 0.584171
v 0.043799 -0.032448 0.580282
v 0.04286 -0.042829 0.58207
v 0.043806 -0.043832 0.57767
v 0.044084 -0.033266 0.578648
v 0.044637 -0.034782 0.57506
v 0.044008 -0.043003 0.576964
v 0.044706 -0.035109 0.573974
v 0.044335 -0.044557 0.573342
v 0.044743 -0.035781 0.572693
v 0.044489 -0.043856 0.572077
v 0.044854 -0.036829 0.570208
v 0.044632 -0.038207 0.566918
v 0.044451 -0.044368 0.568951
v 0.044421 -0.044705 0.567034
v 0.044492 -0.039043 0.564952
v 0.044125 -0.045111 0.564659
v 0.043807 -0.040544 0.561069
v 0.043822 -0.045534 0.562238
v 0.043418 -0.046644 0.560619
v 0.043681 -0.040931 0.560455
v 0.042346 -0.042863 0.55585
v 0.04271 -0.04637 0.557551
v 0.042246 -0.047403 0.556305
v 0.041967 -0.043137 0.554886
v 0.041208 -0.047285 0.553296
v 0.040393 -0.044836 0.551136
v 0.03937 -0.045613 0.549276
v 0.03912 -0.047976 0.5489
v 0.038129 -0.046556 0.547018
v 0.03666 -0.048713 0.544893
v 0.03649 -0.047538 0.544664
v 0.035544 -0.048028 0.543275
v 0.035423 -0.049021 0.543186
v 0.032126 -0.049761 0.539335
v -0.013417 -0.038494 0.612481
v -0.009993 -0.03707 0.613529
v -0.009785 -0.018021 0.614427
v -0.007256 -0.017717 0.614867
v -0.005033 -0.036927 0.614379
v -0.004899 -0.017671 0.615239
v 0.000041 -0.017303 0.615528
v 0.000008 -0.037904 0.614596
v 0.001523 -0.036937 0.614633
v 0.002294 -0.017608 0.615388
v 0.004711 -0.017663 0.61526
v 0.004519 -0.036949 0.614365
v 0.007335 -0.017721 0.614857
v 0.006587 -0.03697 0.614167
v 0.009631 -0.018006 0.614461
v 0.008898 -0.038349 0.613647
v -0.014483 -0.018589 0.613105
v -0.014858 -0.037314 0.612114
v -0.017684 -0.038766 0.61088
v -0.023937 -0.038018 0.607684
v -0.026692 -0.021334 0.6067
v -0.025446 -0.039391 0.606549
v -0.027488 -0.021618 0.606037
v -0.027842 -0.038432 0.604889
v -0.018845 -0.019339 0.611358
v -0.019539 -0.037627 0.61015
v -0.01999 -0.019458 0.610787
v -0.022379 -0.037875 0.608561
v -0.022988 -0.020278 0.609168
v -0.031033 -0.022799 0.603024
v -0.029079 -0.038637 0.60379
v -0.031696 -0.02321 0.602315
v -0.035328 -0.024961 0.59819
v -0.032317 -0.039126 0.600705
v -0.033847 -0.024162 0.600085
v -0.031322 -0.038954 0.601793
v -0.037635 -0.041301 0.593763
v -0.037332 -0.040128 0.594418
v -0.038586 -0.027001 0.593418
v -0.036764 -0.025756 0.596346
v -0.035196 -0.039663 0.597326
v -0.035104 -0.04076 0.597385
v -0.034337 -0.039476 0.598496
v -0.040751 -0.041184 0.587927
v -0.039753 -0.041683 0.590077
v -0.041361 -0.029301 0.588003
v -0.039219 -0.027283 0.592409
v -0.041937 -0.029814 0.586469
v -0.041668 -0.042218 0.585745
v -0.043063 -0.031369 0.583155
v -0.04285 -0.043241 0.581913
v -0.043725 -0.032557 0.580324
v -0.043248 -0.04237 0.580766
v -0.044203 -0.033432 0.578257
v -0.043797 -0.043904 0.577654
v -0.0444 -0.034137 0.576586
v -0.044206 -0.043244 0.575527
v -0.044786 -0.036659 0.570611
v -0.044353 -0.04364 0.573204
v -0.044747 -0.035222 0.573795
v -0.043215 -0.046006 0.559626
v -0.043462 -0.046452 0.560668
v -0.04338 -0.04143 0.559278
v -0.043756 -0.040676 0.561064
v -0.044282 -0.045033 0.565481
v -0.044342 -0.039491 0.563884
v -0.044495 -0.038852 0.565403
v -0.044795 -0.03759 0.568405
v -0.044539 -0.044158 0.570201
v -0.041936 -0.043187 0.55476
v -0.042304 -0.047071 0.556338
v -0.041723 -0.043562 0.554175
v -0.041453 -0.047 0.554094
v -0.040487 -0.047449 0.551617
v -0.039795 -0.045313 0.549975
v -0.038032 -0.048268 0.547011
v -0.034327 -0.048745 0.541767
v -0.032113 -0.049759 0.539323
v -0.035446 -0.049018 0.543216
v -0.035921 -0.047856 0.543908
v -0.036532 -0.04935 0.54481
v -0.037455 -0.046996 0.545964
v -0.011641 -0.050569 0.60282
v -0.006833 -0.050453 0.604027
v -0.007097 -0.04995 0.605251
v 0.030559 -0.055692 0.545111
v -0.032233 -0.040256 0.600723
v 0.03401 -0.049978 0.541514
v 0.031299 -0.050097 0.538502
v 0.027807 -0.051105 0.535462
v 0.02786 -0.051661 0.53564
v 0.023656 -0.052099 0.532604
v 0.024408 -0.052111 0.533116
v 0.022425 -0.052342 0.531948
v 0.024342 -0.052669 0.533265
v 0.020654 -0.053042 0.531069
v 0.016808 -0.053283 0.529306
v 0.019469 -0.052896 0.530373
v 0.012712 -0.054101 0.528005
v 0.014983 -0.053536 0.528572
v 0.01672 -0.053866 0.52944
v 0.01012 -0.054019 0.527215
v 0.008552 -0.054274 0.526961
v 0.004296 -0.054377 0.526368
v 0.005071 -0.054314 0.526384
v 0 -0.054416 0.526112
v -0.001292 -0.054405 0.526127
v -0.004286 -0.054381 0.526323
v -0.00477 -0.054302 0.526415
v -0.008502 -0.054275 0.52695
v -0.006441 -0.054253 0.526554
v -0.012654 -0.054103 0.527989
v -0.01124 -0.053924 0.527478
v -0.009222 -0.054063 0.527089
v -0.016663 -0.054125 0.529545
v -0.016241 -0.053379 0.52902
v -0.02062 -0.053044 0.531049
v -0.020544 -0.052719 0.530896
v -0.024284 -0.052674 0.533226
v -0.024546 -0.051938 0.533168
v -0.027821 -0.051666 0.535611
v -0.02783 -0.051091 0.535546
v -0.028793 -0.050822 0.536258
v -0.031076 -0.050557 0.538352
v -0.033978 -0.049985 0.541473
v -0.038843 -0.048727 0.548516
v -0.04074 -0.048057 0.552339
v -0.044123 -0.045958 0.564704
v -0.044441 -0.045252 0.568967
v -0.044341 -0.044549 0.573283
v -0.029001 -0.039791 0.603798
v -0.021684 -0.039015 0.60891
v -0.009049 -0.038296 0.613625
v -0.004556 -0.038187 0.614321
v 0.004503 -0.038187 0.614329
v 0.032191 -0.04025 0.600768
v 0.03508 -0.040761 0.597411
v 0.037618 -0.041315 0.593795
v 0.039767 -0.041904 0.589984
v 0.044443 -0.045241 0.569028
v 0.044126 -0.04595 0.564733
v 0.040753 -0.04805 0.552368
v 0.038859 -0.04872 0.548544
v 0.036642 -0.049662 0.54504
v -0.035073 -0.054826 0.558617
v -0.039572 -0.052798 0.557713
v -0.040404 -0.051904 0.557335
v -0.040907 -0.051216 0.557111
v -0.039909 -0.051025 0.552963
v -0.041335 -0.050484 0.556908
v -0.040226 -0.050298 0.552761
v -0.038389 -0.050859 0.548957
v -0.033877 -0.050984 0.541668
v -0.036499 -0.05041 0.545136
v -0.033637 -0.051911 0.54193
v -0.033417 -0.052536 0.54217
v -0.023116 -0.056563 0.539315
v -0.015162 -0.057022 0.533854
v -0.007833 -0.057246 0.531324
v 0.01125 -0.05716 0.532263
v 0.003726 -0.057307 0.530638
v 0.018207 -0.056877 0.535462
v 0.02964 -0.055918 0.545698
v 0.032766 -0.053929 0.543068
v 0.03357 -0.0522 0.54206
v 0.033876 -0.050955 0.54166
v 0.038405 -0.050853 0.548984
v 0.040238 -0.050292 0.552789
v 0.040925 -0.051209 0.557169
v 0.040421 -0.051897 0.557392
v 0.035541 -0.054713 0.559212
v 0.036285 -0.05426 0.564336
v 0.03611 -0.053619 0.571497
v 0.034605 -0.053019 0.578239
v 0.031807 -0.052446 0.584692
v 0.027928 -0.051939 0.590368
v 0.023253 -0.051521 0.595051
v 0.018849 -0.051248 0.598137
v 0.012882 -0.050989 0.601044
v 0.006519 -0.050832 0.602801
v -0.012904 -0.05099 0.601036
v -0.00657 -0.050833 0.602791
v -0.018878 -0.05125 0.59812
v -0.022889 -0.051497 0.595344
v -0.027656 -0.051915 0.590675
v -0.031645 -0.052416 0.585005
v -0.034429 -0.052977 0.578745
v -0.036042 -0.053592 0.571849
v -0.035504 -0.054305 0.56501
v -0.000011 -0.043246 0.612946
v -0.004344 -0.043274 0.612725
v -0.008634 -0.043358 0.612073
v -0.008469 -0.044557 0.611385
v -0.008282 -0.045694 0.610583
v -0.007848 -0.047718 0.608673
v -0.007607 -0.048579 0.60759
v 0.006781 -0.050452 0.604038
v 0.007042 -0.049949 0.605261
v 0.007299 -0.049324 0.606455
v 0.007549 -0.048578 0.607602
v 0.007788 -0.047717 0.608685
v 0.008012 -0.046751 0.609687
v 0.008218 -0.045693 0.610596
v 0.004294 -0.043274 0.612732
v 0.008404 -0.044555 0.611398
v 0.008568 -0.043356 0.612087
v 0.030998 -0.051472 0.538534
v 0.038708 -0.0498 0.548717
v 0.040579 -0.049185 0.552538
v 0.042164 -0.048142 0.5565
v 0.043273 -0.047478 0.560621
v 0.043981 -0.046808 0.564826
v 0.044283 -0.046138 0.569111
v 0.044166 -0.045473 0.573414
v 0.043631 -0.04482 0.577671
v 0.042681 -0.044183 0.581886
v 0.041319 -0.043566 0.58601
v 0.039559 -0.042978 0.589974
v 0.03741 -0.04242 0.593761
v 0.034875 -0.041896 0.597351
v 0.031992 -0.041413 0.600681
v 0.020574 -0.053571 0.531266
v 0.02418 -0.053504 0.533577
v 0.027725 -0.052547 0.535879
v 0.030712 -0.052696 0.538935
v 0.041354 -0.050477 0.556966
v 0.041921 -0.050693 0.5612
v 0.042386 -0.049925 0.561031
v 0.042523 -0.050173 0.565299
v 0.043021 -0.049369 0.565168
v 0.042728 -0.04965 0.569457
v 0.043256 -0.04881 0.569371
v 0.042527 -0.049133 0.573614
v 0.04308 -0.048257 0.573578
v 0.041925 -0.048625 0.577711
v 0.042498 -0.047714 0.57773
v 0.040926 -0.048128 0.581752
v 0.041512 -0.047183 0.58183
v 0.039539 -0.047648 0.585687
v 0.04013 -0.04667 0.585828
v 0.037779 -0.047191 0.589453
v 0.038367 -0.046181 0.589659
v 0.035656 -0.046758 0.593036
v 0.036233 -0.045718 0.593308
v 0.033177 -0.046351 0.596421
v 0.033733 -0.045283 0.59676
v 0.030381 -0.045977 0.599547
v 0.030907 -0.044882 0.599952
v 0.027299 -0.045638 0.602374
v 0.027785 -0.044519 0.602841
v 0.023927 -0.045336 0.604903
v 0.024364 -0.044195 0.605429
v 0.02031 -0.045073 0.607098
v 0.020689 -0.043913 0.607676
v 0.041375 -0.051415 0.561383
v 0.04194 -0.050929 0.565436
v 0.042112 -0.050441 0.569541
v 0.041883 -0.049957 0.573639
v 0.04126 -0.049483 0.577672
v 0.040248 -0.04902 0.581644
v 0.038856 -0.048572 0.585507
v 0.037101 -0.048145 0.589197
v 0.034994 -0.047741 0.592704
v 0.03254 -0.047362 0.596013
v 0.02978 -0.047013 0.599065
v 0.026744 -0.046698 0.601821
v 0.023429 -0.046417 0.604284
v 0.019878 -0.046173 0.606419
v 0.039848 -0.052528 0.557632
v 0.040757 -0.052078 0.561577
v 0.04128 -0.051625 0.565577
v 0.041415 -0.051169 0.569622
v 0.041157 -0.050718 0.573652
v 0.040512 -0.050276 0.577612
v 0.039486 -0.049843 0.581507
v 0.038091 -0.049426 0.585288
v 0.036343 -0.049028 0.588895
v 0.034253 -0.048652 0.592317
v 0.031828 -0.048299 0.595541
v 0.029109 -0.047975 0.59851
v 0.026126 -0.047682 0.601187
v 0.022875 -0.047422 0.603577
v 0.019398 -0.047195 0.605647
v 0.01202 -0.05058 0.602693
v 0.013889 -0.050133 0.603305
v 0.01052 -0.050026 0.60444
v 0.014384 -0.049524 0.6044
v 0.0109 -0.049408 0.605593
v 0.014865 -0.048795 0.605452
v 0.011269 -0.048669 0.606699
v 0.015325 -0.047954 0.606443
v 0.011622 -0.047817 0.607743
v 0.015756 -0.047008 0.607359
v 0.011952 -0.046859 0.608709
v 0.016152 -0.04597 0.608188
v 0.012257 -0.04581 0.609583
v 0.016509 -0.044855 0.608918
v 0.012531 -0.044682 0.610355
v 0.016823 -0.043679 0.609541
v 0.012772 -0.043492 0.611016
v 0.039214 -0.053093 0.557886
v 0.040074 -0.052673 0.561779
v 0.040553 -0.052249 0.565719
v 0.040649 -0.051823 0.569697
v 0.040359 -0.051402 0.573652
v 0.03969 -0.05099 0.577533
v 0.038651 -0.050587 0.581343
v 0.037252 -0.050197 0.585034
v 0.035513 -0.049828 0.588549
v 0.033443 -0.049478 0.591878
v 0.031051 -0.04915 0.595011
v 0.028378 -0.048849 0.59789
v 0.025453 -0.048578 0.600482
v 0.022272 -0.048336 0.602793
v 0.018876 -0.048127 0.604792
v 0.038531 -0.053582 0.558149
v 0.039338 -0.053189 0.561986
v 0.039769 -0.052792 0.565862
v 0.039824 -0.052394 0.569766
v 0.039501 -0.052001 0.573641
v 0.038809 -0.051616 0.577435
v 0.037755 -0.051239 0.581154
v 0.036354 -0.050877 0.58475
v 0.034625 -0.050532 0.588165
v 0.032577 -0.050207 0.591396
v 0.030221 -0.049902 0.59443
v 0.027597 -0.049623 0.597214
v 0.024735 -0.049372 0.599714
v 0.021629 -0.049148 0.601941
v 0.018319 -0.048955 0.603865
v 0.017736 -0.049671 0.602882
v 0.020955 -0.04985 0.601036
v 0.023982 -0.050056 0.598897
v 0.026778 -0.050289 0.596492
v 0.02935 -0.050548 0.593808
v 0.031669 -0.050832 0.590877
v 0.033692 -0.051135 0.58775
v 0.03541 -0.051455 0.584439
v 0.036813 -0.051794 0.580944
v 0.037881 -0.052146 0.577322
v 0.038598 -0.052506 0.573618
v 0.038956 -0.052875 0.569828
v 0.038943 -0.053248 0.566001
v 0.038562 -0.053621 0.562194
v 0.037809 -0.053991 0.558418
v 0.037062 -0.054315 0.558687
v 0.037758 -0.053966 0.5624
v 0.038089 -0.053614 0.566137
v 0.038057 -0.053262 0.569883
v 0.037664 -0.052915 0.573584
v 0.036922 -0.052577 0.577193
v 0.03584 -0.052247 0.580716
v 0.034436 -0.051929 0.584106
v 0.032729 -0.051629 0.587311
v 0.030731 -0.051347 0.59033
v 0.028452 -0.051083 0.593155
v 0.025934 -0.050842 0.595735
v 0.023206 -0.050626 0.598043
v 0.020261 -0.050434 0.600091
v 0.017136 -0.050269 0.601856
v 0.036302 -0.054555 0.558953
v 0.036941 -0.054223 0.562602
v 0.037219 -0.053889 0.566266
v 0.037144 -0.053555 0.56993
v 0.036715 -0.053226 0.57354
v 0.035947 -0.052907 0.577054
v 0.034851 -0.052595 0.580475
v 0.033445 -0.052297 0.583759
v 0.03175 -0.052015 0.586854
v 0.029778 -0.051751 0.589764
v 0.027539 -0.051504 0.592481
v 0.025077 -0.051279 0.594956
v 0.022418 -0.051078 0.597164
v 0.019556 -0.0509 0.59912
v 0.016526 -0.050747 0.600802
v 0.031902 -0.054812 0.543695
v 0.02977 -0.054567 0.540067
v 0.029209 -0.0552 0.540665
v 0.02692 -0.054684 0.537053
v 0.026303 -0.055501 0.537876
v 0.023513 -0.055201 0.534744
v 0.023109 -0.055772 0.535374
v 0.019874 -0.055664 0.532748
v 0.01633 -0.055496 0.530515
v 0.016 -0.05621 0.531364
v 0.012309 -0.056047 0.529483
v 0.008331 -0.055991 0.52823
v 0.0082 -0.056484 0.528871
v 0.004162 -0.056249 0.527792
v -0.000005 -0.055923 0.527172
v -0.00001 -0.056579 0.528015
v -0.004201 -0.055895 0.527386
v -0.004128 -0.056555 0.528231
v -0.008323 -0.055813 0.528018
v -0.008204 -0.056329 0.528645
v -0.012379 -0.05568 0.529063
v -0.012145 -0.056368 0.529913
v -0.01616 -0.055878 0.530917
v -0.01995 -0.055466 0.53253
v -0.019642 -0.056011 0.53318
v -0.023457 -0.055204 0.534706
v -0.023075 -0.055774 0.535351
v -0.026894 -0.054686 0.537033
v -0.026287 -0.055502 0.537864
v -0.029756 -0.054569 0.540052
v -0.029216 -0.0552 0.54067
v -0.032445 -0.054206 0.543133
v -0.03175 -0.054924 0.543769
v -0.015815 -0.056487 0.531829
v -0.008089 -0.056745 0.529333
v 0.004071 -0.056812 0.528695
v 0.012042 -0.056636 0.530389
v 0.019414 -0.056299 0.533649
v 0.031137 -0.055372 0.544397
v 0.028373 -0.05581 0.54154
v 0.025585 -0.056078 0.538782
v 0.022508 -0.056319 0.5363
v 0.015614 -0.056707 0.532309
v 0.008008 -0.056951 0.529818
v -0.000021 -0.057036 0.528962
v -0.004049 -0.057014 0.52918
v -0.011882 -0.056848 0.530868
v -0.019173 -0.05653 0.534132
v -0.022497 -0.056319 0.536294
v -0.025592 -0.056077 0.538791
v -0.0284 -0.055808 0.541568
v -0.031109 -0.055375 0.544358
v -0.030617 -0.055627 0.544793
v -0.015444 -0.056869 0.532813
v -0.00792 -0.057103 0.530313
v 0.003957 -0.057163 0.529667
v 0.011735 -0.057005 0.531358
v 0.018894 -0.056701 0.534606
v -0.008074 -0.046753 0.609675
v -0.011653 -0.047818 0.607735
v -0.011984 -0.04686 0.6087
v -0.015351 -0.047955 0.606432
v -0.015782 -0.047009 0.607348
v -0.018921 -0.048129 0.604767
v -0.019444 -0.047198 0.605622
v -0.022306 -0.048338 0.602771
v -0.022909 -0.047424 0.603555
v -0.025473 -0.04858 0.600466
v -0.026146 -0.047685 0.601171
v -0.028417 -0.048853 0.597852
v -0.029148 -0.047979 0.598471
v -0.031088 -0.049154 0.594968
v -0.031866 -0.048304 0.595497
v -0.03346 -0.049481 0.591855
v -0.03427 -0.048656 0.592292
v -0.035532 -0.049832 0.588515
v -0.036361 -0.049033 0.58886
v -0.03728 -0.050204 0.584968
v -0.038119 -0.049432 0.58522
v -0.038667 -0.050591 0.581299
v -0.039502 -0.049848 0.581462
v -0.039697 -0.050993 0.577506
v -0.040518 -0.05028 0.577585
v -0.040364 -0.051408 0.573596
v -0.041162 -0.050724 0.573594
v -0.04065 -0.051829 0.56964
v -0.041416 -0.051176 0.569564
v -0.040552 -0.052252 0.565693
v -0.041279 -0.051629 0.56555
v -0.040069 -0.052677 0.561743
v -0.040751 -0.052083 0.56154
v -0.011299 -0.04867 0.606691
v -0.014891 -0.048796 0.605441
v -0.018363 -0.048957 0.603841
v -0.021662 -0.04915 0.60192
v -0.024754 -0.049374 0.5997
v -0.027635 -0.049627 0.597177
v -0.030258 -0.049907 0.594389
v -0.032594 -0.05021 0.591373
v -0.034644 -0.050536 0.588133
v -0.036382 -0.050883 0.584685
v -0.037771 -0.051244 0.581111
v -0.038816 -0.051619 0.57741
v -0.039507 -0.052006 0.573586
v -0.039826 -0.0524 0.56971
v -0.039769 -0.052795 0.565835
v -0.039333 -0.053193 0.56195
v -0.038516 -0.053588 0.558094
v -0.007356 -0.049325 0.606444
v -0.01093 -0.049408 0.605585
v -0.014409 -0.049525 0.604391
v -0.017779 -0.049673 0.602859
v -0.020987 -0.049851 0.601016
v -0.024001 -0.050058 0.598883
v -0.026815 -0.050292 0.596456
v -0.029386 -0.050552 0.593768
v -0.031685 -0.050834 0.590855
v -0.033711 -0.051138 0.587719
v -0.035438 -0.051461 0.584376
v -0.03683 -0.051798 0.580903
v -0.037889 -0.052149 0.577296
v -0.038604 -0.052511 0.573564
v -0.038958 -0.05288 0.569774
v -0.038944 -0.053251 0.565976
v -0.038558 -0.053625 0.562158
v -0.037795 -0.053996 0.558364
v -0.037049 -0.05432 0.558634
v -0.037755 -0.053969 0.562365
v -0.03809 -0.053617 0.566111
v -0.03806 -0.053267 0.56983
v -0.037671 -0.05292 0.573532
v -0.03693 -0.052579 0.577169
v -0.035857 -0.05225 0.580676
v -0.034463 -0.051935 0.584046
v -0.032748 -0.051632 0.58728
v -0.030747 -0.051349 0.590309
v -0.028487 -0.051086 0.593117
v -0.02597 -0.050845 0.595701
v -0.023225 -0.050627 0.598029
v -0.020292 -0.050436 0.600072
v -0.017177 -0.050271 0.601834
v -0.013913 -0.050134 0.603295
v -0.010549 -0.050027 0.604433
v 0.027451 -0.056154 0.542397
v 0.024789 -0.056399 0.53968
v 0.021833 -0.056621 0.537228
v 0.015169 -0.056978 0.53327
v 0.00777 -0.057202 0.530792
v -0.000063 -0.057278 0.529945
v -0.003994 -0.057258 0.530167
v -0.01163 -0.057104 0.531867
v -0.0187 -0.05681 0.53513
v -0.021907 -0.056615 0.537285
v -0.024877 -0.056392 0.539763
v -0.027555 -0.056144 0.542512
v -0.030118 -0.055845 0.545716
v -0.036321 -0.054227 0.564695
v -0.03629 -0.05456 0.558901
v -0.036938 -0.054226 0.562568
v -0.037221 -0.053891 0.566241
v -0.037147 -0.05356 0.569878
v -0.036722 -0.053231 0.573489
v -0.035956 -0.052909 0.57703
v -0.034868 -0.052599 0.580436
v -0.033472 -0.052302 0.5837
v -0.031769 -0.052018 0.586824
v -0.028678 -0.051623 0.591211
v -0.023743 -0.051173 0.596153
v -0.018005 -0.050827 0.600033
v -0.030702 -0.052699 0.538925
v -0.030986 -0.051484 0.538526
v -0.02769 -0.052551 0.535852
v -0.024127 -0.053508 0.533542
v -0.020493 -0.053844 0.531362
v 0.027402 -0.053675 0.536375
v 0.0204 -0.054348 0.531653
v 0.016584 -0.054612 0.529826
v 0.012612 -0.054823 0.528388
v 0.008512 -0.054743 0.527204
v 0.004279 -0.054842 0.526567
v -0.000002 -0.055105 0.526489
v -0.004258 -0.055075 0.526704
v -0.008442 -0.054979 0.527332
v -0.01256 -0.054824 0.528373
v -0.02737 -0.053678 0.536351
v 0.033174 -0.053129 0.542493
v 0.030237 -0.053829 0.539514
v 0.023843 -0.054533 0.534171
v 0.008428 -0.055412 0.52766
v 0.004236 -0.0555 0.527021
v -0.016448 -0.055073 0.53014
v -0.020225 -0.054827 0.53196
v -0.023796 -0.054536 0.53414
v -0.030231 -0.053831 0.539508
v -0.032964 -0.053483 0.542647
v 0.02017 -0.055043 0.53216
v 0.012482 -0.055471 0.528892
v -0.044282 -0.046147 0.56905
v -0.043881 -0.047262 0.564849
v -0.044033 -0.047049 0.569135
v -0.044168 -0.045482 0.573352
v -0.043903 -0.046422 0.573416
v -0.043636 -0.044827 0.577642
v -0.043357 -0.045804 0.57768
v -0.042696 -0.044191 0.581838
v -0.042405 -0.045203 0.581847
v -0.041347 -0.043575 0.585937
v -0.041049 -0.044623 0.585915
v -0.039577 -0.042985 0.589938
v -0.039276 -0.044065 0.589883
v -0.037426 -0.042426 0.593735
v -0.037127 -0.043538 0.593644
v -0.034915 -0.041903 0.597302
v -0.038685 -0.049829 0.548687
v -0.040569 -0.049191 0.552514
v -0.042065 -0.048559 0.556501
v -0.043176 -0.047913 0.560639
v 0.041973 -0.04893 0.556631
v 0.043062 -0.048304 0.56074
v 0.043751 -0.047673 0.56493
v 0.044034 -0.04704 0.569197
v 0.0439 -0.046413 0.573477
v 0.043352 -0.045797 0.577709
v 0.04239 -0.045195 0.581896
v 0.041021 -0.044614 0.585988
v 0.039258 -0.044059 0.589919
v 0.037111 -0.043533 0.59367
v 0.034583 -0.043039 0.597224
v 0.031713 -0.042583 0.600518
v 0.028533 -0.04217 0.603506
v 0.028793 -0.040975 0.603704
v 0.025038 -0.041802 0.606186
v 0.025275 -0.040583 0.606418
v 0.021276 -0.041481 0.608516
v 0.021483 -0.040243 0.608778
v 0.01731 -0.041213 0.610454
v 0.017482 -0.039958 0.610743
v 0.013147 -0.041 0.611988
v 0.01328 -0.039731 0.612298
v 0.008822 -0.040844 0.613102
v 0.008913 -0.039565 0.613429
v 0.004424 -0.040749 0.613774
v 0.004469 -0.039464 0.614111
v -0.000011 -0.040717 0.613998
v -0.000011 -0.03943 0.614338
v -0.004475 -0.040749 0.613767
v -0.004522 -0.039465 0.614104
v -0.008891 -0.040845 0.613089
v -0.008982 -0.039567 0.613415
v -0.013182 -0.041001 0.611978
v -0.013316 -0.039733 0.612289
v -0.017339 -0.041215 0.610441
v -0.017512 -0.03996 0.61073
v -0.021326 -0.041484 0.608488
v -0.021533 -0.040246 0.608749
v -0.025075 -0.041805 0.606161
v -0.025312 -0.040587 0.606392
v -0.028554 -0.042174 0.603488
v -0.028814 -0.040979 0.603686
v -0.031755 -0.042589 0.600474
v -0.032035 -0.041419 0.600637
v -0.034623 -0.043045 0.597176
v 0.041704 -0.049713 0.556786
v 0.042766 -0.049124 0.560877
v 0.043431 -0.048531 0.565044
v 0.043692 -0.047935 0.569284
v 0.043538 -0.047346 0.573532
v 0.042974 -0.046767 0.577729
v 0.042001 -0.046201 0.581877
v 0.040625 -0.045654 0.585928
v 0.038861 -0.045132 0.589814
v 0.036719 -0.044637 0.59352
v 0.034202 -0.044173 0.597028
v 0.031351 -0.043745 0.600276
v 0.028196 -0.043357 0.603219
v 0.024735 -0.043011 0.605857
v 0.021012 -0.04271 0.60815
v 0.01709 -0.042459 0.610054
v 0.012978 -0.042259 0.611561
v 0.008707 -0.042113 0.612656
v 0.004365 -0.042024 0.613315
v -0.000011 -0.041994 0.613534
v -0.004416 -0.042025 0.613308
v -0.008775 -0.042115 0.612642
v -0.012806 -0.043494 0.611007
v -0.013013 -0.04226 0.611551
v -0.016851 -0.04368 0.609529
v -0.017119 -0.04246 0.610042
v -0.020738 -0.043916 0.607648
v -0.021061 -0.042713 0.608121
v -0.0244 -0.044198 0.605404
v -0.024771 -0.043014 0.605832
v -0.027805 -0.044522 0.602824
v -0.028217 -0.04336 0.603201
v -0.030948 -0.044886 0.599909
v -0.031393 -0.04375 0.600232
v -0.033773 -0.045288 0.596713
v -0.034242 -0.044179 0.59698
v -0.03625 -0.045722 0.593283
v -0.036735 -0.044642 0.593494
v -0.038386 -0.046187 0.589623
v -0.038879 -0.045138 0.589778
v -0.040158 -0.046678 0.585756
v -0.040653 -0.045662 0.585856
v -0.041527 -0.04719 0.581782
v -0.042016 -0.046208 0.581829
v -0.042503 -0.04772 0.577702
v -0.042979 -0.046773 0.5777
v -0.043084 -0.048265 0.573518
v -0.043542 -0.047354 0.573472
v -0.043256 -0.048818 0.569311
v -0.043691 -0.047944 0.569223
v -0.043019 -0.049374 0.56514
v -0.043429 -0.048537 0.565016
v -0.042378 -0.049931 0.560993
v -0.042758 -0.049131 0.560838
v -0.041685 -0.049721 0.556727
v -0.012565 -0.044683 0.610346
v -0.016537 -0.044856 0.608906
v -0.020358 -0.045076 0.607071
v -0.023963 -0.045339 0.604879
v -0.02732 -0.045641 0.602357
v -0.030422 -0.045981 0.599506
v -0.033216 -0.046356 0.596375
v -0.035673 -0.046762 0.593011
v -0.037798 -0.047196 0.589418
v -0.039567 -0.047656 0.585617
v -0.040942 -0.048134 0.581705
v -0.041931 -0.04863 0.577683
v -0.042531 -0.04914 0.573555
v -0.042728 -0.049658 0.569398
v -0.042521 -0.050178 0.565271
v -0.041913 -0.050699 0.561162
v -0.012289 -0.045811 0.609574
v -0.01618 -0.045971 0.608176
v -0.019925 -0.046176 0.606393
v -0.023464 -0.046419 0.604261
v -0.026765 -0.0467 0.601804
v -0.02982 -0.047017 0.599025
v -0.032578 -0.047367 0.595968
v -0.035011 -0.047745 0.592679
v -0.03712 -0.04815 0.589162
v -0.038885 -0.048579 0.585437
v -0.040264 -0.049025 0.581598
v -0.041266 -0.049488 0.577644
v -0.041887 -0.049964 0.573581
v -0.042112 -0.050448 0.569482
v -0.041939 -0.050933 0.565408
v -0.041369 -0.05142 0.561346
v -0.03559 -0.04721 0.543048
v -0.03557 -0.047956 0.543317
v -0.039214 -0.045201 0.548689
v -0.032344 -0.047922 0.538394
v -0.03221 -0.048239 0.538649
v -0.035756 -0.046556 0.542676
v 0.033511 -0.047339 0.539454
v 0.036832 -0.045695 0.543502
v 0.035948 -0.046227 0.542474
v 0.035823 -0.046462 0.54266
v 0.03215 -0.048401 0.538741
v 0.032335 -0.047925 0.538405
v 0.03566 -0.047004 0.543012
v 0.032087 -0.048827 0.538995
v 0.035607 -0.047605 0.543271
v 0.032104 -0.049366 0.539253
v 0.039249 -0.045635 0.548912
v 0.044752 -0.03785 0.567476
v 0.041948 -0.029787 0.58656
v 0.031095 -0.022804 0.60296
v 0.025974 -0.020987 0.607204
v 0.007048 -0.017525 0.614971
v -0.006919 -0.01751 0.614991
v -0.013666 -0.018347 0.613361
v -0.025898 -0.02097 0.607257
v -0.035558 -0.02493 0.597968
v -0.043817 -0.032452 0.580252
v -0.044749 -0.037864 0.567443
v -0.043815 -0.040567 0.561009
v -0.039184 -0.045658 0.548849
v -0.03207 -0.049062 0.539099
v -0.032075 -0.049608 0.539272
v -0.033834 -0.047159 0.539937
v -0.035851 -0.046264 0.542319
v -0.041109 -0.042779 0.550555
v -0.038664 -0.044594 0.546189
v -0.039641 -0.04396 0.547967
v -0.042506 -0.041491 0.553947
v -0.043138 -0.04079 0.555375
v -0.045569 -0.033476 0.573361
v -0.045496 -0.032573 0.575295
v -0.045743 -0.034639 0.570301
v -0.045562 -0.035801 0.567486
v -0.042765 -0.028255 0.586261
v -0.043254 -0.028353 0.585514
v -0.044611 -0.030789 0.580015
v -0.038838 -0.024515 0.594793
v -0.041302 -0.026377 0.59029
v -0.040078 -0.025717 0.592302
v -0.03635 -0.02337 0.598034
v -0.035845 -0.022754 0.599046
v -0.031783 -0.021222 0.60321
v -0.032438 -0.021165 0.602884
v -0.028641 -0.019752 0.606296
v -0.026585 -0.019342 0.607631
v -0.020456 -0.017813 0.611323
v -0.024473 -0.018518 0.609275
v -0.014043 -0.0167 0.613975
v -0.015383 -0.016679 0.613712
v -0.010569 -0.016089 0.615136
v -0.007072 -0.016008 0.615639
v -0.005683 -0.015723 0.61602
v 0.000101 -0.015825 0.616148
v -0.000661 -0.015577 0.616372
v 0.004292 -0.015658 0.616174
v 0.007221 -0.016017 0.615616
v 0.009156 -0.015959 0.615448
v 0.014124 -0.016762 0.6139
v 0.018616 -0.017216 0.612416
v 0.020675 -0.017843 0.611232
v 0.027001 -0.019332 0.607458
v 0.022992 -0.018146 0.610174
v 0.031046 -0.020609 0.604226
v 0.031911 -0.021205 0.603154
v 0.036323 -0.023361 0.598058
v 0.037596 -0.023732 0.596684
v 0.034505 -0.022086 0.60066
v 0.040145 -0.025683 0.592276
v 0.042798 -0.028225 0.586263
v 0.044059 -0.029425 0.582922
v 0.042419 -0.027428 0.58775
v 0.044572 -0.03086 0.579966
v 0.045176 -0.031504 0.577855
v 0.045558 -0.033435 0.573474
v 0.045694 -0.033625 0.572755
v 0.045659 -0.035732 0.567637
v 0.045497 -0.036191 0.56677
v 0.044634 -0.038519 0.560905
v 0.044475 -0.038867 0.560298
v 0.044999 -0.037892 0.56242
v 0.041997 -0.041986 0.55249
v 0.043774 -0.03999 0.557317
v 0.042534 -0.041455 0.55404
v 0.03965 -0.043945 0.547957
v 0.044018 -0.039588 0.560682
v 0.042048 -0.042451 0.554542
v 0.042214 -0.041962 0.554289
v 0.039296 -0.044798 0.54856
v 0.045211 -0.033882 0.573511
v 0.044938 -0.037031 0.567142
v 0.04523 -0.036499 0.566915
v 0.039478 -0.044254 0.548249
v 0.044268 -0.039123 0.560446
v 0.042543 -0.02851 0.586288
v 0.044172 -0.031419 0.580032
v 0.026401 -0.019722 0.607428
v 0.031447 -0.021925 0.602965
v 0.031654 -0.021536 0.603048
v 0.035957 -0.023979 0.597912
v 0.044919 -0.034424 0.5737
v 0.039714 -0.026084 0.592345
v 0.042249 -0.028967 0.586351
v 0.039436 -0.026566 0.592364
v -0.026378 -0.019672 0.607475
v -0.031506 -0.021729 0.603027
v -0.026076 -0.020339 0.607298
v -0.020255 -0.018573 0.610916
v -0.013923 -0.017044 0.613749
v -0.013794 -0.017543 0.613533
v -0.007009 -0.016355 0.615394
v -0.006942 -0.016863 0.615154
v 0.000054 -0.016375 0.615805
v 0.007162 -0.016364 0.61537
v 0.00709 -0.016874 0.61513
v 0.013872 -0.017461 0.613537
v 0.020508 -0.018185 0.611034
v 0.020264 -0.018811 0.610824
v 0.02616 -0.020262 0.607285
v -0.039824 -0.026013 0.592279
v -0.044427 -0.031096 0.579901
v -0.035975 -0.023935 0.597919
v -0.045494 -0.036205 0.566736
v -0.045397 -0.036875 0.564852
v 0.000051 -0.016893 0.615611
v -0.031245 -0.022271 0.602972
v -0.039496 -0.026525 0.592301
v -0.042403 -0.028738 0.586281
v -0.04421 -0.039212 0.560392
v -0.045269 -0.036462 0.566855
v -0.044455 -0.038917 0.560114
v -0.035734 -0.024413 0.597929
v -0.039479 -0.044221 0.54816
v -0.04232 -0.041749 0.554119
v -0.044148 -0.031501 0.580001
v -0.045258 -0.03386 0.573415
v -0.043834 -0.040248 0.56088
v -0.044786 -0.037546 0.567316
v -0.044801 -0.034832 0.573765
v -0.041995 -0.029659 0.586475
v -0.039298 -0.044693 0.548444
v -0.042105 -0.042217 0.554383
v -0.042168 -0.029168 0.586362
v -0.043923 -0.031997 0.580147
v -0.043953 -0.039745 0.560656
v -0.044959 -0.036983 0.567082
v -0.044978 -0.034332 0.573581
v -0.032115 -0.048628 0.538891
v -0.04199 -0.04272 0.554623
v 0.044772 -0.034935 0.573864
v 0.044793 -0.037515 0.567328
v 0.041977 -0.042981 0.554745
v 0.039236 -0.045309 0.548793
v 0.039249 -0.027053 0.592436
v 0.035651 -0.02474 0.597925
v 0.042044 -0.029449 0.586452
v 0.043913 -0.031978 0.580193
v 0.043872 -0.040087 0.560909
v 0.031259 -0.022351 0.602937
v 0.035777 -0.024358 0.597907
v -0.029312 -0.049099 0.535715
v -0.029218 -0.049635 0.536162
v -0.029157 -0.050098 0.536382
v -0.02566 -0.051413 0.53383
v -0.021868 -0.052241 0.531502
v -0.013634 -0.053477 0.528044
v -0.017887 -0.052911 0.529585
v -0.009238 -0.053875 0.526929
v -0.004776 -0.054118 0.52625
v -0.000245 -0.054075 0.525938
v 0.004202 -0.053985 0.526111
v 0.00875 -0.053894 0.526828
v 0.01316 -0.053529 0.5279
v 0.017427 -0.052994 0.529395
v 0.028836 -0.050563 0.536237
v 0.02882 -0.050134 0.53606
v 0.029064 -0.049239 0.535573
v 0.028874 -0.049666 0.535803
v 0.028734 -0.049174 0.535047
v 0.013249 -0.052567 0.527168
v 0.015721 -0.052163 0.527869
v 0.017534 -0.051994 0.528695
v 0.010921 -0.05275 0.526467
v 0.008836 -0.05297 0.526082
v 0.004355 -0.053183 0.52547
v 0.005939 -0.053124 0.525573
v -0.000211 -0.053262 0.525246
v 0.000899 -0.053275 0.525211
v -0.017885 -0.051974 0.528884
v -0.018666 -0.051679 0.529017
v -0.013805 -0.052459 0.527291
v -0.022015 -0.050983 0.530684
v -0.023131 -0.05075 0.531252
v -0.025913 -0.050072 0.533112
v -0.027221 -0.049651 0.533897
v -0.03103 -0.048364 0.537014
v 0.025328 -0.050704 0.533165
v 0.025281 -0.051167 0.533433
v 0.025277 -0.051506 0.53357
v -0.017886 -0.052375 0.529261
v -0.013681 -0.052769 0.527575
v -0.013645 -0.053158 0.527868
v -0.009256 -0.053202 0.526449
v -0.009247 -0.053563 0.526745
v -0.004749 -0.053696 0.525974
v 0.004336 -0.053399 0.525642
v 0.008798 -0.053402 0.526508
v -0.025711 -0.05059 0.533415
v -0.021939 -0.051453 0.531072
v -0.021874 -0.051896 0.531345
v 0.013182 -0.053005 0.527591
v -0.02566 -0.051051 0.53368
v 0.017467 -0.052459 0.529113
v 0.021589 -0.051269 0.530623
v 0.025475 -0.050192 0.532809
v 0.020444 -0.051333 0.529826
v 0.024707 -0.050356 0.532194
v 0.021543 -0.051534 0.530858
v 0.021472 -0.052317 0.53129
v 0.021478 -0.051975 0.531132
v -0.004499 -0.053184 0.52543
v -0.009131 -0.052921 0.526097
v 0.02434 -0.016503 0.610576
v 0.027249 -0.017444 0.608603
v 0.027457 -0.016817 0.608627
v 0.046391 -0.03003 0.576845
v 0.046675 -0.031531 0.57355
v 0.046801 -0.030833 0.573649
v 0.034568 -0.044724 0.538868
v 0.036641 -0.043972 0.541362
v 0.036609 -0.044497 0.541507
v -0.04681 -0.032758 0.570072
v -0.046666 -0.031532 0.573605
v -0.046884 -0.031035 0.572704
v 0.045217 -0.029742 0.580536
v 0.043423 -0.026983 0.586947
v 0.044864 -0.030119 0.580651
v 0.014822 -0.014051 0.615119
v 0.010019 -0.013537 0.616436
v 0.011045 -0.013959 0.616157
v -0.045858 -0.03558 0.567363
v 0.034116 -0.046674 0.539469
v 0.032631 -0.047184 0.537772
v 0.036441 -0.045441 0.542064
v 0.032458 -0.047671 0.538158
v 0.041662 -0.042226 0.551179
v 0.042949 -0.0275 0.587022
v 0.04012 -0.025014 0.593068
v 0.036475 -0.022686 0.598665
v 0.03186 -0.020612 0.603768
v 0.026535 -0.018803 0.608164
v 0.020578 -0.017334 0.611735
v 0.014078 -0.016241 0.614389
v 0.007179 -0.015564 0.616033
v 0.000107 -0.015331 0.616599
v -0.006957 -0.015513 0.616103
v -0.013899 -0.016185 0.614479
v -0.020455 -0.017255 0.611844
v -0.026446 -0.018748 0.608258
v -0.031785 -0.020583 0.60384
v -0.036391 -0.022623 0.598784
v -0.040158 -0.024987 0.593067
v -0.043001 -0.027497 0.586966
v -0.044871 -0.030132 0.580621
v -0.044898 -0.038298 0.560745
v -0.04406 -0.03963 0.5575
v -0.042978 -0.040946 0.554295
v -0.041642 -0.042243 0.551137
v -0.040072 -0.043495 0.548087
v -0.036259 -0.045846 0.542357
v -0.038278 -0.044696 0.54516
v -0.033999 -0.046937 0.53967
v -0.032476 -0.04759 0.53809
v -0.036441 -0.045436 0.542076
v -0.032564 -0.047371 0.537894
v -0.034255 -0.046066 0.539048
v -0.032687 -0.04684 0.537526
v -0.036495 -0.045125 0.541793
v -0.034273 -0.045103 0.538607
v -0.032714 -0.045519 0.536953
v -0.03429 -0.045534 0.538779
v -0.032719 -0.046253 0.5372
v -0.037993 -0.042411 0.543098
v -0.035962 -0.044012 0.540449
v -0.036585 -0.044018 0.541279
v -0.042162 -0.040448 0.550084
v -0.042094 -0.040128 0.549975
v -0.041332 -0.040756 0.548371
v -0.046273 -0.035099 0.56287
v -0.045505 -0.036341 0.559364
v -0.045623 -0.036527 0.559787
v -0.045137 -0.036979 0.557735
v -0.046711 -0.033817 0.566507
v -0.046638 -0.033688 0.565857
v -0.046886 -0.032439 0.56993
v -0.046846 -0.032979 0.567694
v -0.046871 -0.031932 0.570257
v -0.046488 -0.029714 0.576709
v -0.046486 -0.029411 0.576578
v -0.045167 -0.026875 0.58329
v -0.045923 -0.028069 0.579928
v -0.045923 -0.028369 0.580061
v -0.046329 -0.0288 0.578102
v -0.044067 -0.025422 0.586543
v -0.04405 -0.02572 0.586667
v -0.043358 -0.024596 0.588557
v -0.042754 -0.024446 0.589851
v -0.041333 -0.023102 0.592788
v -0.042798 -0.024146 0.589738
v -0.037583 -0.020923 0.598628
v -0.03859 -0.02113 0.597303
v -0.039457 -0.022018 0.595923
v -0.039989 -0.022081 0.59503
v -0.036905 -0.020197 0.599588
v -0.035235 -0.019779 0.601531
v -0.033402 -0.018721 0.603555
v -0.03018 -0.017809 0.606476
v -0.029649 -0.01728 0.606968
v -0.027339 -0.01693 0.608683
v -0.024331 -0.016139 0.610671
v -0.025714 -0.016136 0.609849
v -0.021378 -0.015432 0.612342
v -0.014412 -0.014335 0.615209
v -0.012722 -0.013783 0.615767
v -0.01756 -0.014725 0.614081
v -0.010869 -0.013942 0.616199
v -0.007903 -0.013384 0.616847
v -0.007268 -0.013661 0.616909
v 0.000068 -0.013416 0.617484
v -0.002764 -0.013144 0.617435
v 0.007449 -0.013671 0.616881
v 0.004996 -0.013213 0.617253
v 0.002318 -0.013156 0.617396
v 0.007604 -0.013381 0.616829
v 0.014399 -0.01455 0.615175
v 0.018096 -0.014813 0.613856
v 0.021294 -0.015517 0.612359
v 0.019092 -0.014712 0.613463
v 0.024444 -0.016168 0.610601
v 0.023372 -0.015565 0.611287
v 0.021356 -0.015168 0.612313
v 0.03027 -0.017838 0.606401
v 0.030904 -0.017727 0.605904
v 0.032888 -0.018789 0.604015
v 0.034076 -0.018896 0.602865
v 0.045106 -0.027027 0.583406
v 0.044716 -0.026093 0.584858
v 0.044058 -0.025729 0.586646
v 0.044096 -0.025428 0.586528
v 0.046717 -0.03 0.57511
v 0.046494 -0.029409 0.576584
v 0.046487 -0.029711 0.576717
v 0.045956 -0.028042 0.580122
v 0.046717 -0.033792 0.566568
v 0.046626 -0.033973 0.565222
v 0.046783 -0.032969 0.56772
v 0.046298 -0.035156 0.563185
v 0.046257 -0.034846 0.563056
v 0.044725 -0.037845 0.556523
v 0.044427 -0.037907 0.555467
v 0.045746 -0.036101 0.560132
v 0.043577 -0.039151 0.553289
v 0.043513 -0.038834 0.553174
v 0.035075 -0.044397 0.539454
v 0.036264 -0.045842 0.542365
v 0.038417 -0.044426 0.544967
v 0.040295 -0.043089 0.547821
v 0.040087 -0.043483 0.548114
v 0.038288 -0.04469 0.545174
v 0.041817 -0.041965 0.550986
v 0.043232 -0.040547 0.554051
v 0.042987 -0.040936 0.554319
v 0.044247 -0.039364 0.557348
v 0.045185 -0.037897 0.560545
v 0.044905 -0.038284 0.560779
v 0.045709 -0.036665 0.563949
v 0.046172 -0.03517 0.567229
v 0.045506 -0.036922 0.564096
v 0.04618 -0.033981 0.570608
v 0.046177 -0.032444 0.57391
v 0.045844 -0.032829 0.574057
v 0.040544 -0.024552 0.593071
v -0.038408 -0.044432 0.544953
v -0.040279 -0.043099 0.547792
v -0.040406 -0.042732 0.547548
v -0.043212 -0.040566 0.553993
v -0.041798 -0.041982 0.550945
v -0.044241 -0.039372 0.557328
v -0.045177 -0.03791 0.56051
v -0.032099 -0.020188 0.603976
v 0.000132 -0.014905 0.616915
v 0.007285 -0.015134 0.616341
v 0.014259 -0.015809 0.614672
v 0.020825 -0.016901 0.611978
v 0.026931 -0.018237 0.608405
v 0.032198 -0.020192 0.603901
v -0.045211 -0.029766 0.580516
v -0.045844 -0.03283 0.574054
v -0.046176 -0.032444 0.573918
v -0.04618 -0.033969 0.570646
v -0.046167 -0.035193 0.567168
v -0.0457 -0.036691 0.563886
v -0.020977 -0.01611 0.612323
v -0.01779 -0.015177 0.613893
v -0.014459 -0.01486 0.61507
v -0.02715 -0.017417 0.608672
v -0.03006 -0.01814 0.606478
v -0.032624 -0.019242 0.604107
v -0.035107 -0.020107 0.601562
v -0.037213 -0.021347 0.598915
v -0.024228 -0.016474 0.610646
v -0.032464 -0.019568 0.60409
v -0.043855 -0.026183 0.586841
v -0.042631 -0.024768 0.589936
v -0.040992 -0.023684 0.593098
v -0.045562 -0.036991 0.560083
v -0.046232 -0.035502 0.563272
v -0.046608 -0.034279 0.566796
v -0.044999 -0.027354 0.583496
v -0.046392 -0.030033 0.576837
v -0.045762 -0.028839 0.580231
v -0.036903 -0.021975 0.598872
v -0.043418 -0.026948 0.586977
v -0.040678 -0.024304 0.593109
v -0.043657 -0.026588 0.586904
v -0.045568 -0.029236 0.580366
v -0.044684 -0.038175 0.556657
v -0.044719 -0.037853 0.556503
v -0.042148 -0.040773 0.550235
v -0.043523 -0.039639 0.553491
v -0.043464 -0.039053 0.552914
v -0.046373 -0.032157 0.573785
v -0.038669 -0.043209 0.544228
v -0.040524 -0.042166 0.547269
v -0.040524 -0.04169 0.547018
v -0.038719 -0.042723 0.544124
v -0.036607 -0.044502 0.541506
v -0.043432 -0.04004 0.553708
v -0.045331 -0.037621 0.56034
v -0.046343 -0.034906 0.567019
v 0.03691 -0.022043 0.598821
v -0.00713 -0.014823 0.616538
v -0.014145 -0.015491 0.614887
v -0.020798 -0.016589 0.612178
v -0.026895 -0.018052 0.608529
v 0.00007 -0.014114 0.61731
v 0.007356 -0.014513 0.616655
v 0.014357 -0.015139 0.614992
v 0.021046 -0.016182 0.612268
v 0.032517 -0.019645 0.604011
v 0.034311 -0.045543 0.538807
v 0.03273 -0.045971 0.537096
v 0.032686 -0.045425 0.536924
v 0.007414 -0.014013 0.616811
v 0.017947 -0.015203 0.613828
v 0.043865 -0.026195 0.586822
v 0.044994 -0.027347 0.583515
v 0.045758 -0.028825 0.580259
v 0.032708 -0.046617 0.53739
v 0.038678 -0.043204 0.544242
v 0.038675 -0.042874 0.544098
v 0.037902 -0.042985 0.542928
v 0.03884 -0.042409 0.544348
v 0.042168 -0.040757 0.550277
v 0.040544 -0.042157 0.547294
v 0.040455 -0.041553 0.546835
v 0.042182 -0.040431 0.550125
v 0.042631 -0.039748 0.550972
v 0.04469 -0.038167 0.556677
v 0.043549 -0.039622 0.553549
v 0.046242 -0.035476 0.563336
v 0.045562 -0.036979 0.560061
v 0.046002 -0.03545 0.561557
v 0.04681 -0.032749 0.570095
v 0.046613 -0.034255 0.566799
v 0.046927 -0.032119 0.570121
v 0.034223 -0.046085 0.539024
v 0.03652 -0.045112 0.541822
v 0.040399 -0.042795 0.547624
v 0.032682 -0.046883 0.537576
v 0.046389 -0.034808 0.567045
v 0.045374 -0.037535 0.560333
v 0.043362 -0.040254 0.553864
v 0.046419 -0.032083 0.57376
v 0.045561 -0.029222 0.580397
v 0.042649 -0.024784 0.589896
v 0.042728 -0.024404 0.589909
v 0.043181 -0.024445 0.588989
v 0.039346 -0.022354 0.595954
v 0.041048 -0.023696 0.593009
v 0.041035 -0.022806 0.593361
v 0.03939 -0.021957 0.596018
v 0.035163 -0.020134 0.601496
v 0.037272 -0.021364 0.598844
v 0.037311 -0.02055 0.599054
v 0.035291 -0.019806 0.601465
v 0.03015 -0.01817 0.606403
v 0.032704 -0.019271 0.604031
v 0.040835 -0.024101 0.593054
v 0.045684 -0.031226 0.577346
v 0.038295 -0.020962 0.597724
v -0.007217 -0.014083 0.616822
v -0.039328 -0.022343 0.595982
v -0.029408 -0.046928 0.534087
v -0.029426 -0.048097 0.534643
v -0.029286 -0.048754 0.535135
v -0.025708 -0.049841 0.532503
v -0.021871 -0.050777 0.53022
v -0.017754 -0.051547 0.528277
v -0.01347 -0.052128 0.526742
v -0.009122 -0.052543 0.525654
v -0.004571 -0.052935 0.525122
v -0.000014 -0.053025 0.524902
v 0.004521 -0.052936 0.525118
v 0.009032 -0.052669 0.525768
v 0.013459 -0.052225 0.526846
v 0.017715 -0.051611 0.528334
v 0.021793 -0.050828 0.53023
v 0.025655 -0.049886 0.532516
v 0.029287 -0.048685 0.535055
v 0.029409 -0.048034 0.534582
v 0.029411 -0.046927 0.534088
v 0.028765 -0.04679 0.533521
v 0.030935 -0.046035 0.535404
v 0.024894 -0.047868 0.53082
v 0.025904 -0.04803 0.531536
v 0.021995 -0.048911 0.529203
v 0.021629 -0.048494 0.528988
v 0.017932 -0.049608 0.527278
v 0.020769 -0.04871 0.528508
v 0.013614 -0.050198 0.525734
v 0.016187 -0.049425 0.526537
v 0.009071 -0.050116 0.524597
v 0.011683 -0.049935 0.525133
v 0.009102 -0.050519 0.524594
v 0.006989 -0.050265 0.524171
v 0.004558 -0.050757 0.523921
v 0.004209 -0.05011 0.523921
v -0.000014 -0.050836 0.523696
v 0.000028 -0.050341 0.523627
v 0.001884 -0.050297 0.523665
v -0.005106 -0.050361 0.523927
v -0.004608 -0.050755 0.523925
v -0.013578 -0.050117 0.525715
v -0.014859 -0.049603 0.526074
v -0.009164 -0.050514 0.524607
v -0.009945 -0.050088 0.52472
v -0.017854 -0.04956 0.527239
v -0.019402 -0.048946 0.527866
v -0.020132 -0.048811 0.528231
v -0.021975 -0.048834 0.52918
v -0.023255 -0.04819 0.52984
v -0.02583 -0.047955 0.531473
v -0.025159 -0.047784 0.531064
v -0.02941 -0.046552 0.534111
v -0.027758 -0.047088 0.532762
v -0.031556 -0.045855 0.535864
v 0.025835 -0.048825 0.531791
v 0.025761 -0.049463 0.532172
v 0.021952 -0.049738 0.529479
v 0.021887 -0.050394 0.52987
v 0.017852 -0.05049 0.527549
v 0.017796 -0.051167 0.527954
v 0.01357 -0.051077 0.526025
v 0.013525 -0.051771 0.526445
v 0.009106 -0.051685 0.525016
v 0.009078 -0.05221 0.525351
v 0.00456 -0.051942 0.524346
v 0.004545 -0.052474 0.524689
v -0.000014 -0.052027 0.524124
v -0.000015 -0.052562 0.52447
v -0.00461 -0.05194 0.524351
v -0.004596 -0.052473 0.524695
v -0.009162 -0.051865 0.525129
v -0.013577 -0.051436 0.52623
v -0.017855 -0.050839 0.527749
v -0.021975 -0.05007 0.529687
v -0.025827 -0.049151 0.531985
v 0.029432 -0.047381 0.534245
v 0.009114 -0.051117 0.524755
v -0.029462 -0.047466 0.534307
v -0.02586 -0.048485 0.531652
v -0.022003 -0.049382 0.52935
v -0.017878 -0.050127 0.527404
v -0.013597 -0.050704 0.525878
v -0.009176 -0.051114 0.524768
v -0.004614 -0.051365 0.524086
v -0.000014 -0.051449 0.523857
v 0.004564 -0.051365 0.524081
v -0.006662 -0.04999 0.524097
v -0.004547 -0.050066 0.523907
v 0.007154 -0.012391 0.61697
v 0.008742 -0.012515 0.616779
v 0.012842 -0.012969 0.615677
v 0.015805 -0.012909 0.614887
v 0.018004 -0.0137 0.613871
v 0.020076 -0.014073 0.612955
v 0.022275 -0.014468 0.611983
v 0.022982 -0.014675 0.61153
v 0.02759 -0.015857 0.608571
v 0.028333 -0.016051 0.608094
v 0.031699 -0.017262 0.605102
v 0.033974 -0.018091 0.603073
v 0.036775 -0.019403 0.599854
v 0.037998 -0.020107 0.598046
v 0.041051 -0.022008 0.593458
v 0.042176 -0.023015 0.590966
v 0.044337 -0.024961 0.586144
v 0.045887 -0.027408 0.580119
v 0.046343 -0.028132 0.578321
v 0.046688 -0.029928 0.573898
v 0.046979 -0.031458 0.570117
v 0.046742 -0.032424 0.567729
v 0.046463 -0.033543 0.564957
v 0.046132 -0.03484 0.561731
v 0.045814 -0.035295 0.560621
v 0.044332 -0.037379 0.555443
v 0.04382 -0.038105 0.553659
v 0.043078 -0.03871 0.552157
v 0.041557 -0.039966 0.549076
v 0.040097 -0.041137 0.546121
v 0.038768 -0.041862 0.544322
v 0.03517 -0.043816 0.539462
v 0.031472 -0.045221 0.535893
v 0.029602 -0.045966 0.534121
v 0.023168 -0.047705 0.529728
v 0.021452 -0.048051 0.528935
v 0.016117 -0.049048 0.526475
v 0.011022 -0.049585 0.525055
v 0.008793 -0.04986 0.524466
v -0.001675 -0.050169 0.52365
v -0.015081 -0.04916 0.526165
v -0.011418 -0.049581 0.525028
v -0.020918 -0.048167 0.528537
v -0.016379 -0.048998 0.526569
v -0.025229 -0.047168 0.530969
v -0.031888 -0.045136 0.536189
v -0.029353 -0.04602 0.533914
v -0.033285 -0.04464 0.537458
v -0.036608 -0.043138 0.54116
v -0.039568 -0.04148 0.545277
v -0.040951 -0.040513 0.547723
v -0.043692 -0.038182 0.553467
v -0.042504 -0.038953 0.550521
v -0.044158 -0.037719 0.554564
v -0.045622 -0.035781 0.559395
v -0.046579 -0.033712 0.56446
v -0.046836 -0.032358 0.567893
v -0.046975 -0.031558 0.569853
v -0.046882 -0.030577 0.572297
v -0.046777 -0.029487 0.574992
v -0.046493 -0.02872 0.576887
v -0.04524 -0.026239 0.583012
v -0.046 -0.027393 0.580163
v -0.044631 -0.025314 0.585294
v -0.043109 -0.023728 0.589184
v -0.042725 -0.02334 0.59016
v -0.040366 -0.021432 0.594669
v -0.038607 -0.020457 0.597261
v -0.037211 -0.019635 0.599285
v -0.033853 -0.01807 0.603196
v -0.030209 -0.016655 0.606603
v -0.025859 -0.014993 0.609865
v -0.021657 -0.014009 0.612333
v -0.01707 -0.01318 0.614413
v -0.012306 -0.012591 0.615979
v 0.001656 -0.011966 0.617595
v -0.000042 -0.012179 0.617602
v -0.002289 -0.012161 0.617545
v -0.007243 -0.012409 0.617037
v -0.007958 -0.012019 0.616932
v 0.000015 -0.011307 0.617602
v -0.004444 -0.011396 0.617389
v -0.003232 -0.011786 0.617508
v -0.042118 -0.038649 0.549784
v -0.0396 -0.040496 0.545327
v -0.040419 -0.040437 0.546615
v -0.014594 -0.048343 0.525991
v -0.010939 -0.048917 0.524898
v -0.01571 -0.048455 0.526303
v -0.024162 -0.046622 0.53031
v -0.019981 -0.047706 0.528059
v -0.024399 -0.04698 0.530432
v -0.028261 -0.045924 0.533049
v -0.028394 -0.045428 0.533173
v -0.03179 -0.044663 0.535976
v -0.037028 -0.041963 0.54169
v -0.033803 -0.043442 0.537977
v -0.035086 -0.043385 0.539328
v -0.037936 -0.041959 0.542856
v -0.037787 -0.041517 0.542764
v -0.044918 -0.035731 0.557021
v -0.043972 -0.036955 0.554062
v -0.044245 -0.037157 0.554737
v -0.046916 -0.031921 0.567689
v -0.046912 -0.031313 0.567999
v -0.046384 -0.033244 0.563142
v -0.046429 -0.033703 0.563278
v -0.045474 -0.035253 0.558716
v -0.046983 -0.030138 0.572102
v -0.046934 -0.029332 0.572803
v -0.046446 -0.02737 0.577686
v -0.04671 -0.028425 0.575074
v -0.046636 -0.028368 0.576481
v -0.04588 -0.026609 0.580831
v -0.045848 -0.02618 0.580631
v -0.044707 -0.02487 0.585134
v -0.045524 -0.025536 0.582225
v -0.043132 -0.023186 0.589301
v -0.043677 -0.023282 0.587816
v -0.044057 -0.02364 0.58694
v -0.042018 -0.021769 0.591631
v -0.041158 -0.021563 0.593315
v -0.03878 -0.020003 0.597174
v -0.039776 -0.020138 0.595617
v -0.036997 -0.018546 0.599574
v -0.038497 -0.019397 0.597434
v -0.034653 -0.017459 0.602278
v -0.036063 -0.018113 0.600652
v -0.036023 -0.018533 0.600811
v -0.029432 -0.015926 0.607263
v -0.029808 -0.015603 0.606936
v -0.03291 -0.017173 0.604178
v -0.033439 -0.016934 0.603637
v -0.025722 -0.014384 0.609931
v -0.024443 -0.014085 0.610677
v -0.021489 -0.013407 0.612398
v -0.017304 -0.012631 0.614299
v -0.012992 -0.012051 0.615769
v -0.008864 -0.011629 0.616753
v 0.001593 -0.011339 0.617576
v -0.006518 -0.049386 0.524056
v -0.009353 -0.048906 0.524611
v -0.001699 -0.049544 0.523633
v 0.042921 -0.037956 0.551491
v 0.044752 -0.036026 0.55631
v 0.044595 -0.036577 0.556163
v 0.009252 -0.048929 0.524547
v 0.013825 -0.048466 0.525702
v 0.012678 -0.049038 0.525344
v 0.035021 -0.042931 0.539286
v 0.03595 -0.042931 0.540496
v 0.033863 -0.043445 0.538039
v 0.032914 -0.044307 0.537048
v 0.030735 -0.044634 0.535073
v 0.029453 -0.045549 0.533974
v 0.02565 -0.046663 0.531221
v 0.026812 -0.045878 0.532028
v 0.022808 -0.0469 0.529532
v 0.017241 -0.048418 0.526877
v 0.018574 -0.047752 0.527448
v 0.021565 -0.047624 0.528842
v 0.003257 -0.049666 0.523713
v 0.004619 -0.049205 0.523848
v 0.007971 -0.049466 0.524284
v 0.007927 -0.049015 0.524342
v 0 -0.049309 0.52362
v 0.016351 -0.012514 0.614664
v 0.011243 -0.012294 0.616254
v 0.011658 -0.011922 0.61613
v 0.02022 -0.013588 0.613049
v 0.020497 -0.01324 0.612891
v 0.028262 -0.015557 0.608173
v 0.028339 -0.015081 0.608087
v 0.024399 -0.014501 0.610788
v 0.024747 -0.014135 0.610552
v 0.033844 -0.017082 0.603207
v 0.031081 -0.016049 0.60586
v 0.031816 -0.016753 0.605217
v 0.034628 -0.017494 0.602309
v 0.035062 -0.018085 0.601922
v 0.037936 -0.019522 0.598366
v 0.037475 -0.018889 0.598962
v 0.044234 -0.024311 0.586518
v 0.044434 -0.024062 0.585882
v 0.043442 -0.023066 0.58835
v 0.042649 -0.022269 0.590325
v 0.042516 -0.022635 0.590662
v 0.040417 -0.021035 0.594611
v 0.040932 -0.020974 0.593536
v 0.040092 -0.020341 0.595107
v 0.045538 -0.02603 0.582264
v 0.045336 -0.025331 0.582735
v 0.04639 -0.027343 0.577752
v 0.04576 -0.025928 0.581256
v 0.046976 -0.029942 0.571394
v 0.046832 -0.029108 0.573382
v 0.046911 -0.029539 0.573583
v 0.046592 -0.027801 0.576631
v 0.046427 -0.027773 0.577953
v 0.046488 -0.033098 0.564756
v 0.046764 -0.032062 0.566156
v 0.046876 -0.03133 0.569155
v 0.046883 -0.030898 0.568956
v 0.046054 -0.034 0.561336
v 0.045217 -0.035295 0.558098
v 0.045776 -0.034859 0.56043
v 0.040483 -0.039887 0.546764
v 0.041013 -0.039472 0.54779
v 0.041038 -0.0399 0.547966
v 0.043036 -0.038278 0.551976
v 0.038004 -0.041418 0.54299
v 0.038689 -0.041451 0.544144
v 0.038651 -0.041025 0.543972
v 0.006506 -0.011924 0.617167
v 0.006661 -0.011508 0.617125
v 0 -0.048221 0.523715
v -0.00711 -0.048013 0.52426
v -0.009438 -0.04779 0.524798
v -0.014164 -0.047315 0.525916
v -0.018663 -0.046627 0.527722
v -0.02088 -0.046272 0.528616
v -0.022855 -0.045803 0.529796
v -0.024618 -0.045384 0.53085
v -0.033399 -0.042642 0.537749
v -0.032956 -0.042846 0.537235
v -0.026917 -0.044788 0.532227
v -0.030466 -0.043674 0.535152
v -0.036818 -0.041064 0.541718
v -0.037894 -0.040568 0.542966
v -0.039617 -0.039445 0.545773
v -0.041957 -0.037921 0.549626
v -0.043265 -0.036631 0.552873
v -0.045025 -0.034712 0.557567
v -0.044904 -0.034983 0.55702
v -0.046189 -0.032677 0.562831
v -0.046463 -0.032183 0.564067
v -0.046582 -0.03128 0.566342
v -0.046713 -0.030291 0.568832
v -0.045553 -0.025231 0.581575
v -0.045852 -0.025608 0.580623
v -0.045977 -0.025908 0.579701
v -0.046543 -0.027784 0.575146
v -0.046888 -0.028906 0.57234
v -0.043606 -0.02276 0.587797
v -0.043351 -0.022437 0.588611
v -0.041119 -0.020698 0.592992
v -0.040037 -0.01986 0.595116
v -0.036804 -0.018102 0.599515
v -0.035189 -0.017245 0.60169
v -0.034613 -0.017028 0.602238
v -0.033506 -0.016609 0.603293
v -0.02928 -0.015021 0.607308
v -0.026604 -0.014302 0.609108
v -0.024382 -0.01371 0.6106
v -0.022818 -0.013183 0.611622
v -0.01651 -0.012146 0.614571
v -0.014079 -0.011797 0.615407
v -0.009165 -0.01129 0.616662
v -0.004099 -0.011016 0.617388
v 0.000034 -0.010914 0.617565
v 0.004986 -0.011023 0.617301
v 0.006503 -0.011147 0.617059
v 0.009801 -0.011314 0.616526
v 0.011805 -0.01157 0.615994
v 0.014323 -0.011738 0.615319
v 0.016977 -0.012235 0.614318
v 0.019576 -0.012646 0.613289
v 0.024013 -0.013574 0.610954
v 0.028199 -0.014684 0.608149
v 0.031149 -0.015664 0.605675
v 0.032098 -0.015981 0.604876
v 0.03422 -0.016857 0.602664
v 0.038688 -0.019028 0.597198
v 0.037561 -0.018429 0.598687
v 0.035604 -0.017435 0.601212
v 0.039514 -0.019567 0.595841
v 0.041297 -0.020741 0.592897
v 0.041785 -0.021128 0.591908
v 0.043586 -0.022649 0.588028
v 0.045315 -0.024771 0.582732
v 0.045116 -0.024366 0.58352
v 0.04631 -0.026585 0.578171
v 0.046446 -0.02706 0.576966
v 0.046672 -0.027908 0.574832
v 0.04687 -0.028652 0.572959
v 0.046856 -0.029574 0.570637
v 0.046599 -0.031547 0.565657
v 0.046838 -0.030721 0.56775
v 0.046208 -0.03281 0.56247
v 0.044993 -0.034824 0.557345
v 0.043325 -0.036719 0.552631
v 0.040931 -0.038691 0.547708
v 0.037627 -0.040685 0.542671
v 0.038139 -0.040434 0.543313
v 0.034872 -0.042046 0.539242
v 0.031153 -0.043518 0.535546
v 0.026873 -0.044828 0.532185
v 0.022664 -0.045848 0.529561
v 0.018356 -0.046631 0.527471
v 0.013946 -0.047308 0.525847
v 0.009664 -0.047771 0.524851
v 0.007052 -0.048008 0.524251
v 0.004599 -0.048082 0.524064
v -0.01412 -0.011145 0.614316
v -0.02251 -0.012593 0.610739
v -0.018354 -0.011759 0.612835
v -0.026564 -0.014085 0.609271
v -0.03039 -0.015202 0.606363
v -0.030352 -0.015287 0.606352
v 0.013838 -0.04672 0.526267
v 0.013805 -0.046864 0.526054
v 0.009342 -0.047241 0.525004
v -0.041476 -0.037563 0.549243
v -0.039184 -0.039051 0.545423
v -0.039354 -0.039247 0.545338
v -0.036573 -0.040534 0.541744
v -0.036723 -0.040725 0.541647
v -0.033658 -0.04195 0.538298
v -0.034681 -0.04128 0.539733
v -0.030188 -0.043113 0.535224
v -0.022597 -0.045246 0.529953
v -0.02642 -0.044247 0.532394
v -0.01841 -0.046088 0.527862
v -0.022686 -0.012715 0.611352
v -0.018465 -0.011875 0.61343
v -0.022593 -0.012588 0.611111
v -0.026626 -0.013698 0.608899
v -0.026515 -0.013571 0.60867
v -0.030322 -0.014881 0.606148
v -0.030159 -0.0147 0.605867
v -0.033653 -0.016096 0.602915
v -0.033513 -0.015969 0.602715
v -0.036645 -0.017472 0.599484
v -0.036492 -0.017345 0.5993
v -0.03926 -0.01894 0.595822
v -0.039098 -0.018813 0.595656
v -0.041507 -0.020499 0.591935
v -0.041337 -0.020372 0.591786
v -0.043374 -0.022139 0.587846
v -0.043197 -0.022011 0.587716
v -0.044819 -0.023821 0.583654
v -0.044638 -0.023693 0.583541
v -0.045957 -0.025644 0.579434
v -0.045672 -0.025412 0.579275
v -0.046587 -0.027399 0.57505
v -0.0463 -0.027168 0.574918
v -0.046802 -0.029174 0.570613
v -0.046516 -0.028944 0.57051
v -0.046596 -0.030936 0.56621
v -0.046313 -0.030708 0.566135
v -0.045975 -0.032684 0.561844
v -0.045698 -0.032456 0.561795
v -0.044698 -0.034208 0.55749
v -0.043443 -0.036057 0.553294
v -0.043222 -0.035877 0.553297
v -0.038927 -0.038979 0.545433
v -0.013981 -0.011211 0.615096
v -0.013927 -0.011072 0.614711
v -0.018372 -0.011748 0.613135
v -0.026742 -0.044446 0.532268
v -0.022825 -0.04546 0.529786
v -0.045465 -0.03237 0.561807
v -0.046036 -0.030631 0.566092
v -0.044382 -0.034132 0.557428
v -0.02639 -0.013569 0.608331
v -0.029994 -0.01469 0.605555
v -0.033318 -0.015953 0.602429
v -0.036277 -0.017322 0.59904
v -0.038861 -0.018783 0.595423
v -0.041337 -0.020565 0.590997
v -0.042962 -0.021968 0.58756
v -0.044374 -0.023661 0.583345
v -0.045402 -0.025366 0.579129
v -0.046032 -0.027112 0.574808
v -0.046243 -0.028881 0.570427
v -0.042984 -0.035775 0.553362
v -0.041219 -0.037396 0.549357
v -0.0467 -0.031107 0.566457
v -0.046892 -0.029407 0.570744
v -0.046661 -0.027616 0.575227
v -0.04607 -0.032911 0.56191
v -0.04352 -0.022511 0.588116
v -0.044974 -0.02417 0.58388
v -0.041625 -0.02086 0.592217
v -0.039328 -0.019301 0.59617
v -0.036818 -0.017905 0.599666
v -0.033667 -0.01646 0.603272
v -0.046046 -0.025882 0.579545
v -0.018489 -0.012364 0.613705
v -0.018504 -0.012283 0.613735
v -0.014054 -0.011581 0.61537
v -0.026699 -0.013894 0.609086
v -0.033747 -0.016286 0.603085
v -0.022748 -0.012913 0.611546
v -0.036748 -0.017659 0.599643
v -0.039372 -0.019124 0.595971
v -0.041627 -0.02068 0.592072
v -0.0435 -0.022317 0.587971
v -0.04495 -0.023996 0.583765
v -0.018503 -0.012089 0.613632
v 0.004604 -0.047995 0.524031
v -0.004946 -0.047983 0.524064
v -0.009628 -0.047685 0.524807
v -0.000075 -0.048046 0.523754
v 0.013825 -0.047126 0.525863
v 0.009285 -0.047717 0.524732
v 0.009251 -0.047607 0.524688
v 0.00461 -0.047892 0.523989
v -0.009638 -0.047583 0.524763
v -0.014164 -0.047088 0.525965
v -0.004971 -0.047874 0.524027
v -0.030525 -0.043604 0.535018
v -0.039506 -0.039491 0.545361
v -0.036852 -0.040982 0.541622
v -0.043559 -0.036343 0.553363
v -0.041731 -0.037976 0.54923
v -0.026832 -0.044744 0.532166
v -0.022889 -0.045736 0.529695
v -0.033815 -0.042209 0.5382
v -0.033872 -0.042362 0.538206
v -0.04169 -0.037788 0.549258
v -0.043599 -0.036311 0.553334
v -0.045043 -0.03463 0.557561
v -0.000154 -0.04786 0.523836
v -0.018712 -0.046559 0.527622
v -0.018617 -0.046308 0.527702
v -0.030411 -0.043336 0.535092
v -0.044932 -0.034417 0.557523
v -0.013981 -0.046743 0.526226
v -0.009445 -0.047229 0.525031
v -0.004801 -0.04752 0.524308
v -0.000063 -0.047623 0.524055
v 0.004654 -0.047527 0.524292
v 0.026469 -0.013593 0.608269
v 0.018327 -0.01176 0.612804
v 0.022632 -0.012589 0.610835
v -0.009229 -0.010606 0.615664
v -0.009317 -0.010604 0.615968
v 0.036663 -0.041144 0.541367
v 0.039323 -0.039678 0.545051
v 0.046922 -0.029608 0.570354
v 0.046682 -0.031347 0.565919
v 0.046737 -0.027846 0.574778
v 0.046128 -0.026081 0.579214
v 0.041854 -0.021055 0.591846
v 0.039601 -0.019489 0.595804
v 0.036949 -0.018011 0.599552
v 0.033996 -0.016638 0.602983
v 0.030628 -0.015362 0.606187
v 0.026917 -0.014234 0.609067
v 0.022958 -0.013246 0.611555
v 0.018719 -0.012386 0.613665
v -0.004645 -0.010919 0.617323
v -0.004619 -0.010324 0.616733
v -0.004645 -0.010323 0.616367
v 0.000046 -0.010227 0.616601
v 0.009428 -0.010622 0.615626
v 0.00476 -0.010327 0.616356
v 0.004871 -0.010322 0.61661
v 0.000125 -0.010219 0.616867
v -0.009359 -0.010727 0.616276
v 0.013944 -0.011099 0.614444
v 0.014129 -0.011106 0.614665
v 0.009575 -0.010622 0.615867
v 0.004893 -0.010385 0.616846
v 0.000125 -0.010282 0.617105
v -0.004633 -0.010479 0.617042
v 0.018532 -0.011773 0.613011
v 0.014191 -0.011171 0.614891
v 0.009618 -0.010686 0.616099
v 0.030368 -0.014773 0.605751
v 0.03371 -0.016052 0.602575
v 0.033411 -0.015992 0.602331
v 0.036355 -0.017363 0.598937
v 0.036675 -0.017435 0.599138
v 0.038956 -0.018839 0.59529
v 0.018614 -0.011839 0.613228
v 0.022838 -0.012684 0.611126
v 0.026721 -0.013633 0.608585
v 0.030097 -0.014726 0.605468
v 0.033435 -0.042129 0.537981
v 0.030194 -0.043521 0.534819
v 0.029995 -0.043175 0.535068
v 0.036429 -0.040761 0.541378
v 0.036229 -0.04054 0.541578
v 0.038814 -0.039132 0.545077
v 0.01829 -0.046365 0.527562
v 0.018237 -0.046144 0.527756
v 0.022439 -0.045449 0.529663
v 0.026481 -0.044657 0.531992
v 0.026358 -0.044302 0.532279
v 0.046517 -0.029071 0.570198
v 0.046218 -0.0308 0.565822
v 0.046243 -0.028966 0.570218
v 0.046333 -0.027305 0.574578
v 0.046011 -0.027135 0.57474
v 0.045732 -0.02554 0.57896
v 0.045477 -0.025463 0.578907
v 0.044719 -0.023805 0.583264
v 0.044408 -0.0237 0.583251
v 0.043304 -0.02212 0.587449
v 0.042995 -0.022029 0.587388
v 0.04148 -0.020483 0.591512
v 0.041176 -0.020405 0.591409
v 0.039246 -0.018906 0.595425
v 0.045461 -0.03251 0.561489
v 0.045988 -0.030747 0.565805
v 0.044412 -0.03413 0.55743
v 0.033279 -0.041901 0.53821
v 0.02239 -0.045264 0.529882
v 0.04296 -0.035914 0.553059
v 0.041122 -0.037547 0.549007
v 0.046002 -0.033105 0.561567
v 0.046003 -0.033037 0.561514
v 0.044894 -0.034707 0.557134
v 0.033603 -0.042363 0.537947
v 0.036606 -0.041001 0.541355
v 0.033656 -0.042504 0.537951
v 0.030293 -0.043753 0.534812
v 0.041555 -0.037971 0.548943
v 0.039264 -0.039532 0.545032
v 0.041396 -0.037763 0.548926
v 0.04333 -0.036214 0.552968
v 0.022531 -0.045658 0.529555
v 0.046778 -0.02928 0.570274
v 0.046492 -0.030988 0.565858
v 0.046597 -0.027516 0.574679
v 0.045996 -0.025751 0.579086
v 0.044981 -0.024018 0.583416
v 0.043489 -0.022256 0.587557
v 0.04173 -0.020697 0.591716
v 0.039486 -0.019121 0.595654
v 0.039116 -0.03932 0.545041
v 0.043168 -0.036041 0.552991
v 0.045726 -0.032652 0.561458
v 0.04466 -0.034382 0.557158
v 0.043466 -0.03642 0.553016
v 0.041614 -0.038118 0.54897
v -0.009386 -0.011015 0.616533
v 0.000129 -0.010645 0.61749
v 0.004921 -0.010749 0.617231
v 0.009671 -0.011048 0.616479
v 0.02296 -0.013038 0.611478
v 0.026917 -0.014029 0.608988
v 0.036937 -0.017819 0.599469
v 0.04363 -0.022464 0.587702
v 0.045898 -0.032838 0.56148
v -0.004641 -0.010662 0.617206
v 0.000129 -0.010421 0.617312
v 0.004912 -0.010525 0.617053
v 0.009653 -0.010825 0.616302
v 0.014252 -0.011374 0.615159
v 0.022915 -0.012822 0.611309
v 0.018694 -0.012041 0.613489
v 0.026863 -0.013816 0.608823
v 0.030554 -0.015018 0.606035
v 0.036856 -0.017618 0.599322
v 0.033912 -0.016295 0.602838
v -0.000431 -0.012141 0.615384
v -0.000479 -0.011301 0.616002
v -0.000431 -0.011222 0.616022
v -0.000491 -0.012142 0.615435
v -0.0005 -0.011469 0.615942
v -0.000491 -0.048331 0.525811
v -0.000493 -0.047941 0.525255
v -0.000508 -0.048011 0.525275
v -0.000426 -0.048289 0.525836
v -0.000442 -0.047874 0.525239
v -0.000429 -0.048329 0.525863
v 0.00043 -0.048311 0.525858
v 0.000436 -0.047869 0.525236
v 0.000489 -0.047944 0.525266
v 0.000477 -0.048329 0.525831
v 0.000498 -0.048354 0.525789
v 0.000508 -0.048006 0.525273
v 0.000491 -0.01216 0.615427
v 0.000472 -0.011299 0.615999
v 0.0005 -0.011476 0.61594
v 0.00043 -0.012138 0.615385
v 0.000405 -0.011213 0.616024
v -0.043817 -0.023801 0.582991
v -0.042534 -0.02214 0.587109
v -0.040673 -0.020533 0.591079
v -0.034819 -0.016855 0.600182
v 0.016338 -0.046103 0.52779
v 0.009553 -0.046882 0.525889
v 0.005026 -0.047159 0.525189
v 0.000234 -0.047287 0.524889
v 0.026185 -0.043921 0.533207
v 0.022505 -0.0449 0.530778
v -0.029773 -0.014851 0.605149
v -0.026245 -0.013785 0.60778
v -0.006655 -0.047128 0.525254
v 0.042532 -0.035538 0.553958
v 0.040623 -0.037215 0.549825
v 0.034785 -0.040841 0.540814
v 0.029887 -0.042781 0.536055
v 0.038532 -0.038711 0.546106
v -0.017751 -0.045825 0.528503
v -0.013405 -0.046477 0.526886
v -0.022528 -0.012791 0.610249
v -0.013922 -0.011294 0.613959
v -0.009589 -0.010823 0.615138
v -0.004942 -0.010523 0.615866
v -0.000287 -0.010374 0.616227
v 0.004382 -0.010498 0.615925
v 0.006695 -0.01056 0.615764
v -0.04534 -0.030714 0.56588
v -0.045694 -0.028978 0.57018
v -0.045384 -0.027242 0.574472
v -0.044919 -0.025497 0.578798
v -0.044774 -0.032433 0.561646
v -0.043684 -0.03414 0.557441
v 0.045382 -0.030452 0.566527
v 0.045694 -0.028715 0.57083
v 0.044939 -0.032178 0.562258
v 0.043817 -0.033877 0.55805
v -0.025627 -0.044107 0.532765
v -0.02935 -0.042952 0.535611
v -0.020088 -0.045443 0.529424
v 0.04536 -0.026991 0.575106
v 0.043674 -0.023552 0.583607
v 0.029351 -0.014741 0.605413
v 0.025722 -0.013628 0.608205
v 0.020083 -0.012236 0.611615
v -0.032702 -0.041706 0.538713
v -0.035499 -0.040444 0.541824
v -0.038191 -0.038916 0.545604
v -0.040412 -0.037403 0.549345
v -0.04223 -0.035817 0.553279
v 0.00898 -0.010781 0.615244
v 0.013461 -0.011226 0.614135
v 0.017777 -0.011877 0.612529
v 0.032612 -0.015924 0.602495
v 0.035495 -0.017233 0.59926
v 0.038191 -0.018782 0.595458
v 0.040427 -0.020303 0.591669
v 0.042239 -0.021903 0.587722
v 0.000505 -0.013143 0.615828
v 0.000505 -0.013505 0.615638
v 0.000502 -0.013668 0.615346
v -0.000503 -0.01337 0.615737
v -0.000513 -0.013114 0.615847
v -0.000502 -0.013651 0.615357
v -0.000506 -0.013521 0.615619
v -0.04471 -0.030434 0.571111
v -0.045287 -0.030042 0.571117
v -0.045165 -0.031115 0.57112
v -0.044878 -0.031417 0.571121
v -0.04471 -0.031465 0.571115
v -0.045564 -0.029038 0.570161
v -0.035507 -0.040431 0.542039
v -0.032537 -0.04182 0.538793
v -0.038493 -0.018995 0.594973
v -0.04481 -0.025563 0.578775
v -0.000272 -0.010445 0.616134
v -0.026229 -0.013832 0.607802
v -0.029855 -0.01496 0.604984
v -0.022379 -0.012843 0.610242
v -0.018301 -0.012001 0.612286
v -0.033076 -0.016195 0.601907
v -0.035942 -0.017559 0.598556
v -0.045386 -0.027297 0.574488
v -0.033012 -0.016272 0.601892
v -0.040644 -0.020582 0.591112
v -0.042422 -0.022183 0.587143
v -0.043827 -0.02385 0.583009
v -0.04214 -0.035879 0.553377
v -0.040305 -0.037478 0.549432
v -0.038047 -0.039033 0.545653
v -0.045338 -0.030757 0.565896
v -0.045242 -0.030838 0.565943
v -0.044667 -0.032496 0.561639
v -0.043581 -0.034231 0.557445
v -0.017691 -0.045956 0.528721
v -0.021809 -0.045085 0.530617
v -0.013375 -0.046503 0.527013
v -0.00889 -0.046984 0.525931
v -0.008933 -0.046934 0.525811
v -0.004349 -0.047207 0.525135
v -0.004328 -0.047274 0.525294
v -0.025664 -0.044128 0.532977
v -0.021886 -0.04503 0.530521
v -0.029241 -0.043088 0.535787
v 0.000318 -0.047339 0.525055
v -0.044964 -0.031756 0.564076
v -0.045199 -0.03096 0.565963
v -0.045399 -0.029846 0.568784
v -0.045432 -0.029188 0.570283
v -0.043971 -0.033752 0.559175
v -0.043504 -0.034385 0.557523
v -0.044554 -0.032677 0.561722
v -0.044642 -0.032411 0.562477
v -0.043256 -0.034667 0.556927
v -0.04207 -0.036033 0.553469
v -0.04251 -0.035617 0.554593
v -0.040572 -0.037415 0.550175
v -0.040236 -0.037634 0.54952
v -0.038105 -0.039146 0.545888
v -0.035455 -0.040586 0.54221
v -0.03512 -0.04082 0.541805
v -0.031809 -0.042288 0.538182
v -0.032505 -0.04197 0.538882
v -0.029923 -0.042965 0.536535
v -0.029236 -0.043212 0.535843
v -0.025765 -0.044281 0.533294
v -0.025634 -0.04431 0.533118
v -0.02782 -0.043706 0.534705
v -0.023532 -0.044904 0.53176
v -0.021785 -0.04527 0.530759
v -0.02165 -0.045314 0.530752
v -0.019322 -0.045822 0.529505
v -0.017691 -0.046087 0.528774
v -0.017206 -0.046173 0.528643
v -0.013354 -0.046729 0.527195
v -0.014864 -0.046559 0.527692
v -0.009966 -0.047124 0.526308
v -0.008885 -0.047175 0.526072
v -0.012501 -0.046835 0.527017
v -0.007357 -0.047303 0.525864
v -0.004329 -0.04746 0.525397
v -0.004954 -0.047465 0.525468
v -0.002455 -0.047521 0.525327
v 0.000315 -0.047512 0.525187
v -0.002036 -0.01066 0.615966
v -0.005004 -0.010668 0.615802
v -0.000217 -0.010601 0.616072
v -0.014867 -0.011635 0.613569
v -0.019729 -0.012445 0.611564
v -0.018285 -0.012153 0.61223
v -0.009731 -0.011026 0.615016
v -0.013944 -0.011477 0.613876
v -0.031527 -0.015788 0.603352
v -0.032988 -0.016418 0.6018
v -0.032981 -0.01636 0.60189
v -0.035869 -0.017727 0.598526
v -0.034798 -0.017208 0.599856
v -0.037433 -0.018622 0.596384
v -0.038341 -0.019221 0.594912
v -0.038401 -0.019191 0.594922
v -0.03986 -0.020224 0.592443
v -0.040362 -0.020649 0.5914
v -0.040571 -0.020747 0.591094
v -0.041911 -0.021957 0.588182
v -0.042336 -0.022357 0.587132
v -0.042568 -0.022702 0.586349
v -0.043595 -0.023876 0.583447
v -0.04427 -0.025039 0.580602
v -0.044711 -0.025689 0.578798
v -0.045254 -0.027456 0.574576
v -0.045305 -0.027686 0.574093
v -0.045373 -0.029235 0.570284
v -0.028028 -0.014537 0.6064
v -0.029746 -0.015096 0.604978
v -0.023986 -0.013392 0.609225
v -0.026188 -0.01396 0.607769
v -0.022363 -0.012977 0.610191
v -0.013353 -0.046614 0.527153
v -0.043744 -0.023936 0.583024
v -0.038439 -0.019089 0.594928
v -0.000529 -0.011492 0.615979
v -0.000569 -0.011451 0.616006
v -0.000578 -0.013161 0.615883
v -0.04525 -0.030983 0.571141
v -0.045283 -0.030971 0.571204
v -0.045354 -0.03 0.571183
v -0.045318 -0.030058 0.57114
v -0.045338 -0.029982 0.571127
v -0.045343 -0.02992 0.57106
v -0.045368 -0.029874 0.571075
v -0.045281 -0.031446 0.570047
v -0.045378 -0.030035 0.570067
v -0.04525 -0.031458 0.570094
v -0.045326 -0.030031 0.570114
v -0.045137 -0.031652 0.570115
v -0.000447 -0.047826 0.525213
v -0.00056 -0.04795 0.525225
v -0.000506 -0.049152 0.525365
v -0.000569 -0.049195 0.525314
v -0.000505 -0.049354 0.525421
v -0.000505 -0.049616 0.525665
v -0.000498 -0.049683 0.52589
v -0.000416 -0.049698 0.525963
v -0.000462 -0.049697 0.525945
v 0.000499 -0.049695 0.525895
v 0.000459 -0.049701 0.525947
v 0.000414 -0.04971 0.525966
v 0.000504 -0.049205 0.525381
v 0.000504 -0.049626 0.525698
v 0.000507 -0.0495 0.52552
v 0.045221 -0.03096 0.571122
v 0.045283 -0.030065 0.571119
v 0.044706 -0.030418 0.571107
v 0.045021 -0.031296 0.571118
v 0.044722 -0.031451 0.571116
v 0.000471 -0.047829 0.525213
v 0.000511 -0.047923 0.525233
v 0.000571 -0.048004 0.525228
v 0.000587 -0.049231 0.525318
v 0.000551 -0.049231 0.525328
v 0.045158 -0.031608 0.570115
v 0.045323 -0.030027 0.570115
v 0.045248 -0.031397 0.5701
v 0.045368 -0.03002 0.570083
v 0.045282 -0.031437 0.570045
v 0.045395 -0.029877 0.570086
v 0.045319 -0.030035 0.571134
v 0.045358 -0.02994 0.571135
v 0.045332 -0.02993 0.57106
v 0.04535 -0.030044 0.571191
v 0.045367 -0.029882 0.571053
v 0.045286 -0.030925 0.571185
v 0.000533 -0.011467 0.615987
v 0.000569 -0.01316 0.615882
v 0.000564 -0.011367 0.616012
v 0.000443 -0.011222 0.616022
v 0.004961 -0.047241 0.52535
v 0.032595 -0.016051 0.602356
v 0.044818 -0.032209 0.562301
v 0.026196 -0.043993 0.533384
v 0.022388 -0.044924 0.53082
v 0.022352 -0.044995 0.530967
v 0.0183 -0.045776 0.528876
v 0.029764 -0.042865 0.536174
v 0.033056 -0.041556 0.539167
v 0.013987 -0.046439 0.527239
v 0.018318 -0.045739 0.528774
v 0.009532 -0.046908 0.526013
v 0.014003 -0.046401 0.527139
v 0.038425 -0.038796 0.546239
v 0.035944 -0.0402 0.542513
v 0.035881 -0.040259 0.542602
v 0.04243 -0.035586 0.554001
v 0.043824 -0.033915 0.558103
v 0.040604 -0.037239 0.550017
v 0.045564 -0.028749 0.570871
v 0.045257 -0.027071 0.575201
v 0.044691 -0.025252 0.5795
v 0.038105 -0.018876 0.595447
v 0.040335 -0.020374 0.59168
v 0.04365 -0.023578 0.583652
v 0.021924 -0.012723 0.610502
v 0.004367 -0.010637 0.61587
v 0.045397 -0.030485 0.566569
v 0.035553 -0.017413 0.599001
v 0.045203 -0.027184 0.575255
v 0.045437 -0.028941 0.570886
v 0.045401 -0.028351 0.572457
v 0.045 -0.026514 0.576957
v 0.044135 -0.024742 0.58133
v 0.044569 -0.025467 0.579463
v 0.043536 -0.023774 0.583631
v 0.043976 -0.024453 0.582047
v 0.042508 -0.02257 0.586675
v 0.042097 -0.022111 0.587726
v 0.040561 -0.020773 0.591102
v 0.040257 -0.020497 0.591703
v 0.03253 -0.016222 0.602285
v 0.032542 -0.016174 0.602345
v 0.035165 -0.017397 0.599394
v 0.031741 -0.015873 0.603144
v 0.029211 -0.014977 0.605347
v 0.029244 -0.014924 0.605412
v 0.027813 -0.014476 0.606561
v 0.02359 -0.013296 0.609465
v 0.0257 -0.013818 0.608106
v 0.029313 -0.014827 0.605403
v 0.021818 -0.012915 0.610419
v 0.021847 -0.012858 0.610478
v 0.019403 -0.01238 0.611718
v 0.01494 -0.011639 0.613544
v 0.017716 -0.012044 0.612477
v 0.017696 -0.012102 0.612418
v 0.008966 -0.010941 0.615182
v 0.009901 -0.011065 0.614967
v 0.004956 -0.010729 0.615795
v 0.013391 -0.011463 0.613989
v 0.013413 -0.011414 0.614045
v 0.004918 -0.047433 0.525469
v 0.007534 -0.047297 0.525879
v 0.009429 -0.047147 0.526182
v 0.004215 -0.047499 0.52539
v 0.012308 -0.046859 0.526955
v 0.01397 -0.046578 0.527372
v 0.018379 -0.045962 0.529084
v 0.022969 -0.045042 0.531434
v 0.022314 -0.045155 0.531049
v 0.031108 -0.042561 0.537527
v 0.029716 -0.043042 0.536255
v 0.027154 -0.043912 0.534213
v 0.026156 -0.044173 0.533474
v 0.01703 -0.046199 0.528578
v 0.034694 -0.041028 0.541289
v 0.035453 -0.040617 0.542295
v 0.032928 -0.041789 0.53932
v 0.031909 -0.042227 0.538334
v 0.037913 -0.039281 0.545586
v 0.040511 -0.03743 0.550056
v 0.038387 -0.038933 0.546326
v 0.035832 -0.040404 0.542689
v 0.044699 -0.032391 0.562485
v 0.045306 -0.030468 0.567252
v 0.045257 -0.030678 0.566603
v 0.045351 -0.02957 0.569459
v 0.045376 -0.028971 0.570932
v 0.042236 -0.035895 0.553883
v 0.043695 -0.034119 0.558158
v 0.042324 -0.035732 0.554037
v 0.044712 -0.032327 0.56235
v 0.01827 -0.045875 0.528978
v 0.009506 -0.047007 0.526141
v 0.038088 -0.018997 0.595402
v 0.035507 -0.017537 0.598974
v 0.032972 -0.041648 0.539261
v 0.000466 -0.0137 0.615292
v 0.000416 -0.01373 0.615267
v -0.000473 -0.013716 0.615293
v -0.000424 -0.013725 0.615269
v -0.045396 -0.029854 0.570149
v -0.045375 -0.029891 0.570192
v -0.044675 -0.03039 0.571057
v -0.044655 -0.030428 0.571054
v -0.044652 -0.031488 0.571054
v -0.044708 -0.030417 0.570126
v -0.044715 -0.031957 0.570116
v -0.044947 -0.031855 0.570114
v -0.045367 -0.029932 0.570141
v 0.044656 -0.031467 0.571068
v 0.04466 -0.030404 0.571049
v 0.045371 -0.029894 0.570197
v 0.045367 -0.029928 0.570144
v 0.044933 -0.03188 0.570109
v 0.044709 -0.03042 0.570125
v 0.044722 -0.031956 0.570115
v -0.000537 -0.013609 0.615568
v -0.000528 -0.013701 0.615352
v -0.000563 -0.013731 0.615332
v -0.000569 -0.013513 0.615707
v -0.000588 -0.013658 0.615515
v -0.000545 -0.013287 0.615838
v -0.000586 -0.013407 0.61579
v -0.045085 -0.031289 0.571134
v -0.044853 -0.031505 0.571216
v -0.044692 -0.03155 0.571217
v -0.044693 -0.031532 0.571156
v -0.044884 -0.031459 0.571146
v -0.045193 -0.031205 0.571211
v -0.045022 -0.0314 0.571196
v -0.045199 -0.031162 0.571168
v -0.045075 -0.031352 0.571234
v -0.044685 -0.031499 0.571113
v -0.044651 -0.031589 0.57113
v -0.044673 -0.031952 0.570147
v -0.044653 -0.031976 0.570174
v -0.044714 -0.032009 0.570073
v -0.044825 -0.03197 0.570084
v -0.044931 -0.031924 0.570075
v -0.04508 -0.031815 0.570066
v -0.045208 -0.031635 0.570062
v -0.000576 -0.0495 0.525448
v -0.000547 -0.049621 0.52559
v -0.000537 -0.049458 0.525439
v -0.00059 -0.049648 0.5256
v -0.00057 -0.04973 0.52577
v -0.000579 -0.049335 0.525354
v -0.000519 -0.049734 0.525901
v 0.000551 -0.049571 0.525528
v 0.000555 -0.049697 0.525703
v 0.000511 -0.049744 0.525937
v 0.000596 -0.049636 0.525585
v 0.00058 -0.049473 0.525426
v 0.000517 -0.049371 0.525415
v 0.044707 -0.032007 0.570079
v 0.044814 -0.03198 0.570074
v 0.044957 -0.031923 0.570052
v 0.045097 -0.031791 0.570074
v 0.045231 -0.031589 0.570056
v 0.045169 -0.031698 0.570066
v 0.044654 -0.031976 0.570171
v 0.044693 -0.031943 0.570131
v 0.044653 -0.031584 0.571145
v 0.044705 -0.031544 0.571229
v 0.044695 -0.031541 0.571177
v 0.044672 -0.031519 0.571113
v 0.044719 -0.031505 0.571138
v 0.04481 -0.031516 0.57123
v 0.044864 -0.031489 0.571177
v 0.044916 -0.031427 0.571134
v 0.045207 -0.031126 0.571149
v 0.04509 -0.031308 0.571155
v 0.045159 -0.031257 0.571216
v 0.045042 -0.031382 0.5712
v 0.044967 -0.031441 0.57123
v 0.045253 -0.031071 0.571213
v 0.045002 -0.029209 0.575403
v 0.004764 -0.049026 0.525582
v -0.0452 -0.031886 0.568646
v -0.005535 -0.01321 0.615555
v -0.010533 -0.013573 0.614652
v -0.015444 -0.01416 0.613176
v -0.019961 -0.01493 0.611247
v -0.024047 -0.015832 0.608984
v -0.028304 -0.017035 0.605966
v -0.029326 -0.017422 0.605058
v -0.032412 -0.018556 0.602217
v -0.035303 -0.019858 0.598953
v -0.038038 -0.021429 0.595172
v -0.040215 -0.022873 0.591382
v -0.040534 -0.023063 0.59082
v -0.042001 -0.024467 0.58742
v -0.042629 -0.025013 0.585908
v -0.043429 -0.02606 0.583291
v -0.043937 -0.026724 0.58162
v -0.044268 -0.027398 0.579944
v -0.044929 -0.028816 0.576358
v -0.04506 -0.0329 0.566313
v -0.044945 -0.03335 0.564964
v -0.044503 -0.034331 0.562498
v -0.044086 -0.035249 0.560189
v -0.043083 -0.03659 0.556815
v -0.042611 -0.037226 0.555229
v -0.040725 -0.038998 0.550764
v -0.038259 -0.040773 0.546353
v -0.035574 -0.042277 0.542556
v -0.032534 -0.043748 0.539094
v -0.029001 -0.044934 0.535806
v -0.025063 -0.046105 0.532871
v -0.020894 -0.047083 0.530414
v -0.016305 -0.047906 0.528344
v -0.011872 -0.048486 0.526891
v -0.002226 -0.049097 0.525358
v -0.008861 -0.048747 0.52624
v -0.007022 -0.048902 0.52585
v -0.004303 -0.049014 0.525569
v 0.005031 -0.049084 0.525583
v 0.009081 -0.048738 0.52627
v 0.010602 -0.048621 0.526558
v 0.012274 -0.048421 0.527061
v 0.038274 -0.040755 0.546374
v 0.0355 -0.042295 0.542466
v 0.032114 -0.043803 0.538664
v 0.028313 -0.045163 0.535251
v 0.027303 -0.045463 0.53451
v 0.024064 -0.04637 0.532221
v 0.021933 -0.04684 0.531038
v 0.019837 -0.047303 0.529875
v 0.01737 -0.047716 0.528831
v 0.015426 -0.048045 0.528008
v 0.04507 -0.032766 0.566591
v 0.045283 -0.031578 0.569419
v 0.044894 -0.033507 0.564571
v 0.044642 -0.034058 0.563196
v 0.043993 -0.035404 0.559802
v 0.043474 -0.036096 0.558075
v 0.042593 -0.037242 0.555182
v 0.041998 -0.037817 0.553755
v 0.04046 -0.039286 0.550244
v 0.042032 -0.02445 0.587334
v 0.042681 -0.025075 0.585752
v 0.044044 -0.026903 0.581156
v 0.044939 -0.028847 0.576285
v 0.040868 -0.023335 0.590135
v 0.039597 -0.022404 0.592471
v 0.0385 -0.021623 0.59447
v 0.036011 -0.020174 0.598076
v 0.035369 -0.0199 0.59887
v 0.033079 -0.018795 0.601545
v 0.032397 -0.018533 0.602202
v 0.029689 -0.017495 0.604811
v 0.029119 -0.017375 0.605265
v 0.028074 -0.017 0.606055
v 0.02555 -0.016309 0.607989
v 0.00276 -0.013115 0.615813
v 0.02356 -0.015743 0.609212
v 0.021656 -0.015313 0.610379
v 0.019059 -0.014785 0.611618
v 0.016919 -0.014388 0.612611
v 0.013919 -0.013976 0.613649
v 0.012394 -0.01377 0.614168
v 0.009309 -0.013491 0.614868
v 0.007583 -0.013336 0.615258
v 0.004737 -0.013206 0.615585
v 0.000524 -0.013679 0.615385
v 0.000517 -0.013311 0.615795
v 0.000572 -0.013482 0.615734
v 0.000573 -0.013313 0.615837
v 0.000565 -0.013652 0.615522
v 0.000566 -0.013583 0.615624
v 0.000569 -0.013724 0.615352
v -0.044668 -0.030393 0.570192
v -0.044647 -0.030464 0.570213
v -0.044661 -0.030425 0.570172
v 0.04465 -0.030443 0.570212
v 0.044667 -0.030395 0.570191
v 0.044661 -0.030427 0.570171
v -0.000442 -0.013771 0.615234
v -0.005166 -0.013894 0.614936
v -0.008947 -0.013982 0.614695
v -0.009776 -0.014211 0.614152
v -0.013373 -0.014448 0.61355
v -0.014445 -0.014744 0.612833
v -0.004391 -0.013724 0.615343
v -0.041176 -0.024861 0.587793
v -0.042089 -0.025818 0.585424
v -0.041537 -0.025006 0.587421
v -0.044543 -0.030675 0.573398
v -0.04454 -0.030023 0.574993
v -0.044321 -0.029873 0.575387
v -0.043954 -0.028702 0.578288
v -0.039068 -0.023096 0.592161
v -0.037645 -0.0219 0.59509
v -0.036453 -0.021416 0.596319
v -0.035065 -0.020451 0.59868
v -0.033721 -0.019995 0.599836
v -0.032225 -0.019173 0.601857
v -0.031952 -0.019254 0.60167
v -0.030421 -0.018613 0.603257
v -0.028994 -0.017944 0.604897
v -0.027703 -0.017694 0.605531
v -0.026751 -0.017372 0.606328
v -0.025356 -0.016843 0.607631
v -0.023066 -0.01637 0.608808
v -0.021721 -0.015886 0.609982
v -0.018834 -0.015458 0.611066
v -0.042878 -0.026814 0.582973
v -0.042769 -0.037019 0.557661
v -0.041761 -0.038141 0.554907
v -0.041559 -0.038431 0.554127
v -0.035098 -0.042944 0.542878
v -0.032203 -0.044275 0.539612
v -0.032335 -0.044219 0.539439
v -0.004311 -0.049411 0.52564
v -0.044991 -0.033166 0.566355
v -0.006217 -0.049599 0.526424
v -0.003302 -0.049699 0.526178
v -0.004599 -0.049678 0.526158
v -0.000532 -0.049773 0.525994
v -0.01754 -0.04833 0.529527
v -0.016005 -0.048579 0.528965
v -0.012934 -0.049005 0.527831
v -0.011154 -0.049208 0.527395
v -0.019075 -0.048053 0.530271
v -0.021597 -0.047536 0.531495
v -0.023318 -0.047127 0.53259
v -0.02541 -0.046588 0.533846
v -0.025902 -0.046443 0.534282
v -0.027179 -0.046064 0.535227
v -0.028977 -0.045489 0.536571
v -0.030188 -0.045046 0.537751
v -0.028886 -0.04548 0.536676
v -0.027059 -0.046076 0.535193
v -0.033684 -0.043602 0.541345
v -0.031795 -0.044388 0.539388
v -0.040745 -0.039134 0.552442
v -0.038334 -0.041003 0.547789
v -0.039769 -0.040004 0.550248
v -0.042692 -0.036931 0.557903
v -0.043903 -0.035142 0.562313
v -0.043867 -0.035081 0.562489
v -0.043321 -0.036112 0.559933
v -0.044551 -0.031847 0.570501
v -0.044519 -0.033001 0.567643
v -0.044516 -0.033413 0.566605
v -0.043987 -0.028314 0.579193
v -0.039873 -0.02341 0.591306
v -0.017589 -0.015069 0.611991
v -0.004363 -0.013561 0.615531
v -0.004376 -0.013261 0.615637
v -0.004379 -0.013362 0.615645
v -0.013394 -0.013985 0.613862
v -0.008993 -0.013542 0.614981
v -0.01774 -0.014568 0.612277
v -0.021862 -0.015366 0.610267
v -0.025659 -0.016306 0.607921
v -0.043479 -0.026126 0.583277
v -0.045059 -0.029491 0.574836
v -0.045077 -0.029538 0.574892
v -0.044925 -0.02981 0.574951
v -0.044745 -0.029955 0.57496
v -0.044383 -0.033438 0.566559
v -0.044742 -0.033377 0.566469
v -0.043455 -0.036263 0.557817
v -0.044479 -0.034603 0.562042
v -0.042042 -0.037882 0.553745
v -0.040232 -0.039455 0.549789
v -0.029293 -0.044953 0.536061
v -0.025682 -0.046031 0.533291
v -0.021798 -0.046964 0.530898
v -0.017703 -0.047754 0.528911
v -0.01336 -0.048385 0.527323
v -0.008879 -0.048837 0.526187
v -0.004343 -0.049114 0.525512
v -0.004253 -0.049618 0.525868
v -0.0255 -0.016702 0.607798
v -0.029127 -0.017721 0.605116
v -0.017632 -0.014851 0.612212
v -0.021788 -0.015567 0.610248
v -0.032412 -0.018931 0.602069
v -0.040081 -0.023201 0.59141
v -0.035332 -0.020254 0.598746
v -0.037888 -0.021677 0.595193
v -0.041812 -0.024875 0.587439
v -0.044317 -0.034949 0.562142
v -0.04194 -0.038199 0.55387
v -0.043346 -0.036572 0.557933
v -0.043116 -0.036765 0.55807
v -0.044063 -0.035117 0.562247
v -0.041713 -0.038393 0.55403
v -0.040139 -0.039778 0.549928
v -0.008805 -0.049419 0.526763
v -0.008848 -0.049322 0.526495
v -0.013315 -0.048867 0.52763
v -0.017607 -0.048288 0.529326
v -0.029088 -0.045441 0.536401
v -0.025507 -0.046542 0.533665
v -0.021679 -0.047492 0.531304
v -0.037568 -0.041544 0.546423
v -0.03523 -0.042892 0.542736
v -0.037855 -0.041406 0.546213
v -0.039919 -0.039972 0.550111
v -0.035499 -0.042705 0.543569
v -0.008883 -0.04903 0.526244
v -0.013365 -0.048577 0.527383
v -0.017708 -0.047943 0.528972
v -0.021802 -0.047151 0.530961
v -0.035427 -0.042566 0.54246
v -0.037992 -0.041142 0.546032
v -0.025627 -0.04634 0.533423
v -0.029222 -0.04524 0.536174
v -0.032482 -0.044019 0.539227
v -0.017678 -0.048141 0.529123
v -0.021765 -0.047346 0.53111
v -0.035359 -0.042748 0.54259
v -0.029274 -0.017463 0.605151
v -0.025652 -0.016485 0.607873
v -0.032549 -0.018683 0.602083
v -0.044474 -0.027771 0.579184
v -0.008931 -0.01376 0.614903
v -0.013359 -0.014216 0.613773
v -0.035465 -0.020019 0.598757
v -0.041944 -0.02471 0.587455
v -0.043406 -0.026265 0.583365
v -0.042038 -0.024533 0.587431
v -0.040234 -0.02297 0.591375
v -0.043277 -0.026441 0.583393
v -0.043075 -0.026591 0.583381
v -0.044374 -0.028023 0.579186
v -0.044222 -0.028192 0.579208
v -0.043447 -0.027691 0.58079
v -0.000449 -0.049748 0.525993
v 0.000456 -0.049759 0.526001
v 0.000594 -0.049762 0.525876
v 0.044984 -0.033044 0.56682
v 0.044427 -0.034728 0.562612
v 0.044246 -0.034874 0.562708
v 0.044556 -0.031573 0.571178
v 0.044591 -0.032318 0.569334
v 0.04293 -0.036805 0.558194
v 0.042516 -0.037258 0.55709
v 0.043816 -0.035201 0.562189
v 0.040643 -0.039229 0.552202
v 0.041719 -0.038262 0.554563
v 0.036699 -0.042031 0.545247
v 0.03946 -0.040202 0.549788
v 0.037875 -0.041341 0.546917
v 0.039994 -0.03983 0.550661
v 0.03512 -0.042905 0.543073
v 0.032322 -0.044218 0.539784
v 0.033719 -0.043547 0.541481
v 0.03139 -0.044588 0.538892
v 0.022096 -0.047426 0.531716
v 0.022639 -0.047301 0.532149
v 0.025916 -0.04645 0.534171
v 0.027069 -0.046099 0.535133
v 0.018205 -0.048213 0.529752
v 0.017799 -0.048291 0.529688
v 0.013639 -0.048916 0.528034
v 0.007195 -0.049542 0.526572
v 0.012358 -0.049076 0.527731
v 0.009495 -0.049361 0.526884
v 0.01381 -0.048876 0.528228
v 0.00198 -0.049756 0.526038
v 0.004929 -0.049661 0.526163
v 0.004927 -0.04964 0.526326
v 0.00498 -0.049597 0.525973
v 0.00952 -0.048784 0.52632
v 0.013968 -0.048309 0.527516
v 0.018262 -0.047658 0.529153
v 0.022316 -0.046849 0.531187
v 0.026136 -0.045885 0.53361
v 0.029683 -0.04478 0.536391
v 0.03289 -0.043558 0.539462
v 0.035787 -0.042242 0.542842
v 0.042202 -0.03771 0.554161
v 0.043581 -0.036076 0.558269
v 0.044556 -0.034439 0.562454
v 0.044823 -0.033171 0.566905
v 0.044607 -0.033249 0.566984
v 0.044472 -0.030352 0.57421
v 0.044905 -0.029609 0.575371
v 0.045035 -0.029383 0.575293
v 0.044411 -0.027633 0.57951
v 0.043375 -0.025976 0.58364
v 0.041936 -0.024354 0.587712
v 0.040091 -0.022778 0.59168
v 0.037901 -0.021292 0.595395
v 0.032414 -0.018574 0.602236
v 0.017639 -0.014552 0.61232
v 0.013352 -0.013983 0.613873
v 0.004359 -0.013255 0.615675
v 0.00435 -0.01345 0.615609
v 0.004304 -0.013706 0.615382
v 0.017435 -0.015013 0.612104
v 0.021401 -0.015861 0.610062
v 0.013132 -0.014418 0.613624
v 0.039693 -0.023303 0.59159
v 0.041374 -0.024885 0.587728
v 0.037462 -0.021789 0.595366
v 0.043834 -0.028455 0.578898
v 0.043843 -0.028148 0.579638
v 0.042797 -0.026498 0.583733
v 0.029406 -0.04534 0.536937
v 0.009507 -0.049209 0.526563
v 0.013937 -0.048787 0.527826
v 0.035712 -0.042556 0.54299
v 0.032716 -0.044059 0.539837
v 0.035521 -0.042746 0.543227
v 0.038196 -0.041162 0.546643
v 0.038031 -0.041301 0.546813
v 0.040368 -0.039598 0.550378
v 0.040154 -0.039787 0.550572
v 0.042074 -0.038068 0.554357
v 0.041895 -0.038208 0.554491
v 0.04342 -0.036452 0.558467
v 0.02953 -0.045288 0.536781
v 0.026072 -0.046318 0.533881
v 0.022265 -0.047289 0.53146
v 0.018223 -0.048103 0.529428
v 0.029548 -0.045242 0.537266
v 0.043225 -0.036578 0.558578
v 0.044026 -0.034968 0.562723
v 0.044225 -0.034189 0.564699
v 0.044407 -0.033271 0.566974
v 0.037735 -0.021619 0.59539
v 0.039948 -0.023097 0.591676
v 0.041628 -0.024786 0.587756
v 0.035185 -0.020207 0.598904
v 0.034922 -0.020379 0.598859
v 0.032077 -0.019066 0.602103
v 0.032311 -0.01882 0.602217
v 0.028954 -0.017736 0.605187
v 0.017601 -0.014797 0.61225
v 0.0216 -0.015747 0.610183
v 0.025203 -0.01678 0.607783
v 0.025436 -0.016661 0.607857
v 0.028718 -0.01785 0.605129
v 0.04467 -0.029781 0.575441
v 0.043029 -0.026425 0.583724
v 0.04406 -0.028083 0.579611
v 0.043266 -0.02622 0.583704
v 0.041846 -0.024577 0.587739
v 0.044261 -0.027922 0.57958
v 0.035296 -0.020014 0.598935
v 0.037853 -0.021422 0.595413
v 0.029068 -0.017555 0.60526
v 0.025527 -0.016476 0.607949
v 0.00898 -0.013559 0.614989
v 0.021718 -0.01552 0.610294
v 0.013298 -0.014204 0.613795
v 0.008855 -0.014012 0.614639
v 0.008838 -0.013876 0.614829
v 0.009525 -0.048977 0.526377
v 0.013974 -0.0485 0.527575
v 0.018268 -0.047847 0.529215
v 0.022322 -0.047035 0.531252
v 0.02614 -0.046068 0.533677
v 0.029684 -0.04496 0.53646
v 0.032888 -0.043734 0.539533
v 0.03829 -0.040956 0.546499
v 0.042181 -0.037871 0.554233
v 0.043555 -0.036232 0.558338
v 0.045113 -0.032798 0.566712
v 0.004993 -0.049412 0.52573
v 0.032827 -0.043918 0.539668
v 0.02963 -0.045147 0.5366
v 0.000482 -0.013773 0.615233
v 0.00415 -0.013847 0.615052
v 0.006795 -0.014008 0.614654
v 0.00906 -0.014148 0.614306
v 0.01149 -0.014406 0.613669
v 0.013548 -0.014624 0.613129
v 0.017729 -0.015264 0.611544
v 0.019632 -0.015612 0.610685
v 0.023752 -0.016539 0.60839
v 0.02752 -0.01761 0.605738
v 0.039522 -0.023487 0.591192
v 0.038212 -0.022493 0.593652
v 0.036595 -0.021528 0.596041
v 0.035569 -0.020916 0.597555
v 0.032854 -0.019611 0.600787
v 0.031075 -0.018865 0.602631
v 0.040441 -0.024184 0.589467
v 0.041055 -0.024741 0.588088
v 0.04184 -0.025613 0.585929
v 0.042696 -0.026566 0.583572
v 0.000498 -0.013737 0.615289
v -0.000055 -0.012165 0.615263
v -0.004968 -0.012323 0.614986
v -0.010024 -0.012675 0.614122
v -0.014915 -0.013233 0.612696
v -0.01942 -0.014023 0.610805
v -0.023874 -0.015033 0.608332
v -0.031697 -0.017591 0.602039
v -0.030535 -0.017154 0.603107
v -0.027936 -0.016182 0.605443
v -0.03502 -0.019091 0.598299
v -0.037684 -0.02063 0.594555
v -0.035752 -0.019529 0.597263
v -0.038923 -0.021532 0.592335
v -0.040285 -0.022528 0.589841
v -0.042149 -0.024389 0.585311
v -0.043472 -0.026241 0.580746
v -0.044318 -0.028191 0.575938
v -0.044495 -0.029289 0.573221
v -0.044631 -0.030304 0.570735
v -0.044428 -0.032077 0.566302
v -0.043978 -0.033272 0.563396
v -0.043552 -0.034322 0.560798
v -0.042179 -0.03627 0.556003
v -0.040456 -0.037993 0.551757
v -0.038179 -0.039676 0.54748
v -0.0355 -0.041308 0.543547
v -0.034439 -0.04181 0.542303
v -0.031919 -0.042948 0.539412
v -0.031084 -0.043287 0.538652
v -0.029346 -0.043933 0.537055
v -0.028266 -0.044334 0.536062
v -0.026357 -0.044906 0.534649
v -0.024418 -0.045468 0.533242
v -0.020081 -0.046484 0.53075
v -0.015802 -0.047241 0.528874
v -0.011422 -0.04781 0.527459
v -0.007082 -0.048165 0.526541
v 0.000016 -0.048376 0.525973
v 0.002752 -0.048346 0.526125
v -0.002513 -0.048382 0.526047
v 0.009597 -0.047988 0.527017
v 0.005022 -0.048296 0.526258
v 0.011859 -0.047737 0.52764
v 0.014124 -0.047425 0.528264
v 0.018239 -0.046834 0.529874
v 0.021042 -0.046255 0.531307
v 0.022613 -0.045923 0.532122
v 0.026549 -0.044846 0.534728
v 0.030064 -0.043707 0.537624
v 0.0318 -0.042994 0.539376
v 0.03366 -0.042217 0.541302
v 0.036335 -0.040822 0.544683
v 0.037538 -0.040089 0.54656
v 0.03894 -0.03919 0.548782
v 0.040977 -0.037517 0.552908
v 0.042547 -0.035823 0.557097
v 0.043762 -0.033923 0.561792
v 0.043923 -0.03348 0.562879
v 0.044451 -0.031982 0.566537
v 0.044572 -0.02929 0.57314
v 0.044634 -0.029935 0.571631
v 0.044632 -0.030756 0.569538
v 0.044256 -0.027938 0.576497
v 0.044432 -0.028589 0.574952
v 0.043569 -0.026505 0.580089
v 0.043211 -0.02578 0.581845
v 0.041863 -0.024022 0.586126
v 0.039795 -0.022138 0.59085
v 0.038945 -0.021538 0.592319
v 0.037262 -0.02035 0.595198
v 0.035248 -0.019213 0.59798
v 0.034412 -0.018799 0.59906
v 0.033097 -0.018212 0.600503
v 0.031381 -0.017451 0.602374
v 0.027962 -0.016134 0.605432
v 0.023878 -0.015027 0.60834
v 0.01501 -0.01318 0.612674
v 0.019444 -0.014019 0.610811
v 0.01615 -0.013462 0.612185
v 0.010387 -0.012712 0.614035
v 0.005557 -0.012352 0.614916
v 0.000974 -0.012212 0.615247
v 0.028093 -0.015975 0.605481
v 0.024974 -0.015185 0.607656
v -0.028066 -0.01598 0.605481
v -0.027978 -0.016098 0.605438
v -0.02501 -0.015177 0.607643
v 0.02505 -0.015059 0.607739
v 0.028375 -0.015985 0.605426
v 0.018475 -0.013679 0.611306
v 0.018792 -0.013611 0.611308
v 0.015092 -0.013022 0.612775
v 0.011401 -0.012603 0.613863
v 0.013031 -0.012672 0.613617
v 0.007703 -0.012236 0.614723
v 0.006105 -0.012083 0.615088
v 0.00398 -0.012031 0.615226
v 0.003813 -0.012128 0.615138
v 0.007591 -0.012415 0.614612
v 0.000031 -0.011974 0.615366
v -0.003849 -0.012027 0.615229
v -0.003791 -0.012131 0.615139
v -0.014957 -0.013043 0.61277
v -0.01141 -0.012741 0.613785
v -0.01132 -0.012553 0.613937
v -0.007587 -0.012324 0.614652
v -0.007694 -0.01223 0.614735
v -0.004386 -0.011978 0.61534
v -0.01728 -0.013298 0.612078
v -0.018487 -0.013633 0.611327
v -0.021851 -0.014263 0.609707
v -0.021815 -0.014372 0.609615
v -0.025101 -0.015069 0.60771
v -0.003817 -0.012234 0.615103
v -0.007585 -0.012432 0.614618
v -0.018428 -0.013797 0.611276
v -0.024963 -0.015279 0.607629
v -0.021775 -0.014482 0.60959
v 0.024907 -0.015266 0.607663
v 0.021779 -0.014482 0.609588
v 0.018436 -0.013795 0.611278
v 0.003798 -0.012234 0.615105
v 0.011335 -0.012761 0.613803
v 0.0218 -0.014381 0.609616
v 0.021915 -0.014278 0.609669
v -0.025051 -0.014987 0.60789
v 0.004244 -0.048042 0.525954
v 0.00715 -0.047871 0.526395
v 0.000008 -0.048132 0.525775
v 0.044447 -0.02769 0.57645
v 0.042952 -0.024794 0.583616
v 0.043098 -0.02509 0.582896
v -0.04334 -0.034637 0.55992
v -0.042445 -0.035844 0.556681
v -0.042431 -0.035926 0.556748
v -0.044573 -0.029277 0.573132
v 0.033081 -0.01804 0.600635
v 0.03058 -0.017093 0.603145
v 0.039052 -0.021401 0.592323
v 0.037308 -0.0202 0.59522
v 0.035286 -0.019118 0.598003
v 0.033041 -0.01813 0.600641
v 0.039006 -0.021493 0.592332
v 0.040546 -0.022725 0.589296
v 0.042891 -0.025281 0.582992
v 0.043695 -0.026592 0.579766
v 0.04375 -0.026501 0.579706
v 0.044319 -0.027828 0.576376
v 0.043316 -0.034674 0.559829
v 0.044008 -0.033333 0.563126
v 0.044609 -0.029184 0.57311
v 0.042379 -0.035988 0.556593
v 0.041212 -0.037255 0.553463
v 0.039794 -0.038499 0.550386
v 0.034152 -0.041945 0.541866
v 0.031842 -0.04297 0.539333
v 0.038152 -0.039688 0.54744
v 0.023696 -0.045617 0.532783
v 0.017453 -0.046933 0.529527
v 0.020639 -0.046323 0.53103
v 0.010686 -0.047838 0.527275
v 0.003595 -0.048304 0.526123
v 0.007116 -0.048138 0.526547
v 0.029305 -0.043937 0.536942
v -0.0207 -0.046307 0.531067
v -0.02379 -0.045424 0.532726
v -0.020742 -0.046104 0.53094
v -0.017512 -0.046754 0.529456
v -0.000007 -0.048251 0.525932
v 0.003579 -0.048126 0.526013
v 0.00714 -0.04804 0.526516
v 0.010672 -0.047663 0.527161
v 0.014157 -0.047238 0.528146
v 0.017444 -0.046774 0.529438
v 0.044709 -0.030514 0.569681
v 0.044484 -0.031891 0.566385
v 0.044079 -0.033189 0.563053
v 0.04338 -0.034529 0.559763
v 0.042455 -0.035819 0.556502
v 0.041267 -0.0371 0.553364
v 0.039818 -0.038393 0.550348
v 0.0382 -0.039532 0.547348
v 0.036275 -0.040745 0.544532
v 0.031885 -0.042778 0.539194
v 0.034176 -0.041792 0.541775
v 0.029333 -0.043846 0.536926
v -0.003626 -0.048129 0.526024
v -0.003613 -0.048309 0.526124
v -0.007205 -0.048015 0.526517
v -0.014146 -0.047288 0.528196
v -0.010723 -0.047678 0.5272
v -0.014119 -0.047441 0.528269
v -0.023736 -0.045606 0.53281
v -0.026693 -0.044598 0.534678
v -0.017481 -0.046926 0.529539
v 0.020636 -0.046193 0.530965
v 0.023697 -0.045523 0.532745
v -0.01071 -0.047846 0.527279
v -0.044092 -0.033142 0.563186
v -0.043411 -0.034479 0.559889
v -0.039838 -0.038461 0.550478
v -0.04131 -0.03706 0.553508
v -0.03992 -0.038275 0.550411
v -0.038257 -0.039494 0.547443
v -0.036332 -0.040714 0.544614
v -0.034266 -0.041743 0.541866
v -0.031964 -0.042748 0.539279
v -0.029419 -0.04374 0.536923
v -0.044312 -0.027765 0.57651
v -0.043715 -0.026451 0.579848
v -0.04293 -0.025125 0.583062
v -0.04185 -0.02386 0.586261
v -0.040557 -0.022588 0.589366
v -0.042862 -0.025244 0.58309
v -0.034216 -0.041911 0.541944
v -0.029372 -0.043911 0.536998
v -0.026637 -0.044799 0.534792
v -0.044027 -0.033296 0.563235
v -0.041254 -0.037215 0.553559
v 0.026615 -0.044699 0.534723
v -0.036349 -0.040799 0.544705
v -0.044244 -0.027907 0.576548
v -0.04367 -0.026559 0.579865
v -0.04471 -0.030458 0.569825
v -0.044497 -0.031833 0.566533
v -0.037183 -0.020279 0.595323
v -0.035221 -0.019085 0.598086
v -0.037234 -0.020179 0.595315
v -0.033043 -0.018005 0.600685
v -0.032998 -0.018101 0.600686
v -0.03897 -0.021468 0.592396
v -0.041809 -0.023955 0.586268
v -0.030596 -0.017099 0.60313
v -0.024918 -0.045053 0.533389
v -0.023468 -0.045455 0.532381
v -0.020793 -0.046042 0.530935
v 0.000016 -0.048157 0.525825
v -0.007209 -0.047926 0.526415
v -0.007206 -0.047864 0.526413
v -0.014158 -0.047229 0.528124
v -0.008785 -0.047767 0.526582
v -0.014244 -0.047184 0.528094
v -0.010082 -0.047666 0.526901
v -0.027799 -0.044239 0.535406
v -0.026693 -0.044547 0.534645
v -0.031889 -0.042759 0.539094
v -0.034665 -0.041524 0.542136
v -0.036398 -0.040574 0.544502
v -0.037361 -0.040058 0.545764
v -0.039965 -0.038239 0.550369
v -0.039697 -0.038476 0.5497
v -0.036387 -0.040627 0.544519
v -0.042541 -0.035703 0.556584
v -0.04186 -0.036551 0.554479
v -0.042519 -0.035755 0.556604
v -0.044207 -0.033053 0.563167
v -0.042996 -0.035211 0.557795
v -0.043038 -0.025021 0.583069
v -0.04354 -0.025681 0.581421
v -0.044429 -0.027661 0.576526
v -0.044803 -0.030375 0.569805
v -0.044795 -0.029039 0.573099
v -0.044785 -0.031069 0.568073
v -0.040679 -0.022473 0.589385
v -0.042219 -0.02391 0.585806
v -0.037294 -0.019951 0.595605
v -0.039583 -0.021512 0.591747
v -0.037354 -0.020062 0.595347
v -0.033148 -0.017874 0.600764
v -0.034692 -0.018516 0.599147
v -0.028494 -0.016009 0.60535
v -0.031801 -0.017238 0.602319
v -0.044631 -0.029122 0.573171
v -0.039006 -0.021368 0.592405
v 0.033168 -0.017898 0.60071
v 0.031743 -0.017178 0.602432
v 0.044793 -0.030438 0.56965
v 0.044878 -0.029978 0.570767
v 0.044681 -0.031679 0.566549
v 0.04415 -0.033128 0.563038
v 0.044208 -0.033079 0.563086
v 0.042517 -0.035742 0.556505
v 0.042934 -0.035284 0.557621
v 0.04404 -0.033541 0.561919
v 0.037386 -0.02007 0.595334
v 0.034687 -0.018522 0.599135
v 0.03989 -0.0383 0.550287
v 0.041112 -0.037283 0.552665
v 0.036405 -0.040603 0.544444
v 0.039538 -0.0386 0.549381
v 0.039898 -0.038258 0.550251
v 0.031897 -0.042723 0.539172
v 0.033826 -0.041919 0.541163
v 0.020661 -0.046066 0.530876
v 0.022647 -0.045656 0.531895
v 0.026638 -0.044593 0.534533
v 0.018345 -0.046547 0.529677
v 0.01414 -0.047209 0.528083
v 0.01342 -0.0473 0.527801
v 0.008755 -0.047765 0.526571
v 0.036323 -0.040663 0.544432
v 0.026663 -0.044611 0.534633
v 0.030205 -0.043415 0.537435
v 0.020668 -0.046123 0.530886
v 0.007162 -0.04792 0.526399
v -0.005091 -0.048013 0.526045
v 0.040612 -0.022617 0.589269
v 0.040714 -0.022503 0.589309
v 0.039576 -0.021482 0.59181
v 0.042973 -0.025159 0.582938
v 0.04189 -0.023904 0.586152
v 0.041517 -0.023144 0.587694
v 0.023722 -0.045435 0.532667
v 0.029365 -0.043749 0.536846
v -0.01931 -0.046366 0.530123
v 0.008845 -0.012247 0.614667
v -0.012836 -0.012656 0.613662
v -0.008712 -0.012237 0.614694
v -0 -0.011889 0.615553
v 0.004395 -0.011975 0.615342
v 0.017128 -0.01326 0.612161
v 0.021177 -0.014035 0.610247
v -0.021197 -0.014037 0.610233
v 0.014839 -0.012747 0.6131
v 0.009899 -0.012179 0.614514
v 0.008675 -0.012096 0.614719
v 0.000029 -0.01178 0.615611
v 0.002205 -0.048103 0.525807
v 0.017179 -0.046741 0.52913
v 0.021166 -0.04598 0.531013
v 0.024959 -0.045063 0.533282
v 0.031739 -0.042823 0.538873
v 0.041498 -0.036934 0.553484
v 0.008762 -0.012124 0.614753
v 0.004929 -0.011844 0.615346
v -0.000065 -0.011737 0.615638
v 0.004421 -0.011853 0.615393
v 0.023975 -0.014518 0.608698
v 0.019523 -0.013527 0.611161
v 0.024998 -0.014835 0.60803
v 0.021209 -0.013932 0.610291
v 0.017213 -0.013163 0.612187
v 0.013043 -0.01257 0.613674
v 0.031822 -0.017038 0.602437
v 0.028542 -0.015884 0.60541
v 0.034773 -0.018393 0.599181
v 0.037399 -0.019803 0.595637
v 0.039678 -0.021339 0.591852
v 0.038074 -0.020188 0.594602
v 0.035066 -0.018492 0.598819
v 0.043047 -0.024604 0.583702
v 0.0424 -0.023773 0.585689
v 0.041555 -0.022929 0.587866
v 0.044131 -0.026337 0.579428
v 0.04478 -0.028092 0.57506
v 0.043804 -0.02569 0.580922
v 0.044685 -0.027701 0.575924
v 0.040429 -0.021888 0.590376
v 0.03182 -0.042738 0.538837
v 0.034727 -0.041495 0.542181
v 0.034795 -0.041388 0.542094
v 0.037357 -0.040069 0.545692
v 0.039703 -0.038412 0.549434
v 0.044026 -0.026479 0.579419
v 0.04469 -0.028234 0.575051
v 0.043027 -0.024681 0.583704
v 0.041588 -0.036794 0.553426
v 0.043035 -0.035213 0.557604
v 0.044142 -0.0334 0.561871
v 0.04475 -0.031728 0.566249
v 0.044974 -0.029932 0.570652
v 0.01308 -0.047195 0.527563
v 0.013061 -0.047297 0.527613
v 0.008791 -0.04763 0.526488
v 0.037425 -0.039924 0.545637
v 0.037355 -0.019907 0.595626
v 0.028048 -0.015681 0.605806
v 0.043756 -0.034061 0.56011
v 0.043064 -0.035113 0.55759
v 0.044777 -0.031636 0.566229
v 0.042284 -0.036027 0.555222
v 0.040164 -0.037997 0.550325
v 0.037669 -0.039737 0.546001
v 0.031822 -0.042661 0.538811
v 0.044996 -0.029831 0.570626
v 0.041543 -0.022998 0.587857
v 0.025013 -0.044922 0.533213
v 0.028554 -0.043865 0.535842
v 0.028509 -0.044001 0.535914
v 0.004417 -0.047888 0.525838
v 0.004411 -0.047991 0.525891
v 0.021227 -0.045837 0.530942
v 0.031542 -0.042745 0.538523
v 0.019234 -0.046199 0.529935
v 0.023614 -0.045243 0.532311
v 0.02764 -0.044118 0.535107
v 0.017237 -0.046596 0.529053
v 0.01473 -0.046938 0.528097
v 0.010051 -0.047478 0.526754
v 0.034827 -0.041297 0.542121
v -0.000003 -0.048113 0.525719
v -0 -0.048027 0.525638
v 0.000011 -0.047936 0.525617
v 0.024922 -0.014936 0.607999
v 0.00068 -0.047933 0.525623
v 0.00535 -0.047807 0.525937
v 0.044693 -0.031943 0.565377
v -0.024988 -0.014836 0.608041
v -0.024963 -0.014804 0.607986
v -0.02764 -0.015552 0.606127
v -0.02851 -0.015859 0.605366
v -0.041439 -0.023069 0.587874
v -0.044689 -0.031775 0.566285
v -0.044907 -0.029995 0.570687
v -0.028533 -0.04399 0.535934
v -0.025003 -0.045052 0.533314
v -0.021216 -0.045967 0.531036
v -0.004406 -0.047904 0.525836
v -0.004932 -0.047826 0.525889
v -0.009899 -0.047492 0.52672
v -0.008775 -0.047632 0.526485
v -0.013062 -0.047206 0.527554
v -0.019521 -0.046144 0.530072
v -0.017219 -0.046608 0.529041
v -0.021202 -0.045843 0.53093
v -0.028048 -0.043989 0.535428
v -0.025007 -0.044923 0.53321
v -0.028544 -0.043869 0.535834
v -0.02397 -0.045154 0.532534
v -0.014844 -0.046922 0.528136
v -0.037389 -0.039936 0.545596
v -0.039685 -0.038399 0.549423
v -0.038075 -0.039483 0.546632
v -0.034792 -0.041354 0.542083
v -0.035067 -0.041178 0.542416
v -0.03182 -0.042637 0.538791
v -0.043053 -0.035126 0.557554
v -0.0424 -0.035898 0.555545
v -0.04158 -0.036804 0.553406
v -0.044138 -0.033408 0.561852
v -0.044784 -0.031651 0.566218
v -0.043804 -0.03398 0.560311
v -0.044685 -0.03197 0.56531
v -0.040429 -0.037783 0.550858
v -0.041525 -0.023019 0.587862
v -0.041568 -0.022941 0.587848
v -0.043057 -0.024612 0.583693
v -0.034772 -0.041446 0.542132
v -0.037409 -0.040001 0.545665
v -0.03181 -0.042771 0.538869
v -0.008763 -0.012128 0.614751
v -0.013043 -0.012574 0.613676
v -0.021198 -0.013931 0.610299
v -0.017214 -0.013169 0.612189
v -0.044095 -0.026413 0.579431
v -0.044127 -0.026336 0.579405
v -0.044745 -0.028172 0.575068
v -0.044774 -0.028094 0.575031
v -0.045 -0.029874 0.570631
v -0.043045 -0.035192 0.5576
v -0.039676 -0.038475 0.549452
v -0.043756 -0.025609 0.581122
v -0.042284 -0.023643 0.586011
v -0.040164 -0.021674 0.590909
v -0.041505 -0.022919 0.587812
v -0.039683 -0.021337 0.59183
v -0.034827 -0.018374 0.599113
v -0.037671 -0.019935 0.595231
v -0.037409 -0.019806 0.595615
v -0.034777 -0.018393 0.599172
v -0.031782 -0.017137 0.602439
v -0.031802 -0.017056 0.602445
v -0.028534 -0.015876 0.605413
v -0.004443 -0.011866 0.61539
v -0.01005 -0.012192 0.61448
v -0.039626 -0.021426 0.591848
v -0.037379 -0.019873 0.595631
v -0.021176 -0.013896 0.610245
v -0.023614 -0.014428 0.608923
v -0.014725 -0.012731 0.613139
v -0.004408 -0.011838 0.615361
v -0.00535 -0.011864 0.615297
v -0.019234 -0.013472 0.611299
v -0.031542 -0.016926 0.602711
v -0.044659 -0.028234 0.57507
v -0.044004 -0.026469 0.579451
v -0.042969 -0.024731 0.583721
v -0.004413 -0.048027 0.52594
v -0.013062 -0.047333 0.527665
v -0.017214 -0.046733 0.529152
v -0.041511 -0.036923 0.553497
v -0.044048 -0.033531 0.561936
v -0.044693 -0.027728 0.575857
v -0.044999 -0.029835 0.570617
vn -0.000406 -0.000859 -0.000312
vn -0.000155 -0.00086 -0.000485
vn 0.000085 -0.000861 -0.000501
vn 0.000342 -0.00086 -0.000377
vn 0.000469 -0.000863 -0.000189
vn 0.000507 -0.00086 0.000052
vn 0.000405 -0.000862 0.000306
vn 0.000208 -0.00086 0.000466
vn -0.000091 -0.000858 0.000505
vn -0.000406 -0.000857 0.000319
vn -0.000514 -0.000858 0.000022
vn -0.000399 -0.000857 -0.000326
vn -0.000073 -0.000857 -0.000511
vn 0.000238 -0.000858 -0.000456
vn 0.000473 -0.000859 -0.000195
vn 0.000498 -0.00086 0.000108
vn 0.000391 -0.000861 0.000325
vn 0.000155 -0.00086 0.000485
vn -0.000101 -0.00086 0.000501
vn -0.000406 -0.000857 0.000319
vn -0.000514 -0.000857 0.000022
vn -0.00001 -0.001 -0.000004
vn 0.000001 -0.001 -0.000001
vn -0 -0.001 -0.000005
vn 0.000001 -0.001 0
vn -0.000002 -0.001 0.000002
vn 0.000005 -0.001 -0.000003
vn -0.000003 -0.001 -0.000001
vn 0.00001 -0.001 0.000005
vn 0.000005 -0.001 -0.000004
vn -0.000003 -0.001 0.000002
vn 0.000001 -0.001 0.000007
vn -0.000001 -0.001 -0.000003
vn -0.000008 -0.001 -0.000002
vn 0.000001 -0.001 0.000006
vn 0 -0.001 0.000001
vn 0.000008 -0.001 -0.000006
vn 0.000004 -0.001 0.000002
vn -0.000001 -0.001 0.000001
vn 0.000005 -0.001 -0.000004
vn 0 -0.001 0.000006
vn -0.000003 -0.001 0.000002
vn -0.000837 -0 -0.000548
vn -0.00084 -0.000014 -0.000542
vn -0.000826 -0 -0.000563
vn 0.000056 -0 -0.000998
vn 0.000055 -0.000002 -0.000998
vn 0.000058 -0 -0.000998
vn 0.000893 0 -0.000451
vn 0.000892 -0.000002 -0.000451
vn 0.000893 0 -0.000449
vn 0.000837 0 0.000548
vn 0.000838 -0.000006 0.000545
vn 0.000833 0 0.000553
vn -0.000061 0 0.000998
vn -0.000056 -0.000003 0.000998
vn -0.000054 0 0.000999
vn -0.000893 -0 0.000451
vn -0.000894 0.000005 0.000448
vn -0.000892 -0 0.000452
vn -0.000829 -0 -0.000559
vn -0.000837 -0.000008 -0.000548
vn -0.000839 -0 -0.000544
vn 0.000056 -0 -0.000998
vn 0.000059 0.000005 -0.000998
vn 0.000055 -0 -0.000998
vn 0.000893 0 -0.000451
vn 0.00089 -0.000014 -0.000457
vn 0.000901 0 -0.000434
vn 0.000836 0 0.000549
vn 0.000837 -0.000001 0.000548
vn 0.000837 0 0.000547
vn -0.000057 0 0.000998
vn -0.000056 -0.000001 0.000998
vn -0.000056 0 0.000998
vn -0.000893 -0 0.000451
vn -0.000894 0.000005 0.000449
vn -0.000892 -0 0.000452
vn -0.0004 -0.000857 -0.000326
vn -0.000073 -0.000857 -0.000511
vn 0.000238 -0.000858 -0.000456
vn 0.000473 -0.000859 -0.000195
vn 0.000498 -0.00086 0.000108
vn 0.000391 -0.000861 0.000324
vn 0.000155 -0.00086 0.000485
vn -0.0001 -0.00086 0.000501
vn -0.000406 -0.000857 0.000319
vn -0.000514 -0.000857 0.000022
vn 0.00001 -0.001 -0.000016
vn 0.000017 -0.001 0.000007
vn -0.00002 -0.001 -0.000002
vn -0.00002 -0.001 -0.000002
vn 0.000019 -0.001 0.000006
vn 0.000007 -0.001 0.000005
vn 0.000014 -0.001 -0.000007
vn -0.000001 -0.001 -0.000006
vn -0.000015 -0.001 -0.000006
vn -0.000009 -0.001 -0.000006
vn -0.000009 -0.001 0.000016
vn -0.000003 -0.001 0.000001
vn 0.000006 -0.001 0.000013
vn -0 -0.001 0.000008
vn -0.000007 -0.001 0.000018
vn -0.000009 -0.001 -0.000018
vn 0.000001 -0.001 -0.000011
vn 0.000002 -0.001 -0.000013
vn 0.000002 -0.001 0.000015
vn 0.000008 -0.001 0
vn -0.000007 -0.001 0
vn -0.000007 -0.001 0.00001
vn -0.000003 -0.001 0.000001
vn 0.000002 -0.001 0.000015
vn -0.000001 -0.001 0.000009
vn 0.000006 -0.001 0.000002
vn 0.000003 -0.001 0.000002
vn 0.000007 -0.001 -0.00001
vn -0.000004 -0.001 -0.000008
vn -0.000013 -0.001 -0.000008
vn -0.000013 -0.001 -0.000017
vn 0.000003 -0.001 -0.000001
vn 0 -0.001 -0.000008
vn 0 -0.001 -0.000008
vn -0.000001 -0.001 -0.000003
vn -0.000008 -0.001 -0.000003
vn 0.000001 -0.001 0.000006
vn 0 -0.001 0.000001
vn 0.000004 -0.001 0.000002
vn -0.000001 -0.001 0.000001
vn 0.000004 -0.001 -0.000004
vn -0.000002 -0.001 0.000002
vn 0 -0.001 0.000006
vn -0.000037 -0.00099 0.000133
vn -0.000146 -0.000982 0.000116
vn -0.000193 -0.000979 0.000066
vn -0.000071 -0.000988 -0.000135
vn 0.00016 -0.000983 -0.000088
vn 0.00025 -0.000967 -0.000055
vn 0.000179 -0.000984 0.000009
vn 0.000068 -0.000985 0.000159
vn -0.000178 -0.000935 0.000306
vn -0.000225 -0.000948 0.000224
vn -0.000301 -0.00095 0.000078
vn -0.000373 -0.000928 0.000014
vn -0.000312 -0.000949 -0.000039
vn -0.000358 -0.000926 -0.000119
vn -0.000264 -0.000954 -0.000145
vn -0.000287 -0.000931 -0.000225
vn -0.000246 -0.000934 -0.000261
vn -0.000091 -0.000944 -0.000317
vn -0.00001 -0.000936 -0.000352
vn 0.000027 -0.000949 -0.000315
vn 0.00006 -0.000937 -0.000345
vn 0.000151 -0.000948 -0.000279
vn 0.000154 -0.000947 -0.000281
vn 0.000237 -0.000928 -0.000288
vn 0.000262 -0.000945 -0.000195
vn 0.00033 -0.000942 0.000067
vn 0.000334 -0.000926 0.000177
vn 0.000247 -0.000952 0.000179
vn 0.000247 -0.000928 0.000278
vn 0.000151 -0.000955 0.000255
vn -0 -0.000939 0.000344
vn -0 -0.000939 0.000343
vn -0.00017 -0.000866 0.00047
vn -0.000192 -0.000916 0.000353
vn -0.000383 -0.000872 0.000305
vn -0.000467 -0.000859 0.000207
vn -0.000479 -0.000862 -0.000165
vn -0.000297 -0.00087 -0.000393
vn -0.000198 -0.000856 -0.000478
vn -0.000194 -0.000874 -0.000445
vn 0.0001 -0.000852 -0.000514
vn 0.000412 -0.000878 -0.000244
vn 0.000462 -0.000881 -0.000102
vn 0.000471 -0.000877 -0.0001
vn 0.000469 -0.000881 0.000052
vn 0.000332 -0.000862 0.000382
vn 0.000176 -0.000862 0.000476
vn 0.000023 -0.000893 0.00045
vn 0.000017 -0.000867 0.000498
vn -0.000126 -0.000767 0.00063
vn -0.000189 -0.000781 0.000595
vn -0.000198 -0.000773 0.000603
vn -0.000329 -0.000716 0.000616
vn -0.000379 -0.000767 0.000517
vn -0.000404 -0.000757 0.000514
vn -0.000457 -0.00078 0.000427
vn -0.000585 -0.00078 0.000223
vn -0.000654 -0.000744 0.000137
vn -0.000618 -0.000786 0.000023
vn -0.000622 -0.000783 0.00002
vn -0.000662 -0.000744 -0.000095
vn -0.000614 -0.000773 -0.000158
vn -0.000549 -0.000766 -0.000334
vn -0.000505 -0.000779 -0.000372
vn -0.000507 -0.000764 -0.000398
vn -0.000434 -0.000766 -0.000475
vn -0.000096 -0.000766 -0.000635
vn -0.00004 -0.000778 -0.000626
vn -0.000021 -0.000764 -0.000645
vn 0.000055 -0.000766 -0.000641
vn 0.000234 -0.000766 -0.000598
vn 0.000279 -0.000779 -0.000562
vn 0.000304 -0.000764 -0.000569
vn 0.000411 -0.000764 -0.000496
vn 0.000385 -0.000783 -0.000489
vn 0.000498 -0.000744 -0.000446
vn 0.000523 -0.000784 -0.000334
vn 0.000539 -0.000773 -0.000335
vn 0.000648 -0.000716 -0.00026
vn 0.000617 -0.000776 -0.000131
vn 0.000621 -0.000773 -0.00013
vn 0.000698 -0.000716 -0.000022
vn 0.000621 -0.000778 0.000093
vn 0.000616 -0.000783 0.000088
vn 0.000635 -0.000744 0.000208
vn 0.000547 -0.000786 0.000289
vn 0.000549 -0.000783 0.000294
vn 0.000526 -0.000744 0.000413
vn 0.000453 -0.000773 0.000444
vn 0.000308 -0.000766 0.000564
vn 0.000238 -0.000781 0.000577
vn 0.000236 -0.000773 0.000589
vn 0.000143 -0.000715 0.000684
vn 0.000054 -0.000761 0.000646
vn -0.000066 -0.000621 0.000781
vn -0.000578 -0.000668 0.00047
vn -0.000675 -0.00067 0.00031
vn -0.000716 -0.000643 -0.000271
vn -0.00069 -0.000644 -0.000331
vn -0.00048 -0.000628 -0.000612
vn -0.000436 -0.000602 -0.000669
vn -0.0003 -0.000665 -0.000684
vn -0.000285 -0.000642 -0.000712
vn -0.00019 -0.000644 -0.000741
vn 0.000142 -0.000643 -0.000753
vn 0.000206 -0.000644 -0.000737
vn 0.000485 -0.000643 0.000593
vn 0.000432 -0.000644 0.000631
vn -0.00002 -0.000621 0.000783
vn -0.000159 -0.000503 0.00085
vn -0.000269 -0.000502 0.000822
vn -0.000271 -0.000501 0.000822
vn -0.000409 -0.000501 0.000763
vn -0.000409 -0.000501 0.000763
vn -0.000534 -0.000502 0.00068
vn -0.000535 -0.000501 0.00068
vn -0.000654 -0.000501 0.000566
vn -0.000632 -0.00053 0.000565
vn -0.000771 -0.00042 0.000478
vn -0.000784 -0.000522 0.000335
vn -0.000829 -0.00047 0.000303
vn -0.000864 -0.00047 0.000181
vn -0.000841 -0.000499 0.00021
vn -0.000865 -0.000501 0.000028
vn -0.000882 -0.00047 0.000001
vn -0.000874 -0.00047 -0.000125
vn -0.000862 -0.000499 -0.00009
vn -0.000831 -0.000502 -0.000238
vn -0.000746 -0.000502 -0.000437
vn -0.00068 -0.000501 -0.000535
vn -0.00068 -0.000501 -0.000535
vn -0.000604 -0.000503 -0.000618
vn -0.000145 -0.000502 -0.000853
vn -0.000028 -0.000501 -0.000865
vn -0.000027 -0.000501 -0.000865
vn 0.00009 -0.000502 -0.00086
vn 0.000301 -0.000502 -0.000811
vn 0.000408 -0.000502 -0.000763
vn 0.000409 -0.000501 -0.000763
vn 0.000534 -0.000502 -0.00068
vn 0.000535 -0.000501 -0.00068
vn 0.000644 -0.000502 -0.000577
vn 0.000675 -0.00047 -0.000568
vn 0.00075 -0.00047 -0.000466
vn 0.000718 -0.000499 -0.000485
vn 0.000803 -0.000501 -0.000322
vn 0.000804 -0.000501 -0.000321
vn 0.000847 -0.000502 -0.000178
vn 0.000847 -0.000501 -0.000177
vn 0.000865 -0.000501 -0.000028
vn 0.000865 -0.000501 -0.000027
vn 0.000856 -0.000501 0.000123
vn 0.000857 -0.000501 0.000123
vn 0.000822 -0.000501 0.00027
vn 0.000822 -0.000501 0.00027
vn 0.000763 -0.000502 0.000408
vn 0.000763 -0.000501 0.000409
vn 0.00068 -0.000502 0.000534
vn 0.00068 -0.000501 0.000535
vn 0.000601 -0.000502 0.000622
vn 0.000428 -0.000502 0.000752
vn 0.000322 -0.000502 0.000803
vn 0.000321 -0.000501 0.000804
vn 0.000177 -0.000501 0.000847
vn 0.000177 -0.000501 0.000847
vn 0.000065 -0.000503 0.000862
vn -0.000882 -0.000341 -0.000326
vn -0.000845 -0.00034 -0.000414
vn -0.000463 -0.000341 -0.000818
vn -0.00035 -0.000339 -0.000873
vn -0.000351 -0.00034 -0.000873
vn -0.000226 -0.000339 -0.000913
vn 0.000167 -0.000341 -0.000925
vn 0.000261 -0.000339 -0.000904
vn 0.000601 -0.00034 0.000723
vn 0.000525 -0.000339 0.000781
vn -0.000121 -0.000231 0.000965
vn -0.00014 -0.000202 0.000969
vn -0.000306 -0.000202 0.00093
vn -0.000306 -0.000201 0.000931
vn -0.000463 -0.000202 0.000863
vn -0.000463 -0.000201 0.000863
vn -0.000606 -0.000201 0.00077
vn -0.000606 -0.000201 0.00077
vn -0.00073 -0.000201 0.000653
vn -0.00073 -0.000201 0.000653
vn -0.000832 -0.000202 0.000516
vn -0.000834 -0.000199 0.000515
vn -0.000893 -0.0002 0.000402
vn -0.000967 -0.0002 0.000159
vn -0.000977 -0.0002 0.000073
vn -0.000963 -0.000202 -0.000181
vn -0.000939 -0.000201 -0.00028
vn -0.000851 -0.000201 -0.000484
vn -0.00077 -0.000201 -0.000606
vn -0.00077 -0.000201 -0.000606
vn -0.000636 -0.000201 -0.000745
vn -0.000649 -0.000229 -0.000726
vn -0.00054 -0.000231 -0.000809
vn -0.000176 -0.000202 -0.000963
vn -0.000031 -0.000202 -0.000979
vn -0.00003 -0.0002 -0.000979
vn 0.000113 -0.000201 -0.000973
vn 0.000329 -0.000202 -0.000922
vn 0.000463 -0.0002 -0.000863
vn 0.000463 -0.000201 -0.000863
vn 0.000606 -0.000201 -0.00077
vn 0.000607 -0.000199 -0.000769
vn 0.000702 -0.0002 -0.000684
vn 0.000854 -0.000201 -0.00048
vn 0.00091 -0.000201 -0.000364
vn 0.00091 -0.000201 -0.000364
vn 0.000959 -0.000201 -0.0002
vn 0.000962 -0.000191 -0.000195
vn 0.000981 -0.000191 -0.000031
vn 0.000978 -0.000206 -0.00004
vn 0.000971 -0.000192 0.00014
vn 0.00097 -0.000201 0.000134
vn 0.000931 -0.000201 0.000306
vn 0.000931 -0.000201 0.000306
vn 0.000863 -0.000201 0.000463
vn 0.000863 -0.000201 0.000463
vn 0.00077 -0.000201 0.000606
vn 0.00077 -0.000201 0.000606
vn 0.000673 -0.000201 0.000712
vn 0.000495 -0.000201 0.000845
vn 0.000364 -0.000201 0.000909
vn 0.000364 -0.000201 0.000909
vn 0.0002 -0.000201 0.000959
vn 0.0002 -0.0002 0.000959
vn 0.000008 -0.000201 0.00098
vn 0.000031 -0.000229 0.000973
vn -0.000092 -0.000991 0.000097
vn -0.000197 -0.000971 0.000138
vn -0.000185 -0.000982 0.000036
vn -0.00017 -0.000985 0.000037
vn -0.000243 -0.00097 -0.000024
vn -0.000162 -0.000984 -0.000068
vn -0.000083 -0.000984 -0.000154
vn 0.000137 -0.000972 -0.00019
vn 0.000092 -0.000991 -0.000095
vn 0.000312 -0.000941 -0.000131
vn 0.000152 -0.000988 -0.000013
vn 0.00021 -0.000978 0.000016
vn 0.000158 -0.000984 0.000086
vn 0.000136 -0.000988 0.000066
vn 0.000193 -0.000955 0.000225
vn 0.00006 -0.000989 0.000132
vn -0.000045 -0.00095 0.00031
vn -0.000056 -0.000944 0.000326
vn -0.000148 -0.000941 0.000305
vn -0.000257 -0.000948 0.000185
vn -0.000238 -0.000963 -0.000126
vn -0.000295 -0.000926 -0.000237
vn -0.000195 -0.000945 -0.000262
vn -0.000062 -0.00093 -0.000363
vn 0.000033 -0.000953 -0.000302
vn 0.000034 -0.000953 -0.000302
vn 0.000253 -0.000962 -0.000105
vn 0.000202 -0.000951 0.000236
vn 0.000063 -0.000935 0.00035
vn -0.000087 -0.000858 0.000506
vn -0.000256 -0.000872 0.000418
vn -0.000323 -0.000867 0.000379
vn -0.00044 -0.000864 0.000244
vn -0.000489 -0.000866 0.000107
vn -0.000504 -0.000857 0.000103
vn -0.000475 -0.000878 -0.00006
vn -0.0005 -0.000862 -0.000081
vn -0.000454 -0.000877 -0.000155
vn -0.000509 -0.000823 -0.000253
vn -0.000404 -0.000864 -0.000301
vn -0.000248 -0.000871 -0.000424
vn -0.000191 -0.000851 -0.00049
vn -0.000079 -0.000911 -0.000405
vn 0.000096 -0.000876 -0.000473
vn 0.000186 -0.000832 -0.000522
vn 0.000288 -0.000879 -0.000379
vn 0.000276 -0.000886 -0.000373
vn 0.000393 -0.000852 -0.000346
vn 0.000371 -0.000903 -0.000216
vn 0.000504 -0.000859 -0.00009
vn 0.000527 -0.00085 -0.000004
vn 0.000465 -0.000885 0.000042
vn 0.000516 -0.00084 0.000167
vn 0.000412 -0.000889 0.0002
vn 0.000415 -0.000858 0.000303
vn 0.000263 -0.000855 0.000447
vn 0.000114 -0.000877 0.000468
vn 0.000114 -0.000874 0.000473
vn -0.000048 -0.000774 0.000631
vn -0.000234 -0.000767 0.000598
vn -0.000283 -0.00078 0.000558
vn -0.000487 -0.000757 0.000436
vn -0.000524 -0.00078 0.000342
vn -0.000621 -0.000774 0.000122
vn -0.000476 -0.000771 -0.000423
vn -0.000446 -0.000744 -0.000498
vn -0.000369 -0.000774 -0.000515
vn -0.000213 -0.00076 -0.000615
vn -0.000143 -0.000716 -0.000683
vn -0.000042 -0.000767 -0.00064
vn -0.000021 -0.000757 -0.000653
vn 0.000048 -0.000774 -0.000631
vn 0.000505 -0.00076 -0.00041
vn 0.000593 -0.000716 -0.000369
vn 0.000587 -0.000767 -0.000258
vn 0.000607 -0.000757 -0.000243
vn 0.000609 -0.000774 -0.000171
vn 0.000486 -0.00078 0.000395
vn 0.000446 -0.000744 0.000498
vn 0.000341 -0.000782 0.000521
vn -0.000015 -0.000766 0.000642
vn -0.000156 -0.000621 0.000768
vn -0.0002 -0.000621 0.000758
vn -0.000391 -0.000655 0.000646
vn -0.000489 -0.000612 0.000622
vn -0.000533 -0.000658 0.000532
vn -0.000662 -0.000655 0.000364
vn -0.000747 -0.000602 0.00028
vn -0.000748 -0.00063 0.00021
vn -0.000769 -0.00064 -0.000008
vn -0.000735 -0.00067 -0.000106
vn -0.000734 -0.00067 -0.000106
vn -0.000752 -0.000612 -0.000247
vn -0.00067 -0.000665 -0.000331
vn -0.000676 -0.000642 -0.000362
vn -0.000622 -0.000644 -0.000446
vn -0.000374 -0.000621 -0.000688
vn -0.000333 -0.000621 -0.000709
vn 0.000142 -0.000644 -0.000752
vn 0.000259 -0.000642 -0.000721
vn 0.000231 -0.000671 -0.000704
vn 0.000374 -0.000611 -0.000697
vn 0.000442 -0.000665 -0.000602
vn 0.000473 -0.000642 -0.000603
vn 0.000547 -0.000644 -0.000535
vn 0.000756 -0.000643 -0.000124
vn 0.000767 -0.000642 -0.000003
vn 0.000741 -0.000671 -0.000024
vn 0.000783 -0.000612 0.000113
vn 0.000703 -0.000674 0.000228
vn 0.000705 -0.00067 0.000232
vn 0.000695 -0.000602 0.000392
vn 0.000642 -0.000629 0.000438
vn 0.000362 -0.000668 0.00065
vn 0.000176 -0.000669 0.000722
vn 0.000168 -0.000641 0.000749
vn 0.000058 -0.000644 0.000763
vn -0.000068 -0.000471 0.000879
vn -0.000305 -0.000502 0.000809
vn -0.000379 -0.000502 0.000777
vn -0.000666 -0.000502 0.000552
vn -0.000717 -0.000503 0.000483
vn -0.000873 -0.000471 0.000125
vn -0.000879 -0.000471 0.000074
vn -0.000659 -0.000502 -0.00056
vn -0.000577 -0.000501 -0.000645
vn -0.000577 -0.000501 -0.000645
vn -0.000488 -0.000503 -0.000714
vn -0.000287 -0.000502 -0.000816
vn -0.000178 -0.000502 -0.000847
vn -0.000177 -0.000501 -0.000847
vn -0.000028 -0.000502 -0.000865
vn -0.000027 -0.000501 -0.000865
vn 0.000091 -0.000502 -0.00086
vn 0.000666 -0.000502 -0.000552
vn 0.000735 -0.000502 -0.000456
vn 0.000736 -0.000501 -0.000456
vn 0.000803 -0.000502 -0.000322
vn 0.000804 -0.000501 -0.000321
vn 0.000839 -0.000502 -0.000209
vn 0.000656 -0.000502 0.000563
vn 0.000577 -0.000501 0.000645
vn 0.000577 -0.000501 0.000645
vn 0.000444 -0.000501 0.000743
vn 0.000447 -0.00053 0.000721
vn 0.000337 -0.00042 0.000842
vn 0.000211 -0.000511 0.000833
vn -0.000019 -0.000471 0.000882
vn -0.000474 -0.000341 0.000812
vn -0.000582 -0.000339 0.00074
vn -0.00058 -0.00034 0.00074
vn -0.000678 -0.00034 0.000652
vn -0.000817 -0.00034 0.000466
vn -0.000858 -0.000339 0.000386
vn -0.00094 -0.00034 -0.000012
vn -0.000932 -0.000338 -0.000134
vn -0.000931 -0.00034 -0.000132
vn -0.000894 -0.000338 -0.000294
vn -0.000894 -0.00034 -0.000292
vn -0.000829 -0.000338 -0.000445
vn -0.00083 -0.00034 -0.000443
vn -0.00076 -0.000339 -0.000554
vn 0.000169 -0.000338 -0.000926
vn 0.000293 -0.000338 -0.000894
vn 0.000292 -0.00034 -0.000894
vn 0.000444 -0.000341 -0.000829
vn 0.000445 -0.00034 -0.000828
vn 0.000582 -0.000338 -0.00074
vn 0.00058 -0.000341 -0.00074
vn 0.000678 -0.00034 -0.000652
vn 0.000928 -0.000338 -0.000158
vn 0.000943 -0.000331 -0.00003
vn 0.000944 -0.00033 -0.000029
vn 0.000934 -0.00033 0.000134
vn 0.000933 -0.000335 0.00013
vn 0.000893 -0.000341 0.000293
vn 0.000894 -0.000336 0.000298
vn 0.000846 -0.00034 0.00041
vn 0.000158 -0.000337 0.000928
vn 0.000072 -0.000338 0.000938
vn -0.00019 -0.00023 0.000954
vn -0.000287 -0.00023 0.00093
vn -0.000306 -0.000201 0.000931
vn -0.000439 -0.000201 0.000876
vn -0.000747 -0.000201 0.000634
vn -0.000818 -0.000201 0.000539
vn -0.000915 -0.000228 0.000333
vn -0.000941 -0.000229 0.00025
vn -0.000754 -0.000201 -0.000625
vn -0.000653 -0.000201 -0.00073
vn -0.000653 -0.000201 -0.00073
vn -0.000497 -0.0002 -0.000844
vn -0.000513 -0.000229 -0.000827
vn -0.000378 -0.00023 -0.000897
vn -0.000364 -0.000201 -0.00091
vn -0.0002 -0.000201 -0.000959
vn -0.0002 -0.000201 -0.000959
vn -0.000031 -0.000201 -0.000979
vn -0.000031 -0.000201 -0.000979
vn 0.000115 -0.000202 -0.000973
vn 0.000746 -0.000201 -0.000634
vn 0.000833 -0.000201 -0.000516
vn 0.000833 -0.000201 -0.000516
vn 0.00091 -0.000201 -0.000364
vn 0.000909 -0.000201 -0.000364
vn 0.000953 -0.000202 -0.000227
vn 0.000842 -0.000232 0.000488
vn 0.000775 -0.000233 0.000588
vn 0.000769 -0.000202 0.000607
vn 0.000653 -0.000202 0.00073
vn 0.000653 -0.000201 0.00073
vn 0.000516 -0.000201 0.000833
vn 0.000516 -0.000202 0.000832
vn 0.000364 -0.000202 0.000909
vn 0.000363 -0.000201 0.00091
vn 0.000225 -0.000202 0.000953
vn -0.000837 -0 -0.000548
vn -0.00084 -0.000014 -0.000542
vn -0.000826 -0 -0.000563
vn 0.000056 -0 -0.000998
vn 0.000059 0.000005 -0.000998
vn 0.000055 -0 -0.000998
vn 0.00089 -0.000014 -0.000457
vn 0.000901 0 -0.000434
vn 0.000837 0 0.000548
vn 0.000837 -0.000002 0.000547
vn 0.000836 0 0.000549
vn -0.000056 0 0.000998
vn -0.000055 -0.000002 0.000998
vn -0.000057 0 0.000998
vn -0.000892 -0 0.000452
vn -0.000893 0.000001 0.000451
vn -0.000893 -0 0.000449
vn 0.00099 0.000001 0.000143
vn 0.00099 -0 0.000141
vn 0.00095 0 0.000312
vn 0.000949 0.000001 0.000314
vn 0.000881 0.000001 0.000473
vn 0.000883 -0 0.000469
vn 0.000786 0 0.000618
vn 0.000785 0.000001 0.00062
vn 0.00066 0.000002 0.000752
vn 0.000665 -0.000001 0.000747
vn 0.000536 -0.000001 0.000844
vn 0.000525 0.000004 0.000851
vn 0.000371 0.000005 0.000928
vn 0.000375 0.000004 0.000927
vn 0.000205 0.000005 0.000979
vn 0.000219 -0 0.000976
vn 0.000031 0 0.000999
vn 0.00003 0.000001 0.001
vn -0.000143 0.000002 0.00099
vn -0.000149 0.000004 0.000989
vn -0.000312 0.000005 0.00095
vn -0.000304 0.000002 0.000953
vn -0.000472 0.000003 0.000881
vn -0.00047 0.000002 0.000883
vn -0.000619 0.000003 0.000786
vn -0.000611 -0 0.000792
vn -0.000746 -0 0.000666
vn -0.000749 0.000002 0.000662
vn -0.00085 0.000002 0.000527
vn -0.000853 0.000004 0.000522
vn -0.000923 0.000005 0.000385
vn -0.000939 -0.00001 0.000345
vn -0.000973 -0.000009 0.000231
vn -0.000979 -0 0.000206
vn -0.001 0 -0
vn -0.001 -0.000008 0.000025
vn -0.000993 -0.000008 -0.000115
vn -0.000991 -0 -0.000137
vn -0.000947 0 -0.000321
vn -0.00095 -0.000003 -0.000312
vn -0.000886 -0.000003 -0.000464
vn -0.000876 0.000004 -0.000482
vn -0.000786 0.000005 -0.000618
vn -0.000788 0.000004 -0.000615
vn -0.000666 0.000005 -0.000746
vn -0.000673 0.000002 -0.000739
vn -0.000519 0.000003 -0.000855
vn -0.000535 -0.000003 -0.000845
vn -0.000374 -0.000003 -0.000928
vn -0.000361 0.000001 -0.000932
vn -0.000215 0.000002 -0.000977
vn -0.000219 -0 -0.000976
vn -0.000031 0 -0.001
vn -0.000021 0.000004 -0.001
vn 0.000152 0.000005 -0.000988
vn 0.00013 -0.000002 -0.000992
vn 0.000303 -0.000002 -0.000953
vn 0.000319 0.000004 -0.000948
vn 0.000472 0.000005 -0.000881
vn 0.000469 0.000004 -0.000883
vn 0.000618 0.000005 -0.000786
vn 0.000608 0.000001 -0.000794
vn 0.000744 0.000002 -0.000668
vn 0.000764 -0.000009 -0.000645
vn 0.000835 -0.000008 -0.00055
vn 0.000854 0.000004 -0.000521
vn 0.000929 0.000005 -0.000371
vn 0.000923 -0 -0.000385
vn 0.000979 0 -0.000206
vn 0.000979 0 -0.000205
vn 0.000999 0.000001 -0.00004
vn 0.000999 0.000004 -0.000031
vn 0.000999 0.000003 -0.000036
vn 0.000999 0 -0.000042
vn 0.000978 0.000001 -0.000209
vn 0.000981 0.000005 -0.000195
vn 0.000923 0.000004 -0.000385
vn 0.000928 0.000009 -0.000371
vn 0.000863 0.000009 -0.000506
vn 0.00085 0.000001 -0.000527
vn 0.000737 0.000001 -0.000676
vn 0.000738 0.000001 -0.000675
vn 0.000627 0.000001 -0.000779
vn 0.000617 -0.000003 -0.000787
vn 0.000472 -0.000003 -0.000881
vn 0.000469 -0.000004 -0.000883
vn 0.000319 -0.000004 -0.000948
vn 0.000311 -0.000002 -0.00095
vn 0.000139 -0.000003 -0.00099
vn 0.00015 0.000001 -0.000989
vn -0.000044 0.000001 -0.000999
vn -0.000031 0.000005 -0.000999
vn -0.000209 0.000004 -0.000978
vn -0.000204 0.000005 -0.000979
vn -0.000361 0.000004 -0.000932
vn -0.000371 0 -0.000929
vn -0.000531 -0 -0.000848
vn -0.000527 0.000001 -0.00085
vn -0.000676 0.000001 -0.000737
vn -0.000666 0.000005 -0.000745
vn -0.000779 0.000004 -0.000627
vn -0.000792 -0.000003 -0.000611
vn -0.000883 -0.000003 -0.000469
vn -0.000882 -0.000002 -0.000471
vn -0.00095 -0.000002 -0.000311
vn -0.000951 -0.000002 -0.00031
vn -0.000989 -0.000002 -0.000144
vn -0.00099 -0.000003 -0.000141
vn -0.000999 -0.000003 0.000047
vn -0.000999 -0.000005 0.000053
vn -0.000984 -0.000006 0.000175
vn -0.00098 0.000002 0.000198
vn -0.000929 0.000001 0.00037
vn -0.000925 -0.000003 0.000381
vn -0.000847 -0.000003 0.000531
vn -0.000855 0.000002 0.000519
vn -0.000741 0.000001 0.000671
vn -0.000738 -0.000001 0.000674
vn -0.00062 -0.000001 0.000785
vn -0.000617 -0.000002 0.000787
vn -0.000467 -0.000002 0.000884
vn -0.000481 0.000003 0.000877
vn -0.000293 0.000002 0.000956
vn -0.000312 0.000009 0.00095
vn -0.000159 0.000009 0.000987
vn -0.000115 -0.000006 0.000993
vn 0.000021 -0.000005 0.001
vn 0.000007 -0 0.001
vn 0.0002 -0.000001 0.00098
vn 0.000197 0 0.00098
vn 0.000375 -0 0.000927
vn 0.000371 0.000002 0.000929
vn 0.000532 0.000001 0.000847
vn 0.000527 0.000003 0.00085
vn 0.000669 0.000002 0.000743
vn 0.000667 0.000003 0.000745
vn 0.000791 0.000002 0.000611
vn 0.000786 0.000005 0.000618
vn 0.000884 0.000003 0.000467
vn 0.00088 0.000001 0.000475
vn 0.000949 -0.000002 0.000316
vn 0.000953 0.000003 0.000301
vn 0.000989 0.000002 0.000151
vn 0.000989 0.000002 0.00015
vn 0 -0.001 0.00001
vn 0.000007 -0.001 -0.000003
vn 0.000011 -0.001 -0.000011
vn 0.00001 -0.001 -0.000002
vn 0 -0.001 -0.000008
vn 0 -0.001 -0.000008
vn -0.000007 -0.001 0
vn -0.000001 -0.001 0.000011
vn 0.000002 -0.001 0.000013
vn -0.000004 -0.001 -0.000008
vn -0.000013 -0.001 -0.000008
vn -0.000013 -0.001 -0.000017
vn -0.000007 -0.001 0.000011
vn 0.000006 -0.001 0.000002
vn -0.000543 0.00052 0.00066
vn -0.000632 0.000516 0.000579
vn -0.000752 0.000603 0.000266
vn -0.000809 0.000563 0.000169
vn -0.000833 0.000519 0.000191
vn -0.000857 0.000514 0.000037
vn -0.000843 0.000521 -0.000132
vn -0.000816 0.000513 -0.000267
vn -0.00081 0.000522 -0.000268
vn -0.000769 0.000516 -0.000378
vn -0.000424 0.000547 -0.000721
vn -0.000343 0.000539 -0.000769
vn -0.000136 0.000583 -0.000801
vn -0.000061 0.000575 -0.000816
vn 0.000765 0.000583 -0.000273
vn 0.000804 0.000571 -0.000169
vn 0.000779 0.000609 -0.00015
vn 0.000826 0.000563 -0.000027
vn 0.00085 0.000525 -0.000042
vn 0.000847 0.000517 0.000122
vn 0.000844 0.000522 0.000123
vn 0.000818 0.000514 0.000257
vn 0.000733 0.000547 0.000404
vn 0.00067 0.000538 0.000512
vn 0.000149 0.000521 0.00084
vn 0.000038 0.000514 0.000857
vn -0.000076 0.000675 0.000734
vn -0.000571 0.000667 0.00048
vn -0.000609 0.000679 0.00041
vn -0.000724 0.00069 -0.000006
vn -0.000752 0.000654 -0.00009
vn 0.000131 0.000648 -0.000751
vn 0.000199 0.000684 -0.000702
vn 0.000494 0.000636 -0.000592
vn 0.00058 0.000627 -0.00052
vn 0.000547 0.000701 -0.000459
vn 0.000639 0.000639 -0.000428
vn 0.0007 0.000667 0.000255
vn 0.000658 0.000679 0.000326
vn 0.000566 0.000673 0.000476
vn 0.000507 0.000668 0.000544
vn -0 0.000666 0.000746
vn -0.000233 0.000704 0.000671
vn -0.000298 0.000774 0.000559
vn -0.000304 0.000747 0.000591
vn -0.000399 0.000736 0.000546
vn -0.000465 0.000704 -0.000537
vn -0.00037 0.000756 -0.000539
vn 0.000434 0.000746 0.000506
vn 0.000371 0.000736 0.000566
vn -0.000109 0.000842 0.000528
vn -0.000505 0.000814 0.000289
vn -0.000538 0.000807 0.000242
vn -0.000529 0.000791 -0.000307
vn -0.00044 0.00083 -0.000343
vn -0.000387 0.000864 -0.000322
vn -0.00019 0.000809 -0.000556
vn -0.00015 0.000812 -0.000563
vn 0.000027 0.000832 -0.000554
vn 0.000191 0.00085 -0.00049
vn 0.000309 0.000753 -0.000581
vn 0.00034 0.000813 -0.000472
vn 0.000511 0.000825 -0.000243
vn 0.000263 0.000839 0.000477
vn 0.00025 0.000746 0.000617
vn 0.000143 0.000824 0.000549
vn -0.000224 0.000943 0.000245
vn -0.000345 0.000938 0.00003
vn -0.000258 0.000962 -0.000085
vn -0.000263 0.000961 -0.000086
vn 0.000265 0.000963 0.000039
vn 0.000255 0.000966 0.000038
vn 0.000048 0.000958 0.000282
vn -0.000103 0.000976 -0.000194
vn 0.00011 0.000987 -0.000117
vn 0.000212 0.000967 0.000138
vn -0.00073 0.000522 0.000442
vn -0.000792 0.000514 0.000329
vn -0.000837 0.000548 -0.000001
vn -0.000836 0.000539 -0.000109
vn -0.00071 0.000585 -0.000393
vn -0.000664 0.000574 -0.000478
vn -0.000442 0.000522 -0.00073
vn -0.000346 0.000515 -0.000784
vn 0.000124 0.000611 -0.000782
vn 0.000257 0.000566 -0.000783
vn 0.00025 0.000524 -0.000815
vn 0.000405 0.000515 -0.000756
vn 0.000402 0.000549 -0.000733
vn 0.000494 0.000542 -0.00068
vn 0.000308 0.000522 0.000795
vn 0.000194 0.000515 0.000835
vn -0.000374 0.000637 0.000674
vn -0.00047 0.000629 0.00062
vn -0.000562 0.000669 0.000486
vn -0.000628 0.000659 0.000414
vn -0.000702 0.000664 0.000256
vn -0.000716 0.000675 0.000179
vn -0.000728 0.000673 -0.000129
vn -0.000715 0.000659 -0.000234
vn -0.000696 0.000678 -0.000235
vn -0.000665 0.000665 -0.000341
vn -0.000491 0.000647 -0.000583
vn -0.000407 0.000684 -0.000605
vn -0.000002 0.000648 -0.000762
vn 0.000089 0.000691 -0.000717
vn 0.000587 0.000642 -0.000493
vn 0.000598 0.000685 -0.000417
vn 0.000397 0.000638 0.00066
vn 0.000302 0.000629 0.000716
vn -0.000236 0.000746 0.000622
vn -0.000303 0.000738 0.000603
vn -0.000429 0.000746 0.00051
vn -0.000489 0.000744 0.000455
vn 0.000666 0.000709 0.000234
vn 0.000575 0.000766 0.000287
vn 0.000553 0.000702 0.000449
vn 0.000424 0.000773 0.000472
vn 0.000434 0.000764 0.000478
vn 0.000372 0.000735 0.000568
vn 0.000116 0.000728 0.000675
vn 0.000035 0.000752 0.000658
vn -0.000073 0.000785 0.000615
vn -0.00056 0.000823 0.000092
vn -0.000594 0.000803 0.000046
vn -0.000408 0.000832 -0.000377
vn -0.00021 0.000787 -0.000579
vn -0.000117 0.000826 -0.000551
vn -0.000086 0.000866 -0.000492
vn 0.000371 0.000832 -0.000412
vn 0.000578 0.000787 -0.000213
vn 0.000549 0.000827 -0.000117
vn 0.00051 0.000855 -0.000096
vn 0.000669 0.000743 -0.000022
vn 0.000533 0.000843 0.000074
vn 0.000484 0.000871 0.000078
vn 0.000443 0.000859 0.000257
vn 0 0.000835 0.000551
vn -0.000119 0.000889 0.000443
vn -0.000303 0.00094 0.000156
vn -0.000156 0.000944 -0.000291
vn 0.00014 0.000948 -0.000286
vn 0.000387 0.000898 -0.000208
vn 0.000098 0.000951 0.000293
vn -0.000114 0.000978 0.000175
vn -0.000252 0.000968 -0.000017
vn 0.000066 0.000992 -0.000105
vn 0.000058 0.000988 0.000146
vn -0 -0.000996 0.000084
vn 0 -0.000996 0.000087
vn 0 -0.000996 0.000087
vn 0.000001 -0.000996 0.000086
vn -0.000002 -0.000996 0.000086
vn -0.000002 -0.000996 0.000087
vn 0 -0.000996 0.000087
vn 0.000001 -0.000996 0.000089
vn -0.000002 -0.000996 0.000088
vn -0.000002 -0.000996 0.000087
vn -0.000002 -0.000996 0.000085
vn -0.000001 -0.000996 0.000088
vn -0.000001 -0.000996 0.000088
vn 0.000001 -0.000996 0.000086
vn 0.000002 -0.000997 0.000082
vn -0.000001 -0.000996 0.000087
vn 0.000006 -0.000995 0.000097
vn -0 -0.000996 0.000086
vn -0.000002 -0.000996 0.000094
vn -0.000002 -0.000996 0.000092
vn -0.000001 -0.000996 0.000086
vn -0.000001 -0.000996 0.000087
vn -0.000001 -0.000996 0.000087
vn 0 -0.000996 0.000087
vn -0.000005 -0.000996 0.000084
vn 0.000003 -0.000996 0.00009
vn 0.000015 -0.000995 0.000096
vn -0.000008 -0.000997 0.000078
vn 0.000005 -0.000996 0.000089
vn -0.000004 -0.000997 0.000083
vn -0 -0.000996 0.000087
vn -0.000001 -0.000996 0.000087
vn -0.000003 -0.000997 0.000079
vn 0.000001 -0.000996 0.00009
vn 0 -0.000996 0.000088
vn 0.000001 -0.000996 0.000089
vn 0 -0.000996 0.000087
vn -0.000013 -0.000997 0.000077
vn 0.000003 -0.000996 0.000091
vn -0.000004 -0.000996 0.000087
vn 0.000001 -0.000996 0.000087
vn -0.000006 -0.000996 0.000087
vn 0.000003 -0.000996 0.00009
vn -0 -0.000996 0.000087
vn 0.000003 -0.000996 0.000087
vn 0.000002 -0.000996 0.000086
vn 0.000323 -0.000858 0.000399
vn 0.000479 -0.000691 0.000542
vn 0.000586 -0.000509 0.000631
vn 0.000666 -0.000277 0.000693
vn 0 -0.000996 0.000087
vn 0.000002 -0.000996 0.000085
vn -0 -0.000996 0.000087
vn -0.000002 -0.000996 0.000086
vn -0 -0.000996 0.000087
vn -0.000002 -0.000996 0.000086
vn 0.000001 -0.000996 0.000089
vn -0.000004 -0.000995 0.000099
vn 0 -0.000996 0.000087
vn 0.000001 -0.000996 0.000086
vn -0.000005 -0.000996 0.000089
vn 0 -0.000996 0.000087
vn -0.000005 -0.000996 0.000089
vn 0.000001 -0.000996 0.000088
vn -0.000002 -0.000996 0.000091
vn 0.000005 -0.000996 0.000085
vn 0.000003 -0.000996 0.000086
vn 0.000007 -0.000997 0.000082
vn -0.000006 -0.000996 0.000091
vn 0.000003 -0.000996 0.000086
vn -0.000003 -0.000996 0.000091
vn -0 -0.000996 0.000087
vn -0.000001 -0.000996 0.000087
vn 0.000001 -0.000996 0.000086
vn -0.000002 -0.000996 0.000088
vn 0.000002 -0.000996 0.000087
vn -0.000002 -0.000996 0.000088
vn -0.000001 -0.000996 0.000087
vn 0.000002 -0.000996 0.000087
vn -0.000005 -0.000997 0.00008
vn -0.000007 -0.000996 0.000087
vn 0.00001 -0.000997 0.000076
vn 0.000007 -0.000996 0.000089
vn 0.000004 -0.000996 0.000086
vn 0.000007 -0.000997 0.000081
vn -0.000007 -0.000996 0.000093
vn -0.000004 -0.000996 0.000088
vn 0.000002 -0.001 -0.000024
vn -0.000014 -0.001 -0.00002
vn -0.000006 -0.001 -0.000006
vn 0 -0.001 -0.000001
vn -0.000008 -0.001 0.000012
vn -0.000008 -0.000999 -0.00003
vn -0.000002 -0.001 -0.000004
vn -0.000054 -0.000998 0.000015
vn -0.000002 -0.001 0.000007
vn -0.000012 -0.001 -0.000006
vn -0.000033 -0.000999 -0.000003
vn -0.000053 -0.000999 -0.000007
vn 0.000016 -0.001 0.000003
vn -0.000005 -0.001 0.000004
vn -0.000517 -0.000819 0.000249
vn -0.000003 -0.001 0.000016
vn -0.000012 -0.001 0.000016
vn -0.000002 -0.001 0.00002
vn 0.000001 -0.001 0.000006
vn -0.000002 -0.001 0.000029
vn 0.000004 -0.001 0.000008
vn 0.000005 -0.001 0.000011
vn 0.00001 -0.001 0.000009
vn 0.000006 -0.001 0.000004
vn 0.000011 -0.001 0.000005
vn 0.000026 -0.001 0.000015
vn 0.000043 -0.000999 0.000003
vn 0.000017 -0.001 -0.000001
vn 0.000021 -0.001 -0.000006
vn 0.000043 -0.000999 -0.00001
vn 0.000015 -0.001 -0.000009
vn 0.000001 -0.001 -0.000002
vn 0.000005 -0.001 -0.000009
vn 0.000004 -0.001 -0.000008
vn 0.000006 -0.001 -0.000011
vn 0.000076 -0.00094 -0.000333
vn 0.000001 -0.000999 -0.000036
vn -0.000003 -0.001 -0.000001
vn 0.000656 0.000705 -0.000268
vn 0.000874 0.000486 -0.00003
vn 0.00064 0.000548 0.000539
vn 0.000577 0.000541 0.000612
vn 0.000308 0.000522 0.000795
vn 0.000194 0.000515 0.000835
vn -0.00073 0.000522 0.000442
vn -0.000784 0.000516 0.000346
vn -0.000749 0.000661 0.000046
vn -0.00073 0.000672 0.000127
vn -0.000628 0.000658 0.000414
vn -0.000562 0.000669 0.000486
vn -0.00047 0.000629 0.00062
vn -0.000374 0.000637 0.000674
vn 0.000302 0.000629 0.000716
vn 0.000397 0.000638 0.00066
vn 0.000712 0.000668 0.000218
vn 0.000731 0.000672 0.000119
vn 0.000788 0.000606 0.000106
vn 0.000784 0.00062 -0.00002
vn 0.00066 0.000737 -0.000146
vn 0.000636 0.00076 -0.000132
vn 0.00068 0.000732 -0.000042
vn 0.000582 0.000782 0.000223
vn 0.000636 0.000702 0.000322
vn 0.000414 0.000753 0.000511
vn 0.000372 0.000734 0.000568
vn 0.000116 0.000728 0.000675
vn 0.000035 0.000752 0.000659
vn -0.000236 0.000747 0.000621
vn -0.000303 0.000739 0.000602
vn -0.000429 0.000745 0.000511
vn -0.000489 0.000744 0.000456
vn 0.000276 0.000894 -0.000354
vn 0.000335 0.000886 -0.00032
vn 0.000364 0.000907 -0.00021
vn 0.000472 0.000816 0.000333
vn 0 0.000834 0.000551
vn -0.000073 0.000785 0.000615
vn -0.000577 0.00079 0.000208
vn -0.000557 0.000818 0.000142
vn -0.000584 0.000811 -0.000019
vn -0.000667 0.00074 -0.000083
vn -0.000507 0.000848 -0.000154
vn -0.000387 0.000911 -0.00014
vn -0.000647 0.000667 -0.000369
vn -0.000341 0.000893 -0.000295
vn -0.000119 0.000889 0.000443
vn -0.000306 0.000938 0.000159
vn -0.000136 0.000979 -0.000152
vn -0.000211 0.000952 -0.00022
vn -0.000217 0.000889 -0.000403
vn -0.00006 0.000983 -0.000175
vn -0.000108 0.000954 -0.000279
vn -0.000059 0.000898 -0.000437
vn 0.000002 0.000988 -0.000154
vn 0.000053 0.000881 -0.000471
vn 0.000203 0.000716 -0.000668
vn 0.0001 0.000975 -0.000196
vn 0.000098 0.000951 0.000292
vn -0.000114 0.000978 0.000175
vn 0.000083 0.000985 -0.00015
vn 0.000184 0.000975 -0.000125
vn 0.000211 0.000977 0.000011
vn 0.000147 0.00098 0.000131
vn 0.000058 0.000988 0.000143
vn -0.000092 -0.000991 0.000097
vn -0.000197 -0.000971 0.000138
vn -0.000185 -0.000982 0.000036
vn -0.00017 -0.000985 0.000037
vn -0.000243 -0.00097 -0.000024
vn -0.000162 -0.000984 -0.000068
vn -0.000083 -0.000984 -0.000154
vn 0.000137 -0.000972 -0.00019
vn 0.000087 -0.000993 -0.000085
vn 0.000221 -0.000975 0.000001
vn 0.000158 -0.000984 0.000086
vn 0.000136 -0.000988 0.000066
vn 0.000192 -0.000956 0.000224
vn 0.000073 -0.000987 0.000144
vn -0.000039 -0.000952 0.000305
vn -0.000057 -0.000942 0.000331
vn -0.000151 -0.000939 0.000308
vn -0.000257 -0.000948 0.000185
vn -0.000238 -0.000963 -0.000126
vn -0.000295 -0.000926 -0.000237
vn -0.000195 -0.000945 -0.000262
vn -0.000062 -0.00093 -0.000363
vn 0.000033 -0.000953 -0.000301
vn 0.000034 -0.000953 -0.000302
vn 0.000294 -0.000945 -0.000144
vn 0.000346 -0.000936 -0.000062
vn 0.000279 -0.00096 -0.00001
vn 0.000203 -0.00095 0.000236
vn 0.000074 -0.000924 0.000374
vn -0.000087 -0.000858 0.000506
vn -0.000256 -0.000872 0.000417
vn -0.000323 -0.000867 0.000379
vn -0.00044 -0.000864 0.000244
vn -0.000489 -0.000866 0.000107
vn -0.000504 -0.000857 0.000103
vn -0.000475 -0.000878 -0.00006
vn -0.0005 -0.000863 -0.000081
vn -0.000454 -0.000877 -0.000155
vn -0.000509 -0.000823 -0.000253
vn -0.000404 -0.000864 -0.000301
vn -0.000191 -0.000851 -0.00049
vn -0.000079 -0.000911 -0.000405
vn 0.000096 -0.000876 -0.000473
vn 0.000186 -0.000832 -0.000522
vn 0.000289 -0.000879 -0.000379
vn 0.000276 -0.000886 -0.000373
vn 0.000393 -0.000852 -0.000346
vn 0.000371 -0.000903 -0.000216
vn 0.000505 -0.000858 -0.000091
vn 0.000507 -0.000857 0.000094
vn 0.000433 -0.000876 0.00021
vn 0.000438 -0.000872 0.000218
vn 0.000402 -0.000865 0.000299
vn 0.000269 -0.00085 0.000453
vn 0.000114 -0.000876 0.000469
vn 0.000114 -0.000874 0.000473
vn -0.000048 -0.000774 0.000631
vn -0.000234 -0.000767 0.000598
vn -0.000283 -0.00078 0.000558
vn -0.000487 -0.000757 0.000436
vn -0.000524 -0.00078 0.000342
vn -0.000621 -0.000774 0.000122
vn -0.000476 -0.000771 -0.000423
vn -0.000446 -0.000744 -0.000498
vn -0.000369 -0.000774 -0.000515
vn -0.000212 -0.00076 -0.000615
vn -0.000143 -0.000716 -0.000683
vn -0.000042 -0.000767 -0.00064
vn -0.000021 -0.000757 -0.000653
vn 0.000048 -0.000774 -0.000631
vn 0.000505 -0.00076 -0.00041
vn 0.000593 -0.000715 -0.000369
vn 0.000587 -0.000767 -0.000258
vn 0.000607 -0.000757 -0.000243
vn 0.000609 -0.000774 -0.000171
vn 0.000642 -0.000766 0.000015
vn 0.000621 -0.00078 0.000075
vn 0.000476 -0.000771 0.000423
vn 0.000446 -0.000744 0.000498
vn 0.000341 -0.000782 0.000521
vn -0.000015 -0.000766 0.000642
vn -0.000156 -0.000621 0.000768
vn -0.0002 -0.000621 0.000758
vn -0.000391 -0.000655 0.000646
vn -0.000489 -0.000612 0.000622
vn -0.000533 -0.000658 0.000532
vn -0.000662 -0.000655 0.000364
vn -0.000747 -0.000602 0.00028
vn -0.000768 -0.00064 -0.000008
vn -0.000735 -0.00067 -0.000106
vn -0.000734 -0.000671 -0.000106
vn -0.000752 -0.000612 -0.000247
vn -0.00067 -0.000665 -0.000331
vn -0.000676 -0.000642 -0.000362
vn -0.000622 -0.000644 -0.000446
vn -0.000374 -0.000621 -0.000689
vn -0.000333 -0.000621 -0.000709
vn 0.000259 -0.000642 -0.000721
vn 0.000231 -0.000671 -0.000704
vn 0.000374 -0.000611 -0.000697
vn 0.000442 -0.000665 -0.000602
vn 0.000473 -0.000642 -0.000603
vn 0.000547 -0.000644 -0.000535
vn 0.000756 -0.000643 -0.000124
vn 0.000763 -0.000644 -0.000059
vn 0.000741 -0.000655 0.000147
vn 0.000752 -0.000611 0.000247
vn 0.00067 -0.000665 0.000331
vn 0.000681 -0.00062 0.00039
vn 0.000643 -0.000621 0.000447
vn 0.000362 -0.000668 0.00065
vn 0.000176 -0.000669 0.000722
vn 0.000168 -0.000641 0.000749
vn 0.000058 -0.000643 0.000763
vn -0.000068 -0.000471 0.000879
vn -0.000305 -0.000502 0.00081
vn -0.000379 -0.000502 0.000777
vn -0.000666 -0.000502 0.000552
vn -0.000717 -0.000502 0.000483
vn -0.000873 -0.000471 0.000125
vn -0.000879 -0.000471 0.000074
vn -0.000664 -0.000469 -0.000582
vn -0.000589 -0.000469 -0.000658
vn -0.000589 -0.000468 -0.000658
vn -0.000515 -0.00047 -0.000717
vn -0.000274 -0.000469 -0.00084
vn -0.000181 -0.000468 -0.000865
vn -0.000181 -0.000468 -0.000865
vn -0.000028 -0.000468 -0.000883
vn -0.000028 -0.000468 -0.000883
vn 0.000079 -0.000469 -0.000879
vn 0.000688 -0.00047 -0.000553
vn 0.00075 -0.000469 -0.000466
vn 0.000751 -0.000468 -0.000466
vn 0.00082 -0.000468 -0.000329
vn 0.00082 -0.000468 -0.000328
vn 0.000853 -0.000469 -0.000227
vn 0.000865 -0.000502 0.000005
vn 0.00086 -0.000502 0.000091
vn 0.000656 -0.000502 0.000563
vn 0.000577 -0.000501 0.000645
vn 0.000577 -0.000501 0.000645
vn 0.000444 -0.000501 0.000743
vn 0.000447 -0.00053 0.000721
vn 0.000337 -0.000421 0.000842
vn 0.000211 -0.000511 0.000833
vn -0.000474 -0.000341 0.000812
vn -0.000582 -0.000338 0.00074
vn -0.00058 -0.00034 0.00074
vn -0.000678 -0.00034 0.000652
vn -0.000817 -0.00034 0.000466
vn -0.000858 -0.000339 0.000385
vn -0.00094 -0.00034 -0.000012
vn -0.000932 -0.000335 -0.000134
vn -0.000932 -0.000337 -0.000133
vn -0.000893 -0.00034 -0.000293
vn -0.000894 -0.000339 -0.000294
vn -0.000828 -0.000343 -0.000444
vn -0.000828 -0.000339 -0.000447
vn -0.000764 -0.000341 -0.000548
vn 0.000176 -0.000339 -0.000924
vn 0.000293 -0.00034 -0.000893
vn 0.000295 -0.000338 -0.000894
vn 0.000444 -0.000343 -0.000828
vn 0.000447 -0.000339 -0.000828
vn 0.000581 -0.00034 -0.000739
vn 0.000582 -0.00034 -0.000739
vn 0.000672 -0.000342 -0.000657
vn 0.000929 -0.000337 -0.00015
vn 0.00094 -0.000335 -0.000066
vn 0.000926 -0.000337 0.000169
vn 0.000893 -0.000341 0.000293
vn 0.000894 -0.000336 0.000298
vn 0.000846 -0.00034 0.00041
vn 0.000158 -0.000337 0.000928
vn 0.000072 -0.000338 0.000938
vn -0.00019 -0.00023 0.000954
vn -0.000287 -0.00023 0.00093
vn -0.000306 -0.000201 0.000931
vn -0.000439 -0.000201 0.000876
vn -0.000747 -0.000201 0.000634
vn -0.000818 -0.000201 0.000539
vn -0.000915 -0.000228 0.000333
vn -0.000941 -0.000229 0.00025
vn -0.000467 -0.00023 -0.000854
vn -0.000411 -0.000232 -0.000882
vn 0.000979 -0.000204 -0.000012
vn 0.000976 -0.000188 0.000112
vn 0.000842 -0.000232 0.000488
vn 0.000775 -0.000233 0.000588
vn 0.000769 -0.000202 0.000607
vn 0.000653 -0.000202 0.00073
vn 0.000653 -0.000201 0.00073
vn 0.000516 -0.000201 0.000833
vn 0.000516 -0.000202 0.000832
vn 0.000364 -0.000202 0.00091
vn 0.000363 -0.000201 0.00091
vn 0.000225 -0.000202 0.000953
vn -0.000004 -0.001 -0.000008
vn 0.00001 -0.001 0.000023
vn 0.00001 -0.001 -0.000014
vn -0.000007 -0.001 -0.000016
vn -0.000023 -0.000999 -0.000023
vn 0.000011 -0.001 0.000028
vn 0.000036 -0.000998 0.000048
vn 0.000027 -0.000999 0.00003
vn 0.000033 -0.000999 0.000008
vn 0.000025 -0.000999 -0.000026
vn 0.00003 -0.001 0.000007
vn 0.000125 -0.000992 -0.000013
vn 0.000012 -0.000999 -0.000053
vn -0.000003 -0.001 -0.000011
vn -0.00003 -0.000999 0.000013
vn -0.000029 -0.000999 0.000028
vn 0.000038 -0.000999 0.000026
vn 0.000024 -0.001 0.000014
vn 0.000121 -0.000993 -0.000013
vn 0.000123 -0.000991 -0.00006
vn 0.000031 -0.000999 -0.000025
vn 0.000002 -0.001 -0.000007
vn 0.000002 -0.001 -0.000004
vn -0.000001 -0.001 -0.000023
vn 0.000026 -0.000957 -0.00029
vn -0.00004 -0.000997 -0.00007
vn -0.000016 -0.001 -0.000008
vn -0.000051 -0.000999 -0.000006
vn -0.00003 -0.001 0.000004
vn -0.000008 -0.000999 0.000034
vn 0.000004 -0.001 0.000016
vn -0.000009 -0.001 -0.000005
vn -0.000011 -0.001 -0.000005
vn -0.00007 -0.000998 0.000004
vn -0.000058 -0.000998 0.000028
vn 0.000021 -0.001 -0.000001
vn -0.000009 -0.001 0.000014
vn -0.000625 -0.000387 0.000678
vn -0.00001 -0.001 0.000025
vn -0.000006 -0.001 0.000028
vn 0.000004 -0.000999 0.000036
vn -0.000009 -0.001 -0.000018
vn 0.000026 -0.001 0.000007
vn -0.000012 -0.001 -0.000027
vn -0.000034 -0.000999 -0.000033
vn 0.000016 -0.001 0.000022
vn 0.000014 -0.001 0.000018
vn 0.000012 -0.001 0.000001
vn 0.000035 -0.000999 0.000006
vn -0.000004 -0.001 0.000027
vn 0.000033 -0.000999 0.000022
vn 0.000017 -0.001 0.000009
vn 0.000007 -0.001 -0.000005
vn 0.000109 -0.000992 -0.000058
vn -0.00004 -0.000999 -0.000009
vn -0.000017 -0.001 0.000011
vn -0.000131 -0.000989 0.000061
vn -0.000043 -0.000998 0.000046
vn 0.000026 -0.000994 -0.000105
vn -0.000005 -0.001 -0.000015
vn -0.000294 -0.00095 -0.000102
vn -0.000024 -0.001 0.000005
vn -0.000011 -0.001 0.000001
vn -0.000003 -0.001 0.000013
vn 0.000006 -0.001 0.000021
vn 0.000005 -0.001 0.000011
vn 0.000014 -0.001 -0.000004
vn 0.000021 -0.001 -0.000005
vn 0.000007 -0.001 -0.000011
vn 0.000014 -0.001 -0.000019
vn 0.000001 -0.000999 -0.000036
vn -0.000005 -0.000999 -0.000045
vn -0.000085 -0.000992 -0.000093
vn -0.000136 -0.000989 -0.000052
vn -0.000055 -0.000998 -0.000027
vn -0.000007 -0.001 0.000002
vn -0.000417 -0.000907 0.000061
vn 0.000033 -0.000999 -0.000018
vn -0.000005 -0.001 0.00001
vn -0.000036 -0.000998 0.000051
vn 0.000001 -0.001 0.000009
vn -0.000002 -0.001 0.00003
vn 0.000663 -0.000618 -0.000422
vn 0.000334 -0.000782 -0.000527
vn 0.000345 -0.000933 -0.0001
vn 0.000229 -0.000971 -0.000063
vn 0.000703 -0.000621 -0.000345
vn 0.000729 -0.000589 -0.000349
vn 0.000717 -0.000467 -0.000518
vn 0.000443 -0.00043 -0.000787
vn 0.000338 -0.00075 -0.000569
vn 0.000618 -0.000437 -0.000653
vn 0.000609 -0.000455 -0.00065
vn 0.000164 -0.000976 -0.000146
vn 0.000179 -0.000963 -0.000199
vn 0.000435 -0.000849 -0.000301
vn 0.000358 -0.000431 -0.000828
vn 0.000341 -0.000228 -0.000912
vn 0.000271 -0.000751 -0.000602
vn 0.000424 -0.000836 -0.000349
vn 0.000161 -0.000889 -0.000429
vn 0.000094 -0.000761 -0.000642
vn 0.000121 -0.000682 -0.000721
vn 0.00007 -0.000977 -0.000199
vn 0.000034 -0.000999 -0.000025
vn 0.000525 -0.000272 -0.000806
vn 0.000555 -0.000458 -0.000694
vn 0.000266 -0.000352 -0.000897
vn 0.000166 -0.000682 -0.000712
vn -0.000118 -0.000689 -0.000715
vn -0.000018 -0.000392 -0.00092
vn -0.000122 -0.000391 -0.000912
vn 0.000018 -0.000574 -0.000819
vn 0.00003 0.000909 0.000416
vn 0.000026 -0.00077 -0.000638
vn 0.000005 -0.000852 -0.000524
vn -0.000072 -0.000835 -0.000546
vn -0.000654 -0.000751 -0.000091
vn -0.000176 -0.000831 -0.000528
vn -0.000142 -0.000695 -0.000705
vn -0.000279 -0.000332 -0.000901
vn -0.000893 -0.000399 0.000208
vn -0.000927 -0.000307 0.000214
vn -0.000924 -0.00038 0.000041
vn -0.000819 -0.000564 0.000104
vn -0.000871 -0.00049 -0.000025
vn -0.000974 -0.000167 -0.000151
vn -0.000759 -0.000529 -0.000379
vn -0.000832 -0.00041 -0.000373
vn -0.000767 -0.000351 -0.000537
vn -0.000479 -0.000532 -0.000699
vn -0.000535 -0.000436 -0.000724
vn -0.00041 -0.000543 -0.000733
vn -0.000387 -0.00044 -0.00081
vn -0.000648 0.00029 -0.000704
vn -0.000361 -0.000923 -0.000129
vn -0.000698 -0.000444 -0.000562
vn -0.000651 -0.000531 -0.000542
vn -0.000295 -0.000927 -0.000233
vn -0.000227 -0.000956 -0.000185
vn -0.000144 -0.000979 -0.000143
vn -0.00022 -0.000935 -0.00028
vn -0.00011 -0.000981 -0.000157
vn -0.000337 -0.000934 0.000122
vn -0.000662 -0.000714 0.000228
vn -0.000469 -0.000877 0.000101
vn -0.000514 -0.000853 -0.000089
vn -0.000618 -0.000786 -0.000007
vn -0.000463 -0.000886 0.000039
vn -0.000156 -0.000986 0.000051
vn -0.000365 -0.00093 -0.000051
vn -0.000344 -0.000476 -0.00081
vn -0.000851 -0.000424 -0.000311
vn -0.000893 -0.000344 -0.000292
vn -0.00088 -0.000432 -0.000197
vn -0.000411 -0.000894 -0.000178
vn -0.000412 -0.000872 -0.000264
vn -0.000589 -0.000542 -0.000599
vn -0.000589 -0.000446 -0.000674
vn -0.000185 0.00098 0.000076
vn -0.000539 -0.00069 0.000483
vn -0.000636 -0.000557 0.000534
vn -0.000449 -0.0008 0.000398
vn -0.00075 -0.000354 0.000559
vn -0.000911 -0.000216 0.000351
vn -0.000853 -0.000381 0.000356
vn -0.000485 -0.000808 0.000334
vn -0.000486 -0.000807 0.000334
vn -0.00081 -0.000364 0.000461
vn -0.000861 -0.000133 0.000491
vn -0.000642 -0.000709 0.000291
vn -0.000518 -0.000811 0.000271
vn -0.000528 -0.000722 0.000447
vn -0.000635 -0.000553 0.000539
vn -0.000692 -0.000422 0.000586
vn -0.000904 -0.000383 0.00019
vn -0.000831 -0.000518 0.000205
vn -0.000873 -0.000324 0.000364
vn -0.000865 -0.00035 0.000359
vn -0.000487 -0.000836 0.000252
vn -0.000338 -0.000874 0.00035
vn -0.000552 -0.000758 0.000349
vn -0.000611 0.000725 0.000318
vn -0.000781 -0.000342 0.000523
vn -0.000748 -0.000434 0.000503
vn -0.000459 -0.000869 0.000187
vn -0.000592 -0.000739 0.000322
vn -0.000975 -0.000054 0.000214
vn -0.000262 0.000965 0.000001
vn -0.00032 -0.000922 0.000219
vn -0.000264 -0.000926 0.00027
vn -0.000211 0.000977 0.000006
vn -0.000847 -0.000295 0.000442
vn -0.000832 -0.000332 0.000445
vn -0.000883 -0.000351 0.000312
vn -0.000935 -0.000213 0.000285
vn -0.000663 -0.000706 0.000248
vn -0.000614 -0.000716 0.000332
vn -0.000552 -0.000724 0.000414
vn -0.000602 0.000716 0.000354
vn -0.000693 -0.000572 -0.000438
vn -0.000745 -0.000422 -0.000516
vn 0.000197 -0.000964 0.000181
vn -0.00098 -0.000197 0.000037
vn -0.000852 -0.000512 0.000109
vn -0.000875 -0.000465 -0.000133
vn -0.00094 -0.000276 -0.000202
vn -0.000922 -0.000382 -0.000068
vn -0.000906 -0.000417 -0.000069
vn -0.000967 -0.000252 0.000035
vn -0.000367 -0.00093 0.000023
vn -0.000482 -0.000871 0.000093
vn -0.000785 -0.000417 -0.000459
vn -0.000778 -0.000431 -0.000458
vn -0.000264 0.000948 -0.00018
vn -0.00082 -0.000225 -0.000526
vn -0.000397 -0.000901 -0.000175
vn -0.000428 0.000852 -0.000301
vn -0.000355 -0.000933 -0.000064
vn -0.000491 -0.000871 -0.000013
vn -0.000498 -0.000862 0.000094
vn -0.000789 -0.000604 0.00011
vn -0.000115 -0.000993 0.00002
vn -0.000851 0.0005 -0.000159
vn -0.000821 -0.000525 -0.000225
vn -0.000838 -0.000488 -0.000245
vn -0.000787 -0.000534 -0.000311
vn -0.000766 -0.000564 -0.000307
vn -0.000388 -0.000883 -0.000264
vn -0.000353 -0.000906 -0.000234
vn -0.000628 -0.000588 -0.00051
vn -0.000676 -0.000489 -0.000551
vn -0.000357 -0.000891 -0.000281
vn -0.000378 -0.000875 -0.000303
vn -0.000594 -0.000592 -0.000544
vn -0.000622 -0.000527 -0.000579
vn 0.000004 -0.000999 -0.000033
vn -0.000375 -0.000856 -0.000356
vn -0.000529 -0.000599 -0.000602
vn -0.000602 -0.000468 -0.000647
vn -0.000861 -0.000492 0.000127
vn -0.0006 -0.000734 -0.000319
vn -0.000695 -0.000663 -0.000276
vn -0.000868 -0.000221 -0.000444
vn -0.000943 -0.000332 -0.000025
vn -0.000887 -0.000377 -0.000267
vn -0.000458 -0.000884 -0.000089
vn -0.000556 -0.000776 -0.000298
vn -0.00066 -0.000504 -0.000557
vn -0.000075 -0.00084 0.000538
vn -0.000486 -0.000837 0.00025
vn -0.000767 -0.000552 0.000326
vn -0.000289 -0.000196 0.000937
vn -0.000361 -0.000152 0.00092
vn -0.000642 -0.000227 0.000732
vn -0.000825 -0.00032 0.000465
vn -0.000768 -0.000546 0.000336
vn -0.000486 -0.000357 0.000797
vn -0.000366 -0.000875 0.000317
vn -0.000282 -0.00081 0.000514
vn -0.000074 -0.000882 0.000466
vn -0.000394 -0.00059 0.000705
vn -0.00037 -0.000612 0.000699
vn -0.000128 -0.000245 0.000961
vn -0.000133 -0.00027 0.000954
vn -0.000125 -0.00052 0.000845
vn -0.000167 -0.000677 0.000717
vn -0.000138 -0.000476 0.000868
vn 0.00017 -0.000549 0.000819
vn -0.000194 -0.00039 0.0009
vn -0.000077 -0.000291 0.000954
vn -0 -0.000473 0.000881
vn 0.000003 0.000651 0.000759
vn -0 -0.000305 0.000952
vn 0 -0.000843 0.000537
vn 0 -0.000811 0.000585
vn 0.000931 -0.000349 0.000105
vn 0.00082 -0.000413 0.000395
vn 0.000678 -0.000533 0.000506
vn 0.00072 -0.000383 0.000579
vn 0.000705 -0.000544 0.000455
vn 0.000767 -0.000452 0.000455
vn 0.000649 -0.000405 0.000644
vn 0.000677 -0.000366 0.000638
vn 0.000952 0.000283 0.00012
vn 0.000731 0.000646 0.00022
vn 0.0002 -0.000633 0.000748
vn 0.000119 -0.000503 0.000856
vn 0.00016 -0.000493 0.000855
vn 0.000091 -0.000326 0.000941
vn 0.000313 -0.000358 0.00088
vn 0.000149 -0.000832 0.000535
vn 0.000195 -0.000858 0.000476
vn 0.000258 -0.000881 0.000396
vn 0.000029 -0.000835 0.00055
vn 0.00004 -0.000952 0.000302
vn 0.000409 -0.000457 0.00079
vn 0.000475 -0.000375 0.000796
vn 0.000142 -0.000942 0.000304
vn 0.000542 -0.000835 0.000092
vn 0.000489 -0.000417 0.000766
vn 0.000403 -0.00072 0.000565
vn 0.000405 -0.00082 0.000405
vn 0.000436 -0.000849 0.000298
vn 0.000287 -0.000946 0.000149
vn 0.000541 -0.000809 0.00023
vn 0.000463 -0.000859 0.000218
vn 0.000753 -0.000631 0.000186
vn 0.000756 -0.000636 0.000154
vn 0.00038 -0.000267 0.000885
vn 0.000243 0.000299 0.000923
vn 0.00089 -0.000383 0.000249
vn 0.000886 -0.000361 0.000291
vn 0.000329 0.000937 0.000116
vn 0.000795 -0.000514 0.000323
vn 0.000281 -0.000905 0.00032
vn 0.000179 -0.000961 0.000211
vn 0.000638 -0.000214 0.00074
vn 0.000624 -0.000381 0.000682
vn 0.000998 -0.000062 0.000003
vn 0.000951 -0.000309 0.000026
vn 0.000523 -0.000849 0.000074
vn 0.000794 -0.000606 0.000052
vn 0.000915 -0.000402 0.000035
vn 0.00096 -0.000279 0.000025
vn 0.000388 -0.000918 0.00008
vn 0.000658 -0.00075 0.000066
vn -0.000042 -0.000735 -0.000677
vn -0.000001 -0.000999 -0.000051
vn 0.000297 -0.000954 0.000044
vn 0.0006 -0.0008 0.000024
vn 0.000976 -0.00021 -0.000051
vn 0.000063 -0.000848 -0.000526
vn -0.000052 -0.000521 -0.000852
vn -0.000044 -0.000407 -0.000912
vn 0.000192 -0.000585 -0.000788
vn 0.000347 -0.000523 -0.000779
vn 0.000466 -0.000308 -0.000829
vn 0.000381 -0.000515 -0.000768
vn -0.000002 -0.001 0.000002
vn 0.00014 0.000239 -0.000961
vn 0.000516 -0.0005 -0.000696
vn 0.000594 -0.000435 -0.000676
vn 0.000604 -0.000414 -0.000681
vn 0.000714 -0.000514 -0.000476
vn 0.00079 -0.000376 -0.000485
vn 0.000668 -0.000513 -0.00054
vn 0.000681 -0.0004 -0.000613
vn 0.000828 -0.000481 -0.000287
vn 0.000549 0.000797 -0.000253
vn 0.000786 -0.00059 -0.000184
vn 0.000878 -0.000451 -0.000162
vn 0.000777 -0.000533 -0.000335
vn 0.000814 -0.00041 -0.000411
vn 0.000281 -0.000934 -0.000219
vn 0.000294 -0.000928 -0.000229
vn 0.000354 -0.000901 -0.000249
vn 0.0004 -0.000895 -0.000197
vn 0.000356 -0.000926 -0.000125
vn 0.000401 -0.000901 -0.000163
vn 0.000361 -0.000932 -0.000031
vn 0.000001 -0.000996 -0.000083
vn -0.000048 -0.000815 -0.000577
vn 0.00005 -0.000956 -0.000289
vn 0.000291 -0.000864 -0.000411
vn 0.000387 -0.0007 -0.0006
vn 0.000225 -0.000973 0.000041
vn 0.000107 -0.000961 -0.000256
vn 0.000102 -0.00097 -0.000219
vn 0.00013 -0.000589 -0.000798
vn 0.000126 -0.000529 -0.000839
vn 0.000256 -0.00038 -0.000889
vn 0.000318 -0.000308 -0.000897
vn 0.000863 -0.000496 -0.000096
vn 0.000188 -0.000831 -0.000523
vn -0.000569 -0.000599 -0.000564
vn -0.000321 -0.000492 -0.000809
vn -0.000914 -0.000308 -0.000263
vn -0.000903 -0.000391 -0.000179
vn -0.000794 -0.00037 -0.000482
vn -0.000533 -0.000797 -0.000283
vn -0.000257 -0.000933 -0.000253
vn -0.000396 -0.000628 -0.00067
vn -0.000216 -0.000813 -0.000541
vn -0.000758 -0.000644 -0.000102
vn -0.000668 -0.000484 -0.000565
vn -0.000301 -0.000924 -0.000237
vn -0.000663 -0.00074 -0.000113
vn -0.00023 -0.000969 0.000085
vn -0.000412 -0.000908 0.00008
vn -0.000799 -0.000599 0.000053
vn -0.000836 -0.000546 0.000049
vn -0.000965 -0.000262 0.000023
vn -0.000956 -0.000294 0.000026
vn -0.000498 -0.000864 0.000076
vn -0.000425 -0.0009 -0.000098
vn -0.00042 -0.000142 -0.000896
vn -0.000274 -0.00041 -0.00087
vn -0.000338 -0.000659 -0.000672
vn -0.000276 -0.000397 -0.000875
vn -0.000373 -0.000426 -0.000825
vn -0.000529 -0.000539 -0.000655
vn -0.000619 -0.000528 -0.000582
vn -0.000532 -0.000673 -0.000514
vn -0.0005 -0.000485 -0.000718
vn -0.000643 -0.000185 -0.000743
vn -0.00064 -0.000429 -0.000638
vn -0.000774 -0.000563 -0.000291
vn -0.000932 0.000005 -0.000362
vn -0.000721 -0.000579 -0.00038
vn -0.000762 -0.000509 -0.0004
vn -0.000723 -0.000523 -0.000452
vn -0.00079 -0.000172 -0.000589
vn -0.000796 -0.000519 -0.000311
vn -0.000895 -0.000327 -0.000303
vn -0.000956 -0.000245 -0.000163
vn -0.000932 -0.000363 -0.000024
vn -0.000728 -0.000685 -0.000003
vn -0.000833 -0.000553 -0.000001
vn -0.000415 -0.000908 0.000049
vn -0.000555 0.000818 -0.000149
vn -0.000198 0.000785 -0.000587
vn -0.000171 -0.000867 -0.000468
vn -0.000205 -0.000753 -0.000626
vn -0.000321 -0.000741 -0.00059
vn -0.000208 -0.000908 -0.000364
vn -0.000578 0.000393 -0.000715
vn -0.00029 -0.000902 -0.000319
vn -0.000573 -0.00004 -0.000818
vn -0.00078 -0.00061 -0.00014
vn -0.000872 -0.00045 -0.00019
vn -0.000704 -0.000703 -0.0001
vn -0.000976 -0.000102 -0.000191
vn -0.000709 -0.000442 -0.000549
vn -0.000738 -0.000321 -0.000594
vn -0.000651 -0.000534 -0.000539
vn -0.000836 -0.000132 -0.000532
vn -0.000458 -0.000889 -0.000015
vn -0.000815 0.000368 -0.000448
vn -0.000338 -0.000932 -0.000134
vn -0.000291 -0.000936 -0.0002
vn -0.000724 -0.000111 -0.00068
vn -0.000497 -0.000509 -0.000703
vn -0.000427 -0.00041 -0.000806
vn 0.000015 -0.000706 -0.000708
vn 0.000239 -0.000564 -0.00079
vn 0.000324 -0.000448 -0.000833
vn 0.000324 -0.000451 -0.000831
vn 0.000245 -0.000447 -0.00086
vn 0.000169 -0.00046 -0.000872
vn -0.00008 -0.000891 -0.000447
vn -0.000056 -0.000965 -0.000257
vn -0.000017 0.000752 -0.000659
vn -0.000024 -0.000531 -0.000847
vn -0.000016 -0.000643 -0.000765
vn -0.00002 -0.000879 -0.000476
vn -0.000008 -0.000964 -0.000265
vn 0.000167 -0.000883 -0.000438
vn 0.000211 0.000685 -0.000697
vn 0.000191 -0.000843 -0.000503
vn -0.000062 -0.000928 -0.000367
vn 0.000198 -0.000866 -0.000459
vn 0.000247 0.000331 -0.000911
vn 0.000159 -0.000574 -0.000803
vn 0.000141 -0.000684 -0.000716
vn 0.000086 -0.000537 -0.00084
vn 0.000084 -0.000468 -0.00088
vn 0.000099 0.000229 -0.000968
vn -0.00015 -0.000411 -0.000899
vn -0.000141 -0.000639 -0.000756
vn 0.000155 -0.000539 -0.000828
vn 0.000077 0.000762 -0.000643
vn 0.00008 -0.000859 -0.000505
vn 0.000078 -0.000875 -0.000478
vn 0.00088 -0.000459 -0.000123
vn 0.000833 -0.000546 -0.000088
vn 0.000761 -0.000548 -0.000347
vn 0.000749 -0.000639 -0.000174
vn 0.000416 -0.000442 -0.000794
vn 0.000416 -0.000445 -0.000793
vn 0.000678 -0.000501 -0.000537
vn 0.00066 -0.000557 -0.000504
vn 0.000701 -0.000235 -0.000673
vn 0.000579 -0.000516 -0.000632
vn 0.00057 -0.000556 -0.000605
vn 0.000568 0.000448 -0.00069
vn 0.00028 -0.00096 0.000015
vn 0.000864 0.000448 -0.000231
vn 0.000873 -0.000433 -0.000226
vn 0.000816 -0.000549 -0.000178
vn 0.000793 0.000464 -0.000394
vn 0.000775 -0.000559 -0.000294
vn 0.000792 -0.000522 -0.000316
vn 0.000821 0.00037 -0.000434
vn 0.000743 -0.000441 -0.000503
vn 0.000634 0.000502 -0.000588
vn 0.000611 -0.00056 -0.000559
vn 0.000452 -0.000677 -0.000581
vn 0.000542 -0.000348 -0.000765
vn 0.000485 -0.000515 -0.000707
vn 0.000707 0.000512 -0.000488
vn 0.000742 -0.000523 -0.000421
vn 0.000751 -0.000498 -0.000434
vn 0.000442 -0.000876 -0.000193
vn 0.000382 -0.000886 -0.000261
vn 0.000342 -0.000891 -0.000299
vn 0.000311 -0.000866 -0.000392
vn 0.000448 -0.000501 -0.00074
vn 0.00026 -0.000856 -0.000446
vn 0.000803 -0.000593 0.000061
vn 0.000872 -0.000487 0.000049
vn 0.00084 -0.000542 0.000015
vn 0.000802 -0.000597 0.000019
vn 0.000395 -0.000915 0.000081
vn 0.000387 -0.00092 0.000065
vn 0.000292 -0.000953 0.000073
vn 0.00035 -0.000933 0.000081
vn 0.00035 -0.000933 0.000081
vn 0.00087 -0.000491 0.000041
vn 0.000873 -0.000486 0.00004
vn 0.000991 0.000133 -0.000014
vn 0.000602 -0.000799 0.000017
vn 0.000842 -0.00054 -0.000005
vn 0.000807 -0.000535 -0.000249
vn 0.00081 -0.000531 -0.000249
vn 0.000922 -0.000385 -0.000047
vn 0.000291 -0.000957 -0
vn 0.000372 -0.000926 -0.000058
vn 0.000925 -0.000347 -0.000157
vn 0.000831 -0.000532 -0.00016
vn 0.000565 -0.000825 -0.000021
vn 0.000782 -0.000362 -0.000508
vn 0.000487 -0.000832 -0.000265
vn 0.000431 -0.000875 -0.00022
vn 0.000661 -0.000635 -0.000399
vn 0.000779 -0.00037 -0.000505
vn 0.000123 0.000977 -0.000172
vn 0.000645 -0.000402 0.00065
vn 0.000685 -0.000389 0.000616
vn 0.000722 -0.000466 0.000511
vn 0.000731 -0.000452 0.000511
vn 0.000822 -0.000478 0.000309
vn 0.000917 -0.000324 0.000231
vn 0.000935 -0.000325 0.000141
vn 0.00065 -0.000597 0.00047
vn 0.000527 -0.000656 0.000541
vn 0.000756 -0.000612 0.000234
vn 0.000919 -0.000372 0.000134
vn 0.000924 -0.000377 0.000063
vn 0.000942 -0.000313 -0.000121
vn 0.000912 -0.000321 -0.000254
vn -0.000165 -0.000985 0.000047
vn -0.00008 -0.000987 0.000136
vn 0.000681 0.000711 -0.000174
vn 0.000535 -0.000842 0.000064
vn 0.00066 -0.000748 0.000066
vn 0.000999 -0.000047 -0.000006
vn 0.00094 -0.000193 0.000281
vn 0.000619 -0.000773 -0.000138
vn 0.000648 0.000696 -0.00031
vn 0.000662 -0.000749 -0.00004
vn 0.000633 -0.000774 -0.000029
vn 0.000347 0.000922 0.000173
vn 0.000489 -0.000727 0.000481
vn 0.000712 -0.000224 0.000666
vn 0.000766 -0.000475 0.000432
vn 0.000311 0.000948 0.000063
vn 0.00046 -0.000815 0.000352
vn 0.000841 -0.000196 0.000504
vn 0.000906 0.000273 0.000322
vn 0.000493 -0.000834 0.000247
vn 0.000787 0.000596 0.000157
vn 0.000363 -0.000932 -0.000026
vn 0.000865 -0.000344 -0.000366
vn 0.000926 -0.000378 -0.000009
vn 0.000908 -0.000402 -0.000114
vn 0.000861 -0.000461 -0.000213
vn 0.000778 -0.000536 -0.000328
vn 0.000539 -0.000825 -0.000167
vn 0.000246 0.000963 -0.000108
vn 0.000525 -0.000835 0.000167
vn 0.000949 0.000299 0.000104
vn 0.000852 -0.000479 0.000211
vn 0.00086 -0.000341 0.00038
vn 0.00084 -0.000384 0.000383
vn 0.000453 -0.000166 0.000876
vn 0.000207 -0.000205 0.000957
vn 0.000204 -0.000303 0.000931
vn 0.000596 -0.000361 0.000718
vn 0.000617 -0.00003 0.000786
vn 0.000379 -0.000595 0.000709
vn 0.000321 -0.000694 0.000644
vn 0.00035 -0.000643 0.000681
vn 0.000489 0.000155 0.000859
vn 0.000158 -0.00055 0.00082
vn 0.000143 -0.000716 0.000684
vn 0.000068 0.000989 0.000129
vn 0.000361 -0.000797 0.000484
vn 0.00049 -0.000295 0.000821
vn 0.000587 -0.00018 0.000789
vn 0.000427 -0.000686 0.000589
vn 0.000373 -0.000755 0.000539
vn 0.000345 0.000436 0.000831
vn 0.000313 -0.000349 0.000883
vn 0.000282 -0.000542 0.000792
vn 0.000242 -0.00065 0.00072
vn 0.000051 -0.000678 0.000733
vn 0.000045 -0.000724 0.000688
vn 0.000061 0.000584 0.000809
vn -0.000136 -0.000488 0.000862
vn -0.000148 -0.000425 0.000893
vn -0.000138 0.000619 0.000773
vn 0.000037 -0.000191 0.000981
vn 0.000024 -0.000893 0.000449
vn 0.000105 -0.000183 0.000977
vn -0.000042 -0.000889 0.000456
vn -0.000092 0.0008 0.000593
vn -0.000051 -0.000656 0.000753
vn -0.000063 -0.000175 0.000982
vn -0.000047 -0.000409 0.000911
vn -0.000048 -0.000677 0.000735
vn -0.000791 -0.000547 0.000275
vn -0.000906 -0.00032 0.000278
vn -0.000913 0.000106 0.000393
vn -0.000903 -0.000181 0.00039
vn -0.000838 -0.000314 0.000446
vn -0.000825 -0.000199 0.000529
vn -0.000334 -0.000257 0.000907
vn -0.000241 -0.000467 0.000851
vn -0.000426 -0.000409 0.000807
vn -0.000319 -0.000317 0.000893
vn -0.000446 -0.000241 0.000862
vn -0.000531 -0.000294 0.000795
vn -0.000595 -0.000234 0.000769
vn -0.000657 -0.000291 0.000695
vn -0.00025 -0.00032 0.000914
vn -0.000752 -0.000323 0.000575
vn -0.000719 -0.000209 0.000663
vn -0.000601 0.000044 0.000798
vn -0.00035 -0.000772 0.00053
vn -0.00023 -0.000842 0.000487
vn -0.000155 -0.000827 0.000541
vn -0.000102 -0.000923 0.000371
vn -0.000621 0.000766 0.000165
vn -0.000427 -0.000882 0.000199
vn -0.000736 -0.000626 0.000259
vn -0.000705 -0.000603 0.000373
vn -0.000608 -0.000724 0.000327
vn -0.000109 0.000994 -0.000006
vn -0.000503 -0.000769 0.000395
vn -0.000574 -0.000684 0.00045
vn -0.000828 0.000199 0.000524
vn -0.000012 -0.000985 0.000172
vn -0.00047 -0.000546 0.000694
vn -0.000627 -0.00043 0.00065
vn -0.000701 -0.000475 0.000531
vn -0.000706 -0.000596 0.000384
vn -0.000295 0.000532 0.000794
vn -0.000295 -0.000726 0.000621
vn -0.000369 -0.000739 0.000563
vn -0.000726 0.000127 0.000676
vn -0.000444 -0.000753 0.000485
vn -0.000422 -0.00078 0.000462
vn -0.000134 0.000984 0.000121
vn -0.000866 -0.00049 0.000101
vn -0.00042 -0.000899 0.00012
vn -0.000812 -0.000561 0.000162
vn -0.000504 -0.000854 0.000128
vn -0.000994 -0.000048 0.0001
vn -0.000814 -0.000579 0.000051
vn -0.00087 -0.000491 0.000042
vn -0.000101 -0.000991 0.000087
vn -0.000489 -0.000869 0.000075
vn -0.00094 0.00034 -0.00003
vn -0.000463 -0.000879 0.000117
vn -0.000817 -0.000575 0.000044
vn -0.000071 0.000992 -0.000108
vn -0.00007 -0.000882 0.000466
vn -0.000121 -0.000245 0.000962
vn -0.000124 -0.000268 0.000955
vn -0.000212 -0.000219 0.000952
vn -0.000215 -0.000327 0.00092
vn -0.000352 -0.000304 0.000885
vn -0.000825 -0.000454 0.000337
vn -0.000789 -0.000332 0.000518
vn -0.000953 -0.000294 0.000071
vn -0.000948 -0.000288 0.000135
vn -0.000575 -0.000521 0.00063
vn -0.000614 -0.000514 0.000599
vn -0.000308 -0.00093 0.000199
vn -0.000251 -0.000935 0.00025
vn -0.000267 -0.000927 0.000265
vn -0.000732 -0.000329 0.000597
vn -0.000704 -0.000586 0.0004
vn -0.000723 -0.000598 0.000346
vn -0.000131 -0.000915 0.000382
vn -0.000342 -0.000565 0.000751
vn -0.000346 -0.000884 0.000314
vn -0.000189 -0.000924 0.000332
vn -0.000153 -0.000952 0.000266
vn -0.000171 -0.000843 0.00051
vn -0.000098 -0.000796 0.000597
vn -0.000098 -0.000794 0.0006
vn -0.000915 -0.000319 0.000247
vn -0.000877 -0.000444 0.000182
vn -0.000422 -0.000517 0.000745
vn -0.000438 -0.000664 0.000606
vn -0.00048 -0.000846 0.000233
vn -0.000587 -0.000794 0.000159
vn 0.000007 -0.000994 0.000106
vn 0.000007 -0.000847 0.000531
vn -0.000003 -0.000788 0.000616
vn -0.000012 -0.000922 0.000387
vn -0.00003 -0.000255 0.000967
vn -0.000034 -0.000233 0.000972
vn 0.000148 -0.000349 0.000925
vn 0.000163 -0.000266 0.00095
vn 0.00006 -0.000338 0.000939
vn 0.000063 -0.000334 0.000941
vn 0.000081 -0.000848 0.000524
vn 0.000059 0.000917 0.000395
vn 0.000081 -0.000849 0.000523
vn 0.000267 -0.000313 0.000912
vn 0.000258 -0.000235 0.000937
vn 0.000873 -0.000437 0.000218
vn 0.000809 -0.000559 0.000181
vn 0.000871 -0.000373 0.00032
vn 0.000813 -0.000462 0.000354
vn 0.000832 -0.000332 0.000445
vn 0.000693 -0.000486 0.000532
vn 0.000753 -0.000387 0.000532
vn 0.000599 -0.000441 0.000668
vn 0.00064 -0.000377 0.000669
vn 0.000444 -0.000123 0.000888
vn 0.000294 -0.000685 0.000667
vn 0.000352 -0.000382 0.000854
vn 0.000178 -0.000754 0.000633
vn 0.000208 -0.000785 0.000583
vn 0.000313 -0.000872 0.000377
vn 0.000531 -0.000405 0.000744
vn 0.000214 -0.000921 0.000325
vn 0.000846 -0.00052 0.000118
vn 0.000223 -0.000964 0.000143
vn 0.000415 -0.000849 0.000328
vn 0.000549 -0.000781 0.000298
vn 0.000346 -0.000928 0.00014
vn 0.000355 -0.000681 0.000641
vn 0.000495 -0.000449 0.000744
vn 0.000371 -0.000874 0.000313
vn 0.000943 -0.000325 0.000071
vn 0.000204 -0.000975 0.000085
vn 0.000436 -0.000897 0.000079
vn 0.000628 -0.000775 0.000068
vn 0.000668 -0.000741 0.000065
vn 0.000941 -0.000338 0.00003
vn 0.00094 -0.000341 0.00003
vn 0.000016 -0.000566 -0.000825
vn 0.000899 -0.000399 -0.000184
vn 0.000774 -0.000265 -0.000575
vn 0.000649 -0.000672 -0.000356
vn 0.000426 -0.000904 -0.00004
vn 0.000615 -0.000784 -0.000086
vn 0.000631 -0.000771 -0.000083
vn 0.000137 -0.000871 -0.000473
vn 0.000165 -0.00073 -0.000663
vn 0.000266 -0.000589 -0.000763
vn 0.000434 -0.000491 -0.000755
vn 0.000245 -0.000951 -0.000188
vn 0.000904 -0.000387 -0.000182
vn 0.000784 -0.000482 -0.000392
vn 0.000522 -0.000557 -0.000645
vn 0.0005 -0.00075 -0.000433
vn 0.00028 -0.000919 -0.000279
vn -0.000001 -0.000466 -0.000885
vn -0 -0.000582 -0.000813
vn 0 -0.000974 -0.000225
vn -0.000001 -0.000918 -0.000396
vn -0.000101 -0.000961 -0.000257
vn -0.000079 -0.000973 -0.000215
vn -0.000034 -0.000903 -0.000427
vn -0.000921 -0.000268 -0.000282
vn -0.000839 -0.000339 -0.000426
vn -0.000391 -0.00038 -0.000838
vn -0.00073 -0.000484 -0.000482
vn -0.000735 -0.000498 -0.000461
vn -0.00075 -0.0006 -0.000279
vn -0.00076 -0.0006 -0.000251
vn -0.000763 -0.000302 -0.000572
vn -0.000709 -0.000357 -0.000609
vn -0.000459 -0.000764 -0.000454
vn -0.000178 -0.000939 -0.000293
vn -0.000145 -0.000978 -0.000149
vn -0.000528 -0.000849 0.000033
vn -0.000161 -0.000986 0.000039
vn -0.000441 -0.000777 -0.000449
vn -0.000616 -0.000777 -0.000127
vn -0.000312 -0.00095 0.000014
vn -0.00027 -0.00096 -0.000079
vn -0.000267 -0.000838 -0.000475
vn -0.000217 -0.000974 -0.000062
vn -0.000625 0.000199 -0.000755
vn -0.000447 -0.000827 -0.000341
vn -0.000473 -0.000762 -0.000442
vn -0.000102 -0.00049 -0.000866
vn -0.000117 -0.000549 -0.000828
vn -0.000214 -0.000519 -0.000827
vn -0.000218 -0.000536 -0.000815
vn -0.000349 -0.000497 -0.000795
vn -0.000468 -0.00052 -0.000715
vn -0.000471 -0.000516 -0.000715
vn -0.00054 -0.00081 -0.000229
vn -0.000783 -0.000617 -0.000072
vn -0.000889 -0.000448 -0.000095
vn -0.000943 -0.000302 -0.000137
vn -0.000928 -0.000371 0.000032
vn -0.000584 -0.000809 0.000071
vn -0.000461 -0.000884 0.000077
vn -0.000741 -0.000669 0.000059
vn -0.000788 -0.000607 0.000097
vn -0.000931 -0.000342 0.000129
vn 0.000707 0.000026 0.000707
vn 0.000707 0.000022 0.000707
vn 0.000288 -0.000885 0.000365
vn 0.000721 -0.000261 0.000642
vn 0.000469 -0.000757 0.000454
vn 0.000612 -0.000513 0.000602
vn 0.00083 -0.000229 -0.000508
vn 0.000902 -0.000359 -0.000238
vn 0.00094 -0.000271 -0.000208
vn 0.000878 0.000251 -0.000408
vn 0.000853 -0.000345 -0.000391
vn 0.000904 -0.000411 0.000118
vn 0.000829 -0.000513 0.000223
vn 0.000907 -0.000324 0.00027
vn 0.000809 -0.000283 0.000515
vn 0.000819 -0.000228 0.000527
vn 0.00042 -0.000895 0.000148
vn 0.000467 -0.000837 0.000285
vn 0.000461 -0.000799 0.000385
vn 0.000445 -0.000816 0.000369
vn 0.000901 -0.000224 0.000372
vn 0.00068 -0.000698 0.000225
vn 0.000362 -0.000925 -0.000119
vn 0.000299 -0.000951 -0.000073
vn 0.000184 -0.000973 0.000142
vn 0.00049 -0.000869 0.00006
vn 0.000504 -0.000862 0.000057
vn 0.000662 -0.000749 -0.000035
vn 0.000782 -0.000581 -0.000225
vn 0.000758 -0.000579 -0.000301
vn 0.000682 -0.000678 -0.000275
vn 0.000185 -0.000981 0.000055
vn 0.000415 -0.000908 -0.00005
vn 0.000573 -0.000815 -0.000091
vn 0.000868 -0.000492 0.000072
vn 0.000909 -0.000413 -0.000061
vn 0.000952 -0.00029 -0.000099
vn 0.000548 -0.000782 0.000298
vn 0.000828 -0.000376 0.000415
vn -0.000989 0.000026 0.000145
vn -0.000996 0.000011 0.000094
vn -0.000923 -0.000291 0.000253
vn -0.000957 -0.000154 0.000246
vn -0.000866 0.000286 0.000411
vn -0.000683 -0.000556 0.000473
vn -0.00078 -0.000339 0.000526
vn -0.000592 0.000578 0.000562
vn -0.00058 -0.000241 0.000778
vn -0.000534 -0.000429 0.000728
vn -0.000393 -0.00037 0.000842
vn -0.000441 0.000208 0.000873
vn -0.000178 -0.000655 0.000734
vn -0.00028 0.000179 0.000943
vn -0.000059 0.000809 0.000585
vn 0.000043 -0.000767 0.000641
vn 0.000239 -0.000526 0.000816
vn 0.000118 0.000419 0.0009
vn 0.000291 -0.000151 0.000945
vn 0.00059 0.000203 0.000781
vn 0.000362 -0.000734 0.000574
vn 0.000402 0.000476 0.000782
vn 0.000731 -0.00012 0.000671
vn 0.000681 -0.000351 0.000642
vn 0.00074 0.000487 0.000463
vn 0.000798 -0.00047 0.000376
vn 0.000981 0.000082 0.000177
vn 0.00092 0.000234 0.000315
vn 0.000996 0.000021 0.000084
vn 0.000939 -0.000328 0.000102
vn -0.000995 -0.000092 -0.000027
vn -0.000991 -0.000118 -0.000059
vn -0.000992 -0.000006 -0.000126
vn -0.000911 -0.000069 -0.000408
vn -0.0009 -0.000001 -0.000437
vn -0.000716 -0.000069 -0.000694
vn -0.000696 -0 -0.000718
vn -0.000436 -0.000068 -0.000898
vn -0.000408 -0 -0.000913
vn -0.000103 -0.000068 -0.000992
vn -0.000072 -0.000001 -0.000997
vn 0.000243 -0.000069 -0.000968
vn 0.000274 -0 -0.000962
vn 0.000559 -0.000068 -0.000826
vn 0.000586 -0.000001 -0.00081
vn 0.000808 -0.000069 -0.000585
vn 0.000828 -0 -0.000561
vn 0.000961 -0.00007 -0.000268
vn 0.00097 -0.000007 -0.000243
vn 0.000999 -0.00003 0.000045
vn 0.00099 -0.00014 0.000023
vn 0.000998 -0 -0.000064
vn 0.000976 -0.000015 -0.000217
vn 0.000957 0.000007 -0.000289
vn 0.000928 -0.000023 -0.000372
vn 0.00085 -0.000015 -0.000527
vn 0.000833 -0.000001 -0.000554
vn 0.000753 -0.000017 -0.000657
vn 0.000682 0.000012 -0.000732
vn 0.000619 -0.000019 -0.000785
vn 0.000472 -0.00001 -0.000881
vn 0.000413 0.00002 -0.00091
vn 0.000318 -0.000018 -0.000948
vn 0.00013 -0.000009 -0.000991
vn 0.000077 0.000014 -0.000997
vn -0.000032 -0.000023 -0.000999
vn -0.000205 -0.000015 -0.000979
vn -0.000269 0.000014 -0.000963
vn -0.000353 -0.000016 -0.000936
vn -0.000546 -0.000005 -0.000838
vn -0.000554 -0.000001 -0.000833
vn -0.000667 -0.000019 -0.000745
vn -0.000732 0.000005 -0.000682
vn -0.000778 -0.000019 -0.000628
vn -0.000881 -0.00001 -0.000472
vn -0.000916 0.000027 -0.000399
vn -0.000948 -0.000012 -0.000318
vn -0.00099 -0.000018 -0.000141
vn -0.000995 -0.000001 -0.000098
vn 0.000999 0.000007 -0.00005
vn 0.00099 0.000003 0.00014
vn 0.000988 -0.000002 0.000153
vn 0.000949 -0.000001 0.000314
vn 0.000949 -0.000002 0.000316
vn 0.00088 0.000001 0.000475
vn 0.000884 0.000003 0.000467
vn 0.000786 0.000005 0.000618
vn 0.000795 -0 0.000607
vn 0.000667 0 0.000745
vn 0.000663 0.000002 0.000749
vn 0.000527 0.000003 0.00085
vn 0.000532 0.000001 0.000847
vn 0.000371 0.000002 0.000929
vn 0.000375 -0 0.000927
vn 0.000197 0 0.00098
vn 0.0002 -0.000001 0.00098
vn 0.000007 -0 0.001
vn 0.000021 -0.000005 0.001
vn -0.000115 -0.000006 0.000993
vn -0.000159 0.000009 0.000987
vn -0.000312 0.000009 0.00095
vn -0.000293 0.000002 0.000956
vn -0.000481 0.000003 0.000877
vn -0.000467 -0.000002 0.000884
vn -0.000617 -0.000002 0.000787
vn -0.00062 -0.000001 0.000785
vn -0.000738 -0.000001 0.000674
vn -0.000741 0.000001 0.000671
vn -0.000855 0.000002 0.000519
vn -0.000848 -0.000003 0.000531
vn -0.000925 -0.000003 0.000381
vn -0.000932 0.000004 0.000362
vn -0.000976 0.000005 0.000217
vn -0.000984 -0.000009 0.000177
vn -0.000999 -0.000008 0.000054
vn -0.001 -0.000001 0.000031
vn -0.00057 -0.000109 0.000814
vn -0.000534 -0.000364 0.000763
vn -0.00051 -0.000469 0.000722
vn -0.000437 -0.000648 0.000623
vn -0.000371 -0.000765 0.000526
vn -0.000304 -0.000848 0.000434
vn -0.000182 -0.00095 0.000256
vn -0.000133 -0.000973 0.000189
vn -0.000109 -0.000994 0.000015
vn -0.00003 -0.000999 -0.000016
vn 0.000277 -0.000404 -0.000871
vn 0.000158 -0.000408 -0.000899
vn -0.00019 -0.000403 -0.000895
vn -0.000293 -0.000408 -0.000865
vn -0.000494 -0.000405 -0.00077
vn -0.000565 -0.000407 -0.000717
vn -0.000724 -0.000405 -0.000559
vn -0.000783 -0.000407 -0.000471
vn -0.000903 -0.000403 -0.000145
vn -0.000913 -0.000407 -0.000024
vn -0.0007 -0.000404 0.000589
vn -0.000613 -0.000407 0.000677
vn 0.000297 -0.000493 -0.000818
vn 0.000126 -0.000478 -0.000869
vn -0.000041 -0.00048 -0.000876
vn -0.000015 -0.000526 -0.000851
vn -0.000126 -0.000532 -0.000838
vn -0.000752 -0.000525 -0.000399
vn -0.000789 -0.000529 -0.000312
vn -0.000826 -0.000476 -0.000302
vn -0.00086 -0.000482 -0.000169
vn -0.000879 -0.000476 0.000002
vn -0.000865 -0.000481 0.000142
vn -0.000868 -0.000476 0.000145
vn -0.000834 -0.00048 0.000271
vn -0.000757 -0.000477 0.000446
vn -0.00069 -0.00048 0.000542
vn -0.000577 -0.000466 0.000671
vn -0.000313 -0.000618 -0.000721
vn -0.000362 -0.000621 -0.000695
vn -0.000538 -0.000618 -0.000574
vn -0.000576 -0.000619 -0.000534
vn -0.000733 -0.000617 0.000286
vn -0.0007 -0.00062 0.000355
vn 0.000085 -0.000787 -0.000611
vn 0.000018 -0.00079 -0.000613
vn -0.000587 -0.000788 -0.000189
vn -0.000601 -0.00079 -0.000121
vn -0.000599 -0.000801 0.000005
vn -0.000584 -0.000808 0.000083
vn -0.00061 -0.000786 0.0001
vn -0.000585 -0.00079 0.000182
vn -0.00053 -0.000787 0.000315
vn -0.000484 -0.00079 0.000376
vn -0.000417 -0.000764 0.000493
vn 0.000153 -0.000844 -0.000514
vn 0.000158 -0.000858 -0.000489
vn 0.000113 -0.000862 -0.000494
vn -0.000125 -0.000863 -0.00049
vn -0.000148 -0.000859 -0.000491
vn -0.000284 -0.000865 -0.000414
vn -0.000304 -0.000859 -0.000412
vn -0.000418 -0.000854 -0.00031
vn -0.000445 -0.000847 -0.000292
vn -0.000508 -0.000859 -0.000062
vn -0.000505 -0.000862 -0.000041
vn -0.000382 -0.000858 0.000345
vn -0.000363 -0.000855 0.000371
vn -0.000032 -0.000921 -0.000388
vn -0.000054 -0.000926 -0.000373
vn -0.000154 -0.000944 -0.000292
vn -0.000262 -0.000935 -0.000237
vn -0.000354 -0.000921 -0.000161
vn -0.000337 -0.000931 0.000138
vn -0.000318 -0.000936 0.00015
vn 0.000018 -0.000973 -0.000231
vn -0.000186 -0.00098 -0.000069
vn -0.000222 -0.000974 0.000052
vn -0.000173 -0.000979 0.000107
vn -0.000968 -0.000068 -0.000243
vn -0.000968 -0.000083 -0.000237
vn -0.000889 0.000033 -0.000457
vn -0.00082 -0.000135 -0.000556
vn -0.000695 0.000067 -0.000716
vn -0.000602 -0.000102 -0.000792
vn -0.000402 0.000014 -0.000915
vn -0.000408 -0 -0.000913
vn -0.000102 -0.000069 -0.000992
vn -0.000072 -0.000001 -0.000997
vn 0.000243 -0.000068 -0.000968
vn 0.000274 -0.000001 -0.000962
vn 0.00054 -0.000063 -0.000839
vn 0.000586 0.000029 -0.00081
vn 0.000719 -0.000099 -0.000688
vn 0.000826 0.000067 -0.00056
vn 0.000891 -0.000135 -0.000433
vn 0.000968 0.000067 -0.000243
vn 0.000987 -0.000102 -0.000125
vn 0.000994 0.000014 0.000109
vn 0.000994 -0.000083 0.000065
vn 0.000955 0.000033 0.000296
vn 0.000904 -0.000135 0.000405
vn 0.000831 0.00003 0.000555
vn 0.000715 -0.000098 0.000693
vn 0.000679 -0.000006 0.000734
vn 0.000457 -0.000064 0.000887
vn 0.000442 -0.000035 0.000896
vn 0.000259 -0.000035 0.000965
vn 0.000221 0.000012 0.000975
vn 0.000065 -0.000099 0.000993
vn -0.000102 0.000067 0.000992
vn -0.00022 -0.000103 0.00097
vn -0.000443 0.000014 0.000897
vn -0.000437 -0.000001 0.0009
vn -0.000694 -0.000068 0.000716
vn -0.000689 -0.000082 0.00072
vn -0.000841 0.000034 0.000541
vn -0.000891 -0.000135 0.000433
vn -0.00096 0.00003 0.00028
vn -0.00099 -0.000098 0.000102
vn -0.000999 -0.000006 0.000048
vn 0.000913 -0.000397 0.000088
vn 0.000982 -0.000166 0.000086
vn 0.000849 -0.000522 0.000074
vn 0.000649 -0.000759 0.00006
vn 0.00066 -0.000749 0.00006
vn 0.000378 -0.000925 0.000036
vn 0.000325 -0.000945 0.000027
vn -0.000259 -0.000966 0.000024
vn -0.000364 -0.000931 0.000037
vn -0.000554 -0.000831 0.000046
vn -0.000853 -0.000517 0.000072
vn -0.000738 -0.000671 0.000069
vn -0.000928 -0.000365 0.000075
vn -0.000978 -0.000183 0.0001
vn -0.000005 -0.000999 0.000035
vn -0.000907 -0.000368 0.000204
vn -0.000887 -0.000426 0.000177
vn -0.000847 -0.00043 0.000311
vn -0.00057 -0.000404 0.000716
vn -0.000462 -0.000404 0.000789
vn -0.00029 -0.000428 0.000856
vn -0.000163 -0.000432 0.000887
vn -0.000156 -0.000402 0.000902
vn -0.000001 -0.000405 0.000914
vn 0.000001 -0.000399 0.000917
vn 0.000144 -0.000406 0.000902
vn 0.000903 -0.000397 0.000164
vn -0.000806 -0.000498 0.00032
vn -0.000751 -0.000501 0.00043
vn -0.000644 -0.000499 0.000579
vn -0.00056 -0.000501 0.000661
vn -0.000389 -0.000546 0.000742
vn -0.000308 -0.000549 0.000777
vn 0.00017 -0.000546 0.000821
vn 0.000279 -0.000552 0.000786
vn 0.000282 -0.000547 0.000788
vn 0.000409 -0.000552 0.000726
vn 0.000416 -0.000543 0.000729
vn 0.000521 -0.00055 0.000653
vn 0.000542 -0.000521 0.000659
vn 0.000637 -0.000527 0.000562
vn 0.00066 -0.000495 0.000566
vn 0.000742 -0.000501 0.000445
vn 0.000746 -0.000496 0.000445
vn 0.000806 -0.000503 0.000311
vn 0.000811 -0.000496 0.000311
vn 0.000845 -0.000502 0.000182
vn -0.00073 -0.000672 0.000122
vn -0.000669 -0.000612 0.000422
vn -0.00061 -0.000612 0.000503
vn -0.000562 -0.000796 0.000226
vn -0.000523 -0.000799 0.000297
vn -0.00045 -0.000796 0.000405
vn -0.000387 -0.000799 0.000459
vn -0.000406 -0.000762 0.000505
vn -0.00034 -0.000762 0.000551
vn -0.000096 -0.000762 0.00064
vn 0.000009 -0.000762 0.000648
vn -0 -0.000778 0.000628
vn 0.000078 -0.000782 0.000619
vn 0.000466 -0.000796 0.000386
vn 0.000514 -0.000799 0.000311
vn 0.00052 -0.000795 0.000312
vn 0.00056 -0.000799 0.000219
vn 0.000566 -0.000795 0.000219
vn 0.000588 -0.000799 0.000125
vn 0.00064 -0.000759 0.000121
vn -0.000498 -0.000858 0.000123
vn -0.000472 -0.000869 0.000149
vn -0.000385 -0.000888 0.00025
vn -0.000349 -0.000896 0.000273
vn -0.000147 -0.000861 0.000486
vn -0.000109 -0.000848 0.000518
vn 0.000308 -0.000886 0.000347
vn 0.000363 -0.000868 0.000338
vn -0.0002 -0.000944 0.000261
vn -0.0002 -0.000907 0.00037
vn -0.000137 -0.000932 0.000335
vn -0.000015 -0.000956 0.000293
vn 0.000086 -0.000924 0.000372
vn 0.000119 -0.000935 0.000335
vn 0.000118 -0.000935 0.000333
vn 0.000208 -0.000906 0.000369
vn 0.000212 -0.000936 0.000282
vn 0.000353 -0.000934 0.00006
vn -0.000196 -0.000977 0.000087
vn -0.000127 -0.000983 0.000135
vn -0 -0.000983 0.000185
vn 0.000197 -0.000973 0.000119
vn 0.000121 -0.000991 0.000057
vn 0.000171 -0.000983 0.000067
vn -0.000959 -0.000035 -0.00028
vn -0.000955 -0.000006 -0.000296
vn -0.000826 -0.000069 -0.000559
vn -0.00081 -0.000001 -0.000586
vn -0.000585 -0.000068 -0.000808
vn -0.000561 -0.000001 -0.000828
vn -0.000296 -0.000063 -0.000953
vn -0.000244 0.000028 -0.000969
vn -0.000065 -0.000099 -0.000993
vn 0.000065 0.00003 -0.000997
vn 0.00022 -0.000081 -0.000972
vn 0.000296 0.000012 -0.000955
vn 0.00044 -0.000099 -0.000892
vn 0.000585 0.000067 -0.000808
vn 0.000675 -0.000102 -0.00073
vn 0.000832 0.000013 -0.000555
vn 0.000828 -0.000001 -0.000561
vn 0.000953 -0.000064 -0.000296
vn 0.000959 -0.000035 -0.00028
vn 0.000997 -0.000035 -0.000065
vn 0.000999 -0.000006 -0.000048
vn 0.000973 -0.000063 0.00022
vn 0.000971 -0.000035 0.000237
vn 0.000896 -0.000035 0.000442
vn 0.000889 -0.000006 0.000458
vn 0.000716 -0.000068 0.000694
vn 0.000696 -0 0.000718
vn 0.000435 -0.000068 0.000898
vn 0.000408 -0.000001 0.000913
vn 0.000103 -0.000069 0.000992
vn 0.000072 -0 0.000997
vn -0.000243 -0.000069 0.000968
vn -0.000274 -0.000001 0.000962
vn -0.000559 -0.000069 0.000826
vn -0.000586 -0 0.00081
vn -0.000808 -0.000068 0.000585
vn -0.000828 -0.000001 0.000561
vn -0.00096 -0.000068 0.000273
vn -0.00097 -0.000001 0.000244
vn -0.000997 -0.000064 -0.000048
vn -0.000997 -0.000035 -0.000065
vn 0.000225 -0.000971 0.00008
vn 0.000141 -0.000989 0.000033
vn 0.000189 -0.000981 0.000032
vn 0.000241 -0.000969 -0.000052
vn 0.000098 -0.000992 -0.000079
vn 0.0001 -0.000978 -0.000186
vn -0.000127 -0.000913 -0.000388
vn -0.000062 -0.000936 -0.000346
vn 0.000068 -0.000934 -0.000351
vn 0.000067 -0.000929 -0.000364
vn 0.000114 -0.00092 -0.000374
vn 0.00022 -0.000923 -0.000316
vn 0.000267 -0.000913 -0.000309
vn 0.000384 -0.000923 -0.000039
vn 0.00039 -0.00092 -0.000028
vn -0.000043 -0.000862 -0.000505
vn -0.000021 -0.000855 -0.000518
vn 0.000333 -0.000872 -0.000358
vn 0.000446 -0.000815 -0.000371
vn 0.000408 -0.000887 -0.000216
vn 0.000436 -0.000865 -0.000249
vn 0.000461 -0.000861 -0.000213
vn 0.000444 -0.000852 0.000279
vn 0.000387 -0.000867 0.000314
vn 0.000395 -0.000863 0.000316
vn 0.000351 -0.00086 0.00037
vn 0.000344 -0.000864 0.000367
vn -0.000218 -0.000765 -0.000606
vn 0.000256 -0.000772 -0.000582
vn 0.000297 -0.00077 -0.000564
vn 0.000613 -0.00079 0.000023
vn 0.00061 -0.000786 0.000101
vn 0.000604 -0.00079 0.000102
vn 0.000584 -0.000786 0.000204
vn 0.000578 -0.00079 0.000204
vn 0.000544 -0.000787 0.000291
vn -0.000225 -0.000618 -0.000753
vn -0.000161 -0.000615 -0.000772
vn 0.000735 -0.000643 -0.000216
vn 0.00075 -0.000639 -0.000171
vn 0.000487 -0.000643 0.000591
vn -0.0003 -0.000483 -0.000823
vn 0.000047 -0.000532 -0.000846
vn 0.000158 -0.000526 -0.000836
vn 0.000161 -0.000531 -0.000832
vn 0.00027 -0.000527 -0.000806
vn 0.000458 -0.000531 -0.000713
vn 0.00055 -0.000525 -0.00065
vn 0.000548 -0.000507 -0.000665
vn 0.000664 -0.000501 -0.000556
vn 0.000663 -0.000506 -0.000552
vn 0.000739 -0.000502 -0.000449
vn 0.000837 -0.000531 -0.000131
vn 0.000852 -0.000523 -0.000009
vn 0.000877 -0.000479 -0.000034
vn 0.000868 -0.000476 0.000142
vn 0.000866 -0.000479 0.000143
vn 0.00083 -0.000477 0.000288
vn 0.000828 -0.00048 0.000289
vn 0.000773 -0.000477 0.000418
vn -0.00011 -0.000408 -0.000906
vn -0.000003 -0.000405 -0.000914
vn 0.00034 -0.00038 -0.00086
vn 0.000455 -0.000377 -0.000807
vn 0.000799 -0.000407 -0.000442
vn 0.000846 -0.000404 -0.000349
vn 0.000789 -0.000409 0.000458
vn 0.000712 -0.000404 0.000574
vn 0.000709 -0.000408 0.000574
vn 0.000603 -0.000404 0.000688
vn 0.000638 -0.000345 0.000688
vn 0.000114 -0.00098 0.000163
vn 0.000151 -0.000965 0.000213
vn 0.000289 -0.000863 0.000414
vn 0.000318 -0.000833 0.000452
vn 0.000441 -0.000643 0.000626
vn 0.000537 -0.000345 0.00077
vn 0.000555 -0.000262 0.000789
vn 0.000476 -0.000556 0.000682
vn 0.000149 -0.000132 -0.00098
vn 0.000143 -0.000103 -0.000984
vn 0.000258 -0.000092 -0.000962
vn 0.000252 -0.000119 -0.00096
vn 0.000382 -0.000099 -0.000919
vn 0.000386 -0.000085 -0.000919
vn 0.000536 -0.0001 -0.000838
vn 0.000542 -0.000081 -0.000837
vn 0.000681 -0.000106 -0.000725
vn 0.000687 -0.00009 -0.000721
vn 0.000799 -0.00009 -0.000594
vn 0.000867 -0.000079 -0.000492
vn 0.00087 -0.000067 -0.000488
vn 0.0008 -0.000087 -0.000593
vn -0.000136 -0.00013 -0.000982
vn -0.000127 -0.000072 -0.000989
vn 0.000023 -0.000107 -0.000994
vn 0.000027 -0.000085 -0.000996
vn -0.000978 0.000002 0.000211
vn -0.000978 -0.000081 0.000193
vn -0.000993 0.000035 0.00011
vn -0.000999 -0.000049 0.00002
vn -0.001 0.00001 -0.000002
vn -0.000987 -0.000007 -0.000163
vn -0.000984 -0.000119 -0.00013
vn -0.000944 0.000012 -0.000331
vn -0.000953 -0.000082 -0.000292
vn -0.000871 0.0001 -0.00048
vn -0.000898 -0.000024 -0.000439
vn -0.000815 -0.000055 -0.000577
vn -0.000822 -0.000029 -0.000569
vn -0.000702 -0.000038 -0.000711
vn -0.000696 -0.000078 -0.000714
vn -0.000552 -0.000026 -0.000833
vn -0.000578 -0.000118 -0.000807
vn -0.00041 -0.000116 -0.000905
vn -0.000441 -0.000005 -0.000897
vn -0.000264 -0.00007 -0.000962
vn -0.000286 -0.00013 -0.000949
vn -0.000937 -0.000023 0.000348
vn -0.000796 0.000038 0.000604
vn -0.000798 0.00007 0.000599
vn -0.000876 0.000052 0.00048
vn -0.000873 0.000015 0.000487
vn -0.000936 0.000007 0.000351
vn -0.000982 -0.000001 0.000189
vn -0.000983 0.00005 0.000177
vn -0.000944 0.000033 0.000327
vn -0.000944 0.00003 0.000328
vn -0.000883 0.00006 0.000466
vn -0.000801 0.000043 0.000597
vn -0.000802 0.000058 0.000595
vn -0.000882 0.000038 0.00047
vn -0.000994 0.000005 -0.000111
vn -0.000829 -0.000075 -0.000554
vn -0.000825 -0.000027 -0.000564
vn -0.000903 -0.000027 -0.000428
vn -0.000906 -0.000064 -0.000419
vn -0.000962 -0.000038 -0.000269
vn -0.000961 -0.000007 -0.000275
vn -0.000998 -0.000029 0.000048
vn -0.000999 -0.000021 0.000046
vn -0.000992 0.00004 -0.000119
vn -0.000755 -0.000069 -0.000652
vn -0.00075 -0.000009 -0.000661
vn -0.000707 -0.000111 -0.000699
vn -0.000707 -0.000066 -0.000704
vn -0.000974 0.000004 0.000226
vn -0.000997 -0.000065 0.000028
vn -0.000961 -0.000019 -0.000276
vn -0.000877 -0.000117 -0.000466
vn -0.000772 -0.000045 -0.000634
vn -0.000642 -0.000117 -0.000758
vn -0.000643 -0.00012 -0.000756
vn -0.00014 0.000075 0.000987
vn -0.000139 0.000073 0.000988
vn -0.000395 0.000067 0.000916
vn -0.000399 0.00007 0.000914
vn -0.00066 0.000017 0.000751
vn -0.000785 0.00007 0.000616
vn -0.000914 -0.000034 0.000405
vn 0.000029 0.000081 0.000996
vn -0.000095 0.000101 0.00099
vn -0.000255 0.000065 0.000965
vn -0.000243 0.000053 0.000968
vn -0.000035 0.000035 0.000999
vn 0 0.000019 0.001
vn -0 0.000072 0.000997
vn 0.000987 -0.000045 0.000153
vn 0.000986 0.000031 0.000163
vn 0.000942 0.000011 0.000336
vn 0.000945 -0.000076 0.000319
vn 0.000894 0.000078 0.000441
vn 0.000873 -0.000006 0.000487
vn 0.000787 -0.000001 0.000617
vn 0.000772 0.000081 0.000631
vn 0.000656 0.000125 0.000744
vn 0.000677 0.000002 0.000736
vn 0.00053 0.000147 0.000835
vn 0.000556 0.000046 0.00083
vn 0.000403 0.000133 0.000905
vn 0.000408 0.000114 0.000906
vn 0.000255 0.000065 0.000965
vn 0.00011 0.000054 0.000992
vn 0.000105 0.000067 0.000992
vn 0.000242 0.000114 0.000964
vn 0.001 0.000018 -0.000004
vn 0.001 -0.000021 0
vn 0.001 -0.000011 0.000001
vn 0.001 -0.00001 0.000001
vn -0.000105 -0.000055 -0.000993
vn -0.00009 -0.000107 -0.00099
vn 0.000001 -0.000102 -0.000995
vn 0.000039 0.000021 -0.000999
vn 0.00017 -0.000193 -0.000966
vn 0.000205 -0.000027 -0.000978
vn 0.000334 -0.000097 -0.000937
vn 0.000355 -0.000034 -0.000934
vn 0.000478 -0.000111 -0.000871
vn 0.000477 -0.000113 -0.000871
vn 0.000622 0.000057 -0.000781
vn 0.000613 -0.000027 -0.000789
vn 0.000743 -0.000068 -0.000666
vn 0.000756 -0.000021 -0.000654
vn 0.000825 -0.000076 -0.000559
vn 0.000844 0.000096 -0.000527
vn 0.000976 -0.000007 -0.000219
vn 0.000971 -0.000053 -0.000231
vn 0.000921 -0.000079 -0.000381
vn 0.000911 -0.000129 -0.00039
vn 0.000997 -0.000028 -0.000068
vn 0.000997 -0.000028 -0.000068
vn -0.00097 -0.000023 -0.00024
vn -0.000978 -0.000049 -0.000203
vn -0.000833 -0.00006 -0.00055
vn -0.000867 -0.000092 -0.000489
vn -0.000719 -0.000065 -0.000692
vn -0.000625 -0.000105 -0.000774
vn -0.000416 -0.0001 -0.000904
vn -0.000373 -0.000127 -0.000919
vn -0.001 0.000004 -0.000002
vn -0.001 -0.000003 0.000003
vn -0.00029 -0.000099 -0.000952
vn -0.000288 -0.000085 -0.000954
vn -0.000421 -0.000181 -0.000889
vn -0.000386 0.000121 -0.000914
vn -0.000456 -0.000082 -0.000886
vn -0.000553 -0.000121 -0.000824
vn -0.000541 -0.000003 -0.000841
vn -0.000675 -0.000183 -0.000715
vn -0.000658 0.000037 -0.000752
vn -0.000771 -0.000119 -0.000626
vn -0.000772 -0.000181 -0.000609
vn -0.000865 -0.000112 -0.000488
vn -0.000844 0.000043 -0.000534
vn -0.000924 -0.00001 -0.000383
vn -0.000925 -0.000152 -0.000347
vn -0.000962 0.000122 -0.000242
vn -0.000977 -0.000065 -0.000205
vn -0.000998 -0.000015 -0.000062
vn -0.000995 0.00006 -0.00008
vn 0.000328 -0.000101 -0.000939
vn 0.000311 -0.000253 -0.000916
vn 0.000179 0.000038 -0.000983
vn 0.000162 -0.00024 -0.000957
vn 0.000029 0.000032 -0.000999
vn 0.000007 -0.000281 -0.00096
vn -0.000149 -0.000102 -0.000984
vn -0.000136 0.000125 -0.000983
vn 0.000986 -0.000035 -0.000165
vn 0.000984 0.00002 -0.000179
vn 0.000953 -0.000019 -0.000304
vn 0.000945 0.000128 -0.0003
vn 0.000876 -0.000209 -0.000436
vn 0.000867 0.000258 -0.000425
vn 0.000783 -0.000299 -0.000545
vn 0.000825 0.000076 -0.000561
vn 0.000715 -0.000147 -0.000684
vn 0.000709 -0.000046 -0.000703
vn 0.000462 -0.00009 -0.000882
vn 0.000452 -0.000171 -0.000875
vn 0.000577 0.000061 -0.000815
vn 0.000594 -0.000087 -0.0008
vn 0.000999 -0.000034 0.000013
vn 0.000999 -0.000029 0.000012
vn 0.000998 -0.000042 -0.000036
vn 0.000999 -0.000028 -0.000038
vn 0.000999 -0.000036 -0.000004
vn 0.000998 -0.000056 0.000007
vn 0.000934 -0.000052 -0.000354
vn 0.000937 -0.000076 -0.000342
vn 0.000979 -0.00004 -0.0002
vn 0.000977 -0.000004 -0.000214
vn 0.000997 0.000006 -0.000075
vn 0.000997 -0.000005 -0.000076
vn 0.000805 -0.000054 -0.00059
vn 0.000806 -0.000043 -0.000591
vn 0.000842 -0.000046 -0.000538
vn 0.000842 -0.000054 -0.000537
vn 0.000747 0.000037 0.000664
vn 0.000745 0.000065 0.000664
vn 0.000847 0.000078 0.000525
vn 0.000848 0.000071 0.000525
vn 0.000922 0.000017 0.000386
vn 0.000922 -0.000052 0.000384
vn 0.00097 0.000077 0.00023
vn 0.000974 -0.000017 0.000227
vn 0.000995 0.00006 0.000077
vn 0.000995 -0.000067 0.000069
vn 0.000996 0 -0.000095
vn 0.000991 -0.000095 -0.000097
vn 0.000959 0.000088 -0.000269
vn 0.000946 0.000183 -0.000267
vn 0.000906 -0.000128 -0.000403
vn 0.000913 -0.000047 -0.000406
vn 0.000217 0.000095 0.000972
vn 0.000219 0.000068 0.000973
vn 0.000369 0.000035 0.000929
vn 0.000368 0.000044 0.000929
vn 0.000508 0.000066 0.000859
vn 0.000508 0.000072 0.000859
vn 0.00063 0.000072 0.000774
vn 0.000632 0.000043 0.000773
vn -0.000195 0.000094 0.000976
vn -0.000194 0.000084 0.000977
vn -0.000084 0.000088 0.000993
vn 0.000074 0.00009 0.000993
vn 0.000074 0.000078 0.000994
vn -0.000082 0.000067 0.000994
vn -0.00096 -0.000009 0.000279
vn -0.000951 -0.000089 0.000295
vn -0.000902 0.000056 0.000427
vn -0.000903 0.000124 0.000412
vn -0.000821 0.000048 0.000568
vn -0.000824 0.00009 0.00056
vn -0.000716 0.000057 0.000696
vn -0.000717 0.000068 0.000694
vn -0.000596 0.000061 0.000801
vn -0.000597 0.000053 0.000801
vn -0.000466 0.000089 0.00088
vn -0.000462 0.000052 0.000885
vn -0.00031 0.000084 0.000947
vn -0.000313 0.000125 0.000942
vn -0.000998 -0.000019 0.000055
vn -0.000996 -0.000078 0.000048
vn -0.000986 -0.000066 0.000155
vn -0.000987 -0.000024 0.000161
vn -0.001 -0.000025 0.000006
vn -0.001 -0.000015 -0.000004
vn -0.000134 0.000177 0.000975
vn -0.000157 0.000067 0.000985
vn -0.000224 0.000049 0.000973
vn -0.0002 0.000153 0.000968
vn -0.000294 0.000126 0.000947
vn -0.000393 0.000011 0.000919
vn -0.000454 0.000101 0.000885
vn -0.000549 0.00003 0.000835
vn -0.000559 0.000046 0.000828
vn -0.000644 0.00001 0.000765
vn -0.000698 0.000091 0.000711
vn -0.000775 0.000046 0.00063
vn -0.000777 0.000052 0.000627
vn -0.000955 0.00004 0.000292
vn -0.000928 -0.000012 0.000372
vn -0.000909 0.000043 0.000413
vn -0.000872 0.000017 0.000489
vn -0.000862 0.000057 0.000503
vn -0.000967 -0.000047 0.000252
vn -0.000999 -0.000013 0.00005
vn -0.000984 -0.000156 0.000088
vn -0.000988 0.00003 0.000149
vn 0.00014 0.000064 0.000988
vn 0.000136 0.00011 0.000985
vn -0.000029 0.000064 0.000997
vn -0.000038 0.000109 0.000993
vn 0.000998 -0.000016 0.000065
vn 0.000998 0.000001 0.000057
vn 0.000983 -0.000003 0.000184
vn 0.000981 0.000023 0.000193
vn 0.000946 -0.000062 0.000317
vn 0.000934 -0.000001 0.000356
vn 0.00089 -0.000037 0.000455
vn 0.000859 0.000043 0.000511
vn 0.000823 0.000035 0.000567
vn 0.000812 0.000072 0.000579
vn 0.000706 -0.000003 0.000708
vn 0.000681 0.000046 0.000731
vn 0.000602 0.000056 0.000797
vn 0.000568 0.000132 0.000812
vn 0.000452 0.000015 0.000892
vn 0.000281 0.000125 0.000951
vn 0.000291 0.00008 0.000953
vn 0.000426 0.000093 0.0009
vn 0.001 -0.000004 0.000001
vn 0.001 0.000005 -0
vn 0.000071 -0.00017 -0.000983
vn 0.000147 -0.000118 -0.000982
vn 0.000202 -0.00014 -0.000969
vn 0.000365 -0.000075 -0.000928
vn 0.000474 -0.000132 -0.000871
vn 0.000556 -0.000094 -0.000826
vn 0.000732 -0.000094 -0.000675
vn 0.000789 -0.000132 -0.000601
vn 0.000876 -0.000035 -0.000482
vn 0.000978 -0.000005 -0.00021
vn 0.000969 -0.000059 -0.000239
vn -0.000001 -0.000101 -0.000995
vn -0.000001 -0.000113 -0.000994
vn -0.000987 -0.000023 -0.000156
vn -0.000988 -0.000046 -0.000148
vn -0.00094 0.000036 -0.000339
vn -0.00095 -0.000032 -0.000312
vn -0.000885 -0.000054 -0.000463
vn -0.000882 -0.000033 -0.00047
vn -0.000791 -0.00005 -0.00061
vn -0.000787 -0.000027 -0.000617
vn -0.000673 -0.00011 -0.000731
vn -0.00067 -0.000099 -0.000736
vn -0.000565 -0.000116 -0.000817
vn -0.000539 -0.000028 -0.000842
vn -0.000391 -0.000073 -0.000917
vn -0.000408 -0.000124 -0.000905
vn -0.000245 -0.000075 -0.000967
vn -0.000241 -0.000062 -0.000968
vn -0.000103 -0.000095 -0.00099
vn -0.000117 -0.000131 -0.000984
vn -0.001 -0.000019 0.000001
vn -0.000999 -0.000048 0.000004
vn -0.000996 -0.000046 0.000082
vn -0.000996 -0.000025 0.00009
vn 0.00093 0.000021 0.000366
vn 0.000846 -0.000033 -0.000532
vn 0.000855 0.000068 -0.000514
vn 0.000912 -0.000147 -0.000384
vn 0.00093 -0.000015 -0.000367
vn 0.000972 0.000001 -0.000234
vn 0.000973 0.000011 -0.000232
vn 0.000996 -0.000017 -0.000093
vn 0.000996 0.000057 -0.000074
vn 0.000995 -0.000022 0.000102
vn 0.000995 -0.000034 0.000095
vn 0.000972 -0.000006 0.000234
vn 0.000972 -0.000004 0.000235
vn 0.000921 0.000075 0.000382
vn 0.000849 -0.000011 0.000528
vn 0.000755 0.000024 0.000655
vn 0.000746 0.000068 0.000662
vn 0.000843 0.000027 0.000537
vn 0.000661 -0.000008 0.000751
vn 0.000712 -0.000033 0.000701
vn 0.000779 -0.000023 0.000627
vn 0.000895 -0.000016 0.000445
vn 0.000877 -0.000023 0.000481
vn 0.000812 -0.000014 0.000583
vn 0.000944 -0.000023 0.000328
vn 0.000956 -0.000015 0.000292
vn 0.000994 -0.000014 0.00011
vn 0.000986 -0.000025 0.000162
vn 0.000996 -0.000013 -0.000085
vn 0.001 -0.000027 -0.00001
vn 0.000981 -0.000027 -0.00019
vn 0.000942 -0.000024 -0.000334
vn 0.000961 -0.000012 -0.000278
vn 0.000827 -0.000013 -0.000563
vn 0.000862 -0.000025 -0.000506
vn 0.000902 -0.000013 -0.000432
vn 0.000766 -0.000026 -0.000642
vn 0.000727 -0.000015 -0.000687
vn 0.000606 -0.000015 -0.000795
vn 0.000645 -0.000026 -0.000763
vn 0.00051 -0.000026 -0.00086
vn 0.000472 -0.000015 -0.000882
vn 0.000346 -0.000014 -0.000938
vn 0.000311 -0.00003 -0.00095
vn 0.000156 -0.000027 -0.000987
vn 0.000186 -0.000015 -0.000982
vn 0.000021 -0.000017 -0.001
vn -0.000002 -0.000025 -0.001
vn -0.000161 -0.000025 -0.000987
vn -0.000165 -0.000024 -0.000986
vn -0.000296 -0.000024 -0.000955
vn -0.000322 -0.000031 -0.000946
vn 0.000353 -0.00002 -0.000935
vn 0.000325 -0.000027 -0.000945
vn 0.000172 -0.000035 -0.000984
vn 0.000149 -0.00003 -0.000988
vn 0.000264 -0.000018 -0.000964
vn -0.000018 -0.000026 -0.000999
vn -0.000007 -0.000023 -0.001
vn -0.00014 -0.000017 -0.00099
vn -0.000184 -0.000027 -0.000983
vn -0.000297 -0.000014 -0.000955
vn -0.000367 -0.000029 -0.00093
vn -0.000436 -0.000018 -0.0009
vn -0.000497 -0.000027 -0.000868
vn -0.000656 -0.00003 -0.000755
vn -0.000582 -0.000009 -0.000813
vn -0.00076 -0.000013 -0.00065
vn -0.00074 -0.000026 -0.000672
vn -0.000843 -0.000029 -0.000537
vn -0.000869 -0.00001 -0.000495
vn -0.00094 -0.000026 -0.000341
vn -0.000918 -0.000014 -0.000396
vn -0.000973 -0.000029 -0.000229
vn -0.000983 -0.000011 -0.000185
vn -0.001 -0.000025 -0.000002
vn -0.000997 -0.000013 -0.000071
vn -0.000995 -0.000015 0.000099
vn -0.000986 -0.000026 0.000165
vn -0.000941 -0.000027 0.000338
vn -0.000966 -0.000015 0.000259
vn -0.00091 -0.000017 0.000414
vn -0.000877 -0.000028 0.00048
vn -0.000734 -0.000013 0.000679
vn -0.000781 -0.000024 0.000624
vn -0.000818 -0.000017 0.000575
vn -0.000656 -0.000029 0.000754
vn -0.000392 -0.000763 0.000514
vn -0.000279 -0.000892 0.000356
vn -0.00058 -0.000018 0.000814
vn -0.000575 -0.000019 0.000818
vn -0.000573 -0.000027 0.000819
vn -0.000577 -0.00002 0.000816
vn 0 -0.001 0
vn -0.000004 -0.001 0.000003
vn -0.000003 -0.001 0.000003
vn -0.000002 -0.001 0.000005
vn -0.000002 -0.001 0.000002
vn -0 -0.001 0
vn -0.000002 -0.001 0
vn -0.000002 -0.001 0
vn -0.000002 -0.001 0.000003
vn -0.000003 -0.001 -0.000002
vn -0.000003 -0.001 0.000001
vn 0 -0.001 0
vn 0.000002 -0.001 -0.000005
vn 0.000002 -0.001 -0.000005
vn 0.000002 -0.001 -0.000005
vn 0.000001 -0.001 -0
vn 0.000001 -0.001 -0.000001
vn 0.000005 -0.001 -0.000007
vn -0.000005 -0.001 -0.000001
vn -0.000005 -0.001 -0.000001
vn 0.000002 -0.001 0
vn -0.000002 -0.001 -0.000005
vn -0 -0.001 -0.000003
vn -0.000002 -0.001 -0.000002
vn -0.000004 -0.001 -0.000002
vn -0.000006 -0.001 -0.000002
vn -0 -0.001 -0.000004
vn -0.000002 -0.001 -0.000005
vn -0.000003 -0.001 -0.000001
vn -0 -0.001 -0.000004
vn 0.000155 -0.000931 -0.000332
vn 0.000088 -0.000977 -0.000194
vn 0.000224 -0.000845 -0.000486
vn 0.000237 -0.000827 -0.00051
vn 0.00034 -0.000593 -0.000729
vn 0.000365 -0.000491 -0.000791
vn 0.000407 -0.00028 -0.000869
vn 0.000421 -0.000023 -0.000907
vn 0.000419 -0.000022 -0.000908
vn 0.000994 -0.000054 0.000091
vn -0 -0.001 0.000001
vn -0 -0.001 0
vn 0 -0.001 0.000001
vn 0 -0.001 0
vn -0.000003 -0.001 0.000002
vn -0 -0.001 0
vn -0.000004 -0.001 0
vn 0.000002 -0.001 -0.000001
vn 0.000001 -0.001 -0.000002
vn 0.000001 -0.001 -0.000006
vn 0 -0.001 -0.000008
vn 0 -0.001 0
vn 0 -0.001 0
vn -0.000002 -0.001 0.000002
vn -0.000006 -0.001 -0.000002
vn -0.000004 -0.001 0
vn -0.000004 -0.001 0.000001
vn -0.000004 -0.001 0.000001
vn 0.000001 -0.001 0.000002
vn 0.000001 -0.001 0.000001
vn 0.000001 -0.001 0.000002
vn 0.000002 -0.001 0.000001
vn 0 -0.001 0.000001
vn 0.000003 -0.001 0
vn 0.000003 -0.001 0
vn 0.000002 -0.001 -0.000001
vn 0.000002 -0.001 0.000001
vn 0.000003 -0.001 0.000001
vn 0.000003 -0.001 0.000001
vn -0.000994 -0.000053 0.00009
vn -0.00098 -0.000054 0.000194
vn -0.000981 -0.000057 0.000186
vn -0.00093 -0.000049 0.000365
vn -0.000951 -0.000071 0.000301
vn -0.000853 -0.000059 0.000518
vn -0.000883 -0.000052 0.000467
vn -0.000698 -0.000054 0.000714
vn -0.000759 -0.000061 0.000648
vn -0.000811 -0.000052 0.000583
vn -0.000637 -0.000057 0.000769
vn -0.0005 -0.000056 0.000864
vn -0.000489 -0.000054 0.000871
vn -0.00061 -0.000053 0.000791
vn -0.000339 -0.000052 0.000939
vn -0.000362 -0.000057 0.00093
vn -0.000171 -0.000057 0.000984
vn -0.000226 -0.000051 0.000973
vn 0.000001 -0.000057 0.000998
vn -0.000074 -0.00005 0.000996
vn 0.000083 -0.00005 0.000995
vn 0.000178 -0.000051 0.000983
vn 0.000221 -0.00006 0.000973
vn 0.000491 -0.000056 0.000869
vn 0.000339 -0.000051 0.000939
vn 0.000374 -0.000058 0.000926
vn 0.000636 -0.000056 0.00077
vn 0.00063 -0.000055 0.000775
vn 0.000482 -0.000057 0.000874
vn 0.000756 -0.000061 0.000652
vn 0.000725 -0.000055 0.000686
vn 0.000829 -0.000054 0.000556
vn 0.000858 -0.00005 0.00051
vn 0.000881 -0.000063 0.000469
vn 0.000979 -0.000053 0.000199
vn 0.000979 -0.000055 0.000194
vn 0.000932 -0.000054 0.000358
vn 0.000938 -0.000059 0.000341
vn -0.000417 -0.000022 -0.000909
vn -0.000419 -0.000025 -0.000908
vn -0.000417 -0.000183 -0.00089
vn -0.000351 -0.000544 -0.000762
vn -0.000369 -0.000485 -0.000792
vn -0.000272 -0.000765 -0.000584
vn -0.000284 -0.000738 -0.000612
vn -0.000135 -0.000946 -0.000294
vn -0.000171 -0.000915 -0.000364
vn -0 -0.001 -0
vn 0.000002 -0.001 0.000002
vn 0.000006 -0.001 -0.000001
vn 0.000001 -0.001 -0.000005
vn -0.000001 -0.001 -0
vn 0 -0.001 -0
vn 0.000005 -0.001 -0.000003
vn 0.000006 -0.001 0
vn 0 -0.001 -0
vn -0.000001 -0.001 -0.000001
vn -0.000001 -0.001 -0
vn -0.000002 -0.001 -0.000005
vn -0.000004 -0.001 -0.000006
vn 0.000004 -0.001 -0.000003
vn 0.000004 -0.001 -0.000001
vn 0.000006 -0.001 -0
vn -0.000001 -0.001 -0.000005
vn 0.000001 -0.001 -0.000008
vn 0.000001 -0.001 -0.000008
vn 0.000003 -0.001 -0.00001
vn -0.000003 -0.001 -0.000003
vn 0.000002 -0.001 -0.000003
vn 0.000002 -0.001 -0.000003
vn 0.000004 -0.001 -0.000003
vn 0.000003 -0.001 0.000006
vn 0.000003 -0.001 0.000003
vn 0.000003 -0.001 0.000004
vn 0.000003 -0.001 0.000002
vn 0.000004 -0.001 0.000001
vn 0.000004 -0.001 0.000001
vn 0.000003 -0.001 -0.000001
vn 0.000574 -0.000019 0.000818
vn 0.00058 -0.000017 0.000815
vn 0.000574 -0.000022 0.000819
vn 0.000161 -0.000967 0.000196
vn 0.000279 -0.000891 0.000359
vn 0.000421 -0.000726 0.000544
vn 0.000515 -0.000476 0.000713
vn 0.000447 -0.000876 -0.000181
vn 0.000384 -0.000846 -0.00037
vn 0.000406 -0.000814 -0.000416
vn 0.000218 -0.000819 -0.000531
vn 0.000345 -0.000515 -0.000785
vn 0.000255 -0.000412 -0.000875
vn 0.000141 -0.000336 -0.000931
vn 0.000145 -0.000416 -0.000898
vn 0.000844 -0.000337 -0.000418
vn 0.000575 -0.000589 -0.000568
vn 0.000587 -0.000489 -0.000646
vn 0.000345 -0.000519 -0.000782
vn 0.000143 -0.000731 -0.000668
vn 0.000709 -0.000433 -0.000557
vn 0.000691 -0.000537 -0.000484
vn 0.000774 -0.00048 -0.000413
vn 0.000445 -0.000848 -0.000289
vn 0.000589 -0.000727 -0.000353
vn 0.000211 0.000903 -0.000374
vn 0.000122 -0.000662 -0.00074
vn 0.000105 -0.000853 -0.000511
vn 0.000106 0.000863 -0.000494
vn 0.000309 -0.000846 -0.000435
vn 0.000305 -0.000854 -0.000422
vn 0.000466 -0.000397 -0.00079
vn 0.000472 -0.000589 -0.000656
vn -0.00009 -0.000863 -0.000498
vn -0.000056 -0.00094 -0.000336
vn -0.000106 -0.000617 -0.000779
vn -0.000136 -0.000404 -0.000905
vn 0.000011 -0.000857 -0.000516
vn 0.000009 -0.000847 -0.000531
vn 0.000029 -0.000598 -0.000801
vn 0.000044 -0.000424 -0.000905
vn -0.000003 -0.000314 -0.000949
vn 0.000013 -0.000195 -0.000981
vn -0.000811 -0.000581 0.000072
vn -0.00023 -0.00073 -0.000643
vn -0.000304 -0.000761 -0.000573
vn -0.000442 -0.000609 -0.000658
vn -0.000146 -0.00093 -0.000336
vn -0.000298 -0.000933 -0.000202
vn -0.000179 -0.000961 -0.000209
vn -0.000369 0.000405 -0.000836
vn -0.000784 -0.000086 -0.000615
vn -0.000861 -0.000507 -0.000041
vn -0.000761 -0.000646 -0.000057
vn -0.000482 -0.000876 0.000007
vn -0.000485 -0.000868 0.000106
vn -0.000278 -0.000956 -0.000096
vn -0.000405 -0.000913 -0.000049
vn -0.000964 0.000152 -0.00022
vn -0.000949 0.000296 0.000109
vn -0.000797 -0.0004 -0.000452
vn -0.000962 -0.000142 0.000234
vn -0.000705 -0.000688 -0.000172
vn -0.000635 -0.000539 -0.000554
vn -0.000824 -0.000438 -0.00036
vn -0.000507 -0.000383 -0.000772
vn -0.000665 -0.000213 -0.000716
vn -0.000417 -0.000478 -0.000773
vn -0.000913 -0.000382 -0.00014
vn -0.000877 -0.000443 -0.000186
vn -0.000707 -0.00062 -0.000342
vn -0.000708 -0.000574 -0.00041
vn -0.000615 -0.000581 -0.000534
vn -0.000616 -0.000563 -0.000551
vn -0.00044 -0.000706 -0.000554
vn -0.000365 -0.000342 -0.000866
vn -0.000182 -0.000649 -0.000739
vn -0.000742 -0.000426 -0.000518
vn -0.000834 -0.000402 -0.000377
vn -0.000675 -0.000714 0.000188
vn -0.000679 -0.000709 0.00019
vn -0.000905 -0.000396 0.000154
vn -0.000971 -0.000239 0.000025
vn -0.000902 -0.000424 0.000074
vn -0.000948 -0.000301 -0.000103
vn -0.000706 -0.000612 -0.000356
vn -0.000433 -0.000683 -0.000588
vn -0.000547 -0.000691 0.000472
vn -0.000628 -0.000585 0.000513
vn -0.000661 0.00059 0.000464
vn -0.00016 -0.000958 0.000236
vn -0.000812 -0.000055 0.000581
vn -0.000636 -0.00071 0.000304
vn -0.000703 -0.000642 0.000307
vn -0.000607 -0.000697 0.000383
vn -0.000664 -0.000617 0.000422
vn -0.000797 -0.000391 0.000461
vn -0.000262 -0.000927 0.000267
vn -0.000539 -0.000786 0.000301
vn -0.000602 -0.000726 0.000332
vn -0.000111 -0.000986 0.000122
vn -0.000547 -0.000815 0.000192
vn -0.000345 0.000937 0.000062
vn -0.000813 -0.000378 0.000444
vn -0.000626 -0.000742 0.000241
vn -0.000358 -0.000922 0.000146
vn -0.000943 -0.000272 0.000194
vn -0.000916 -0.000344 0.000205
vn -0.000862 -0.000359 0.000358
vn -0.000669 -0.000656 0.000349
vn -0.000325 0.000927 0.000189
vn -0.000452 0.000882 0.000134
vn -0.000723 -0.00035 0.000596
vn -0.000613 -0.000568 0.000549
vn -0.000169 -0.000964 0.000206
vn -0.000887 -0.000362 0.000287
vn -0.000877 -0.00039 0.00028
vn -0.00048 -0.000795 0.00037
vn -0.000771 -0.00037 0.000519
vn -0.00077 -0.000372 0.000518
vn -0.00067 -0.000572 0.000473
vn -0.000433 -0.000873 -0.000222
vn -0.000728 -0.000486 -0.000483
vn -0.000749 -0.000403 -0.000525
vn -0.000581 0.000669 -0.000463
vn -0.000349 -0.000933 0.000086
vn -0.000567 -0.000818 0.000099
vn -0.000894 -0.000354 -0.000275
vn -0.000862 -0.000445 -0.000241
vn -0.000756 -0.000514 -0.000405
vn -0.000785 -0.000462 -0.000413
vn -0.000341 -0.000926 -0.000162
vn -0.000815 -0.000446 -0.000369
vn -0.000877 -0.000286 -0.000386
vn -0.000583 0.000811 -0.000036
vn -0.000931 -0.000349 0.000105
vn -0.000946 -0.000304 0.000109
vn -0.000634 0.000733 -0.000247
vn -0.000968 -0.000235 -0.000091
vn -0.000951 -0.000307 0.000025
vn -0.000908 -0.000418 -0.000042
vn -0.000893 -0.00045 0.000008
vn -0.000406 -0.000914 0.000014
vn -0.00051 -0.00086 -0.000018
vn -0.000488 -0.000872 -0.000014
vn -0.000529 -0.000842 0.000102
vn -0.000915 -0.000365 -0.000173
vn -0.000882 -0.00044 -0.000169
vn -0.000505 -0.000857 -0.000104
vn -0.000449 -0.000888 -0.000098
vn -0.000154 -0.000988 0.000004
vn -0.000395 -0.000877 -0.000275
vn -0.000404 -0.00087 -0.000282
vn -0.000698 -0.000419 -0.000581
vn -0.000693 -0.000438 -0.000573
vn -0.000197 -0.000974 -0.000114
vn -0.000378 -0.000875 -0.000302
vn -0.000564 -0.000649 -0.000511
vn -0.000674 -0.000363 -0.000643
vn -0.000689 -0.000645 0.00033
vn -0.000955 -0.000253 0.000158
vn -0.000318 -0.000891 -0.000323
vn -0.000442 -0.000883 -0.000158
vn -0.000533 -0.000831 -0.000157
vn -0.000683 -0.000532 -0.0005
vn -0.000291 -0.000954 0.000077
vn -0.00082 -0.000568 -0.000069
vn -0.000798 -0.000595 -0.000099
vn -0.000528 -0.000639 -0.000559
vn -0.000627 -0.00056 -0.000541
vn -0.000622 -0.000517 -0.000588
vn -0.000735 -0.000499 0.000459
vn -0.000459 -0.000838 0.000296
vn -0.000406 -0.000868 0.000287
vn -0.000256 -0.000895 0.000365
vn -0.000155 -0.000346 0.000925
vn -0.000143 -0.000586 0.000797
vn -0.000092 -0.00086 0.000502
vn -0.000106 -0.000754 0.000648
vn -0.000438 -0.000306 0.000845
vn -0.000458 -0.00046 0.000761
vn -0.000261 -0.00056 0.000786
vn -0.000106 -0.000245 0.000964
vn -0.000884 -0.000287 0.000368
vn -0.000543 -0.000512 0.000665
vn -0.000132 -0.000556 0.00082
vn -0.000258 -0.000256 0.000932
vn -0.000066 -0.000376 0.000924
vn -0 -0.000273 0.000962
vn -0 -0.000304 0.000953
vn 0 -0.000625 0.00078
vn -0 -0.000812 0.000584
vn -0 -0.000852 0.000523
vn 0.000875 -0.00036 0.000324
vn 0.000985 -0.000113 0.000131
vn 0.000077 -0.000719 0.00069
vn 0.000167 -0.000753 0.000636
vn 0.000131 -0.000825 0.00055
vn 0.000089 0.000911 0.000402
vn 0.000064 -0.000757 0.000651
vn 0.000382 -0.000441 0.000812
vn 0.000257 -0.00088 0.000399
vn 0.000419 -0.000888 0.000188
vn 0.000359 -0.000895 0.000266
vn 0.000471 -0.00077 0.00043
vn 0.00078 0.000398 0.000483
vn 0.00054 -0.000831 0.000133
vn 0.000589 -0.000798 0.000127
vn 0.00073 -0.000628 0.000268
vn 0.000633 -0.000617 0.000467
vn 0.000817 -0.000269 0.00051
vn 0.000887 -0.000417 0.0002
vn 0.000815 -0.00055 0.000179
vn 0.00069 -0.000591 0.000418
vn 0.000596 -0.00061 0.000522
vn 0.000604 -0.000262 0.000753
vn 0.00009 -0.000164 0.000982
vn 0.000232 -0.000271 0.000934
vn 0.000232 -0.000273 0.000934
vn 0.000379 -0.00024 0.000894
vn 0.000507 -0.000106 0.000856
vn 0.000541 -0.000267 0.000797
vn 0.000115 -0.000286 0.000951
vn 0.000248 -0.000246 0.000937
vn 0.000383 -0.000437 0.000813
vn 0.000549 -0.000242 0.0008
vn 0.000578 -0.000401 0.000711
vn 0.000751 -0.000109 0.000651
vn 0.000439 -0.000804 0.000402
vn 0.000549 0.000835 0.000018
vn 0.000526 0.000287 0.000801
vn 0.00024 -0.000817 0.000524
vn 0.000576 -0.000779 0.000246
vn 0.000885 -0.000443 0.000143
vn 0.000857 -0.000497 0.000134
vn 0.000781 -0.000448 0.000434
vn 0.000906 -0.000285 0.000312
vn 0.00081 -0.000364 0.00046
vn 0.000742 -0.000383 0.00055
vn 0.000502 -0.000637 0.000585
vn 0.000469 -0.000581 0.000665
vn 0.000371 -0.000577 0.000728
vn 0.000245 -0.000198 0.000949
vn 0.000498 -0.000864 0.000074
vn 0.000933 -0.000358 0.00003
vn 0.000971 -0.000238 0.00002
vn 0.000292 -0.000953 0.000083
vn 0.000724 -0.000687 0.00006
vn 0.000841 -0.000539 0.000046
vn 0.0005 -0.000863 0.000076
vn 0.000965 -0.00026 0.000023
vn 0.000902 -0.000429 0.000038
vn 0.000724 -0.000687 0.00006
vn -0.000043 -0.000679 -0.000733
vn 0.000037 0.000136 -0.00099
vn -0.000115 -0.000529 -0.000841
vn 0.000583 -0.000813 -0.000012
vn 0.000702 0.00068 -0.000211
vn 0.000515 -0.000853 -0.000077
vn 0.000187 0.000951 -0.000247
vn 0.000419 -0.000606 -0.000676
vn 0.000224 -0.000795 -0.000564
vn 0.000563 -0.000764 -0.000315
vn 0.000472 -0.00079 -0.000391
vn 0.000596 -0.000576 -0.00056
vn 0.000181 0.000869 -0.00046
vn 0.00061 -0.000743 -0.000273
vn 0.000856 -0.000161 -0.000491
vn 0.000305 -0.000946 -0.00011
vn 0.000206 -0.00043 -0.000879
vn -0.000039 -0.000201 -0.000979
vn 0.000144 -0.000616 -0.000774
vn 0.000339 -0.000459 -0.000821
vn -0.000048 -0.000658 -0.000751
vn 0.000074 -0.000637 -0.000768
vn 0.000127 -0.000587 -0.0008
vn 0.000123 -0.000475 -0.000871
vn 0.000045 -0.000919 -0.000392
vn -0.000019 -0.000947 -0.00032
vn 0.000243 -0.00073 -0.000639
vn 0.000351 -0.00074 -0.000574
vn 0.000691 -0.000708 -0.000147
vn 0.000788 -0.00043 -0.00044
vn 0.000548 -0.000558 -0.000623
vn 0.000895 -0.000396 -0.000207
vn 0.000824 -0.000203 -0.000529
vn 0.000705 -0.000344 -0.00062
vn 0.000874 -0.000485 0.000007
vn 0.000963 -0.000223 -0.000154
vn 0.000175 -0.000279 -0.000944
vn 0.00078 -0.000523 -0.000345
vn 0.00068 -0.000555 -0.000478
vn 0.000664 -0.000556 -0.0005
vn 0.000537 -0.00058 -0.000612
vn 0.000563 -0.000428 -0.000707
vn 0.000382 -0.000529 -0.000758
vn 0.000879 -0.000378 -0.00029
vn 0.000833 -0.000312 -0.000457
vn 0.000475 -0.000252 -0.000843
vn 0.000332 -0.000327 -0.000885
vn 0.000721 -0.000693 -0.000022
vn 0.000839 -0.000517 -0.00017
vn 0.000594 -0.000772 -0.000228
vn 0.000513 -0.000707 -0.000487
vn 0.000392 -0.000713 -0.000581
vn 0.000054 -0.000365 -0.000929
vn 0.000034 -0.000471 -0.000881
vn -0.000154 -0.000796 -0.000585
vn -0.000101 -0.00097 -0.00022
vn -0.000297 -0.000859 -0.000417
vn -0.000368 -0.000827 -0.000425
vn -0.000435 -0.000673 -0.000599
vn -0.000859 -0.000338 -0.000384
vn -0.000945 -0.000217 -0.000245
vn -0.000149 -0.000454 -0.000878
vn -0.000374 -0.000588 -0.000717
vn -0.000193 -0.000743 -0.000641
vn -0.000588 -0.000479 -0.000652
vn -0.000567 -0.000454 -0.000687
vn -0.000523 -0.000844 -0.000122
vn -0.000677 -0.000578 -0.000455
vn -0.000803 -0.000581 -0.000134
vn -0.000461 -0.000884 -0.000073
vn -0.000501 -0.000855 -0.00013
vn -0.000813 -0.000543 -0.000209
vn -0.00047 -0.000879 0.000077
vn -0.000442 -0.000894 0.000078
vn -0.000897 0.000441 -0.000038
vn -0.000902 -0.00043 0.000038
vn -0.000985 -0.000172 0.000016
vn -0.000848 -0.000528 0.000047
vn -0.000236 -0.000671 -0.000703
vn -0.000463 -0.000885 0.000053
vn -0.000307 -0.000943 -0.000125
vn -0.000151 -0.000987 0.000055
vn -0.000274 -0.000909 -0.000313
vn -0.00018 -0.000984 -0.000006
vn -0.000074 -0.000991 -0.00011
vn -0.000153 -0.000873 -0.000462
vn -0.000226 -0.000897 -0.00038
vn -0.000133 -0.000989 -0.000068
vn -0.000595 -0.000529 -0.000605
vn -0.000319 -0.000716 -0.00062
vn -0.000337 -0.000676 -0.000655
vn -0.000378 -0.000884 -0.000274
vn -0.000335 -0.000854 -0.000398
vn -0.000507 -0.000361 -0.000783
vn -0.000448 -0.000439 -0.000779
vn -0.00027 -0.000412 -0.00087
vn -0.000776 0.000591 -0.000219
vn -0.000829 0.00043 -0.000358
vn -0.000521 0.000704 -0.000483
vn -0.000891 -0.000453 -0.000019
vn -0.00087 -0.000483 -0.000096
vn -0.000858 -0.000476 -0.000191
vn -0.000849 -0.000473 -0.000233
vn -0.000805 -0.000483 -0.000344
vn -0.000798 -0.000449 -0.000403
vn -0.000821 -0.000361 -0.000442
vn -0.000746 -0.000458 -0.000484
vn -0.000535 -0.000238 -0.00081
vn -0.000587 -0.000367 -0.000722
vn -0.000749 -0.000655 -0.000102
vn -0.000905 -0.000425 -0.000019
vn -0.000751 -0.000434 -0.000498
vn -0.000703 -0.000438 -0.00056
vn -0.000724 -0.000328 -0.000607
vn -0.000662 -0.000364 -0.000656
vn -0.000531 0.000546 -0.000648
vn -0.000376 -0.000886 -0.000272
vn -0.000418 -0.000887 -0.000197
vn -0.000341 -0.000938 -0.000055
vn -0.000345 -0.000938 0.000032
vn -0.000283 -0.000321 -0.000904
vn -0.000373 -0.000198 -0.000907
vn -0.000558 -0.000535 -0.000634
vn -0.000673 -0.000709 -0.000208
vn 0.00007 -0.000916 -0.000395
vn 0.000076 -0.000866 -0.000493
vn 0.00015 -0.000909 -0.000388
vn 0.000168 -0.000885 -0.000434
vn 0.000156 0.000224 -0.000962
vn 0.000143 0.000475 -0.000868
vn 0.000085 -0.000364 -0.000928
vn 0.000079 -0.000488 -0.000869
vn 0.000202 0.000758 -0.00062
vn 0.000323 -0.00049 -0.000809
vn 0.000325 -0.000481 -0.000814
vn 0.000088 -0.000809 -0.000581
vn 0.000169 -0.000519 -0.000838
vn -0.000117 0.00061 -0.000783
vn -0.000065 -0.000431 -0.0009
vn 0.000008 0.000525 -0.000851
vn 0.000006 0.000465 -0.000885
vn 0.000265 -0.000262 -0.000928
vn -0.000095 -0.000867 -0.000489
vn -0.000101 -0.000815 -0.000571
vn -0.000161 -0.000348 -0.000924
vn 0.00024 -0.000519 -0.00082
vn 0.000242 -0.000461 -0.000854
vn 0.000116 -0.000957 -0.000267
vn -0.000012 -0.000876 -0.000483
vn -0.000022 -0.000804 -0.000594
vn -0.000022 -0.000526 -0.00085
vn 0.000005 -0.000908 -0.000418
vn -0.000067 -0.000333 -0.000941
vn -0.000154 -0.000412 -0.000898
vn 0.000936 -0.000321 -0.000145
vn 0.000263 -0.000884 -0.000387
vn -0.000022 -0.000994 0.000106
vn 0.000229 -0.000921 -0.000314
vn 0.00016 -0.000985 -0.000068
vn 0.000292 -0.000919 -0.000267
vn 0.000036 0.000992 -0.000121
vn 0.00058 -0.000808 -0.000108
vn 0.000489 -0.000871 -0.000035
vn 0.00035 -0.000937 0.000012
vn 0.000247 -0.000968 -0.000047
vn 0.000401 -0.000897 -0.000187
vn 0.000749 -0.000528 -0.000401
vn 0.00082 -0.000193 -0.000538
vn 0.000944 -0.000182 -0.000274
vn 0.000911 -0.000343 -0.000228
vn 0.000865 -0.000351 -0.000358
vn 0.00081 -0.00048 -0.000338
vn 0.000563 -0.00081 -0.000164
vn 0.000425 0.000264 -0.000866
vn 0.000523 -0.000383 -0.000762
vn 0.000388 -0.000584 -0.000713
vn 0.000402 -0.000472 -0.000785
vn 0.000574 -0.000552 -0.000605
vn 0.00058 -0.000529 -0.00062
vn 0.000595 -0.000483 -0.000642
vn 0.00049 0.000504 -0.000711
vn 0.000475 -0.000564 -0.000675
vn 0.000489 -0.000535 -0.000689
vn 0.000845 -0.000528 -0.000086
vn 0.000496 0.000682 -0.000537
vn 0.000695 -0.000441 -0.000567
vn 0.000649 -0.000539 -0.000537
vn 0.000357 -0.000912 -0.000204
vn 0.000482 -0.000874 0.000055
vn 0.000714 -0.000697 0.000066
vn 0.000782 -0.00062 0.000064
vn 0.00099 -0.000141 0.000021
vn 0.000986 -0.000165 -0.000024
vn 0.000714 -0.000699 0.000035
vn 0.000856 -0.000517 0.000009
vn 0.000781 -0.000622 0.000053
vn 0.000787 -0.000615 0.000052
vn 0.000978 -0.000207 0.000016
vn 0.000538 -0.000836 -0.000108
vn 0.000739 -0.000625 -0.000251
vn 0.000864 -0.000421 -0.000275
vn 0.000759 -0.000628 -0.00017
vn 0.000917 -0.000348 -0.000196
vn 0.000603 -0.000792 -0.000091
vn 0.000784 -0.000612 -0.000102
vn 0.000571 -0.000816 0.000084
vn 0.000783 -0.000621 -0.000021
vn 0.000997 0.000054 -0.00005
vn 0.000969 -0.000236 -0.000068
vn 0.000633 -0.000773 0.000029
vn 0.000398 -0.000896 -0.000195
vn 0.000179 -0.000983 -0.000041
vn 0.000793 -0.000317 -0.000521
vn 0.000742 -0.000479 -0.000469
vn 0.000511 -0.000812 -0.000284
vn 0.000812 -0.000466 -0.00035
vn 0.000412 -0.000903 -0.000121
vn 0.000439 -0.000769 0.000465
vn 0.000053 0.000997 -0.00005
vn 0.000146 -0.00097 0.000192
vn 0.000829 0.000544 0.000131
vn 0.000944 -0.000154 0.00029
vn 0.000902 0.000255 0.000349
vn 0.000863 0.000402 0.000307
vn 0.00086 -0.000178 0.000477
vn 0.000709 0.000573 0.000411
vn 0.000742 -0.000207 0.000638
vn 0.000705 -0.000185 0.000685
vn 0.000074 0.000997 -0.000014
vn 0.000807 -0.000356 0.000471
vn 0.000692 -0.000448 0.000566
vn 0.000836 0.000358 -0.000415
vn 0.000888 -0.000392 -0.00024
vn 0.000674 0.000698 -0.00024
vn 0.000447 0.000892 -0.00006
vn 0.000788 -0.000611 -0.00008
vn 0.000582 0.000806 -0.000107
vn 0.000923 -0.00036 0.000137
vn 0.000928 -0.000283 0.000242
vn 0.00068 -0.000648 0.000342
vn 0.000666 -0.000648 0.000371
vn 0.000424 -0.000846 0.000322
vn 0.000873 -0.000442 0.000208
vn 0.000861 -0.000427 0.000277
vn 0.000715 -0.000646 -0.000267
vn 0.000246 -0.000967 0.000065
vn 0.000544 -0.000838 -0.000026
vn 0.000616 -0.000772 0.000156
vn 0.000511 -0.000848 0.000142
vn 0.000157 -0.000987 0.000025
vn 0.000491 -0.000868 -0.000068
vn 0.000754 -0.000628 -0.000194
vn 0.000634 -0.000713 0.000298
vn 0.000915 -0.00038 0.000135
vn 0.000921 -0.000385 0.000061
vn 0.000661 -0.000319 0.000679
vn 0.000762 -0.000361 0.000538
vn 0.000734 -0.000417 0.000536
vn 0.000379 -0.000823 0.000423
vn 0.000221 -0.000965 0.00014
vn 0.00062 -0.000782 0.00007
vn 0.000788 -0.000613 0.000044
vn 0.000879 -0.000476 -0.000015
vn 0.000879 -0.000466 -0.000099
vn 0.000911 -0.000395 -0.000117
vn 0.000879 -0.000415 -0.000234
vn 0.000617 -0.000321 0.000719
vn 0.000096 -0.000821 0.000562
vn 0.000196 -0.000241 0.000951
vn 0.000219 0.000105 0.00097
vn 0.000384 -0.00075 0.000538
vn 0.0003 -0.000413 0.00086
vn 0.000192 -0.000407 0.000893
vn 0.000134 -0.000886 0.000443
vn 0.000062 -0.000952 0.0003
vn 0.0006 0.000402 0.000692
vn 0.000463 0.000491 0.000737
vn 0.000438 -0.000138 0.000888
vn 0.000528 -0.000129 0.00084
vn 0.000556 -0.000223 0.000801
vn 0.000352 0.000362 0.000863
vn 0.000388 -0.000416 0.000822
vn 0.000298 -0.000426 0.000854
vn 0.000436 -0.000658 0.000613
vn 0.000392 -0.000724 0.000567
vn 0.000307 -0.000364 0.000879
vn 0.000168 -0.000899 0.000405
vn 0.000352 -0.00065 0.000673
vn 0.000364 -0.000617 0.000697
vn -0.000032 -0.000756 0.000654
vn -0.000053 -0.000854 0.000517
vn -0.000037 -0.00094 0.00034
vn -0.000044 0.000795 0.000605
vn 0.000108 -0.000262 0.000959
vn 0.000016 0.00098 0.0002
vn -0.000057 -0.000343 0.000938
vn 0.000041 -0.000812 0.000582
vn 0.000044 -0.000739 0.000672
vn 0.000049 -0.000675 0.000736
vn 0.000032 -0.00031 0.00095
vn -0.000055 -0.000295 0.000954
vn -0.00015 -0.000442 0.000884
vn -0.000151 -0.000338 0.000929
vn -0.000142 -0.000442 0.000886
vn -0.000833 0.000521 0.000185
vn -0.000073 -0.000961 0.000265
vn -0.000136 -0.000859 0.000494
vn -0.000186 -0.000766 0.000616
vn -0.000268 -0.000761 0.000591
vn -0.000138 -0.000943 0.000301
vn -0.00042 -0.000887 0.000193
vn -0.00023 -0.000959 0.000166
vn -0.000442 -0.000853 0.000278
vn -0.000699 0.00056 0.000445
vn -0.000902 0.000001 0.000431
vn -0.000413 -0.000844 0.000341
vn -0.000081 0.000973 0.000218
vn -0.000584 0.000631 0.00051
vn -0.000393 0.000797 0.000458
vn -0.000798 -0.000342 0.000496
vn -0.000834 -0.000304 0.00046
vn -0.000221 -0.000457 0.000862
vn -0.000443 -0.000744 0.0005
vn -0.000528 -0.000639 0.00056
vn -0.000339 -0.00026 0.000904
vn -0.000258 -0.000285 0.000923
vn -0.000338 -0.000267 0.000903
vn -0.000451 -0.00012 0.000885
vn -0.000588 -0.00032 0.000743
vn -0.000631 -0.000321 0.000706
vn -0.000625 -0.000518 0.000585
vn -0.00067 -0.000499 0.000551
vn -0.000619 -0.000624 0.000477
vn -0.000635 -0.000692 0.000343
vn -0.000818 -0.000458 0.000348
vn -0.000897 -0.000222 0.000383
vn -0.000843 -0.000458 0.000282
vn -0.000803 -0.000532 0.000267
vn -0.00016 -0.000964 0.000212
vn -0.000379 -0.000737 0.000559
vn -0.000462 -0.000577 0.000673
vn -0.000488 -0.000396 0.000778
vn -0.000428 -0.000397 0.000812
vn -0.000432 -0.000893 0.000122
vn -0.000335 -0.000935 0.000116
vn -0.000437 -0.000891 0.000122
vn -0.000843 -0.000508 0.00018
vn -0.000827 -0.000534 0.000177
vn -0.000844 -0.00053 0.000085
vn -0.000852 -0.000517 0.000083
vn -0.000432 -0.000898 0.000079
vn -0.000593 -0.000802 0.00007
vn -0.000847 -0.000529 0.000046
vn -0.00088 -0.000473 0.000041
vn -0.000932 -0.00036 0.000031
vn -0.000336 -0.000355 0.000872
vn -0.000081 -0.00087 0.000487
vn -0.000187 -0.000051 0.000981
vn -0.000092 -0.000814 0.000573
vn -0.000136 -0.000428 0.000894
vn -0.000128 -0.000302 0.000945
vn -0.00029 -0.000836 0.000465
vn -0.0002 -0.000796 0.000572
vn -0.000176 -0.000824 0.000538
vn -0.000412 -0.000706 0.000576
vn -0.000652 -0.000204 0.00073
vn -0.000345 -0.000397 0.000851
vn -0.00053 -0.000238 0.000814
vn -0.000319 -0.000385 0.000866
vn -0.00019 -0.000304 0.000933
vn -0.000189 -0.000307 0.000933
vn -0.000804 0.000043 0.000592
vn -0.000561 -0.000667 0.00049
vn -0.000425 -0.000547 0.000721
vn -0.000212 -0.00096 0.000183
vn -0.00046 -0.000876 0.000141
vn -0.00095 -0.000305 0.00006
vn -0.00098 -0.000102 0.000171
vn -0.000834 -0.000238 0.000497
vn -0.000743 -0.000244 0.000623
vn -0.000739 -0.000183 0.000648
vn -0.000883 -0.000461 0.000089
vn -0.000833 -0.000466 0.000298
vn -0.000852 -0.000412 0.000324
vn -0.000804 -0.000463 0.000372
vn -0.000911 -0.000385 0.000151
vn -0.000652 -0.000205 0.00073
vn -0.0008 -0.00031 0.000514
vn -0.000469 -0.00082 0.000327
vn -0.00058 -0.000812 0.000073
vn -0.000698 -0.000692 0.000183
vn -0.000857 -0.0004 0.000325
vn -0.00058 -0.000647 0.000495
vn -0.000539 -0.00029 0.00079
vn 0.000107 -0.000676 0.000729
vn 0.00015 -0.000526 0.000837
vn 0.000156 -0.000056 0.000986
vn -0.00001 -0.000352 0.000936
vn 0.000014 -0.000861 0.000508
vn 0.000115 -0.000458 0.000881
vn -0.000016 -0.000433 0.000901
vn -0.000047 -0.00029 0.000956
vn 0.000093 -0.000154 0.000984
vn 0.000016 -0.000524 0.000851
vn 0.000661 -0.00074 0.000125
vn 0.000833 -0.000547 0.000081
vn 0.000942 -0.00032 0.000102
vn 0.000343 -0.000011 0.000939
vn 0.000174 -0.000875 0.000453
vn 0.000627 -0.000547 0.000555
vn 0.000322 0.000901 0.000289
vn 0.000309 -0.00082 0.000482
vn 0.000329 -0.000789 0.00052
vn 0.000664 -0.0004 0.000632
vn 0.000433 -0.000782 0.000449
vn 0.000332 -0.000859 0.00039
vn 0.000636 -0.000636 0.000437
vn 0.000835 -0.000529 0.000153
vn 0.000587 -0.000754 0.000294
vn 0.000695 -0.000656 0.000293
vn 0.0009 0.000192 0.000391
vn 0.000483 -0.00081 0.000333
vn 0.000634 -0.000753 0.000175
vn 0.00081 -0.000542 0.000223
vn 0.000846 -0.000487 0.000216
vn 0.000277 -0.000182 0.000944
vn 0.000546 -0.000337 0.000767
vn 0.000677 -0.000431 0.000596
vn 0.000286 -0.000141 0.000948
vn 0.000402 -0.000236 0.000885
vn 0.000488 0.000011 0.000873
vn 0.000646 -0.000428 0.000632
vn 0.00054 -0.000353 0.000764
vn 0.000829 -0.000345 0.00044
vn 0.000622 -0.000507 0.000597
vn 0.000534 -0.000439 0.000723
vn 0.000196 -0.000696 0.000691
vn 0.000373 -0.000494 0.000785
vn 0.000214 -0.000668 0.000713
vn 0.000356 -0.000597 0.000719
vn 0.000899 -0.00022 0.000378
vn 0.000456 -0.000886 0.000078
vn 0.00065 -0.000757 0.000066
vn 0.000772 -0.000633 0.000056
vn 0.000955 -0.000296 0.000026
vn 0.000953 -0.000302 0.000027
vn 0.000495 -0.000865 0.000087
vn 0.000575 -0.000801 -0.000164
vn 0.000375 -0.000873 -0.000311
vn 0.000393 -0.000793 -0.000466
vn 0.000324 0.00073 -0.000601
vn 0.000537 -0.000571 -0.000621
vn 0.000259 -0.000864 -0.000431
vn 0.000352 -0.00051 -0.000785
vn 0.000346 -0.000491 -0.000799
vn 0.000111 -0.000481 -0.00087
vn 0.000169 -0.00069 -0.000704
vn 0.000977 -0.000189 -0.000095
vn 0.000896 -0.00039 -0.00021
vn 0.000758 -0.000499 -0.00042
vn 0.0009 -0.000338 -0.000276
vn 0.000666 -0.000361 -0.000652
vn 0.000817 -0.000571 -0.000085
vn 0.000566 -0.000808 -0.000166
vn 0.000131 -0.000956 -0.000264
vn 0.00016 -0.000709 -0.000687
vn 0.000677 -0.000496 -0.000544
vn -0 -0.000933 -0.00036
vn -0 -0.000938 -0.000346
vn -0 -0.000762 -0.000647
vn -0.000001 -0.000582 -0.000813
vn -0 -0.000366 -0.000931
vn -0.000342 -0.000933 -0.00011
vn -0.000048 -0.000887 -0.000459
vn -0.000044 -0.000939 -0.000342
vn -0.00012 0.000742 -0.000659
vn -0.000224 -0.000908 -0.000355
vn -0.000969 -0.000156 -0.00019
vn -0.000501 -0.000863 -0.000062
vn -0.000805 -0.000209 -0.000556
vn -0.000415 -0.00091 0.000027
vn -0.000767 -0.00061 -0.000199
vn -0.000906 -0.00042 -0.000049
vn -0.000847 -0.000526 -0.000077
vn -0.000846 -0.00049 -0.000211
vn -0.000827 -0.00052 -0.000215
vn -0.000705 -0.000656 -0.000269
vn -0.000837 -0.000355 -0.000416
vn -0.000342 -0.000916 -0.000209
vn -0.00031 -0.000883 -0.000352
vn -0.000344 -0.000804 -0.000486
vn -0.000731 -0.000398 -0.000554
vn -0.000398 -0.000291 -0.00087
vn -0.000235 -0.000274 -0.000932
vn -0.000255 -0.000522 -0.000814
vn -0.000114 -0.000513 -0.000851
vn -0.000857 -0.000302 -0.000418
vn -0.000099 -0.000379 -0.00092
vn -0.000107 -0.000358 -0.000928
vn -0.000248 -0.000541 -0.000804
vn -0.000339 -0.000705 -0.000624
vn -0.000726 -0.000361 -0.000585
vn -0.000567 -0.000565 -0.000599
vn -0.000533 -0.000408 -0.000741
vn -0.000522 -0.000555 -0.000647
vn -0.00043 -0.000602 -0.000673
vn -0.00079 -0.000245 -0.000562
vn -0.000869 -0.000492 -0.00005
vn -0.000503 -0.000403 -0.000764
vn -0.000135 -0.000908 -0.000396
vn -0.000206 -0.000785 -0.000585
vn -0.000884 -0.00037 -0.000285
vn -0.000742 -0.00055 -0.000382
vn -0.000723 -0.000591 -0.000358
vn -0.000575 -0.000724 -0.00038
vn -0.000645 -0.000546 -0.000535
vn -0.000363 -0.000454 -0.000814
vn -0.000392 -0.000916 0.00008
vn -0.000732 -0.000679 0.000059
vn -0.00063 -0.000774 0.000067
vn -0.000924 -0.00038 0.000033
vn -0.000489 -0.000866 0.000107
vn -0.000733 -0.000663 0.000149
vn -0.00083 -0.000546 0.000118
vn 0.000663 -0.000287 0.000691
vn 0.000585 -0.000509 0.000631
vn 0.000501 -0.000659 0.000561
vn 0.000338 -0.000846 0.000412
vn 0.00024 -0.000916 0.000321
vn 0.000436 -0.000783 0.000443
vn 0.000775 -0.000503 -0.000382
vn 0.000532 -0.000807 -0.000257
vn 0.000825 -0.000269 -0.000497
vn 0.000551 -0.000792 0.000264
vn 0.000396 -0.000851 0.000344
vn 0.000406 -0.000901 0.000157
vn 0.000922 -0.000249 0.000296
vn 0.00063 -0.000732 -0.000259
vn 0.000691 -0.000707 -0.000148
vn 0.000787 -0.000599 -0.000147
vn 0.000927 0.000296 -0.000231
vn 0.000347 -0.000935 0.000068
vn 0.000861 -0.000507 0.000035
vn 0.00071 -0.000507 0.000488
vn 0.000893 -0.000303 -0.000334
vn 0.000785 -0.000444 -0.000431
vn 0.000897 -0.000055 -0.000439
vn 0.00068 -0.000604 -0.000415
vn 0.000759 -0.000579 -0.000299
vn 0.000787 -0.000134 0.000602
vn 0.00071 -0.000291 0.000642
vn 0.000626 -0.000711 0.000321
vn 0.000789 -0.000333 0.000517
vn 0.000917 -0.000356 -0.000177
vn 0.000937 -0.000174 -0.000303
vn 0.000786 -0.00058 0.000213
vn 0.000783 -0.00052 0.000342
vn 0.000795 -0.000488 0.00036
vn 0.000752 -0.000538 0.00038
vn 0.000983 -0.000156 -0.0001
vn 0.000752 -0.00041 0.000516
vn 0.000728 -0.000239 0.000643
vn 0.000806 -0.000557 0.0002
vn 0.00077 -0.000619 0.000154
vn 0.000813 -0.000582 0.000021
vn 0.000854 -0.000518 0.000036
vn 0.000726 -0.000683 -0.000081
vn 0.000689 -0.000143 0.00071
vn 0.000681 -0.000243 0.00069
vn 0.000641 -0.000346 0.000685
vn 0.000418 -0.000797 0.000436
vn 0.000162 -0.000962 0.00022
vn 0.000138 -0.000969 0.000205
vn 0.000248 -0.000962 0.000115
vn -0.000021 -0.000876 -0.000481
vn -0.00002 -0.000648 -0.000762
vn 0.000014 -0.000474 -0.000881
vn -0.000003 -0.000407 -0.000913
vn 0.000016 -0.000262 -0.000965
vn -0.000016 -0.00014 -0.00099
vn 0.000257 -0.000332 -0.000908
vn 0.000117 -0.000491 -0.000863
vn 0.000162 -0.000383 -0.000909
vn 0.000164 -0.000158 -0.000974
vn 0.000157 -0.000174 -0.000972
vn 0.000783 -0.000452 -0.000427
vn 0.000541 -0.000426 -0.000726
vn 0.000603 -0.000194 -0.000774
vn 0.000857 -0.000112 -0.000502
vn 0.0009 -0.000151 -0.000409
vn 0.00082 -0.000191 -0.00054
vn 0.000657 -0.000426 -0.000622
vn 0.000723 -0.000187 -0.000665
vn 0.000431 -0.000421 -0.000798
vn 0.000452 -0.000215 -0.000866
vn 0.000661 -0.000674 -0.00033
vn 0.0007 -0.000696 -0.000162
vn 0.000775 -0.000588 -0.000232
vn 0.000818 -0.000569 -0.000086
vn 0.000809 -0.00042 -0.000411
vn 0.000829 -0.000468 -0.000305
vn 0.000865 -0.000438 -0.000244
vn 0.000864 -0.000481 0.000149
vn 0.000825 -0.000464 0.000324
vn 0.000948 -0.000135 -0.000288
vn 0.000964 -0.000267 0.000019
vn 0.000966 -0.000258 0.000013
vn 0.000987 0.00016 -0.000033
vn 0.000973 -0.000225 -0.000061
vn 0.000924 -0.000297 -0.000241
vn 0.000972 0.000143 -0.000184
vn 0.000954 -0.000264 -0.000139
vn 0.00093 -0.000226 0.00029
vn 0.000936 -0.000166 0.000309
vn 0.000856 -0.000233 0.00046
vn 0.000853 -0.00029 0.000434
vn 0.000976 -0.000172 0.000132
vn 0.000986 -0.000102 0.000133
vn 0.000947 -0.000255 0.000195
vn 0.000228 -0.000973 0.000024
vn 0.000215 -0.000971 0.000108
vn 0.000795 -0.000605 0.00005
vn 0.000775 -0.000624 -0.000103
vn 0.000602 -0.000783 -0.000158
vn 0.000633 -0.000773 0.000035
vn 0.000803 -0.000517 0.000296
vn 0.000809 -0.000558 0.000184
vn 0.000815 -0.000575 0.000069
vn 0.000626 -0.00078 -0.000011
vn 0.000241 -0.000968 -0.000069
vn 0.000266 -0.000964 0.000019
vn 0.000628 -0.000735 0.000253
vn 0.000603 -0.000754 0.000262
vn 0.00062 -0.000472 0.000627
vn 0.000442 -0.000772 0.000456
vn 0.000352 -0.000866 0.000355
vn 0.000493 -0.000758 0.000426
vn 0.000091 -0.000988 0.000123
vn 0.000536 -0.000793 0.000289
vn 0.000411 -0.000869 0.000275
vn 0.000523 -0.000598 0.000607
vn 0.000621 -0.000607 0.000496
vn 0.000578 -0.000645 0.0005
vn 0.000655 -0.000663 0.000362
vn 0.000548 -0.000751 0.000368
vn 0.000428 -0.000876 0.000222
vn 0.000445 -0.000884 0.000141
vn 0.000591 -0.0008 0.000107
vn 0.000006 -0.000996 -0.000091
vn 0.000016 -0.000988 -0.000154
vn 0.000081 -0.000992 -0.000097
vn 0.000178 -0.000975 -0.000132
vn 0.000101 -0.000977 -0.00019
vn 0.000033 -0.000754 -0.000656
vn 0.000164 -0.000792 -0.000588
vn 0.000227 -0.000723 -0.000653
vn 0.000069 -0.000713 -0.000698
vn 0.000139 -0.000591 -0.000795
vn 0 -0.000675 -0.000738
vn 0.000087 -0.000857 -0.000508
vn 0.000048 -0.000916 -0.000399
vn 0.000146 -0.000911 -0.000386
vn 0.000218 -0.000838 -0.0005
vn 0.00053 -0.000761 -0.000375
vn 0.000593 -0.00071 -0.00038
vn 0.000514 -0.000708 -0.000484
vn 0.000604 -0.000477 -0.000638
vn 0.000664 -0.000099 -0.000742
vn 0.000514 -0.000818 -0.000258
vn 0.000386 -0.0009 -0.0002
vn 0.000318 -0.000909 -0.000269
vn 0.000508 -0.000749 -0.000426
vn 0.000493 -0.000473 -0.00073
vn 0.000536 -0.000102 -0.000838
vn 0.000195 -0.000914 -0.000355
vn 0.000331 -0.000756 -0.000565
vn 0.000258 -0.00047 -0.000844
vn 0.00029 -0.0004 -0.000869
vn 0.000235 -0.00097 -0.000063
vn 0.000182 -0.000974 -0.000138
vn 0.000386 -0.00083 -0.000403
vn 0.000282 -0.000908 -0.000311
vn 0.000359 -0.000789 -0.000499
vn 0.000466 -0.000689 -0.000556
vn 0.000322 -0.000725 -0.000608
vn 0.000304 -0.00053 -0.000792
vn 0.000435 -0.000183 -0.000882
vn 0.000321 -0.000171 -0.000931
vn 0.000882 -0.0002 -0.000427
vn 0.00091 -0.000267 -0.000315
vn 0.000955 -0.000261 -0.000141
vn 0.000745 -0.000495 0.000447
vn 0.000804 -0.000135 0.000579
vn 0.000746 -0.000292 0.000599
vn 0.000742 -0.000355 0.000569
vn 0.000653 -0.000741 0.000157
vn 0.000612 -0.000772 0.000171
vn 0.000478 -0.000874 0.000086
vn 0.000472 -0.000882 -0.000017
vn 0.000587 -0.000806 -0.00008
vn 0.000448 -0.000892 -0.000062
vn 0.000408 -0.0009 -0.000151
vn 0.000601 -0.000766 -0.000227
vn 0.000719 -0.000441 -0.000537
vn 0.000711 -0.000452 -0.000539
vn 0.000772 -0.0001 -0.000628
vn -0.000542 -0.000591 0.000597
vn -0.00004 -0.000947 -0.000318
vn 0.000036 -0.000157 -0.000987
vn 0.000013 -0.000419 -0.000908
vn 0.00001 -0.000609 -0.000793
vn -0.000005 -0.000939 -0.000345
vn -0.00002 -0.000925 -0.000379
vn -0.000015 -0.000998 -0.000061
vn -0.000545 -0.000651 0.000529
vn -0.000132 -0.000971 0.000199
vn -0.000135 -0.00097 0.000201
vn -0.000381 -0.000819 0.000429
vn -0.000657 -0.000368 0.000658
vn -0.00067 -0.000263 0.000694
vn -0.000672 -0.000259 0.000694
vn -0.000858 -0.000237 0.000456
vn -0.000745 -0.000327 0.000582
vn -0.000808 -0.000216 0.000548
vn -0.00072 -0.000691 0.000067
vn -0.000855 -0.00051 -0.000092
vn -0.000909 -0.000413 0.000063
vn -0.000973 -0.000207 0.000105
vn -0.000874 -0.000447 0.000191
vn -0.000942 -0.000333 0.000039
vn -0.000936 -0.000343 -0.000076
vn -0.000897 -0.000358 -0.000258
vn -0.000837 -0.000512 -0.000192
vn -0.000786 -0.000618 0.000027
vn -0.000812 -0.000546 0.000204
vn -0.000971 -0.000234 -0.000041
vn -0.000941 -0.000198 0.000274
vn -0.000614 -0.000489 -0.000619
vn -0.00072 -0.00048 -0.000502
vn -0.000707 -0.000499 -0.000502
vn -0.00079 -0.000488 -0.000371
vn -0.000763 -0.000526 -0.000376
vn -0.000848 -0.000482 -0.000221
vn -0.000785 -0.000596 -0.00017
vn -0.000843 -0.000532 -0.000079
vn -0.000707 -0.000702 -0.000082
vn -0.000235 -0.00073 -0.000641
vn -0.000073 -0.000726 -0.000684
vn -0.000213 -0.000599 -0.000771
vn -0.000371 -0.000603 -0.000706
vn -0.000369 -0.000593 -0.000715
vn -0.000473 -0.000594 -0.000651
vn -0.000479 -0.000628 -0.000613
vn -0.00058 -0.000626 -0.000522
vn -0.000929 -0.0003 0.000217
vn -0.000991 -0.00012 0.000055
vn -0.000519 -0.000405 -0.000753
vn -0.000661 -0.000392 -0.00064
vn -0.000871 -0.000228 -0.000436
vn -0.00098 -0.000089 0.000177
vn -0.000983 -0.000125 -0.000137
vn -0.000957 -0.000209 -0.0002
vn -0.000958 -0.000119 -0.000262
vn -0.000899 -0.000241 -0.000365
vn -0.00087 -0.000231 -0.000436
vn -0.000782 -0.000242 -0.000574
vn -0.000124 -0.000453 -0.000883
vn -0.000285 -0.000445 -0.000849
vn -0.000666 -0.000244 -0.000705
vn -0.000785 -0.000235 -0.000573
vn -0.000865 0.000103 -0.000491
vn -0.000717 -0.000027 -0.000697
vn -0.00073 -0.000237 -0.000641
vn -0.000777 0.000165 -0.000608
vn -0.000835 -0.000196 -0.000513
vn -0.000569 -0.000184 -0.000801
vn -0.000581 -0.00026 -0.000771
vn -0.00044 -0.000223 -0.00087
vn -0.000409 -0.000276 -0.00087
vn -0.000142 -0.000096 -0.000985
vn -0.000121 -0.000154 -0.000981
vn -0.000302 -0.000097 -0.000948
vn -0.000249 -0.000254 -0.000934
vn -0.00036 -0.00086 -0.000363
vn -0.000077 -0.000997 0.000006
vn -0.000099 -0.000995 0.000015
vn -0.000515 -0.000824 -0.000235
vn -0.000021 -0.000995 -0.000095
vn -0.000162 -0.000945 -0.000283
vn -0.00023 -0.000943 -0.000239
vn -0.000317 -0.000896 -0.00031
vn -0.000265 -0.000941 -0.00021
vn -0.000315 -0.000938 -0.000147
vn -0.000129 -0.000941 -0.000313
vn -0.000175 -0.000907 -0.000383
vn -0.00002 -0.000999 0.000033
vn -0.000306 -0.000926 0.000221
vn -0.000172 -0.000974 0.000148
vn -0.000547 -0.000568 0.000616
vn -0.000627 -0.000584 0.000516
vn -0.000571 -0.00074 0.000355
vn -0.000279 -0.000955 0.000102
vn -0.000335 -0.000935 0.000113
vn -0.000736 -0.000611 0.000291
vn -0.000696 -0.00059 0.00041
vn -0.000824 -0.000344 0.000449
vn -0.000853 -0.000291 0.000434
vn -0.000592 -0.000806 -0.000008
vn -0.000573 -0.000811 -0.000119
vn -0.000562 -0.000757 -0.000333
vn -0.000456 -0.000771 -0.000445
vn -0.000393 -0.000786 -0.000477
vn -0.000275 -0.000798 -0.000536
vn -0.00011 -0.000784 -0.000611
vn 0.000045 -0.000783 -0.000621
vn -0.000763 -0.000626 0.000158
vn -0.000739 -0.000606 0.000295
vn -0.000883 -0.000347 0.000315
vn -0.000834 -0.000431 0.000345
vn -0.000932 -0.000107 0.000346
vn -0.000466 -0.000885 -0.000011
vn -0.000555 -0.000826 -0.000095
vn -0.00049 -0.000845 -0.000213
vn -0.00055 -0.000808 -0.000209
vn -0.00047 -0.000822 -0.000322
vn -0.000428 -0.000834 -0.000348
vn -0.000313 -0.00085 -0.000424
vn -0.000277 -0.00084 -0.000466
vn -0.000134 -0.000853 -0.000504
vn 0.000016 -0.000829 -0.000558
vn -0.000798 -0.000204 0.000567
vn -0.000745 -0.000313 0.000589
vn -0.000624 -0.000601 0.0005
vn -0.000684 -0.000618 0.000388
vn -0.000439 -0.000876 0.000199
vn -0.000245 -0.000969 0.000017
vn -0.000269 -0.000963 0.000006
vn -0.000795 -0.00059 -0.000141
vn -0.000905 -0.00022 -0.000364
vn -0.000116 -0.000462 -0.000879
vn 0.000041 -0.000465 -0.000884
vn -0.00047 -0.000789 0.000395
vn -0.000372 -0.000855 0.000362
vn -0.000441 -0.000857 0.000267
vn -0.000489 -0.000864 0.000121
vn -0.000638 -0.000752 0.000163
vn -0.000447 -0.000893 0.000045
vn -0.000804 -0.00054 -0.000248
vn -0.000504 -0.000582 0.000638
vn -0.000786 -0.000428 0.000447
vn 0.00007 -0.000952 -0.000299
vn -0.00031 -0.000893 0.000327
vn -0.000392 -0.000831 0.000395
vn -0.000166 -0.000976 0.00014
vn -0.000279 -0.000953 0.000118
vn -0.000266 -0.000934 0.000239
vn -0.000424 -0.000905 -0.000024
vn -0.00071 -0.000622 0.00033
vn -0.000653 -0.000732 0.000195
vn -0.000628 -0.000778 0.000018
vn -0.000552 -0.00083 -0.000083
vn -0.000386 -0.000806 -0.000448
vn -0.00081 -0.000554 0.000193
vn -0.00078 -0.000614 0.000116
vn -0.000748 -0.000656 -0.000099
vn -0.000665 -0.000712 -0.000225
vn -0.000744 -0.000593 0.000308
vn -0.000746 -0.000651 0.000138
vn -0.000669 -0.000744 -0.000005
vn -0.000635 -0.000757 -0.000154
vn -0.000851 -0.0005 0.000161
vn -0.000854 -0.000509 0.000113
vn -0.000766 -0.000447 0.000462
vn -0.000719 -0.000386 0.000578
vn -0.000697 -0.000328 0.000637
vn -0.000676 -0.000216 0.000704
vn -0.00084 -0.000382 0.000385
vn -0.000792 -0.000332 0.000513
vn -0.000782 -0.000304 0.000544
vn -0.000685 -0.000167 0.000709
vn -0.000708 -0.000188 0.00068
vn -0.000584 -0.000173 0.000793
vn -0.000569 -0.000397 0.00072
vn -0.000583 -0.000338 0.000739
vn -0.000429 -0.00073 0.000532
vn -0.000409 -0.000912 -0.000002
vn -0.000457 -0.00087 0.000185
vn -0.000545 -0.000789 0.000281
vn -0.000584 -0.000629 0.000514
vn -0.000564 -0.000634 0.000529
vn -0.000549 -0.000498 0.000671
vn -0.000121 -0.00095 -0.000287
vn -0.000343 -0.000929 0.000135
vn -0.000402 -0.000893 0.000201
vn -0.000433 -0.000821 0.000372
vn -0.000767 -0.0006 -0.000227
vn -0.000789 -0.000601 -0.000124
vn -0.000839 -0.000545 0.000004
vn -0.000702 -0.000568 0.000429
vn -0.000262 -0.000888 -0.000377
vn -0.000506 -0.000857 -0.000093
vn -0.000515 -0.000856 0.00004
vn -0.000596 -0.00077 0.000228
vn -0.000596 -0.000763 0.00025
vn -0.000663 -0.000589 0.000462
vn -0.000643 -0.000514 0.000568
vn -0.000649 -0.000371 0.000664
vn -0.000631 -0.000312 0.00071
vn -0.000682 -0.000644 0.000346
vn -0.000262 -0.00095 0.000168
vn -0.000278 -0.000956 0.000096
vn -0.00044 -0.000897 0.00004
vn -0.000511 -0.000834 -0.00021
vn -0.000508 -0.000794 0.000334
vn -0.000681 -0.000579 0.000449
vn -0.000801 -0.00048 0.000357
vn -0.000711 -0.000387 0.000587
vn -0.000767 -0.000506 0.000393
vn -0.000709 -0.000336 0.000619
vn -0.000632 -0.000328 0.000702
vn -0.000742 -0.000646 0.000182
vn -0.000778 -0.000627 -0.000043
vn -0.00074 -0.000656 0.000147
vn -0.000786 -0.000618 0.000008
vn -0.00078 -0.000563 -0.000275
vn -0.000786 -0.000539 -0.000302
vn -0.000791 -0.000548 -0.000271
vn -0.000784 -0.000621 0.000009
vn -0.000794 -0.000556 -0.000244
vn -0.000705 -0.000605 -0.000369
vn -0.000577 -0.00081 0.000099
vn -0.000682 -0.000717 -0.000145
vn -0.000692 -0.000705 -0.000154
vn -0.000762 -0.000535 -0.000364
vn -0.000445 -0.000878 0.000178
vn -0.000824 -0.000528 0.000206
vn -0.000575 -0.000605 0.000551
vn -0.000586 -0.000734 0.000343
vn -0.000669 -0.00074 0.000074
vn -0.000561 -0.000763 -0.000321
vn -0.000396 -0.000892 -0.000218
vn -0.000708 -0.000575 -0.000409
vn -0.000877 -0.000013 -0.000481
vn -0.000538 -0.000806 -0.000247
vn -0.000706 -0.000637 -0.00031
vn -0.000927 -0.000115 -0.000358
vn -0.000683 -0.000683 -0.000257
vn -0.000086 -0.000995 -0.000048
vn -0.000687 -0.000678 -0.00026
vn -0.000673 -0.00068 -0.000291
vn -0.000892 0.000034 -0.000451
vn -0.000743 -0.00056 -0.000366
vn -0.000656 -0.000674 -0.000339
vn -0.000647 -0.000671 -0.000362
vn -0.000106 -0.000993 -0.000044
vn -0.000293 -0.000948 -0.000122
vn -0.000279 -0.000953 -0.000117
vn -0.000383 -0.00091 -0.000157
vn -0.000487 -0.000854 -0.000182
vn -0.000529 -0.000808 -0.000259
vn -0.000368 -0.000908 -0.000199
vn -0.000295 -0.000942 -0.00016
vn -0.000323 -0.000931 -0.000172
vn -0.000034 -0.000598 -0.000801
vn 0.000226 -0.000583 -0.00078
vn 0.000209 -0.000582 -0.000786
vn 0.000021 -0.000705 -0.000709
vn -0.000215 -0.000853 -0.000476
vn -0.000242 -0.000918 -0.000314
vn 0.000135 -0.00079 -0.000598
vn -0.000179 -0.000911 -0.000372
vn -0.000017 -0.000936 -0.000352
vn -0.000074 -0.000949 -0.000307
vn 0.000862 -0.000154 -0.000484
vn -0.000007 -0.000728 -0.000686
vn -0.000228 -0.000783 -0.00058
vn -0.000397 -0.000799 -0.000453
vn -0.000413 -0.000799 -0.000438
vn -0.000145 -0.000808 -0.000571
vn -0.000608 -0.000738 -0.000293
vn -0.000659 -0.000686 -0.000307
vn -0.000631 -0.000688 -0.000359
vn -0.000619 -0.000735 -0.000276
vn -0.000559 -0.000727 -0.0004
vn -0.000402 -0.000735 -0.000546
vn -0.000223 -0.000626 -0.000747
vn -0.000428 -0.000729 -0.000534
vn -0.000383 -0.000729 -0.000567
vn 0.000247 -0.000292 -0.000924
vn 0.000174 -0.000454 -0.000874
vn 0.000001 -0.000596 -0.000803
vn -0.000193 -0.000688 -0.0007
vn -0.000624 -0.000694 -0.000359
vn -0.000479 -0.000805 -0.00035
vn -0.000431 -0.000838 -0.000334
vn -0.000072 -0.000873 -0.000482
vn 0.000121 -0.000787 -0.000605
vn 0.000195 -0.000831 -0.000522
vn -0.000139 -0.000695 -0.000706
vn -0.000575 -0.000791 -0.00021
vn -0.000309 -0.000735 -0.000603
vn -0.000404 -0.00075 -0.000523
vn -0.00053 -0.000801 -0.000277
vn -0.000155 -0.000943 -0.000295
vn 0.000304 -0.000374 -0.000876
vn 0.000213 -0.000549 -0.000808
vn 0.000352 -0.000242 -0.000904
vn 0.000355 -0.000165 -0.00092
vn 0.00032 -0.00027 -0.000908
vn 0.000171 -0.000495 -0.000852
vn 0.000161 -0.000528 -0.000834
vn -0.000032 -0.00074 -0.000672
vn -0.000049 -0.000781 -0.000622
vn -0.000246 -0.000901 -0.000356
vn -0.00025 -0.000908 -0.000337
vn -0.000339 -0.000925 -0.000172
vn -0.000192 -0.000627 -0.000755
vn -0.000028 -0.000524 -0.000851
vn -0.000025 -0.000519 -0.000854
vn 0.000092 -0.000401 -0.000911
vn -0.000409 -0.0009 0.000149
vn -0.000172 -0.000962 -0.000213
vn -0.0002 -0.000967 -0.000158
vn 0.000197 -0.000593 -0.000781
vn 0.000092 -0.000761 -0.000642
vn 0.000029 -0.000809 -0.000587
vn -0.000015 -0.000872 -0.000489
vn -0.000527 -0.000849 0.000031
vn -0.000443 -0.00086 -0.000252
vn -0.000329 -0.000857 -0.000397
vn -0.000248 -0.000778 -0.000577
vn -0.000091 -0.000708 -0.0007
vn 0.000021 -0.000557 -0.00083
vn 0.000131 -0.000477 -0.000869
vn 0.000262 -0.000244 -0.000934
vn 0.000234 -0.000282 -0.000931
vn 0.000324 -0.000178 -0.000929
vn -0.000017 -0.000998 -0.000063
vn 0.000037 -0.000937 -0.000348
vn 0.000103 -0.000776 -0.000623
vn 0.000051 -0.000867 -0.000495
vn 0.000099 -0.000686 -0.000721
vn 0.000169 -0.000407 -0.000897
vn 0.000194 0.000118 -0.000974
vn -0.000012 -0.000973 -0.00023
vn -0.00005 -0.000971 -0.000233
vn -0.000092 -0.000979 -0.00018
vn 0.000342 -0.000185 -0.000921
vn 0.000156 -0.000431 -0.000889
vn 0.000201 -0.000568 -0.000798
vn 0.00021 -0.000139 -0.000968
vn 0.000027 -0.000885 -0.000466
vn 0.000107 -0.000761 -0.00064
vn 0.000923 -0.000246 0.000297
vn 0.000469 -0.000652 0.000596
vn 0.000486 -0.000642 0.000593
vn 0.00017 -0.000727 0.000666
vn 0.00032 -0.000706 0.000632
vn 0.000052 -0.00075 0.00066
vn 0.00097 -0.000156 0.000184
vn 0.000756 -0.000458 0.000468
vn 0.000828 -0.000386 0.000407
vn 0.000871 -0.000337 0.000357
vn 0.000939 -0.000228 0.000259
vn 0.000464 -0.000601 0.000651
vn 0.00036 -0.000623 0.000694
vn 0.000167 -0.000668 0.000726
vn 0.000141 -0.000668 0.000731
vn -0.000561 -0.000608 0.000561
vn 0.000655 -0.000524 0.000545
vn 0.000131 -0.000893 0.000431
vn 0.000309 -0.000935 0.000176
vn 0.00019 -0.000892 0.00041
vn 0.000523 -0.000829 0.000197
vn 0.000525 -0.000827 0.000202
vn 0.000298 -0.000945 0.000132
vn 0.000427 -0.000859 0.000281
vn 0.000646 -0.000665 0.000374
vn 0.000828 -0.000428 0.000362
vn 0.0009 -0.000399 0.000176
vn 0.000116 -0.00066 0.000742
vn 0.00036 -0.000691 0.000627
vn 0.000116 -0.00066 0.000742
vn 0.000545 -0.000626 0.000558
vn 0.00023 -0.000808 0.000542
vn 0.000643 -0.000649 0.000408
vn 0.000688 -0.000695 0.000208
vn 0.000657 -0.000722 0.000217
vn 0.000008 -0.000756 0.000655
vn 0.000007 -0.000758 0.000653
vn 0.00015 -0.000713 0.000685
vn 0.000364 -0.000794 0.000487
vn 0.000579 -0.000642 0.000503
vn 0.000866 -0.000433 0.000249
vn 0.00045 -0.000809 0.000377
vn 0.000238 -0.000802 0.000548
vn 0.000186 -0.000718 0.000671
vn -0.00003 -0.000744 0.000668
vn -0.000031 -0.000754 0.000656
vn 0.000027 -0.000762 0.000647
vn 0.000033 -0.000712 0.000701
vn -0.000019 -0.000911 0.000412
vn -0.000019 -0.000913 0.000409
vn -0.000003 -0.000994 0.000108
vn -0.000003 -0.000992 0.000123
vn 0.000011 -0.000979 0.000203
vn 0.000002 -0.000995 0.000104
vn 0.000015 -0.000913 0.000408
vn 0.000024 -0.000868 0.000496
vn -0.000702 -0.000584 0.000408
vn -0.000849 -0.000495 0.000185
vn -0.000817 -0.000452 0.000358
vn -0.000691 -0.000668 0.000277
vn -0.000921 -0.000357 0.000159
vn -0.000648 -0.000731 0.000214
vn -0.000367 -0.000843 0.000393
vn -0.000224 -0.000932 0.000285
vn -0.000493 -0.000796 0.000351
vn -0.000564 -0.000771 0.000296
vn -0.000487 -0.000852 0.000193
vn -0.000397 -0.000891 0.000221
vn -0.000377 -0.000907 0.000187
vn -0.000101 -0.000967 0.000235
vn -0.000051 -0.000675 0.000736
vn -0.00005 -0.00066 0.000749
vn -0.00022 -0.000758 0.000614
vn -0.000271 -0.000768 0.00058
vn -0.00029 -0.000789 0.000541
vn -0.000126 -0.000837 0.000533
vn -0.000124 -0.000842 0.000525
vn 0.00002 -0.000677 0.000736
vn 0.000043 -0.000707 0.000706
vn -0.000027 -0.00064 0.000768
vn -0.000325 -0.000664 0.000673
vn -0.000417 -0.000674 0.00061
vn -0.000517 -0.000586 0.000624
vn -0.000628 -0.000596 0.0005
vn -0.000754 -0.000532 0.000385
vn -0.000205 -0.000702 0.000682
vn -0.000178 -0.000653 0.000736
vn -0.000583 -0.00067 0.000458
vn -0.000484 -0.000741 0.000466
vn -0.000397 -0.000681 0.000616
vn -0.000543 -0.000562 0.000624
vn -0.000428 -0.000666 0.000611
vn -0.000431 -0.000611 0.000664
vn -0.000065 -0.00067 0.000739
vn -0.000192 -0.000666 0.000721
vn -0.000977 -0.000137 0.000166
vn -0.000936 -0.000234 0.000263
vn -0.000955 0.000249 -0.000163
vn 0.000458 -0.000623 0.000635
vn 0.000516 -0.000624 0.000586
vn -0.000137 -0.00074 0.000658
vn -0.000191 -0.000726 0.00066
vn -0.000324 -0.000634 0.000703
vn -0.000853 -0.000359 0.000379
vn -0.000854 -0.000357 0.000378
vn -0.000748 -0.000458 0.00048
vn -0.000627 -0.000547 0.000556
vn -0.000623 -0.000549 0.000557
vn -0.000996 -0.000053 0.000071
vn -0.00056 -0.000223 0.000798
vn -0.000638 -0.000568 0.000521
vn -0.000356 -0.000726 0.000588
vn -0.000109 -0.000846 0.000522
vn -0.000111 -0.000845 0.000523
vn -0.000267 -0.000757 0.000597
vn -0.000079 -0.000805 0.000587
vn -0.000109 -0.000798 0.000593
vn -0.000023 -0.0009 0.000434
vn 0.000151 0.000878 0.000453
vn 0.000498 -0.000664 0.000557
vn 0.000145 -0.000838 0.000526
vn 0.000146 -0.000832 0.000535
vn 0.000203 -0.000812 0.000547
vn 0.000075 -0.000806 0.000587
vn 0.000171 -0.000827 0.000535
vn 0.000185 -0.000787 0.000588
vn 0.000308 -0.000743 0.000595
vn 0.000063 -0.000233 0.00097
vn 0.000487 -0.000241 0.000839
vn 0.000311 -0.00024 0.00092
vn 0.000311 -0.000248 0.000917
vn 0.000249 -0.000386 0.000888
vn 0.000067 -0.00025 0.000966
vn 0.000031 -0.000334 0.000942
vn 0.00016 -0.000478 0.000864
vn 0.000228 -0.000312 0.000922
vn 0.000115 -0.000148 0.000982
vn 0.000448 -0.000418 0.000791
vn 0.000546 -0.000366 0.000754
vn 0.000252 -0.000664 0.000704
vn 0.000285 -0.000625 0.000726
vn 0.000403 -0.000369 0.000838
vn 0.000161 -0.000696 0.000699
vn 0.000171 -0.000621 0.000765
vn 0.000747 -0.000186 0.000638
vn 0.000832 -0.000105 0.000544
vn 0.000662 -0.000334 0.000671
vn 0.000699 -0.000388 0.000601
vn 0.000818 -0.000215 0.000534
vn 0.000546 -0.000308 0.000779
vn 0.000608 -0.000382 0.000696
vn 0.00066 -0.000343 0.000668
vn 0.000409 -0.000485 0.000772
vn 0.000737 -0.000351 0.000577
vn 0.000722 -0.000426 0.000546
vn 0.000887 -0.000185 0.000422
vn 0.000893 -0.000168 0.000419
vn 0.000938 -0.000179 0.000297
vn 0.000932 -0.0002 0.000303
vn 0.000883 -0.000285 0.000374
vn 0.000756 -0.000469 0.000456
vn 0.000501 -0.000609 0.000615
vn 0.000746 -0.000476 0.000465
vn 0.000784 -0.00038 0.000491
vn 0.000531 -0.00059 0.000608
vn 0.000476 -0.000574 0.000666
vn 0.000417 -0.000658 0.000627
vn -0.00084 -0.000206 0.000503
vn -0.00096 -0.000128 0.000251
vn -0.000932 -0.00021 0.000294
vn -0.000935 -0.000107 0.000338
vn -0.00087 -0.000326 0.00037
vn -0.000827 -0.000329 0.000455
vn -0.000847 -0.000289 0.000445
vn -0.000764 -0.000315 0.000563
vn -0.000762 -0.000149 0.00063
vn -0.000727 -0.000503 0.000467
vn -0.000649 -0.000557 0.000518
vn -0.00036 -0.000725 0.000587
vn -0.000365 -0.000725 0.000584
vn -0.000605 -0.00051 0.000611
vn -0.000568 -0.000606 0.000557
vn -0.000708 -0.000462 0.000534
vn -0.000701 -0.000305 0.000644
vn -0.000609 -0.000428 0.000668
vn -0.00072 -0.000399 0.000568
vn -0.000448 -0.000478 0.000756
vn -0.000321 -0.000263 0.00091
vn -0.000321 -0.000262 0.00091
vn -0.000267 -0.000332 0.000905
vn -0.000074 -0.000232 0.00097
vn 0.000061 -0.000524 0.000849
vn 0.00004 -0.000659 0.000751
vn 0.000058 -0.000734 0.000677
vn 0.000113 -0.000775 0.000621
vn 0.000174 -0.000799 0.000576
vn 0.000388 0.000912 0.000133
vn -0.000353 -0.000207 0.000912
vn -0.00038 -0.000361 0.000851
vn -0.000156 -0.000535 0.00083
vn -0.000637 -0.000254 0.000728
vn -0.000507 -0.000291 0.000811
vn -0.000083 -0.000885 0.000458
vn -0.000324 -0.000697 0.00064
vn -0.000289 -0.000719 0.000632
vn -0.000507 -0.000418 0.000754
vn -0.000495 -0.000474 0.000728
vn -0.000082 -0.000886 0.000456
vn -0.000145 -0.000835 0.000531
vn -0.000228 -0.000703 0.000674
vn -0.000272 -0.00066 0.0007
vn -0.000389 -0.000343 0.000855
vn -0.000381 -0.000465 0.000799
vn -0.000616 -0.00028 0.000736
vn -0.000376 -0.000714 0.000591
vn -0.000315 -0.000726 0.000611
vn -0.000616 -0.00041 0.000672
vn 0.000363 -0.000416 0.000834
vn 0.00025 -0.000359 0.000899
vn -0.000076 -0.000281 0.000957
vn -0.000063 -0.000247 0.000967
vn 0.000215 -0.00077 0.000601
vn -0.000049 -0.000879 0.000475
vn -0.000139 -0.000764 0.000631
vn -0.000156 -0.000647 0.000747
vn -0.000269 -0.000397 0.000877
vn -0.000465 -0.000336 0.000819
vn -0.000467 -0.00019 0.000864
vn 0.000519 -0.000637 0.00057
vn 0.000549 -0.000623 0.000557
vn 0.000645 0.000764 -0.000011
vn 0.000339 -0.000657 0.000673
vn 0.000348 -0.00065 0.000675
vn 0.000402 -0.000378 0.000834
vn 0.000392 -0.000157 0.000907
vn 0.000055 -0.000909 0.000414
vn 0.000099 -0.000826 0.000555
vn 0.000019 -0.000928 0.000373
vn -0.000025 -0.000922 0.000385
vn -0.00004 -0.000772 0.000634
vn -0.000043 -0.000751 0.000659
vn -0.000055 -0.000732 0.000679
vn -0.00007 -0.000504 0.000861
vn -0.000076 -0.00053 0.000844
vn -0.000083 -0.000262 0.000961
vn -0.000229 -0.000323 0.000918
vn -0.000206 -0.000238 0.000949
vn 0.00016 -0.000983 0.000095
vn -0.000154 -0.000238 -0.000959
vn -0.000154 -0.000461 -0.000874
vn -0.000117 -0.000568 -0.000814
vn -0.000121 -0.000707 -0.000696
vn -0.000011 -0.000966 -0.000257
vn -0.000059 -0.000836 -0.000545
vn -0.000097 -0.000817 -0.000568
vn -0.000056 -0.000818 -0.000573
vn -0.000027 -0.000873 -0.000487
vn 0.000032 -0.000963 -0.000268
vn 0.000101 -0.000981 -0.000167
vn -0.000253 -0.000273 -0.000928
vn -0.000157 -0.000233 -0.00096
vn -0.000274 -0.000349 -0.000896
vn 0.000174 -0.000959 -0.000224
vn 0.000181 -0.000965 -0.000191
vn 0.000027 -0.000874 -0.000486
vn 0.000009 -0.000865 -0.000501
vn 0.000357 -0.000852 -0.000383
vn 0.000344 -0.000852 -0.000395
vn 0.000158 -0.00073 -0.000665
vn 0.000079 -0.000698 -0.000712
vn -0.000092 -0.000478 -0.000874
vn -0.000203 -0.0004 -0.000894
vn -0.000309 -0.000178 -0.000934
vn -0.000133 -0.000693 -0.000709
vn -0.000144 -0.000669 -0.000729
vn -0.000233 -0.000542 -0.000807
vn -0.000311 -0.000332 -0.000891
vn 0.00062 -0.000778 0.000096
vn 0.000447 -0.000868 -0.000216
vn 0.000407 -0.000752 -0.000519
vn 0.00045 -0.000784 -0.000428
vn 0.000511 -0.000788 -0.000345
vn -0.000288 -0.000195 -0.000937
vn -0.000116 -0.000382 -0.000917
vn -0.000058 -0.000455 -0.000888
vn 0.000006 -0.000493 -0.00087
vn 0.000189 -0.000633 -0.000751
vn 0.000226 -0.000679 -0.000699
vn 0.000468 -0.000871 0.000149
vn 0.00028 -0.000919 -0.000278
vn 0.000257 -0.000897 -0.00036
vn 0.000112 -0.000842 -0.000528
vn 0.000027 -0.000727 -0.000686
vn -0.000089 -0.000647 -0.000757
vn -0.000212 -0.000402 -0.000891
vn -0.000318 -0.000295 -0.000901
vn -0.000364 -0.000191 -0.000912
vn 0.000217 -0.000719 -0.00066
vn 0.000082 -0.000944 -0.00032
vn -0.000091 -0.000884 -0.000459
vn 0.000221 -0.000873 -0.000434
vn 0.000181 -0.000809 -0.00056
vn -0.000007 -0.000798 -0.000602
vn -0.00021 -0.000792 -0.000573
vn -0.000025 -0.000629 -0.000777
vn 0.000012 -0.000609 -0.000793
vn -0.000204 -0.000392 -0.000897
vn -0.000151 -0.000717 -0.000681
vn -0.000208 -0.000577 -0.00079
vn -0.000154 -0.000553 -0.000819
vn 0.000028 -0.000736 -0.000677
vn -0.000306 -0.000426 -0.000851
vn 0.000589 -0.000718 -0.000372
vn 0.000618 -0.000737 -0.000274
vn 0.000163 -0.000733 -0.00066
vn 0.00035 -0.000742 -0.000572
vn 0.000591 -0.000718 -0.000367
vn 0.000238 -0.00069 -0.000684
vn 0.000423 -0.000727 -0.000541
vn 0.000225 -0.000742 -0.000632
vn 0.00053 -0.000753 -0.00039
vn 0.000012 -0.00096 -0.00028
vn 0.000129 -0.000946 -0.000296
vn 0.000324 -0.000868 -0.000376
vn 0.00044 -0.000839 -0.00032
vn 0.000633 -0.000704 -0.000322
vn 0.000216 -0.000625 -0.00075
vn -0.000015 -0.000514 -0.000858
vn -0.000074 -0.00075 -0.000658
vn 0.000198 -0.0008 -0.000566
vn 0.000467 -0.000779 -0.000418
vn 0.000743 -0.000614 -0.000266
vn 0.000649 -0.00072 -0.000247
vn 0.000688 -0.000604 -0.000401
vn 0.000657 -0.000698 -0.000284
vn 0.000641 -0.000727 -0.000246
vn 0.000631 -0.000723 -0.000279
vn 0.000619 -0.000724 -0.000305
vn 0.000666 -0.000664 -0.000341
vn 0.000648 -0.00067 -0.000363
vn 0.00015 -0.000985 -0.000084
vn 0.000123 -0.000991 -0.00005
vn 0.000843 0.000257 -0.000473
vn 0.000804 -0.000399 -0.000441
vn 0.000735 -0.00057 -0.000367
vn 0.00052 -0.000799 -0.000302
vn 0.000352 -0.000917 -0.000188
vn 0.000351 -0.000918 -0.000187
vn 0.000354 -0.000916 -0.000189
vn 0.000134 -0.000989 -0.000054
vn 0.000365 -0.000919 -0.000149
vn 0.000377 -0.000913 -0.000155
vn 0.000635 -0.000434 0.00064
vn 0.000674 -0.000562 0.00048
vn 0.000766 -0.000515 0.000386
vn 0.000557 -0.00066 0.000504
vn 0.000641 -0.00057 0.000514
vn 0.000713 -0.000671 0.000204
vn 0.000601 -0.00042 0.00068
vn 0.000746 -0.000666 0.000012
vn 0.000447 -0.000895 -0.00001
vn 0.000447 -0.000701 0.000556
vn 0.000573 -0.000758 0.000312
vn 0.000395 -0.000881 0.000261
vn 0.000542 -0.000774 0.000327
vn 0.000329 -0.000902 0.00028
vn 0.000381 -0.000919 0.000101
vn 0.000546 -0.000836 0.000058
vn 0.000285 -0.000957 0.000047
vn 0.000529 -0.000849 0
vn 0.000577 -0.000785 0.000226
vn 0.000733 -0.000635 -0.000244
vn 0.000779 -0.000531 -0.000333
vn 0.000551 -0.000801 -0.000235
vn 0.000701 -0.000628 -0.000338
vn 0.000703 -0.000707 -0.000069
vn 0.000781 -0.0006 -0.000172
vn 0.000803 -0.000554 -0.000218
vn 0.00079 -0.000561 -0.000245
vn 0.000849 -0.000525 0.00006
vn 0.000752 -0.000616 -0.000232
vn 0.000782 -0.000419 -0.000461
vn 0.000708 -0.000598 -0.000375
vn 0.000614 -0.000759 -0.000216
vn 0.000727 -0.000348 0.000591
vn 0.000789 -0.000502 0.000355
vn 0.000784 -0.00059 0.000193
vn 0.000801 -0.000586 0.000122
vn 0.00083 -0.000375 0.000413
vn 0.000603 -0.000087 0.000793
vn 0.000353 -0.000848 -0.000395
vn 0.000838 -0.000541 0.000071
vn 0.000845 -0.000528 0.000087
vn 0.000717 -0.000633 -0.000294
vn 0.00078 -0.000592 -0.000202
vn 0.000579 -0.000807 -0.000114
vn 0.000613 -0.000781 -0.000118
vn 0.000735 -0.00064 0.000223
vn 0.000742 -0.000656 0.00014
vn 0.000661 -0.000747 -0.000068
vn 0.000606 -0.000793 0.000071
vn 0.000709 -0.000662 0.000244
vn 0.000436 -0.000743 -0.000508
vn 0.000681 -0.000702 -0.000206
vn 0.000693 -0.000694 -0.000194
vn 0.000793 -0.000601 0.000104
vn 0.000795 -0.000597 0.000108
vn 0.000444 -0.000708 0.000549
vn 0.000434 -0.000758 0.000486
vn 0.000545 -0.000776 0.000318
vn 0.000518 -0.000805 0.000288
vn 0.000456 -0.000883 0.00011
vn 0.000598 -0.000752 0.000278
vn 0.000558 -0.000825 0.000091
vn 0.000528 -0.000847 0.000058
vn 0.000393 -0.000919 0.00004
vn 0.000218 -0.000956 0.000194
vn 0.000212 -0.00092 -0.000329
vn 0.000307 -0.0009 0.000309
vn 0.000313 -0.000897 0.000312
vn 0.000642 -0.00038 0.000666
vn 0.000641 -0.000381 0.000666
vn 0.000583 -0.000191 0.00079
vn 0.000579 -0.000384 0.00072
vn 0.00051 -0.000571 0.000644
vn 0.000564 -0.00046 0.000686
vn 0.000578 -0.000387 0.000719
vn 0.000766 -0.000444 0.000464
vn 0.00079 -0.000417 0.000449
vn 0.000797 -0.00035 0.000492
vn 0.000694 -0.000174 0.000699
vn 0.000699 -0.000185 0.00069
vn 0.000783 -0.00031 0.00054
vn 0.000724 -0.000403 0.00056
vn 0.000703 -0.000343 0.000622
vn 0.000672 -0.000206 0.000711
vn 0.000452 -0.000888 -0.000083
vn 0.000303 -0.000952 0.000044
vn 0.000385 -0.000888 0.00025
vn 0.000459 -0.000824 0.000331
vn 0.000489 -0.000751 0.000443
vn 0.000553 -0.000645 0.000527
vn 0.000596 -0.000626 0.000503
vn 0.000642 -0.000514 0.000568
vn 0.000669 -0.000602 0.000436
vn 0.000695 -0.000584 0.000419
vn 0.000859 -0.000457 0.000231
vn -0.000003 -0.000996 0.000086
vn -0 -0.000996 0.000087
vn 0.000002 -0.000996 0.000086
vn 0.000002 -0.000996 0.000086
vn -0.000001 -0.000996 0.000087
vn -0.000001 -0.000996 0.000086
vn -0.000001 -0.000996 0.000087
vn 0 -0.000996 0.000087
vn -0.000004 -0.000996 0.000086
vn -0.000007 -0.000997 0.000081
vn 0.000002 -0.000996 0.000091
vn 0.000001 -0.000996 0.000086
vn 0.000001 -0.000996 0.000088
vn 0 -0.000996 0.000086
vn -0 -0.000996 0.000087
vn 0 -0.000996 0.000087
vn 0 -0.000996 0.000087
vn -0 -0.000996 0.000087
vn -0.000001 -0.000996 0.000087
vn -0 -0.000996 0.000087
vn -0.000002 -0.000996 0.000086
vn -0.000002 -0.000996 0.000087
vn 0.000001 -0.000996 0.000089
vn -0.000001 -0.000997 0.000079
vn -0.000007 -0.000996 0.000088
vn 0.000001 -0.000996 0.000088
vn 0.000004 -0.000995 0.000096
vn -0.000001 -0.000996 0.000087
vn -0 -0.000996 0.000087
vn 0.000008 -0.000996 0.000087
vn -0.00001 -0.000996 0.000085
vn -0.000003 -0.000996 0.000086
vn 0 -0.000996 0.000087
vn 0.000001 -0.000996 0.000095
vn 0 -0.000996 0.000087
vn 0.000002 -0.000996 0.00009
vn 0 -0.000996 0.000085
vn 0.000001 -0.000996 0.000094
vn -0 -0.000996 0.000087
vn -0 -0.000996 0.000087
vn 0.000003 -0.000996 0.000088
vn -0.000001 -0.000996 0.000086
vn -0 -0.000996 0.000086
vn 0.000002 -0.000996 0.000087
vn -0.000001 -0.000996 0.000087
vn -0.000001 -0.000996 0.000087
vn -0.000001 -0.000996 0.000087
vn -0.000001 -0.000996 0.000087
vn -0.000001 -0.000996 0.000087
vn 0.000006 -0.000996 0.000084
vn -0.000001 -0.000996 0.000089
vn 0 -0.000995 0.000095
vn 0 -0.000996 0.000087
vn 0.000002 -0.000996 0.000088
vn -0 -0.000996 0.000085
vn 0 -0.000996 0.000087
vn 0.000004 -0.000996 0.000093
vn -0.000001 -0.000996 0.000087
vn 0.000001 -0.000996 0.000088
vn 0 -0.000996 0.000088
vn -0.000001 -0.000996 0.000088
vn 0.000002 -0.000996 0.000087
vn -0.000001 -0.000996 0.000087
vn -0.000012 -0.000996 0.000091
vn 0.000008 -0.000996 0.000088
vn -0.000001 -0.000996 0.000088
vn 0.000002 -0.000996 0.000087
vn 0.000002 -0.000996 0.000086
vn 0.000002 -0.000996 0.000087
vn -0 -0.000996 0.000088
vn 0 -0.000996 0.000087
vn -0 -0.000996 0.00009
vn 0 -0.000996 0.000086
vn 0.000001 -0.000996 0.000088
vn 0.000002 -0.000997 0.000079
vn 0.000002 -0.000996 0.000087
vn 0.000002 -0.000996 0.000087
vn -0 -0.000996 0.000088
vn 0.000001 -0.000996 0.000087
vn -0 -0.000996 0.000087
vn -0 -0.000996 0.000087
vn 0.000001 -0.000996 0.000087
vn 0 -0.000996 0.000087
vn -0 -0.000996 0.000087
vn 0.000001 -0.000996 0.000087
vn 0.000001 -0.000996 0.000086
vn 0.000001 -0.000996 0.000086
vn -0.000003 -0.000996 0.000085
vn 0 -0.000996 0.000087
vn -0.000003 -0.000996 0.000083
vn -0.000001 -0.000996 0.000089
vn -0.000005 -0.000996 0.000087
vn -0 -0.000996 0.000089
vn -0.000004 -0.000996 0.000089
vn 0 -0.000996 0.000087
vn 0 -0.000996 0.000088
vn 0.000001 -0.000997 0.000082
vn -0.000002 -0.000996 0.000091
vn 0 -0.000996 0.000087
vn 0.000001 -0.000996 0.000088
vn 0 -0.000996 0.000087
vn -0 -0.000996 0.000087
vn 0.000001 -0.000996 0.000086
vn 0 -0.000996 0.000093
vn 0.000001 -0.000996 0.000089
vn 0.000001 -0.000996 0.000089
vn -0 -0.000996 0.000085
vn -0 -0.000996 0.000087
vn 0.000005 -0.000996 0.000094
vn -0 -0.000997 0.000083
vn 0.000001 -0.000996 0.000088
vn -0 -0.000996 0.000087
vn -0 -0.000996 0.000086
vn -0 -0.000996 0.000087
vn 0 -0.000996 0.000088
vn 0 -0.000996 0.000087
vn 0 -0.000996 0.000087
vn -0.000001 -0.000996 0.000086
vn 0.000001 -0.000996 0.000089
vn -0.000001 -0.000996 0.000087
vn -0.000001 -0.000996 0.00009
vn -0 -0.000996 0.000087
vn 0 -0.000996 0.000087
vn 0.000001 -0.000996 0.000087
vn 0 -0.000996 0.000085
vn -0.000001 -0.000996 0.000089
vn -0.000002 -0.000996 0.000085
vn -0.000002 -0.000996 0.000087
vn -0.000002 -0.000996 0.000086
vn -0 -0.000996 0.000087
vn -0.000001 -0.000996 0.000088
vn -0 -0.000996 0.000087
vn 0 -0.000996 0.000087
vn 0.000252 -0.00004 0.000967
vn 0.000303 -0.000045 0.000952
vn 0.000285 -0.000045 0.000957
vn 0.000366 -0.00005 0.000929
vn 0.000469 -0.000053 0.000881
vn 0.00031 -0.000037 0.00095
vn 0.000412 -0.000043 0.00091
vn 0.000367 -0.000044 0.000929
vn 0.000443 -0.000049 0.000895
vn 0.000507 -0.000035 0.000861
vn 0.000417 -0.000038 0.000908
vn 0.000522 -0.000043 0.000852
vn 0.000461 -0.000043 0.000886
vn 0.000547 -0.00005 0.000836
vn 0.000868 -0.000038 0.000496
vn 0.000882 -0.000051 0.000469
vn 0.000873 -0.000049 0.000485
vn 0.000812 -0.000038 0.000583
vn 0.000825 -0.000049 0.000562
vn 0.000775 -0.000042 0.00063
vn 0.000763 -0.000042 0.000645
vn 0.000748 -0.000044 0.000662
vn 0.000766 -0.00005 0.000641
vn 0.0007 -0.00004 0.000713
vn 0.000672 -0.000047 0.000739
vn 0.00067 -0.000047 0.000741
vn 0.000628 -0.00004 0.000777
vn 0.00059 -0.000047 0.000806
vn 0.000598 -0.000047 0.0008
vn 0.000883 -0.00004 0.000468
vn 0.000925 -0.000053 0.000376
vn 0.000909 -0.000026 0.000417
vn 0.000943 -0.00005 0.000329
vn 0.000943 -0.00005 0.000328
vn 0.000959 -0.000049 0.000278
vn 0.000948 -0.000031 0.000316
vn 0.000974 -0.00005 0.000221
vn 0.00098 -0.000044 0.000193
vn 0.000985 -0.000042 0.000169
vn 0.000966 -0.000014 0.00026
vn 0.000995 -0.000057 0.000081
vn 0.000993 -0.000046 0.00011
vn 0.000998 -0.000043 0.000051
vn 0.000994 -0.000039 0.000099
vn 0.000998 -0.000036 0.00006
vn 0.000997 -0.000063 -0.000041
vn 0.000999 -0.000032 -0.000007
vn 0.000999 -0.000033 -0.00001
vn 0.000998 -0.000033 -0.000057
vn 0.000992 -0.000054 -0.000114
vn 0.000987 -0.000052 -0.000154
vn 0.000992 -0.000025 -0.00012
vn 0.000976 -0.000047 -0.000212
vn 0.000984 -0.00005 -0.000169
vn 0.000965 -0.000052 -0.000258
vn 0.000974 -0.000008 -0.000225
vn 0.000949 -0.000052 -0.000311
vn 0.000935 -0.000056 -0.000351
vn 0.000944 -0.000047 -0.000327
vn 0.000926 -0.000025 -0.000378
vn 0.000889 -0.000099 -0.000447
vn 0.000905 -0.000028 -0.000425
vn 0.000879 -0.000017 -0.000476
vn 0.000856 -0.00008 -0.000511
vn 0.000819 0.000007 -0.000573
vn 0.000825 0.000009 -0.000565
vn 0.000813 -0.000047 -0.000581
vn 0.000763 -0.000035 -0.000646
vn -0.000276 -0.000042 0.00096
vn -0.000166 -0.000045 0.000985
vn -0.000167 -0.000044 0.000985
vn -0.000155 -0.000043 0.000987
vn -0.000055 -0.000044 0.000997
vn -0.000052 -0.000045 0.000998
vn 0.000005 -0.000045 0.000999
vn 0.000056 -0.000041 0.000998
vn 0.000052 -0.000041 0.000998
vn 0.000089 -0.000047 0.000995
vn 0.000151 -0.000047 0.000987
vn 0.000095 -0.000039 0.000995
vn 0.000165 -0.000042 0.000985
vn 0.000193 -0.000046 0.00098
vn 0.000264 -0.000048 0.000963
vn 0.000206 -0.000038 0.000978
vn -0.000265 -0.000044 0.000963
vn -0.000281 -0.000045 0.000959
vn -0.000382 -0.000041 0.000923
vn -0.000573 -0.000046 0.000818
vn -0.000628 -0.00005 0.000776
vn -0.000581 -0.000043 0.000813
vn -0.000365 -0.000045 0.00093
vn -0.00039 -0.000046 0.00092
vn -0.000442 -0.000042 0.000896
vn -0.000485 -0.000043 0.000873
vn -0.000465 -0.000047 0.000884
vn -0.000487 -0.000047 0.000872
vn -0.000546 -0.000041 0.000837
vn -0.000659 -0.000045 0.000751
vn -0.000714 -0.000054 0.000698
vn -0.00064 -0.000039 0.000768
vn -0.000776 -0.000053 0.000629
vn -0.000734 -0.000047 0.000678
vn -0.00071 -0.00004 0.000703
vn -0.000661 -0.00004 0.000749
vn -0.000872 -0.000046 0.000487
vn -0.000841 -0.000039 0.00054
vn -0.000801 -0.000048 0.000596
vn -0.000779 -0.000044 0.000625
vn -0.00083 -0.00004 0.000556
vn -0.000799 -0.000042 0.0006
vn -0.000735 -0.000036 0.000677
vn -0.00091 -0.000049 0.000411
vn -0.000891 -0.00004 0.000452
vn -0.000864 -0.000049 0.000501
vn -0.000841 -0.000043 0.000539
vn -0.000929 -0.00005 0.000366
vn -0.000913 -0.000043 0.000405
vn -0.00094 -0.00004 0.000338
vn -0.000951 -0.000049 0.000306
vn -0.000969 -0.000043 0.000244
vn -0.000952 -0.000032 0.000306
vn -0.00097 -0.000036 0.00024
vn -0.000979 -0.000049 0.000197
vn -0.00099 -0.000046 0.000136
vn -0.000983 -0.000041 0.000176
vn -0.000998 -0.000049 0.000034
vn -0.000996 -0.000052 0.000072
vn -0.00099 -0.000037 0.000138
vn -0.000966 -0.000054 -0.000252
vn -0.000981 -0.000037 -0.000191
vn -0.000987 -0.000039 -0.000156
vn -0.000982 -0.000062 -0.000178
vn -0.000996 -0.000035 -0.000086
vn -0.000996 -0.000035 -0.000085
vn -0.000998 -0.000051 -0.000045
vn -0.000999 -0.000034 0.000018
vn -0.000997 -0.000037 0.000068
vn -0.000957 -0.000056 -0.000284
vn -0.000965 -0.000015 -0.000262
vn -0.000947 -0.00004 -0.000319
vn -0.000932 -0.000065 -0.000356
vn -0.000934 -0.000065 -0.000352
vn -0.000885 -0.000067 -0.00046
vn -0.000912 -0.00002 -0.00041
vn -0.000764 -0.000168 -0.000622
vn -0.000794 0.000037 -0.000607
vn -0.000826 -0.000002 -0.000563
vn -0.000806 -0.000027 -0.000591
vn -0.000839 -0.000064 -0.00054
vn -0.000867 -0.000017 -0.000498
vn -0.00007 -0.000928 0.000366
vn 0.000347 -0.000926 -0.000148
vn -0.000734 -0.000044 0.000678
vn 0.000734 -0.000187 -0.000653
vn 0.000588 -0.000195 -0.000785
vn 0.000545 0.00027 -0.000794
vn 0.000483 -0.000498 -0.00072
vn 0.000512 -0.000275 -0.000814
vn 0.000381 -0.000528 -0.000759
vn 0.000487 -0.000151 -0.00086
vn 0.000322 -0.00047 -0.000822
vn 0.000281 -0.000186 -0.000941
vn 0.000221 -0.000577 -0.000786
vn 0.000082 -0.000899 -0.00043
vn 0.000164 -0.000023 -0.000986
vn 0.000057 -0.000478 -0.000877
vn -0.000009 -0.001 -0.000015
vn -0.000046 0.000629 -0.000776
vn -0.000134 0.000287 -0.000948
vn -0.000056 -0.000937 -0.000344
vn -0.000187 -0.000644 -0.000742
vn -0.000245 -0.000214 -0.000946
vn -0.000189 0.000002 -0.000982
vn -0.000328 -0.000413 -0.00085
vn -0.000309 -0.000209 -0.000928
vn -0.000419 -0.000306 -0.000855
vn -0.000512 -0.000266 -0.000817
vn -0.0006 -0.000099 -0.000794
vn -0.000675 0.00002 -0.000738
vn -0.000576 -0.000602 -0.000552
vn -0.000737 -0.00016 -0.000656
vn -0.000798 -0.000169 -0.000579
vn -0.000757 0.000028 -0.000653
vn -0.00085 -0.000152 -0.000504
vn -0.000933 -0.000036 -0.000357
vn -0.000897 -0.000129 -0.000423
vn -0.000882 0.00001 -0.000472
vn -0.000934 -0.000041 -0.000355
vn -0.000967 -0.000052 -0.000251
vn -0.000987 -0.000038 -0.000157
vn -0.000997 -0.000006 -0.000073
vn -0.000989 -0.000148 -0.000026
vn -0.000977 -0.000193 0.000094
vn -0.001 -0.000011 0.000025
vn -0.000998 -0.000007 0.000064
vn -0.000979 -0.000145 0.000143
vn -0.000963 -0.000131 0.000235
vn -0.000911 -0.000056 0.00041
vn -0.000816 -0.000038 0.000576
vn -0.000789 -0.000131 0.0006
vn -0.000754 -0.000046 0.000655
vn -0.000716 -0.000161 0.00068
vn -0.000598 -0.000125 0.000791
vn -0.00066 -0.000039 0.00075
vn -0.000686 -0.000041 0.000727
vn -0.000642 -0.000166 0.000748
vn -0.000526 -0.000061 0.000848
vn -0.000466 -0.0002 0.000862
vn -0.000432 -0.00013 0.000893
vn -0.000486 -0.000029 0.000873
vn -0.000341 -0.000127 0.000931
vn -0.000247 -0.000115 0.000962
vn -0.000167 -0.000052 0.000985
vn -0.00015 -0.000101 0.000983
vn -0.000056 -0.000066 0.000996
vn 0.000148 -0.000122 0.000981
vn 0.000095 -0.00003 0.000995
vn 0.000058 -0.00003 0.000998
vn 0.000087 -0.000173 0.000981
vn 0.000244 -0.00013 0.000961
vn 0.000336 -0.000119 0.000934
vn 0.00043 -0.00011 0.000896
vn 0.00052 -0.000119 0.000846
vn 0.000601 -0.000121 0.00079
vn 0.000746 -0.000062 0.000664
vn 0.000678 -0.000107 0.000727
vn 0.000808 -0.000071 0.000585
vn 0.000808 -0.000094 0.000582
vn 0.000862 -0.000085 0.000499
vn 0.000862 -0.000077 0.0005
vn 0.000903 -0.000085 0.000421
vn 0.000902 -0.000117 0.000415
vn 0.000944 -0.000054 0.000326
vn 0.000983 -0.00012 0.00014
vn 0.001 -0.000011 -0.000014
vn 0.001 -0.000008 0.000026
vn 0.000983 -0.000182 0.000018
vn 0.000965 -0.000249 -0.000077
vn 0.000997 -0.000005 -0.000073
vn 0.000992 -0.00001 -0.000123
vn 0.000979 -0.000147 -0.000144
vn 0.000961 -0.000149 -0.000235
vn 0.000932 -0.000158 -0.000327
vn 0.000904 -0.000022 -0.000426
vn 0.000898 -0.000111 -0.000425
vn 0.00085 -0.000046 -0.000525
vn 0.000856 -0.000095 -0.000508
vn 0.000757 0.000022 -0.000653
vn 0.000798 -0.000162 -0.000581
vn 0.000814 -0.000104 -0.000571
vn -0.000166 -0.000986 0.000035
vn -0.000609 -0.000784 -0.000117
vn -0.000745 -0.000644 -0.000176
vn -0.000788 -0.000581 -0.000203
vn -0.000805 -0.000531 -0.000265
vn -0.000822 -0.000522 -0.000226
vn -0.000831 -0.000449 -0.000329
vn -0.000842 -0.000413 -0.000346
vn -0.000787 -0.000457 -0.000415
vn -0.000782 -0.000314 -0.000539
vn -0.000799 -0.000349 -0.00049
vn -0.000754 -0.000411 -0.000513
vn -0.000704 -0.000538 -0.000463
vn -0.000016 -0.000997 0.000069
vn -0.000024 -0.000999 0.000038
vn -0.00001 -0.000999 0.00004
vn 0.000018 -0.000999 0.000034
vn 0.000004 -0.000999 0.00004
vn 0.00003 -0.000999 0.000037
vn 0.000045 -0.000997 0.000055
vn 0.000215 -0.000975 -0.000058
vn 0.000573 -0.000751 -0.000327
vn 0.000755 -0.000408 -0.000514
vn 0.00078 -0.000315 -0.00054
vn 0.000802 -0.000477 -0.00036
vn 0.000805 -0.000488 -0.000338
vn 0.000827 -0.000454 -0.000331
vn 0.000795 -0.000568 -0.00021
vn 0.000689 -0.000711 -0.000141
vn 0.000092 -0.000993 0.000074
vn 0.000092 -0.000993 0.000074
vn 0.00008 -0.000993 0.000091
vn 0.00008 -0.000993 0.000091
vn 0.000092 -0.00099 0.000109
vn 0.000069 -0.000991 0.000111
vn 0.000084 -0.000989 0.000124
vn 0.000063 -0.000989 0.000131
vn 0.000063 -0.000989 0.000132
vn 0.000063 -0.000986 0.000151
vn 0.000046 -0.000988 0.000145
vn 0.000048 -0.000987 0.000156
vn 0.000035 -0.000987 0.00016
vn 0.000035 -0.000986 0.000161
vn 0.000013 -0.000988 0.000157
vn 0.000009 -0.000986 0.000169
vn -0.000008 -0.000987 0.000163
vn -0.000024 -0.000985 0.000173
vn -0.000027 -0.000988 0.000153
vn -0.000036 -0.000986 0.000162
vn -0.000047 -0.000987 0.000156
vn -0.000046 -0.000988 0.000146
vn -0.000063 -0.000986 0.000153
vn -0.000063 -0.000989 0.000133
vn -0.000068 -0.000989 0.000135
vn -0.000068 -0.000991 0.000119
vn -0.000077 -0.00099 0.000121
vn -0.000091 -0.00099 0.00011
vn -0.000027 -0.000996 0.000084
vn -0.000055 -0.000995 0.000078
vn -0.000066 -0.000995 0.000069
vn -0.000041 -0.000508 0.00086
vn -0.00012 -0.000505 0.000855
vn -0.000089 -0.000513 0.000854
vn -0.000118 -0.000563 0.000818
vn -0.000113 -0.000622 0.000775
vn -0.000095 -0.000805 0.000585
vn -0.000079 -0.000853 0.000516
vn -0.000037 -0.000934 0.000354
vn -0.000046 -0.000927 0.000371
vn -0.000045 -0.000914 0.000403
vn -0.000009 -0.000986 0.000166
vn -0.000016 -0.000966 0.000257
vn 0.000024 -0.000957 0.000289
vn 0.000013 -0.000973 0.000231
vn 0.000024 -0.000957 0.000289
vn 0.000065 -0.000884 0.000463
vn 0.000056 -0.000889 0.000454
vn 0.000035 -0.000927 0.000373
vn 0.00005 -0.00092 0.000388
vn 0.000072 -0.000845 0.00053
vn 0.000075 -0.000843 0.000532
vn 0.000083 -0.000799 0.000595
vn 0.000094 -0.000789 0.000607
vn 0.000085 -0.000699 0.00071
vn 0.000082 -0.000727 0.000682
vn 0.000097 -0.000711 0.000697
vn 0.000164 -0.000494 0.000854
vn 0.000117 -0.000596 0.000795
vn 0.000115 -0.00066 0.000743
vn 0.000071 -0.000512 0.000856
vn 0.000115 -0.000585 0.000803
vn 0.000123 -0.000507 0.000853
vn 0.00012 -0.000498 0.000859
vn -0.000038 -0.000514 0.000857
vn 0.000039 -0.000512 0.000858
vn 0.000038 -0.000509 0.00086
vn 0.000674 -0.000166 -0.00072
vn 0.000674 -0.000164 -0.00072
vn 0.000739 -0.000176 -0.000651
vn 0.000732 -0.000198 -0.000652
vn 0.000794 -0.000195 -0.000575
vn 0.000852 -0.000197 -0.000486
vn 0.000893 -0.00019 -0.000407
vn 0.000892 -0.000197 -0.000407
vn 0.000928 -0.00019 -0.000321
vn 0.000928 -0.000187 -0.000321
vn 0.000959 -0.000166 -0.000231
vn 0.000958 -0.000167 -0.000231
vn 0.000976 -0.00017 -0.000137
vn 0.000974 -0.000179 -0.000138
vn 0.000984 -0.000171 -0.000043
vn 0.000983 -0.000179 -0.000043
vn 0.000984 -0.00017 0.000053
vn 0.000983 -0.000178 0.000053
vn 0.000974 -0.000169 0.000148
vn 0.000974 -0.000172 0.000148
vn 0.000956 -0.000169 0.000241
vn 0.000957 -0.00016 0.000242
vn 0.000928 -0.000168 0.000332
vn 0.000928 -0.000175 0.00033
vn 0.000891 -0.000169 0.000421
vn 0.000891 -0.000176 0.00042
vn 0.000846 -0.000168 0.000505
vn 0.000846 -0.000175 0.000504
vn 0.000794 -0.000168 0.000585
vn 0.000793 -0.000175 0.000583
vn 0.000733 -0.000168 0.000659
vn 0.000391 -0.000263 -0.000882
vn 0.000429 -0.000264 -0.000864
vn 0.000406 -0.000372 -0.000835
vn 0.000507 -0.000366 -0.00078
vn 0.0005 -0.000387 -0.000775
vn 0.000574 -0.000382 -0.000725
vn 0.000656 -0.000369 -0.000659
vn 0.000716 -0.000363 -0.000597
vn 0.000714 -0.000367 -0.000596
vn 0.000764 -0.00036 -0.000536
vn 0.000815 -0.000537 -0.000217
vn 0.000837 -0.000529 -0.000139
vn 0.000833 -0.000535 -0.000139
vn 0.000848 -0.000526 -0.000058
vn 0.000844 -0.000533 -0.000058
vn 0.000851 -0.000524 0.000024
vn 0.000847 -0.000531 0.000023
vn 0.000847 -0.000522 0.000106
vn 0.000843 -0.000528 0.000105
vn 0.000834 -0.00052 0.000187
vn 0.00083 -0.000526 0.000185
vn 0.000814 -0.000518 0.000265
vn 0.00081 -0.000524 0.000263
vn 0.000786 -0.000516 0.00034
vn 0.000783 -0.000522 0.000338
vn 0.000752 -0.000514 0.000414
vn 0.000749 -0.00052 0.000411
vn 0.00071 -0.000512 0.000483
vn 0.000708 -0.000518 0.00048
vn 0.000663 -0.000511 0.000547
vn 0.000661 -0.000517 0.000544
vn 0.00061 -0.00051 0.000607
vn 0.000609 -0.000515 0.000604
vn 0.000551 -0.000509 0.000662
vn 0.00055 -0.000513 0.000659
vn 0.000487 -0.000508 0.00071
vn 0.000487 -0.000512 0.000708
vn 0.00042 -0.000507 0.000753
vn 0.00042 -0.000511 0.00075
vn 0.000738 -0.000652 -0.000173
vn 0.000764 -0.000619 -0.000182
vn 0.000783 -0.000611 -0.000114
vn 0.000779 -0.000617 -0.000113
vn 0.000793 -0.000608 -0.000038
vn 0.000788 -0.000614 -0.000038
vn 0.000795 -0.000606 0.000039
vn 0.00079 -0.000612 0.000038
vn 0.000789 -0.000603 0.000115
vn 0.000785 -0.000609 0.000114
vn 0.000777 -0.0006 0.00019
vn 0.000772 -0.000607 0.000189
vn 0.000757 -0.000598 0.000263
vn 0.000753 -0.000604 0.00026
vn 0.000731 -0.000596 0.000333
vn 0.000727 -0.000602 0.00033
vn 0.000698 -0.000594 0.0004
vn 0.000695 -0.0006 0.000397
vn 0.000659 -0.000592 0.000464
vn 0.000656 -0.000598 0.000461
vn 0.000614 -0.000591 0.000523
vn 0.000612 -0.000596 0.00052
vn 0.000565 -0.000589 0.000578
vn 0.000563 -0.000594 0.000575
vn 0.000509 -0.000588 0.000628
vn 0.000508 -0.000592 0.000625
vn 0.00045 -0.000587 0.000673
vn 0.000449 -0.000591 0.00067
vn 0.000387 -0.000586 0.000711
vn 0.000387 -0.00059 0.000709
vn 0.000701 -0.000696 -0.000156
vn 0.000721 -0.000688 -0.000088
vn 0.000716 -0.000693 -0.000088
vn 0.000729 -0.000685 -0.000018
vn 0.000724 -0.00069 -0.000018
vn 0.00073 -0.000682 0.000052
vn 0.000725 -0.000687 0.000051
vn 0.000724 -0.000679 0.000122
vn 0.000719 -0.000684 0.000121
vn 0.000711 -0.000676 0.000191
vn 0.000707 -0.000682 0.000189
vn 0.000693 -0.000674 0.000257
vn 0.000688 -0.000679 0.000255
vn 0.000668 -0.000671 0.000321
vn 0.000664 -0.000677 0.000318
vn 0.000637 -0.000669 0.000383
vn 0.000634 -0.000674 0.000379
vn 0.000601 -0.000667 0.00044
vn 0.000598 -0.000672 0.000437
vn 0.00056 -0.000665 0.000494
vn 0.000557 -0.00067 0.00049
vn 0.000514 -0.000664 0.000543
vn 0.000512 -0.000668 0.00054
vn 0.000463 -0.000662 0.000589
vn 0.000462 -0.000666 0.000585
vn 0.000409 -0.000661 0.000629
vn 0.000408 -0.000665 0.000625
vn 0.000352 -0.00066 0.000663
vn 0.000351 -0.000664 0.00066
vn 0.000098 -0.000922 0.000376
vn 0.00012 -0.00089 0.00044
vn 0.00012 -0.000891 0.000439
vn 0.000149 -0.000843 0.000516
vn 0.000149 -0.000845 0.000514
vn 0.000176 -0.000789 0.000588
vn 0.000177 -0.000791 0.000586
vn 0.000203 -0.000728 0.000655
vn 0.000203 -0.000729 0.000653
vn 0.000229 -0.000659 0.000716
vn 0.000229 -0.000661 0.000714
vn 0.000252 -0.000585 0.000771
vn 0.000252 -0.000588 0.000769
vn 0.000273 -0.000507 0.000818
vn 0.000274 -0.000509 0.000816
vn 0.000023 -0.000985 0.000169
vn 0.000049 -0.000963 0.000264
vn 0.000049 -0.000958 0.000284
vn 0.000068 -0.000933 0.000354
vn 0.000066 -0.000928 0.000367
vn 0.000086 -0.000889 0.000449
vn 0.000086 -0.00089 0.000448
vn 0.000107 -0.000843 0.000527
vn 0.000107 -0.000844 0.000526
vn 0.000127 -0.000789 0.000601
vn 0.000127 -0.00079 0.0006
vn 0.000146 -0.000727 0.000671
vn 0.000146 -0.000729 0.000669
vn 0.000164 -0.000659 0.000734
vn 0.000164 -0.000661 0.000733
vn 0.000181 -0.000585 0.000791
vn 0.000182 -0.000587 0.000789
vn 0.000197 -0.000506 0.00084
vn 0.000197 -0.000508 0.000838
vn 0.000635 -0.000764 -0.000113
vn 0.00065 -0.000757 -0.000062
vn 0.000645 -0.000762 -0.000062
vn 0.000657 -0.000754 0.000001
vn 0.000651 -0.000759 0.000001
vn 0.000657 -0.000751 0.000064
vn 0.000651 -0.000756 0.000063
vn 0.000651 -0.000748 0.000127
vn 0.000646 -0.000753 0.000126
vn 0.000639 -0.000745 0.000189
vn 0.000634 -0.00075 0.000187
vn 0.000622 -0.000743 0.000248
vn 0.000617 -0.000748 0.000245
vn 0.000599 -0.00074 0.000305
vn 0.000595 -0.000745 0.000302
vn 0.000571 -0.000738 0.00036
vn 0.000567 -0.000743 0.000357
vn 0.000538 -0.000736 0.000411
vn 0.000534 -0.00074 0.000408
vn 0.0005 -0.000734 0.000459
vn 0.000498 -0.000738 0.000455
vn 0.000459 -0.000733 0.000503
vn 0.000457 -0.000736 0.000499
vn 0.000413 -0.000731 0.000543
vn 0.000412 -0.000735 0.000539
vn 0.000365 -0.00073 0.000578
vn 0.000364 -0.000733 0.000575
vn 0.000313 -0.000729 0.000609
vn 0.000313 -0.000732 0.000606
vn 0.000561 -0.000822 -0.000095
vn 0.000555 -0.000826 -0.000095
vn 0.000573 -0.000819 -0.000036
vn 0.000567 -0.000823 -0.000036
vn 0.000578 -0.000816 0.000019
vn 0.000572 -0.00082 0.000019
vn 0.000577 -0.000813 0.000075
vn 0.000572 -0.000817 0.000074
vn 0.000572 -0.00081 0.00013
vn 0.000566 -0.000814 0.000128
vn 0.000561 -0.000807 0.000184
vn 0.000556 -0.000811 0.000182
vn 0.000545 -0.000805 0.000236
vn 0.00054 -0.000809 0.000233
vn 0.000524 -0.000802 0.000285
vn 0.00052 -0.000806 0.000282
vn 0.000499 -0.0008 0.000333
vn 0.000495 -0.000804 0.00033
vn 0.00047 -0.000798 0.000378
vn 0.000467 -0.000801 0.000374
vn 0.000437 -0.000796 0.000419
vn 0.000434 -0.000799 0.000415
vn 0.0004 -0.000794 0.000457
vn 0.000398 -0.000797 0.000453
vn 0.00036 -0.000793 0.000492
vn 0.000359 -0.000796 0.000488
vn 0.000317 -0.000792 0.000522
vn 0.000317 -0.000794 0.000519
vn 0.000273 -0.000791 0.000548
vn 0.000272 -0.000793 0.000545
vn 0.00023 -0.000847 0.00048
vn 0.00023 -0.000845 0.000483
vn 0.000267 -0.000848 0.000458
vn 0.000268 -0.000846 0.000461
vn 0.000303 -0.000849 0.000432
vn 0.000305 -0.000847 0.000436
vn 0.000337 -0.000851 0.000403
vn 0.000339 -0.000848 0.000407
vn 0.000368 -0.000853 0.000371
vn 0.00037 -0.00085 0.000375
vn 0.000395 -0.000855 0.000337
vn 0.000398 -0.000852 0.00034
vn 0.00042 -0.000857 0.000299
vn 0.000424 -0.000854 0.000303
vn 0.000442 -0.000859 0.000259
vn 0.000446 -0.000856 0.000262
vn 0.000459 -0.000861 0.000217
vn 0.000464 -0.000858 0.00022
vn 0.000473 -0.000864 0.000174
vn 0.000478 -0.000861 0.000176
vn 0.000482 -0.000867 0.000128
vn 0.000487 -0.000863 0.00013
vn 0.000487 -0.000869 0.000082
vn 0.000493 -0.000866 0.000083
vn 0.000488 -0.000872 0.000035
vn 0.000493 -0.000869 0.000036
vn 0.000484 -0.000875 -0.000012
vn 0.000489 -0.000872 -0.000012
vn 0.000477 -0.000877 -0.000053
vn 0.000418 -0.000908 -0.000036
vn 0.000386 -0.000922 -0.000039
vn 0.000402 -0.000916 0.000011
vn 0.000397 -0.000918 0.000011
vn 0.000405 -0.000913 0.00005
vn 0.0004 -0.000915 0.000049
vn 0.000404 -0.000911 0.000089
vn 0.000399 -0.000913 0.000088
vn 0.000399 -0.000908 0.000128
vn 0.000394 -0.00091 0.000126
vn 0.000391 -0.000906 0.000165
vn 0.000386 -0.000908 0.000163
vn 0.000379 -0.000903 0.000201
vn 0.000375 -0.000906 0.000198
vn 0.000364 -0.000901 0.000235
vn 0.00036 -0.000904 0.000232
vn 0.000346 -0.000899 0.000268
vn 0.000342 -0.000901 0.000265
vn 0.000325 -0.000897 0.000299
vn 0.000322 -0.0009 0.000295
vn 0.000301 -0.000896 0.000327
vn 0.000299 -0.000898 0.000323
vn 0.000276 -0.000894 0.000353
vn 0.000274 -0.000896 0.000349
vn 0.000247 -0.000893 0.000376
vn 0.000246 -0.000895 0.000373
vn 0.000218 -0.000892 0.000396
vn 0.000217 -0.000893 0.000393
vn 0.000187 -0.000891 0.000414
vn 0.000186 -0.000892 0.000411
vn 0.000284 -0.000959 0.000005
vn 0.000302 -0.000953 0.000003
vn 0.000311 -0.00095 0.000032
vn 0.000307 -0.000951 0.000032
vn 0.000313 -0.000948 0.000063
vn 0.000309 -0.000949 0.000062
vn 0.000312 -0.000945 0.000093
vn 0.000308 -0.000947 0.000092
vn 0.000308 -0.000943 0.000122
vn 0.000304 -0.000945 0.000121
vn 0.000302 -0.000941 0.000152
vn 0.000298 -0.000943 0.00015
vn 0.000292 -0.000939 0.000179
vn 0.000289 -0.000941 0.000177
vn 0.000281 -0.000938 0.000205
vn 0.000277 -0.000939 0.000203
vn 0.000266 -0.000936 0.000231
vn 0.000263 -0.000937 0.000228
vn 0.00025 -0.000934 0.000254
vn 0.000247 -0.000936 0.000251
vn 0.000232 -0.000933 0.000276
vn 0.00023 -0.000934 0.000273
vn 0.000212 -0.000932 0.000295
vn 0.00021 -0.000933 0.000292
vn 0.00019 -0.000931 0.000313
vn 0.000189 -0.000932 0.00031
vn 0.000167 -0.00093 0.000329
vn 0.000166 -0.000931 0.000326
vn 0.000143 -0.000929 0.000342
vn 0.000142 -0.00093 0.000339
vn 0.000143 -0.000989 0.000044
vn 0.000214 -0.000976 0.000035
vn 0.00022 -0.000974 0.000054
vn 0.0002 -0.000978 0.000054
vn 0.000241 -0.000968 0.00007
vn 0.000198 -0.000976 0.000092
vn 0.000201 -0.000975 0.000093
vn 0.000235 -0.000965 0.000116
vn 0.000193 -0.000973 0.00013
vn 0.000198 -0.000971 0.000132
vn 0.00022 -0.000963 0.000158
vn 0.00018 -0.00097 0.000164
vn 0.000183 -0.000969 0.000167
vn 0.000199 -0.00096 0.000196
vn 0.000162 -0.000967 0.000197
vn 0.000163 -0.000966 0.000199
vn 0.000173 -0.000958 0.000229
vn 0.000138 -0.000965 0.000224
vn 0.00014 -0.000964 0.000227
vn 0.000141 -0.000956 0.000256
vn 0.000113 -0.000962 0.000247
vn 0.000116 -0.00096 0.000257
vn 0.000092 -0.000958 0.000273
vn 0.00008 -0.000969 0.000232
vn 0.000082 -0.000956 0.00028
vn 0.000115 -0.000928 0.000355
vn 0.000112 -0.000934 0.000339
vn 0.000154 -0.00089 0.000429
vn 0.000154 -0.000891 0.000426
vn 0.00019 -0.000844 0.000502
vn 0.00019 -0.000846 0.000499
vn 0.000225 -0.00079 0.00057
vn 0.000225 -0.000792 0.000568
vn 0.000259 -0.000728 0.000634
vn 0.000259 -0.00073 0.000632
vn 0.000292 -0.00066 0.000693
vn 0.000291 -0.000662 0.00069
vn 0.000321 -0.000586 0.000744
vn 0.000321 -0.000589 0.000742
vn 0.000348 -0.000507 0.000788
vn 0.000348 -0.00051 0.000786
vn 0.00055 -0.000769 -0.000325
vn 0.000525 -0.00077 -0.000361
vn 0.00051 -0.000784 -0.000353
vn 0.000461 -0.00079 -0.000405
vn 0.000477 -0.000776 -0.000413
vn 0.000427 -0.000781 -0.000455
vn 0.000418 -0.00079 -0.000448
vn 0.000367 -0.000794 -0.000485
vn 0.000304 -0.000784 -0.000541
vn 0.000253 -0.000787 -0.000563
vn 0.000171 -0.000798 -0.000578
vn 0.000111 -0.000799 -0.000591
vn 0.00003 -0.000789 -0.000614
vn -0.000037 -0.000788 -0.000614
vn -0.000037 -0.000789 -0.000613
vn -0.000109 -0.000788 -0.000606
vn -0.000106 -0.000777 -0.00062
vn -0.000181 -0.000776 -0.000604
vn -0.000182 -0.000788 -0.000588
vn -0.000239 -0.000786 -0.000571
vn -0.000308 -0.000796 -0.000521
vn -0.000364 -0.000792 -0.000491
vn -0.000363 -0.000795 -0.000487
vn -0.000422 -0.000789 -0.000447
vn -0.000424 -0.000782 -0.000457
vn -0.000472 -0.000776 -0.000417
vn -0.000465 -0.00079 -0.0004
vn -0.000511 -0.000784 -0.000353
vn -0.000505 -0.000792 -0.000343
vn -0.000531 -0.000789 -0.00031
vn -0.000513 -0.000814 -0.000272
vn -0.000268 -0.000845 -0.000463
vn -0.000224 -0.000848 -0.000481
vn -0.00015 -0.000857 -0.000493
vn -0.000099 -0.000859 -0.000502
vn 0.000039 -0.00085 -0.000525
vn 0.00009 -0.000849 -0.00052
vn 0.000165 -0.000849 -0.000503
vn 0.000211 -0.000847 -0.000488
vn 0.000281 -0.000846 -0.000453
vn 0.000322 -0.000843 -0.000431
vn 0.000466 -0.000853 -0.000236
vn 0.00043 -0.000874 -0.000228
vn 0.00041 -0.000877 -0.000252
vn 0.000392 -0.000887 -0.000243
vn 0.000359 -0.000891 -0.000278
vn 0.000362 -0.000889 -0.000279
vn 0.000322 -0.000893 -0.000314
vn 0.000324 -0.000892 -0.000315
vn 0.000287 -0.000895 -0.000341
vn 0.00023 -0.000897 -0.000379
vn 0.000194 -0.000898 -0.000394
vn 0.000129 -0.000899 -0.000418
vn 0.00009 -0.0009 -0.000426
vn 0.000021 -0.000901 -0.000434
vn -0.000028 -0.0009 -0.000434
vn -0.000028 -0.000901 -0.000433
vn -0.000076 -0.0009 -0.000429
vn -0.000143 -0.0009 -0.000413
vn -0.000181 -0.000898 -0.000401
vn -0.000242 -0.000897 -0.00037
vn -0.000282 -0.000894 -0.000349
vn -0.000281 -0.000895 -0.000345
vn -0.000324 -0.000892 -0.000317
vn -0.000322 -0.000893 -0.000313
vn -0.000361 -0.000889 -0.000281
vn -0.000359 -0.000891 -0.000277
vn -0.000393 -0.000887 -0.000243
vn -0.000396 -0.000884 -0.000247
vn -0.000422 -0.000881 -0.000216
vn -0.000401 -0.000898 -0.000182
vn -0.00034 -0.000928 -0.000153
vn -0.000325 -0.00093 -0.000171
vn -0.000189 -0.000937 -0.000293
vn -0.000161 -0.000939 -0.000304
vn -0.000106 -0.00094 -0.000325
vn -0.000075 -0.000941 -0.000331
vn 0.000029 -0.000941 -0.000337
vn 0.000062 -0.000941 -0.000333
vn 0.000119 -0.00094 -0.00032
vn 0.000148 -0.000939 -0.000311
vn 0.000201 -0.000937 -0.000284
vn 0.000226 -0.000936 -0.00027
vn 0.000317 -0.000934 -0.000163
vn 0.000343 -0.000929 -0.000139
vn -0.00009 -0.000727 0.000681
vn -0.000146 -0.000729 0.000669
vn -0.000147 -0.000727 0.00067
vn -0.000203 -0.000729 0.000653
vn -0.000205 -0.000728 0.000655
vn -0.000259 -0.00073 0.000632
vn -0.000261 -0.000728 0.000634
vn -0.000312 -0.000732 0.000606
vn -0.000315 -0.000729 0.000608
vn -0.000363 -0.000733 0.000575
vn -0.000366 -0.00073 0.000577
vn -0.000411 -0.000735 0.00054
vn -0.000415 -0.000731 0.000541
vn -0.000456 -0.000736 0.0005
vn -0.000461 -0.000733 0.000501
vn -0.000497 -0.000738 0.000456
vn -0.000502 -0.000734 0.000457
vn -0.000534 -0.00074 0.000409
vn -0.000539 -0.000736 0.000409
vn -0.000567 -0.000743 0.000357
vn -0.000572 -0.000738 0.000357
vn -0.000594 -0.000745 0.000303
vn -0.0006 -0.000741 0.000303
vn -0.000617 -0.000747 0.000247
vn -0.000622 -0.000743 0.000246
vn -0.000634 -0.00075 0.000188
vn -0.00064 -0.000746 0.000186
vn -0.000646 -0.000753 0.000127
vn -0.000651 -0.000748 0.000125
vn -0.000652 -0.000756 0.000065
vn -0.000657 -0.000751 0.000062
vn -0.000651 -0.000759 0.000002
vn -0.000656 -0.000754 -0.000001
vn -0.000646 -0.000761 -0.000057
vn -0.000079 -0.000789 0.00061
vn -0.000127 -0.00079 0.0006
vn -0.000128 -0.000789 0.000601
vn -0.000176 -0.000791 0.000586
vn -0.000178 -0.000789 0.000588
vn -0.000225 -0.000792 0.000568
vn -0.000227 -0.00079 0.00057
vn -0.000271 -0.000793 0.000546
vn -0.000274 -0.000791 0.000547
vn -0.000316 -0.000794 0.000519
vn -0.000319 -0.000792 0.000521
vn -0.000358 -0.000796 0.000489
vn -0.000362 -0.000793 0.00049
vn -0.000398 -0.000797 0.000454
vn -0.000402 -0.000794 0.000455
vn -0.000433 -0.000799 0.000416
vn -0.000438 -0.000796 0.000417
vn -0.000466 -0.000801 0.000375
vn -0.000471 -0.000798 0.000376
vn -0.000495 -0.000804 0.00033
vn -0.0005 -0.0008 0.000331
vn -0.00052 -0.000806 0.000283
vn -0.000525 -0.000802 0.000283
vn -0.00054 -0.000808 0.000234
vn -0.000545 -0.000805 0.000233
vn -0.000556 -0.000811 0.000183
vn -0.000561 -0.000808 0.000181
vn -0.000566 -0.000814 0.000129
vn -0.000572 -0.00081 0.000128
vn -0.000572 -0.000817 0.000075
vn -0.000577 -0.000813 0.000073
vn -0.000572 -0.00082 0.00002
vn -0.000577 -0.000816 0.000017
vn -0.000567 -0.000823 -0.000036
vn -0.000587 -0.000808 -0.000048
vn -0.000576 -0.000813 -0.000088
vn -0.000072 -0.000843 0.000533
vn -0.000107 -0.000844 0.000526
vn -0.000108 -0.000843 0.000527
vn -0.000148 -0.000845 0.000514
vn -0.00015 -0.000843 0.000516
vn -0.00019 -0.000845 0.000499
vn -0.000192 -0.000844 0.000501
vn -0.000229 -0.000847 0.000481
vn -0.000231 -0.000845 0.000482
vn -0.000266 -0.000848 0.000459
vn -0.000269 -0.000846 0.00046
vn -0.000302 -0.000849 0.000433
vn -0.000306 -0.000847 0.000434
vn -0.000336 -0.000851 0.000404
vn -0.00034 -0.000849 0.000405
vn -0.000367 -0.000853 0.000372
vn -0.000371 -0.00085 0.000373
vn -0.000395 -0.000855 0.000338
vn -0.0004 -0.000852 0.000338
vn -0.00042 -0.000857 0.0003
vn -0.000425 -0.000854 0.0003
vn -0.000441 -0.000859 0.00026
vn -0.000446 -0.000856 0.00026
vn -0.000459 -0.000861 0.000218
vn -0.000464 -0.000859 0.000218
vn -0.000472 -0.000864 0.000175
vn -0.000478 -0.000861 0.000174
vn -0.000482 -0.000867 0.000129
vn -0.000487 -0.000864 0.000128
vn -0.000487 -0.000869 0.000083
vn -0.000493 -0.000866 0.000081
vn -0.000488 -0.000872 0.000036
vn -0.000493 -0.000869 0.000034
vn -0.000484 -0.000875 -0.000012
vn -0.000489 -0.000872 -0.000014
vn -0.000476 -0.000878 -0.000057
vn -0.000489 -0.00087 -0.000068
vn -0.000354 -0.000935 -0.000008
vn -0.000386 -0.000922 -0.000039
vn -0.000401 -0.000916 0.000009
vn -0.000397 -0.000918 0.000011
vn -0.000404 -0.000913 0.000048
vn -0.0004 -0.000915 0.00005
vn -0.000404 -0.000911 0.000087
vn -0.000399 -0.000913 0.000089
vn -0.000399 -0.000908 0.000126
vn -0.000394 -0.00091 0.000127
vn -0.000391 -0.000906 0.000163
vn -0.000386 -0.000908 0.000164
vn -0.000379 -0.000904 0.000199
vn -0.000374 -0.000906 0.000199
vn -0.000365 -0.000901 0.000234
vn -0.00036 -0.000903 0.000233
vn -0.000347 -0.000899 0.000266
vn -0.000342 -0.000901 0.000266
vn -0.000326 -0.000898 0.000297
vn -0.000321 -0.000899 0.000296
vn -0.000302 -0.000896 0.000325
vn -0.000298 -0.000898 0.000324
vn -0.000277 -0.000894 0.000351
vn -0.000273 -0.000896 0.00035
vn -0.000249 -0.000893 0.000375
vn -0.000246 -0.000895 0.000373
vn -0.000219 -0.000892 0.000396
vn -0.000216 -0.000893 0.000394
vn -0.000188 -0.000891 0.000413
vn -0.000185 -0.000892 0.000412
vn -0.000155 -0.00089 0.000428
vn -0.000154 -0.000891 0.000426
vn -0.000121 -0.00089 0.00044
vn -0.00012 -0.000891 0.000439
vn -0.000087 -0.000889 0.000449
vn 0.000248 -0.000961 -0.00012
vn 0.00023 -0.000963 -0.000139
vn 0.000231 -0.000963 -0.00014
vn 0.000207 -0.000965 -0.000163
vn 0.000207 -0.000965 -0.000163
vn 0.000186 -0.000966 -0.000179
vn 0.000145 -0.000968 -0.000205
vn 0.000127 -0.000969 -0.000214
vn 0.000081 -0.00097 -0.000229
vn 0.00006 -0.00097 -0.000235
vn 0.000011 -0.000971 -0.00024
vn -0.000018 -0.00097 -0.000241
vn -0.000019 -0.000971 -0.000239
vn -0.000047 -0.00097 -0.000237
vn -0.000094 -0.00097 -0.000225
vn -0.000114 -0.000969 -0.00022
vn -0.000158 -0.000968 -0.000197
vn -0.000182 -0.000966 -0.000185
vn -0.000181 -0.000967 -0.000181
vn -0.000208 -0.000964 -0.000164
vn -0.000207 -0.000965 -0.000161
vn -0.000232 -0.000962 -0.000141
vn -0.00023 -0.000963 -0.000137
vn -0.00025 -0.000961 -0.000118
vn -0.000237 -0.000966 -0.0001
vn -0.000267 -0.00096 -0.000082
vn -0.000271 -0.000958 -0.000095
vn -0.000102 -0.000988 -0.000118
vn -0.000091 -0.000988 -0.000121
vn -0.000056 -0.000989 -0.000135
vn -0.000044 -0.00099 -0.000136
vn 0.000019 -0.00099 -0.000142
vn 0.000031 -0.00099 -0.000139
vn 0.000068 -0.000989 -0.000133
vn 0.000079 -0.000989 -0.000127
vn 0.000113 -0.000987 -0.000112
vn 0.000121 -0.000987 -0.000106
vn 0.0002 -0.000978 -0.000063
vn 0.00021 -0.000977 -0.000047
vn 0.000131 -0.000991 0.000009
vn 0.000066 -0.000997 0.000028
vn 0.000096 -0.000995 0.000012
vn 0.000107 -0.000994 -0.000015
vn 0.000083 -0.000996 -0.000011
vn 0.00009 -0.000996 -0.000015
vn 0.000082 -0.000996 -0.000024
vn 0.000059 -0.000998 -0.000036
vn 0.000056 -0.000998 -0.000039
vn 0.000032 -0.000998 -0.000048
vn 0.000028 -0.000998 -0.000051
vn 0.000002 -0.000999 -0.000049
vn -0.000009 -0.000997 -0.000072
vn -0.000017 -0.000999 -0.000047
vn -0.000043 -0.000998 -0.000043
vn -0.000047 -0.000998 -0.000042
vn -0.00007 -0.000997 -0.000029
vn -0.000078 -0.000997 -0.000026
vn -0.000076 -0.000997 -0.00002
vn -0.000107 -0.000994 -0.000038
vn -0.000099 -0.000995 -0.000006
vn -0.0001 -0.000995 -0.000008
vn -0.000107 -0.000994 0.000007
vn -0.000107 -0.000994 0.000008
vn -0.000136 -0.000991 0.000009
vn -0.000122 -0.00099 0.000073
vn -0.00013 -0.000987 0.000093
vn -0.000124 -0.000988 0.000093
vn -0.000088 -0.00099 0.000108
vn -0.000303 -0.000953 0.000006
vn -0.000311 -0.00095 0.000031
vn -0.000307 -0.000951 0.000032
vn -0.000313 -0.000948 0.000061
vn -0.000309 -0.000949 0.000063
vn -0.000312 -0.000946 0.000091
vn -0.000308 -0.000947 0.000093
vn -0.000309 -0.000943 0.000121
vn -0.000304 -0.000945 0.000122
vn -0.000302 -0.000941 0.00015
vn -0.000298 -0.000943 0.00015
vn -0.000293 -0.00094 0.000178
vn -0.000289 -0.000941 0.000178
vn -0.000281 -0.000938 0.000204
vn -0.000277 -0.000939 0.000204
vn -0.000267 -0.000936 0.000229
vn -0.000263 -0.000937 0.000229
vn -0.000251 -0.000934 0.000253
vn -0.000233 -0.00094 0.000249
vn -0.000247 -0.000926 0.000285
vn -0.000202 -0.000937 0.000284
vn -0.000196 -0.00094 0.000281
vn -0.000202 -0.000924 0.000325
vn -0.000159 -0.000935 0.000316
vn -0.000155 -0.000937 0.000313
vn -0.000152 -0.000923 0.000355
vn -0.000113 -0.000933 0.00034
vn -0.000109 -0.000936 0.000335
vn -0.000098 -0.000922 0.000375
vn -0.000041 -0.000965 0.000257
vn -0.000055 -0.000958 0.000283
vn -0.000032 -0.000957 0.000288
vn -0.000252 -0.000968 0.000017
vn -0.000206 -0.000978 0.000036
vn -0.000201 -0.000978 0.000054
vn -0.000196 -0.000979 0.000056
vn -0.000241 -0.000968 0.00007
vn -0.000204 -0.000975 0.000093
vn -0.000197 -0.000976 0.000094
vn -0.000234 -0.000965 0.000115
vn -0.000199 -0.000971 0.000131
vn -0.000191 -0.000973 0.000131
vn -0.00022 -0.000963 0.000158
vn -0.000187 -0.000968 0.000168
vn -0.000179 -0.00097 0.000167
vn -0.0002 -0.00096 0.000196
vn -0.000161 -0.000966 0.0002
vn -0.000169 -0.000964 0.000204
vn -0.00015 -0.00096 0.000237
vn -0.000144 -0.000962 0.000233
vn -0.000118 -0.000959 0.000259
vn -0.000127 -0.000955 0.000269
vn -0.00008 -0.000965 0.000249
vn -0.000087 -0.000954 0.000287
vn -0.000063 -0.000932 0.000356
vn -0.000086 -0.00089 0.000448
vn -0.000061 -0.000889 0.000453
vn -0.000058 -0.000882 0.000467
vn -0.000768 -0.00035 -0.000536
vn -0.000714 -0.000355 -0.000604
vn -0.000714 -0.000363 -0.000599
vn -0.000655 -0.00037 -0.00066
vn -0.000573 -0.000382 -0.000725
vn -0.0005 -0.000387 -0.000775
vn -0.0005 -0.000383 -0.000777
vn -0.000418 -0.000388 -0.000822
vn -0.000415 -0.000355 -0.000838
vn 0.000625 -0.000457 -0.000633
vn 0.000567 -0.000462 -0.000682
vn 0.000481 -0.000475 -0.000737
vn 0.000405 -0.000479 -0.000779
vn 0.000406 -0.000477 -0.00078
vn 0.000321 -0.00048 -0.000817
vn 0.000321 -0.000478 -0.000817
vn 0.000232 -0.00048 -0.000846
vn 0.000238 -0.000463 -0.000854
vn 0.000133 -0.000465 -0.000875
vn 0.000146 -0.000392 -0.000908
vn 0.000058 -0.000393 -0.000918
vn 0.000045 -0.00048 -0.000876
vn -0.000047 -0.00048 -0.000876
vn -0.000048 -0.000481 -0.000875
vn -0.000141 -0.00048 -0.000866
vn -0.000141 -0.000481 -0.000865
vn -0.000232 -0.000479 -0.000847
vn -0.000232 -0.000481 -0.000846
vn -0.000316 -0.000478 -0.00082
vn -0.000567 -0.000462 -0.000682
vn -0.000624 -0.000457 -0.000634
vn -0.000693 -0.000458 -0.000557
vn -0.000735 -0.000453 -0.000504
vn 0.00071 -0.000522 -0.000472
vn 0.000709 -0.000523 -0.000472
vn 0.000666 -0.000529 -0.000525
vn 0.000658 -0.000543 -0.000521
vn 0.000607 -0.000549 -0.000575
vn 0.000532 -0.000548 -0.000646
vn 0.000473 -0.000552 -0.000687
vn 0.000218 -0.000568 -0.000793
vn 0.000135 -0.00057 -0.000811
vn 0.000136 -0.000569 -0.000811
vn 0.00005 -0.00057 -0.00082
vn -0.000315 -0.000555 -0.00077
vn -0.00039 -0.000551 -0.000737
vn -0.00039 -0.000554 -0.000735
vn -0.000467 -0.000549 -0.000693
vn -0.000467 -0.000553 -0.000691
vn -0.000531 -0.000548 -0.000646
vn -0.000606 -0.000549 -0.000576
vn -0.000657 -0.000543 -0.000523
vn -0.000652 -0.000566 -0.000504
vn -0.00069 -0.000561 -0.000458
vn 0.000654 -0.000635 -0.000411
vn 0.000657 -0.000631 -0.000412
vn 0.000616 -0.000642 -0.000456
vn 0.000561 -0.000629 -0.000538
vn 0.000512 -0.000634 -0.00058
vn 0.000441 -0.00062 -0.000649
vn 0.000372 -0.000624 -0.000687
vn 0.000366 -0.000636 -0.00068
vn 0.000292 -0.000639 -0.000712
vn 0.000301 -0.000622 -0.000723
vn 0.000218 -0.000626 -0.000748
vn 0.000037 -0.000641 -0.000767
vn -0.000043 -0.00064 -0.000767
vn -0.000043 -0.000641 -0.000767
vn -0.000129 -0.00064 -0.000758
vn -0.000129 -0.000641 -0.000757
vn -0.000211 -0.000638 -0.00074
vn -0.000211 -0.00064 -0.000739
vn -0.000285 -0.000637 -0.000716
vn -0.000511 -0.000634 -0.00058
vn -0.000561 -0.000629 -0.000538
vn -0.000661 -0.00063 -0.000408
vn -0.000515 -0.000248 -0.000821
vn -0.00059 -0.00027 -0.000761
vn -0.000591 -0.000293 -0.000752
vn -0.000658 -0.000287 -0.000696
vn -0.000963 -0.000268 -0.000021
vn -0.000964 -0.00026 0.000065
vn -0.000961 -0.000267 0.000068
vn -0.000953 -0.000259 0.000158
vn -0.000951 -0.000266 0.00016
vn -0.000934 -0.000258 0.000248
vn -0.000931 -0.000265 0.000251
vn -0.000906 -0.000257 0.000337
vn -0.000903 -0.000264 0.000339
vn -0.000869 -0.000256 0.000422
vn -0.000867 -0.000263 0.000424
vn -0.000825 -0.000256 0.000505
vn -0.000822 -0.000262 0.000506
vn -0.000773 -0.000255 0.000581
vn -0.00066 -0.000095 -0.000745
vn -0.00067 -0.000199 -0.000715
vn -0.000736 -0.000193 -0.000649
vn -0.000737 -0.000201 -0.000646
vn -0.000797 -0.000192 -0.000573
vn -0.000797 -0.0002 -0.00057
vn -0.000848 -0.00018 -0.000498
vn -0.000849 -0.000198 -0.00049
vn -0.000892 -0.000192 -0.000409
vn -0.000892 -0.000197 -0.000406
vn -0.000929 -0.000189 -0.000317
vn -0.000929 -0.000184 -0.00032
vn -0.000957 -0.000179 -0.00023
vn -0.000956 -0.000183 -0.000228
vn -0.000973 -0.000188 -0.000136
vn -0.000972 -0.000195 -0.000133
vn -0.000981 -0.000187 -0.000042
vn -0.000983 -0.000179 -0.000046
vn -0.000984 -0.00017 0.00005
vn -0.000983 -0.000178 0.000053
vn -0.000975 -0.00017 0.000146
vn -0.000974 -0.000172 0.000147
vn -0.000956 -0.00017 0.000239
vn -0.000955 -0.000174 0.00024
vn -0.000926 -0.000176 0.000333
vn -0.000928 -0.000173 0.000331
vn -0.000897 -0.000154 0.000415
vn -0.000893 -0.000165 0.000419
vn -0.000847 -0.000168 0.000504
vn -0.000846 -0.00017 0.000505
vn -0.000797 -0.000163 0.000581
vn -0.000793 -0.000173 0.000584
vn -0.000735 -0.000169 0.000657
vn 0.000512 -0.000277 -0.000813
vn 0.000595 -0.000272 -0.000757
vn 0.000589 -0.000292 -0.000753
vn 0.000658 -0.000288 -0.000695
vn 0.000793 -0.000267 -0.000547
vn 0.000834 -0.000275 -0.000479
vn 0.000916 -0.000271 -0.000295
vn 0.000942 -0.000263 -0.000209
vn 0.00094 -0.00027 -0.000209
vn 0.000958 -0.000262 -0.000118
vn 0.000956 -0.000269 -0.000118
vn 0.000965 -0.00026 -0.000025
vn 0.000963 -0.000268 -0.000026
vn 0.000963 -0.000259 0.000068
vn 0.000961 -0.000267 0.000068
vn 0.000953 -0.000258 0.000161
vn 0.000951 -0.000266 0.00016
vn 0.000933 -0.000257 0.000251
vn 0.000931 -0.000265 0.00025
vn 0.000905 -0.000257 0.000339
vn 0.000903 -0.000264 0.000338
vn 0.000868 -0.000256 0.000425
vn 0.000867 -0.000263 0.000424
vn 0.000823 -0.000255 0.000507
vn 0.000822 -0.000262 0.000505
vn 0.000771 -0.000255 0.000584
vn 0.00077 -0.000261 0.000582
vn 0.000711 -0.000254 0.000655
vn 0.000711 -0.00026 0.000653
vn 0.000644 -0.000254 0.000721
vn 0.000644 -0.00026 0.000719
vn 0.000572 -0.000254 0.00078
vn 0.000572 -0.000259 0.000779
vn 0.000494 -0.000254 0.000832
vn 0.000494 -0.000258 0.00083
vn 0.000411 -0.000254 0.000876
vn 0.000411 -0.000257 0.000875
vn 0.000323 -0.000254 0.000912
vn 0.000323 -0.000257 0.000911
vn 0.000233 -0.000254 0.000939
vn 0.000233 -0.000256 0.000938
vn 0.000141 -0.000254 0.000957
vn 0.000141 -0.000256 0.000956
vn 0.000047 -0.000255 0.000966
vn 0.000047 -0.000255 0.000966
vn -0.000048 -0.000255 0.000966
vn -0.000048 -0.000255 0.000966
vn -0.000141 -0.000256 0.000956
vn -0.000142 -0.000254 0.000957
vn -0.000233 -0.000256 0.000938
vn -0.000234 -0.000254 0.000938
vn -0.000323 -0.000257 0.000911
vn -0.000325 -0.000254 0.000911
vn -0.000411 -0.000257 0.000875
vn -0.000413 -0.000254 0.000875
vn -0.000494 -0.000258 0.000831
vn -0.000495 -0.000254 0.000831
vn -0.000571 -0.000259 0.000779
vn -0.000573 -0.000254 0.000779
vn -0.000644 -0.00026 0.00072
vn -0.000646 -0.000254 0.000719
vn -0.000711 -0.00026 0.000654
vn 0.000747 -0.000098 0.000658
vn 0.000733 -0.000174 0.000658
vn 0.000667 -0.000168 0.000726
vn 0.000663 -0.000177 0.000727
vn 0.000595 -0.00016 0.000788
vn 0.000589 -0.000175 0.000789
vn 0.000513 -0.000162 0.000843
vn 0.00051 -0.000169 0.000843
vn 0.000425 -0.000165 0.00089
vn 0.000425 -0.000164 0.00089
vn 0.000331 -0.000178 0.000927
vn 0.000334 -0.00017 0.000927
vn 0.000241 -0.000169 0.000956
vn 0.000241 -0.000168 0.000956
vn 0.000145 -0.000173 0.000974
vn 0.000146 -0.00017 0.000975
vn 0.000048 -0.000169 0.000984
vn 0.000049 -0.000167 0.000985
vn -0.000049 -0.000166 0.000985
vn -0.00005 -0.000169 0.000984
vn -0.000147 -0.00017 0.000974
vn -0.000147 -0.000169 0.000975
vn -0.000242 -0.000171 0.000955
vn -0.000242 -0.000168 0.000956
vn -0.000336 -0.000171 0.000926
vn -0.000336 -0.000165 0.000927
vn -0.000427 -0.000174 0.000888
vn -0.000426 -0.000168 0.000889
vn -0.000511 -0.000172 0.000842
vn -0.000511 -0.000168 0.000843
vn -0.000591 -0.00017 0.000789
vn -0.000591 -0.000168 0.000789
vn -0.000666 -0.000173 0.000726
vn -0.000666 -0.000168 0.000727
vn -0.000733 -0.000174 0.000658
vn -0.000713 -0.000255 0.000653
vn -0.00077 -0.000261 0.000582
vn 0.000776 -0.000553 -0.000303
vn 0.000826 -0.000456 -0.00033
vn 0.000851 -0.000464 -0.000248
vn 0.000857 -0.000451 -0.000249
vn 0.000882 -0.000442 -0.000164
vn 0.000878 -0.000449 -0.000164
vn 0.000894 -0.00044 -0.000078
vn 0.000891 -0.000447 -0.000078
vn 0.000899 -0.000438 0.000008
vn 0.000895 -0.000445 0.000007
vn 0.000895 -0.000436 0.000095
vn 0.000891 -0.000443 0.000094
vn 0.000882 -0.000435 0.000181
vn 0.000879 -0.000442 0.000179
vn 0.000862 -0.000433 0.000263
vn 0.000859 -0.00044 0.000262
vn 0.000834 -0.000431 0.000344
vn 0.000831 -0.000438 0.000342
vn 0.000798 -0.00043 0.000422
vn 0.000796 -0.000437 0.00042
vn 0.000755 -0.000429 0.000496
vn 0.000753 -0.000435 0.000493
vn 0.000706 -0.000428 0.000565
vn 0.000704 -0.000434 0.000562
vn 0.00065 -0.000427 0.000629
vn 0.000649 -0.000432 0.000626
vn 0.000587 -0.000426 0.000688
vn 0.000587 -0.000431 0.000686
vn 0.00052 -0.000425 0.000741
vn 0.00052 -0.00043 0.000738
vn 0.000448 -0.000425 0.000786
vn 0.000448 -0.000429 0.000784
vn 0.000372 -0.000424 0.000825
vn 0.000373 -0.000428 0.000824
vn 0.000292 -0.000424 0.000857
vn 0.000293 -0.000427 0.000856
vn 0.000211 -0.000424 0.000881
vn 0.000211 -0.000426 0.00088
vn 0.000127 -0.000424 0.000896
vn 0.000127 -0.000426 0.000896
vn 0.000042 -0.000425 0.000904
vn 0.000042 -0.000425 0.000904
vn -0.000043 -0.000425 0.000904
vn -0.000044 -0.000425 0.000904
vn -0.000128 -0.000425 0.000896
vn -0.000128 -0.000424 0.000896
vn -0.000211 -0.000426 0.00088
vn -0.000212 -0.000424 0.00088
vn -0.000293 -0.000427 0.000856
vn -0.000294 -0.000424 0.000856
vn -0.000373 -0.000428 0.000824
vn -0.000374 -0.000424 0.000824
vn -0.000448 -0.000429 0.000785
vn -0.00045 -0.000425 0.000785
vn -0.000519 -0.00043 0.000739
vn -0.000522 -0.000425 0.000739
vn -0.000586 -0.000431 0.000686
vn -0.000589 -0.000426 0.000686
vn -0.000648 -0.000432 0.000627
vn -0.000652 -0.000427 0.000627
vn -0.000704 -0.000433 0.000563
vn -0.000707 -0.000428 0.000563
vn -0.000753 -0.000435 0.000494
vn -0.000756 -0.000429 0.000494
vn -0.000796 -0.000436 0.00042
vn -0.0008 -0.00043 0.000419
vn -0.000831 -0.000438 0.000343
vn -0.000835 -0.000432 0.000341
vn -0.000859 -0.00044 0.000263
vn -0.000863 -0.000433 0.000261
vn -0.000879 -0.000442 0.00018
vn -0.000883 -0.000435 0.000177
vn -0.000891 -0.000443 0.000095
vn -0.000895 -0.000437 0.000092
vn -0.000895 -0.000445 0.000009
vn -0.000899 -0.000439 0.000006
vn -0.000891 -0.000447 -0.000078
vn -0.000894 -0.000441 -0.000081
vn -0.000878 -0.000449 -0.000163
vn -0.000881 -0.000443 -0.000167
vn -0.000857 -0.000451 -0.000248
vn -0.00086 -0.000445 -0.000251
vn -0.000831 -0.000452 -0.000322
vn -0.000121 -0.000507 0.000854
vn -0.000197 -0.000508 0.000838
vn -0.000198 -0.000506 0.000839
vn -0.000274 -0.000509 0.000816
vn -0.000275 -0.000506 0.000817
vn -0.000348 -0.00051 0.000786
vn -0.00035 -0.000507 0.000788
vn -0.000419 -0.000511 0.000751
vn -0.000422 -0.000507 0.000752
vn -0.000486 -0.000512 0.000708
vn -0.000489 -0.000508 0.000709
vn -0.000549 -0.000513 0.000659
vn -0.000553 -0.000509 0.00066
vn -0.000608 -0.000515 0.000604
vn -0.000612 -0.00051 0.000605
vn -0.000661 -0.000516 0.000545
vn -0.000665 -0.000511 0.000545
vn -0.000707 -0.000518 0.000481
vn -0.000712 -0.000513 0.00048
vn -0.000749 -0.00052 0.000411
vn -0.000753 -0.000514 0.000411
vn -0.000783 -0.000522 0.000339
vn -0.000787 -0.000516 0.000338
vn -0.00081 -0.000524 0.000264
vn -0.000814 -0.000518 0.000262
vn -0.00083 -0.000526 0.000186
vn -0.000834 -0.00052 0.000183
vn -0.000843 -0.000528 0.000106
vn -0.000847 -0.000522 0.000103
vn -0.000847 -0.00053 0.000024
vn -0.000851 -0.000524 0.000022
vn -0.000844 -0.000533 -0.000057
vn -0.000848 -0.000527 -0.00006
vn -0.000833 -0.000535 -0.000139
vn -0.000837 -0.000529 -0.000142
vn -0.000815 -0.000537 -0.000217
vn -0.000124 -0.000586 0.000801
vn -0.000181 -0.000587 0.000789
vn -0.000182 -0.000585 0.00079
vn -0.000252 -0.000588 0.000769
vn -0.000254 -0.000585 0.00077
vn -0.000321 -0.000589 0.000742
vn -0.000323 -0.000586 0.000743
vn -0.000387 -0.00059 0.000709
vn -0.000389 -0.000586 0.00071
vn -0.000449 -0.000591 0.00067
vn -0.000452 -0.000587 0.000672
vn -0.000508 -0.000592 0.000626
vn -0.000511 -0.000588 0.000627
vn -0.000562 -0.000594 0.000575
vn -0.000566 -0.000589 0.000576
vn -0.000611 -0.000596 0.000521
vn -0.000616 -0.000591 0.000521
vn -0.000655 -0.000598 0.000462
vn -0.00066 -0.000592 0.000462
vn -0.000694 -0.0006 0.000398
vn -0.000699 -0.000594 0.000397
vn -0.000727 -0.000602 0.000331
vn -0.000732 -0.000596 0.00033
vn -0.000753 -0.000604 0.000262
vn -0.000758 -0.000598 0.00026
vn -0.000772 -0.000607 0.000189
vn -0.000777 -0.000601 0.000187
vn -0.000785 -0.000609 0.000115
vn -0.00079 -0.000603 0.000113
vn -0.00079 -0.000612 0.000039
vn -0.000795 -0.000606 0.000036
vn -0.000788 -0.000614 -0.000037
vn -0.000793 -0.000609 -0.00004
vn -0.000779 -0.000617 -0.000113
vn -0.000783 -0.000611 -0.000116
vn -0.000764 -0.000619 -0.000183
vn -0.000826 -0.000352 -0.00044
vn -0.000818 -0.000365 -0.000444
vn -0.000819 -0.000353 -0.000453
vn -0.000864 -0.000344 -0.000368
vn -0.000863 -0.000349 -0.000365
vn -0.000897 -0.000341 -0.000282
vn -0.000895 -0.000347 -0.000279
vn -0.00092 -0.000339 -0.000194
vn -0.000919 -0.000346 -0.00019
vn -0.000935 -0.000338 -0.000104
vn -0.000933 -0.000344 -0.000101
vn -0.000942 -0.000336 -0.000017
vn -0.000934 -0.000357 -0.000008
vn -0.000934 -0.000349 0.000079
vn -0.000931 -0.000356 0.000082
vn -0.000922 -0.000347 0.000169
vn -0.000919 -0.000354 0.000171
vn -0.000903 -0.000346 0.000256
vn -0.000899 -0.000353 0.000258
vn -0.000875 -0.000345 0.000341
vn -0.000871 -0.000352 0.000343
vn -0.000838 -0.000344 0.000423
vn -0.000835 -0.00035 0.000424
vn -0.000794 -0.000343 0.000502
vn -0.000791 -0.000349 0.000503
vn -0.000743 -0.000342 0.000575
vn -0.00074 -0.000348 0.000576
vn -0.000685 -0.000341 0.000643
vn -0.000682 -0.000347 0.000643
vn -0.000621 -0.000341 0.000706
vn -0.000618 -0.000346 0.000706
vn -0.00055 -0.00034 0.000763
vn -0.000547 -0.000345 0.000762
vn -0.000475 -0.00034 0.000812
vn -0.000473 -0.000344 0.000811
vn -0.000395 -0.00034 0.000853
vn -0.000394 -0.000343 0.000853
vn -0.000311 -0.00034 0.000888
vn -0.000309 -0.000342 0.000887
vn -0.000224 -0.00034 0.000913
vn -0.000223 -0.000342 0.000913
vn -0.000136 -0.00034 0.000931
vn -0.000135 -0.000341 0.00093
vn -0.000046 -0.00034 0.000939
vn -0.000046 -0.000341 0.000939
vn 0.000045 -0.000341 0.000939
vn 0.000045 -0.00034 0.000939
vn 0.000135 -0.000341 0.00093
vn 0.000134 -0.00034 0.000931
vn 0.000223 -0.000342 0.000913
vn 0.000223 -0.00034 0.000914
vn 0.000309 -0.000342 0.000887
vn 0.000309 -0.00034 0.000888
vn 0.000393 -0.000343 0.000853
vn 0.000393 -0.00034 0.000854
vn 0.000473 -0.000344 0.000811
vn 0.000473 -0.00034 0.000813
vn 0.000548 -0.000345 0.000762
vn 0.000548 -0.00034 0.000764
vn 0.000618 -0.000346 0.000706
vn 0.000619 -0.000341 0.000708
vn 0.000683 -0.000347 0.000643
vn 0.000684 -0.000341 0.000645
vn 0.00074 -0.000348 0.000575
vn 0.000742 -0.000342 0.000577
vn 0.000791 -0.000349 0.000502
vn 0.000793 -0.000343 0.000504
vn 0.000835 -0.00035 0.000424
vn 0.000837 -0.000344 0.000426
vn 0.000871 -0.000352 0.000342
vn 0.000874 -0.000345 0.000343
vn 0.000899 -0.000353 0.000257
vn 0.000902 -0.000346 0.000259
vn 0.000919 -0.000354 0.000171
vn 0.000922 -0.000347 0.000172
vn 0.000931 -0.000356 0.000081
vn 0.000934 -0.000349 0.000082
vn 0.000934 -0.000357 -0.000009
vn 0.000937 -0.00035 -0.000008
vn 0.000928 -0.000359 -0.000099
vn 0.000931 -0.000352 -0.000098
vn 0.000914 -0.00036 -0.000187
vn 0.000917 -0.000353 -0.000187
vn 0.000889 -0.000362 -0.00028
vn 0.000898 -0.00034 -0.00028
vn 0.000863 -0.000349 -0.000366
vn 0.000865 -0.000342 -0.000366
vn 0.000824 -0.00035 -0.000445
vn 0.000834 -0.000316 -0.000453
vn -0.000084 -0.000721 0.000688
vn -0.000119 -0.00066 0.000742
vn -0.000164 -0.000661 0.000733
vn -0.000165 -0.000659 0.000734
vn -0.000228 -0.000661 0.000714
vn -0.00023 -0.000659 0.000716
vn -0.000291 -0.000662 0.00069
vn -0.000293 -0.00066 0.000692
vn -0.000351 -0.000664 0.000661
vn -0.000354 -0.000661 0.000662
vn -0.000407 -0.000665 0.000626
vn -0.000411 -0.000661 0.000627
vn -0.000461 -0.000666 0.000586
vn -0.000465 -0.000663 0.000587
vn -0.000511 -0.000668 0.00054
vn -0.000516 -0.000664 0.000541
vn -0.000557 -0.00067 0.000491
vn -0.000561 -0.000666 0.000492
vn -0.000597 -0.000672 0.000438
vn -0.000602 -0.000667 0.000438
vn -0.000633 -0.000674 0.00038
vn -0.000639 -0.000669 0.00038
vn -0.000664 -0.000677 0.000319
vn -0.000669 -0.000672 0.000318
vn -0.000688 -0.000679 0.000256
vn -0.000693 -0.000674 0.000255
vn -0.000707 -0.000682 0.00019
vn -0.000712 -0.000676 0.000188
vn -0.000719 -0.000684 0.000122
vn -0.000724 -0.000679 0.00012
vn -0.000725 -0.000687 0.000053
vn -0.00073 -0.000682 0.00005
vn -0.000724 -0.00069 -0.000017
vn -0.000728 -0.000685 -0.00002
vn -0.000715 -0.000693 -0.000091
vn -0.000711 -0.000698 -0.000087
vn -0.000694 -0.000706 -0.000142
vn -0.000706 -0.000691 -0.000153
vn -0.000602 -0.000715 -0.000356
vn -0.000613 -0.000693 -0.000378
vn -0.000578 -0.000698 -0.000422
vn -0.000582 -0.000691 -0.00043
vn -0.000534 -0.000697 -0.000479
vn -0.000471 -0.000697 -0.000541
vn -0.000413 -0.000701 -0.000581
vn -0.000413 -0.000699 -0.000584
vn -0.000342 -0.000703 -0.000624
vn -0.000341 -0.000713 -0.000612
vn -0.000276 -0.000717 -0.00064
vn 0.000047 -0.000719 -0.000694
vn 0.000116 -0.000718 -0.000686
vn 0.000121 -0.000706 -0.000698
vn 0.000205 -0.000703 -0.000681
vn 0.000189 -0.00073 -0.000657
vn 0.000263 -0.000728 -0.000634
vn 0.000341 -0.000727 -0.000596
vn 0.0004 -0.000724 -0.000562
vn 0.000415 -0.000701 -0.00058
vn 0.000472 -0.000696 -0.000541
vn 0.000534 -0.000697 -0.000478
vn 0.00058 -0.000691 -0.000432
vn -0.000855 -0.000196 -0.00048
vn -0.000708 -0.000599 -0.000373
vn 0.000795 -0.000284 -0.000537
vn 0.000723 -0.000563 -0.000399
vn 0.000766 -0.00041 -0.000496
vn 0.000782 -0.000248 -0.000572
vn 0.000772 -0.00009 -0.00063
vn 0.000829 -0.000501 -0.000247
vn 0.000447 0.000671 -0.000591
vn 0.000756 0.000251 -0.000604
vn 0.000602 0.000601 -0.000525
vn 0.00083 -0.000501 -0.000247
vn 0.000837 0.000369 -0.000404
vn 0.000716 0.000546 -0.000436
vn 0.000709 0.000606 -0.00036
vn 0.000822 -0.000543 0.000172
vn 0.000822 -0.000543 0.000172
vn 0.00048 0.000816 -0.000323
vn 0.000975 0.000206 -0.00008
vn 0.000828 0.000549 -0.000113
vn 0.000967 0.000252 0.000043
vn 0.000813 0.000564 0.000143
vn 0.000507 0.000856 -0.000105
vn 0.000762 -0.000437 0.000477
vn 0.000751 0.000621 0.000225
vn 0.000806 0.0005 0.000318
vn 0.000748 0.000473 0.000465
vn 0.000635 -0.000238 0.000735
vn 0.000322 0.000936 -0.000138
vn 0.000629 0.000589 0.000507
vn 0.000614 0.000634 0.00047
vn 0.000501 -0.000219 0.000838
vn 0.000397 0.000872 0.000288
vn 0.000415 -0.000231 0.00088
vn 0.000389 0.000615 0.000686
vn 0.000346 0.000779 0.000523
vn 0.000345 0.00078 0.000522
vn 0.00013 0.000991 0.000037
vn 0.000249 0.000271 0.00093
vn 0.000135 -0.000342 0.00093
vn -0.000082 0.000385 0.000919
vn -0.000169 0.000928 0.000333
vn -0.000247 -0.000174 0.000953
vn -0.000346 0.000772 0.000534
vn -0.000394 0.000568 0.000722
vn -0.000387 0.000882 0.000269
vn -0.000632 0.000578 0.000517
vn -0.000622 0.000614 0.000485
vn -0.000511 -0.000173 0.000842
vn -0.000682 -0.000308 0.000663
vn -0.000378 0.000925 -0.00003
vn -0.00077 0.000193 0.000608
vn -0.000855 0.000191 0.000482
vn -0.000567 0.000823 0.000003
vn -0.000683 -0.000306 0.000664
vn -0.000743 0.000666 0.000056
vn -0.000768 0.000639 -0.000039
vn -0.000807 -0.000452 0.000379
vn -0.0009 0.000433 -0.000056
vn -0.000654 0.000722 -0.000228
vn -0.000807 -0.000453 0.000378
vn -0.000926 0.000349 -0.000144
vn -0.000939 0.000318 -0.000132
vn -0.000933 -0.000356 0.000056
vn -0.00092 0.000295 -0.000258
vn -0.000457 0.000803 -0.000384
vn -0.000764 0.000479 -0.000431
vn -0.00088 -0.000475 0.000016
vn -0.00088 -0.000475 0.000017
vn -0.000782 0.000356 -0.000513
vn -0.000677 0.000515 -0.000525
vn -0.000787 -0.000481 -0.000386
vn -0.000856 -0.000206 -0.000474
vn -0.000251 0.000812 -0.000527
vn -0.000872 -0.000311 -0.000378
vn -0.00078 -0.000183 -0.000599
vn -0.000778 -0.000232 -0.000584
vn -0.000671 -0.00067 -0.000316
vn -0.000888 -0.000162 -0.00043
vn -0.000924 -0.000255 -0.000284
vn -0.000966 -0.000218 0.000138
vn -0.000245 -0.000902 0.000357
vn -0.000545 -0.000709 0.000448
vn -0.00067 -0.00048 0.000566
vn -0.000423 -0.000753 0.000504
vn -0.000654 -0.000566 0.000501
vn -0.000363 -0.000756 0.000545
vn -0.000542 -0.00057 0.000617
vn -0.000367 -0.000698 0.000615
vn -0.000357 -0.000708 0.000609
vn -0.000397 -0.000604 0.000691
vn -0.000245 -0.000755 0.000609
vn -0.000178 -0.000769 0.000614
vn -0.000392 -0.000516 0.000762
vn -0.00014 -0.000746 0.000651
vn -0.000167 -0.000574 0.000801
vn -0.000072 -0.000778 0.000624
vn -0.000103 -0.000579 0.000809
vn -0.000028 -0.000715 0.000699
vn -0.000028 -0.000749 0.000662
vn 0.00002 -0.000633 0.000774
vn 0.000027 -0.000771 0.000636
vn 0.000088 -0.000561 0.000823
vn 0.000079 -0.000759 0.000646
vn 0.000132 -0.000762 0.000633
vn 0.000167 -0.000789 0.000591
vn 0.00029 -0.000539 0.00079
vn 0.000266 -0.000735 0.000623
vn 0.000533 -0.000551 0.000642
vn 0.000302 -0.000756 0.000581
vn 0.000475 -0.000548 0.000688
vn 0.000372 -0.00075 0.000547
vn 0.000732 -0.000505 0.000457
vn 0.000448 -0.000735 0.000509
vn 0.000471 -0.000758 0.00045
vn 0.000787 -0.000491 0.000375
vn 0.000829 -0.000481 0.000284
vn 0.000526 -0.000788 0.000319
vn 0.00057 -0.000761 0.000309
vn 0.000834 -0.000544 0.000093
vn 0.000165 -0.000925 0.000343
vn 0.000885 -0.000459 0.000078
vn 0.000931 -0.000287 -0.000224
vn 0.000427 -0.000875 0.000229
vn 0.000975 -0.000134 -0.000179
vn 0.000459 -0.000877 0.000141
vn 0.00048 -0.000876 0.000041
vn 0.000919 -0.000375 -0.00012
vn 0.000876 -0.000421 -0.000238
vn 0.000893 -0.000418 0.000168
vn 0.000885 -0.000461 0.000057
vn 0.000874 -0.000427 -0.000234
vn 0.000812 -0.00047 -0.000345
vn 0.00089 -0.000453 0.000051
vn 0.000866 -0.000496 -0.00006
vn 0.000813 -0.000468 -0.000346
vn 0.000739 -0.000508 -0.000442
vn 0.000758 -0.000493 0.000427
vn 0.000787 -0.000525 0.000324
vn 0.000803 -0.000578 -0.000145
vn 0.000839 -0.000544 -0.000029
vn 0.000515 -0.000851 -0.000102
vn 0.000688 -0.000638 -0.000345
vn 0.000754 -0.000604 -0.000258
vn 0.00074 -0.000631 -0.000235
vn 0.000802 -0.000579 -0.000143
vn 0.000782 -0.000622 0.000015
vn 0.000805 -0.000583 0.000114
vn 0.000779 -0.000613 0.000133
vn 0.000786 -0.000574 0.000229
vn 0.000521 -0.000763 0.000382
vn 0.000489 -0.000424 0.000762
vn 0.000568 -0.00045 0.00069
vn 0.000882 -0.000377 0.000283
vn 0.000891 -0.000421 0.00017
vn 0.000751 -0.000412 0.000516
vn 0.00079 -0.000451 0.000415
vn 0.000751 -0.000413 0.000516
vn 0.000695 -0.000377 0.000612
vn 0.000778 -0.000584 0.000234
vn 0.000757 -0.000559 0.000337
vn 0.000689 -0.000579 0.000436
vn 0.000658 -0.000544 0.00052
vn -0.00049 -0.000424 0.000761
vn -0.000394 -0.000398 0.000828
vn -0.000275 -0.000442 0.000854
vn -0.000168 -0.000429 0.000888
vn -0.000165 -0.000439 0.000883
vn -0.000054 -0.000432 0.0009
vn 0.000056 -0.000432 0.0009
vn 0.000169 -0.000439 0.000882
vn 0.000284 -0.000402 0.00087
vn 0.000389 -0.000426 0.000817
vn 0.000398 -0.000398 0.000827
vn 0.00049 -0.000422 0.000763
vn -0.000627 -0.000578 0.000522
vn -0.000582 -0.000546 0.000602
vn -0.000393 -0.000584 0.00071
vn -0.000319 -0.000562 0.000763
vn -0.00022 -0.000588 0.000778
vn -0.000135 -0.000576 0.000806
vn -0.000131 -0.000588 0.000798
vn -0.000043 -0.000582 0.000812
vn 0.000045 -0.000582 0.000812
vn 0.000135 -0.000588 0.000798
vn 0.000228 -0.000569 0.00079
vn 0.000309 -0.000585 0.00075
vn 0.000323 -0.000557 0.000765
vn 0.000369 -0.000621 0.000691
vn 0.000413 -0.000552 0.000724
vn 0.000477 -0.000581 0.000659
vn 0.000592 -0.000532 0.000605
vn 0.000624 -0.00058 0.000524
vn -0.00047 -0.000793 0.000388
vn -0.000746 -0.000573 0.000339
vn -0.00069 -0.000576 0.000438
vn -0.000602 -0.000523 0.000603
vn -0.000538 -0.000496 0.000681
vn -0.000515 -0.000526 0.000677
vn -0.000439 -0.000508 0.000741
vn -0.000349 -0.000513 0.000785
vn -0.000247 -0.000508 0.000825
vn -0.000051 -0.000525 0.000849
vn 0.000053 -0.000532 0.000845
vn 0.000152 -0.000498 0.000854
vn 0.000252 -0.000516 0.000819
vn 0.000543 -0.000484 0.000686
vn 0.000613 -0.000507 0.000606
vn -0.000832 -0.000516 0.000203
vn -0.000978 -0.000206 0.000023
vn -0.000064 -0.000246 0.000967
vn -0.000198 -0.000246 0.000949
vn -0.000202 -0.000235 0.000951
vn -0.00033 -0.000247 0.000911
vn -0.000528 -0.000334 0.000781
vn -0.000616 -0.000367 0.000697
vn -0.000678 -0.000407 0.000612
vn -0.000731 -0.000446 0.000517
vn -0.000814 -0.000571 0.00011
vn -0.000777 -0.000629 0.000017
vn -0.00049 -0.000848 0.000199
vn -0.000642 -0.000308 0.000702
vn -0.000715 -0.000346 0.000608
vn -0.000795 -0.000592 -0.000134
vn -0.000738 -0.000632 -0.000237
vn -0.000385 -0.000916 0.000115
vn -0.000332 -0.000232 0.000915
vn -0.000452 -0.000259 0.000854
vn -0.000794 -0.000444 0.000416
vn -0.000817 -0.000485 0.000311
vn -0.00081 -0.000586 -0.000007
vn -0.000771 -0.000627 -0.000111
vn -0.000438 -0.000886 0.000156
vn -0.000748 -0.000034 -0.000663
vn -0.000618 0.00038 -0.000689
vn -0.000962 -0.000148 -0.000227
vn -0.00099 -0.000099 -0.000102
vn -0.000985 -0.000148 -0.000084
vn -0.000994 -0.000099 0.000041
vn -0.00099 -0.000131 0.000053
vn -0.000974 -0.000119 0.000191
vn -0.000853 -0.000335 0.0004
vn -0.000802 -0.00032 0.000504
vn -0.000199 -0.000242 0.00095
vn -0.000141 -0.000327 0.000934
vn -0.000799 -0.000504 -0.000328
vn -0.000861 -0.00046 -0.000215
vn -0.000902 -0.000235 0.000362
vn -0.000857 -0.000192 0.000478
vn -0.000844 -0.0005 -0.000195
vn -0.000886 -0.000456 -0.000082
vn -0.000883 -0.000464 -0.000077
vn -0.000907 -0.000419 0.000038
vn -0.000905 -0.000334 0.000264
vn -0.000879 -0.000288 0.000379
vn -0.000841 -0.000239 0.000485
vn -0.000778 -0.0002 0.000595
vn -0.00077 -0.000219 0.0006
vn -0.000694 -0.000185 0.000696
vn -0.000776 -0.000336 -0.000534
vn -0.00075 -0.000473 -0.000463
vn -0.000752 -0.00046 -0.000472
vn -0.000827 -0.000422 -0.000372
vn -0.000953 -0.000302 -0.00002
vn -0.000962 -0.000253 0.000104
vn -0.000841 -0.000341 -0.000419
vn -0.000907 -0.000295 -0.000301
vn -0.000897 -0.000339 -0.000283
vn -0.000942 -0.000292 -0.000163
vn -0.000942 -0.000295 -0.000161
vn -0.000968 -0.000247 -0.00004
vn -0.000949 -0.000293 0.000117
vn -0.00094 -0.000245 0.000238
vn -0.000686 -0.000642 -0.000342
vn -0.000766 -0.000582 -0.000272
vn -0.00087 -0.000488 0.000065
vn -0.000878 -0.000444 0.000177
vn -0.000873 -0.000453 0.000182
vn -0.000864 -0.00041 0.000292
vn -0.000834 -0.000381 0.000399
vn -0.000793 -0.000338 0.000507
vn 0.00095 -0.000215 0.000228
vn 0.000952 -0.000281 0.000125
vn 0.000994 -0.000105 0.000045
vn 0.000984 -0.000158 -0.000079
vn 0.000955 -0.000228 -0.000189
vn 0.000907 -0.00031 -0.000283
vn 0.000918 -0.000103 -0.000383
vn 0.000854 -0.000148 -0.000499
vn 0.000853 -0.000132 -0.000505
vn 0.000774 -0.000122 -0.000621
vn 0.000833 -0.000244 0.000496
vn 0.000783 -0.000188 0.000593
vn 0.00075 -0.000263 0.000606
vn 0.000676 -0.00023 0.0007
vn 0.000199 -0.000256 0.000946
vn 0.000926 -0.00016 0.000341
vn 0.000957 -0.00019 0.000219
vn 0.000983 -0.000167 -0.000074
vn 0.000958 -0.000206 -0.000198
vn 0.000458 -0.000229 0.000859
vn 0.000339 -0.000208 0.000918
vn 0.00069 -0.000194 0.000697
vn 0.000769 -0.000225 0.000599
vn 0.000776 -0.000209 0.000595
vn 0.000836 -0.000248 0.00049
vn 0.000953 -0.000202 0.000224
vn 0.000964 -0.000245 0.0001
vn 0.000958 -0.000205 -0.000199
vn 0.000913 -0.000247 -0.000324
vn 0.000834 -0.000252 0.000491
vn 0.000877 -0.000293 0.00038
vn 0.000963 -0.000249 0.000102
vn 0.000956 -0.000294 -0.00002
vn 0.000913 -0.000253 -0.000321
vn 0.00085 -0.000297 -0.000435
vn 0.000851 -0.00027 -0.00045
vn 0.000776 -0.000307 -0.000551
vn 0.000574 -0.000234 0.000785
vn 0.000464 -0.000214 0.00086
vn 0.000333 -0.00025 0.000909
vn 0.000202 -0.000244 0.000949
vn 0.000548 -0.000293 0.000784
vn 0.000635 -0.000326 0.0007
vn 0.000642 -0.000313 0.0007
vn 0.000714 -0.000346 0.000609
vn 0.000876 -0.000296 0.000381
vn 0.000901 -0.00034 0.000268
vn 0.000957 -0.00029 -0.000022
vn 0.000931 -0.000337 -0.000142
vn 0.000201 -0.000245 0.000948
vn 0.000067 -0.000241 0.000968
vn 0.000072 -0.000198 0.000977
vn -0.00007 -0.000195 0.000978
vn -0.000468 -0.000188 0.000864
vn -0.000579 -0.000214 0.000787
vn -0.000593 -0.000161 0.000789
vn -0.000684 -0.000206 0.000699
vn -0.000932 -0.000138 0.000335
vn -0.000962 -0.000174 0.00021
vn -0.000961 -0.000174 -0.000214
vn -0.000917 -0.000207 -0.000342
vn -0.000918 -0.000183 -0.000351
vn -0.000856 -0.00022 -0.000468
vn 0.000682 -0.000213 0.000699
vn 0.000591 -0.000175 0.000788
vn 0.000085 0.000438 0.000895
vn 0.000051 -0.000081 0.000995
vn -0.000437 -0.000855 0.000281
vn -0.000774 -0.000619 0.000132
vn -0.000781 -0.00058 0.00023
vn -0.000771 -0.000591 0.000236
vn -0.000754 -0.000563 0.000337
vn -0.000731 -0.000531 0.000428
vn -0.000691 -0.000498 0.000523
vn -0.000063 -0.00035 0.000935
vn 0.000065 -0.000351 0.000934
vn 0.000884 -0.000107 0.000455
vn 0.000928 -0.000156 0.00034
vn 0.000771 0.000636 -0.000042
vn -0.000638 -0.000628 -0.000446
vn -0.000679 -0.000501 -0.000536
vn -0.000701 -0.000365 -0.000612
vn -0.000688 -0.000069 -0.000722
vn -0.000601 -0.000416 -0.000682
vn -0.00062 -0.000288 -0.00073
vn -0.000503 -0.000476 -0.000721
vn -0.000532 -0.000065 -0.000844
vn -0.000288 -0.000649 -0.000704
vn -0.000352 -0.000117 -0.000929
vn -0.000257 -0.000168 -0.000952
vn -0.000187 -0.000648 -0.000739
vn -0.000081 -0.000667 -0.000741
vn -0.000158 -0.000216 -0.000963
vn -0.000187 -0.000647 -0.000739
vn -0.000081 -0.000667 -0.000741
vn -0.000061 -0.000341 -0.000938
vn -0.000014 -0.000462 -0.000887
vn 0.000152 -0.000362 -0.00092
vn 0.000163 -0.000609 -0.000776
vn 0.000043 -0.000569 -0.000821
vn 0.000057 -0.00042 -0.000906
vn 0.000247 -0.000212 -0.000945
vn 0.000266 -0.00063 -0.000729
vn 0.000374 -0.000579 -0.000724
vn 0.000342 -0.000487 -0.000804
vn 0.000338 0.000216 -0.000916
vn 0.000672 -0.00033 -0.000663
vn 0.000676 0.000011 -0.000737
vn 0.000726 -0.000103 -0.00068
vn 0.000704 -0.000248 -0.000665
vn 0.000701 -0.000289 -0.000652
vn 0.000662 -0.000563 -0.000496
vn 0.000687 -0.000445 -0.000575
vn 0.000653 -0.000584 -0.000483
vn 0.000651 -0.00059 -0.000478
vn 0.00025 -0.000897 -0.000364
vn 0.000297 -0.000198 -0.000934
vn 0.000144 -0.000963 -0.000226
vn 0.000028 -0.00099 0.00014
vn 0.000162 0.000166 -0.000973
vn -0 -0.00094 0.000341
vn -0.00035 -0.000608 -0.000712
vn -0.000382 -0.000821 -0.000424
vn -0.000094 -0.000972 0.000214
vn -0.000553 -0.00055 -0.000626
vn -0.000536 -0.000805 -0.000253
vn 0.000615 -0.000439 -0.000655
vn 0.000624 -0.000278 -0.000731
vn 0.000622 -0.0003 -0.000723
vn 0.000598 0.000008 -0.000801
vn 0.000571 -0.000487 -0.00066
vn -0.000348 -0.000585 -0.000733
vn -0.000252 -0.000597 -0.000761
vn -0.000248 -0.000617 -0.000747
vn -0.000149 -0.000629 -0.000763
vn -0.00006 -0.000645 -0.000761
vn 0.000046 -0.000648 -0.00076
vn 0.000043 -0.00063 -0.000775
vn 0.000146 -0.000638 -0.000756
vn -0.000537 -0.000498 -0.000681
vn -0.000444 -0.000516 -0.000732
vn -0.000454 -0.00046 -0.000763
vn -0.000352 -0.000483 -0.000801
vn 0.000141 -0.00055 -0.000823
vn 0.000247 -0.000546 -0.000801
vn -0.000702 -0.000209 -0.00068
vn -0.000706 -0.000241 -0.000666
vn -0.000623 -0.000183 -0.00076
vn -0.000633 -0.000296 -0.000715
vn -0.000545 -0.000321 -0.000774
vn -0.000406 -0.000528 -0.000746
vn -0.000446 -0.000107 -0.000889
vn -0.000453 -0.000378 -0.000808
vn -0.000547 -0.000357 -0.000757
vn -0.000626 -0.000401 -0.000669
vn -0.000701 -0.00038 -0.000603
vn -0.000654 -0.00043 -0.000622
vn -0.000403 -0.000895 -0.000192
vn -0.000625 -0.000441 -0.000644
vn -0.000538 -0.000465 -0.000703
vn -0.000356 -0.000461 -0.000813
vn -0.000259 -0.000473 -0.000842
vn -0.000255 -0.000498 -0.000829
vn -0.00016 -0.000506 -0.000848
vn -0.000156 -0.000534 -0.000831
vn -0.000052 -0.000545 -0.000837
vn 0.000243 -0.000501 -0.000831
vn 0.000347 -0.000488 -0.000801
vn 0.000344 -0.000457 -0.00082
vn 0.000515 -0.000585 -0.000627
vn 0.00053 -0.00044 -0.000725
vn 0.000254 -0.000965 -0.000058
vn 0.000592 -0.000568 -0.000572
vn 0.000591 -0.000571 -0.00057
vn 0.000623 -0.000398 -0.000673
vn 0.000515 -0.000749 -0.000417
vn 0.00041 -0.000411 -0.000814
vn 0.000361 -0.000815 -0.000453
vn 0.00042 -0.000642 -0.000642
vn 0.000503 -0.00062 -0.000602
vn 0.000616 -0.000432 -0.000659
vn 0.000695 -0.000405 -0.000594
vn 0.000397 0.000318 -0.000861
vn 0.000536 -0.000299 -0.000789
vn 0.000536 -0.000322 -0.00078
vn 0.000538 -0.000363 -0.000761
vn 0.000529 -0.000463 -0.000711
vn 0.000528 -0.000503 -0.000685
vn 0.000421 -0.000639 -0.000644
vn 0.000325 -0.000658 -0.000679
vn 0.000325 -0.000682 -0.000655
vn 0.000231 -0.000693 -0.000682
vn 0.000135 -0.000622 -0.000771
vn 0.000049 -0.000622 -0.000781
vn -0.000043 -0.000718 -0.000695
vn -0.00015 -0.000684 -0.000713
vn -0.000136 -0.00075 -0.000648
vn -0.000237 -0.000716 -0.000657
vn -0.00024 -0.000706 -0.000666
vn -0.000329 -0.000706 -0.000627
vn -0.000434 -0.000614 -0.000659
vn -0.000518 -0.000593 -0.000616
vn -0.000526 -0.000573 -0.000629
vn -0.000597 -0.000565 -0.000569
vn 0.000475 -0.000521 -0.000709
vn 0.000433 -0.000076 -0.000898
vn 0.000444 -0.000384 -0.00081
vn 0.000445 -0.000443 -0.000778
vn 0.000433 -0.00052 -0.000736
vn 0.000231 -0.000694 -0.000682
vn 0.000135 -0.000702 -0.000699
vn -0.000336 -0.000644 -0.000687
vn -0.000434 -0.000616 -0.000658
vn -0.000596 -0.000572 -0.000563
vn -0.000673 -0.000539 -0.000507
vn 0.000505 -0.000199 0.00084
vn 0.000965 -0.000199 0.000173
vn 0.000782 -0.000209 -0.000587
vn -0.000969 -0.000217 0.000115
vn 0.00072 -0.000542 0.000435
vn 0.000265 0.000006 0.000964
vn -0.000644 -0.000721 0.000254
vn 0.000763 -0.000091 -0.00064
vn 0.000698 -0.000581 -0.000419
vn 0.000679 -0.000608 -0.000411
vn 0.000653 -0.000666 -0.000361
vn 0.000689 -0.000724 -0.000044
vn 0.000558 -0.000717 0.000417
vn 0.000554 -0.000686 0.000472
vn 0.000485 -0.00066 0.000573
vn 0.00063 -0.000481 0.00061
vn 0.000351 -0.000695 0.000628
vn 0.000568 -0.000444 0.000694
vn 0.000383 -0.000709 0.000591
vn 0.000373 -0.000608 0.000701
vn 0.000408 -0.000551 0.000728
vn 0.000261 -0.000682 0.000683
vn 0.000385 -0.000427 0.000818
vn 0.000189 -0.000721 0.000667
vn 0.000173 -0.000666 0.000726
vn 0.000264 -0.000473 0.000841
vn 0.000118 -0.000674 0.000729
vn 0.000157 -0.000485 0.00086
vn 0.000017 -0.000706 0.000708
vn 0.000058 -0.000427 0.000902
vn 0.000057 -0.000727 0.000685
vn -0.000042 -0.000579 0.000814
vn -0.000038 -0.000613 0.000789
vn -0.000072 -0.000715 0.000696
vn -0.000158 -0.000467 0.00087
vn -0.000115 -0.000719 0.000685
vn -0.000188 -0.000671 0.000718
vn -0.000235 -0.000545 0.000805
vn -0.000245 -0.000662 0.000708
vn -0.000352 -0.000496 0.000794
vn -0.000317 -0.000698 0.000642
vn -0.000478 -0.00044 0.00076
vn -0.000251 -0.000718 0.000649
vn -0.000459 -0.000599 0.000656
vn -0.000496 -0.000549 0.000673
vn -0.000455 -0.000707 0.000541
vn -0.00052 -0.000693 0.000499
vn -0.000703 -0.000612 0.000363
vn -0.00073 -0.000669 0.000143
vn -0.000809 -0.000587 0.000007
vn -0.000601 -0.000782 0.000166
vn -0.000814 -0.00058 -0.000037
vn -0.000596 -0.000802 0.000022
vn -0.000798 -0.000563 -0.000213
vn -0.000719 -0.000695 -0.000019
vn -0.000701 -0.000713 -0.000001
vn -0.000659 -0.000731 -0.000175
vn -0.000773 -0.00059 -0.000232
vn -0.00063 -0.000742 -0.000228
vn -0.000688 -0.00064 -0.000342
vn -0.000708 -0.000669 -0.000226
vn -0.000697 -0.000615 -0.000369
vn -0.000597 -0.000758 -0.000262
vn -0.000755 -0.000413 -0.000509
vn -0.000597 -0.00077 -0.000224
vn -0.000736 -0.000227 -0.000638
vn -0.000739 -0.00021 -0.00064
vn -0.0008 -0.000023 -0.0006
vn -0.000719 0.000056 -0.000693
vn -0.000896 0.000041 -0.000442
vn -0.000969 0.000073 -0.000238
vn -0.000968 0.000061 -0.000243
vn -0.000993 -0.000014 -0.000115
vn -0.000979 -0.000202 0.000031
vn -0.000994 -0.000001 -0.000112
vn -0.000999 0.000044 -0.000022
vn -0.000998 0.00005 -0.00003
vn -0.000995 0.000044 0.000084
vn -0.000978 0.000084 0.00019
vn -0.000979 0.000082 0.000185
vn -0.00095 0.000074 0.000304
vn -0.000882 -0.000185 0.000433
vn -0.000904 0.000026 0.000426
vn -0.000907 0.000024 0.000421
vn -0.000763 -0.000207 0.000613
vn -0.00086 0.000049 0.000508
vn -0.00072 -0.000205 0.000663
vn -0.000765 0.000115 0.000633
vn -0.000668 -0.00002 0.000743
vn -0.00057 -0.000174 0.000803
vn -0.0005 -0.000211 0.00084
vn -0.000601 0.000059 0.000797
vn -0.000508 0.000101 0.000855
vn -0.000349 0.000129 0.000928
vn -0.00024 -0.000221 0.000945
vn -0.000223 0.000053 0.000973
vn -0.000176 -0.000188 0.000966
vn -0.000057 -0.000426 0.000903
vn -0.000112 -0.000036 0.000993
vn 0.00006 -0.000418 0.000907
vn 0.000051 -0.0001 0.000994
vn 0.000165 0.000087 0.000982
vn 0.000165 0.000087 0.000982
vn 0.000321 -0.000166 0.000932
vn 0.000377 -0.000208 0.000903
vn 0.000446 -0.0002 0.000873
vn 0.000459 0.000037 0.000888
vn 0.000459 0.000037 0.000888
vn 0.000619 -0.000008 0.000786
vn 0.000696 0.000026 0.000717
vn 0.000904 -0.000206 0.000375
vn 0.000939 0.000017 0.000342
vn 0.00099 0.000036 0.000135
vn 0.00099 0.000036 0.000136
vn 0.00097 0.000027 0.000243
vn 0.000997 0.000017 -0.000069
vn 0.000981 0.000051 -0.000188
vn 0.000962 -0.000002 -0.000271
vn 0.000921 0.000047 -0.000386
vn 0.00078 -0.0001 -0.000618
vn 0.00072 -0.00059 -0.000365
vn 0.0007 -0.000629 -0.000339
vn 0.000636 -0.000739 -0.000221
vn 0.000776 -0.000585 -0.000236
vn 0.000781 -0.000576 -0.000242
vn 0.000744 -0.00064 -0.000193
vn 0.000653 -0.000747 -0.00012
vn 0.000808 -0.00058 -0.000104
vn 0.000815 -0.000569 -0.00011
vn 0.000804 -0.000587 -0.000098
vn 0.000817 -0.000576 0.000024
vn 0.000797 -0.000603 0.000037
vn 0.000683 -0.000719 0.000131
vn 0.000785 -0.000598 0.000162
vn 0.000816 -0.000558 0.000152
vn 0.000668 -0.000713 0.000211
vn 0.000777 -0.000571 0.000266
vn 0.000764 -0.000586 0.00027
vn 0.000699 -0.000663 0.000268
vn 0.00081 -0.000415 0.000414
vn 0.000693 -0.00057 0.000442
vn 0.000665 -0.000532 0.000524
vn -0.000787 0.000162 -0.000595
vn -0.000739 -0.000491 -0.000462
vn -0.000732 -0.000523 -0.000437
vn -0.00081 -0.000465 -0.000357
vn -0.0008 -0.000499 -0.000333
vn -0.000865 -0.000449 -0.000225
vn -0.000871 0.000142 -0.00047
vn -0.000933 0.00013 -0.000335
vn -0.00046 -0.000594 0.000659
vn -0.0004 -0.000568 0.000719
vn -0.000041 -0.000595 0.000803
vn 0.000044 -0.000598 0.0008
vn 0.000046 -0.000589 0.000807
vn 0.00013 -0.000598 0.000791
vn 0.000135 -0.000582 0.000802
vn 0.000215 -0.000597 0.000773
vn 0.000227 -0.000574 0.000787
vn 0.000301 -0.000593 0.000746
vn 0.000327 -0.000554 0.000766
vn 0.000393 -0.000579 0.000714
vn 0.00041 -0.000558 0.000722
vn 0.000468 -0.000586 0.000661
vn -0.000619 -0.00065 0.000441
vn -0.000741 -0.000514 0.000432
vn -0.000718 -0.000542 0.000437
vn -0.000792 -0.000514 0.000329
vn -0.00077 -0.000541 0.000337
vn -0.000735 -0.000584 0.000345
vn -0.000811 -0.000553 0.000191
vn -0.000647 -0.000708 0.000284
vn -0.000769 -0.000606 0.000201
vn -0.000771 -0.000625 0.000123
vn -0.00083 -0.000554 0.000071
vn -0.000818 -0.000574 0.000024
vn -0.000824 -0.000566 0.000017
vn -0.000809 -0.000587 -0.000032
vn -0.00083 -0.000555 -0.000057
vn -0.000808 -0.000579 -0.000104
vn -0.000814 -0.00057 -0.000113
vn -0.000789 -0.000593 -0.000163
vn -0.000805 -0.000562 -0.000189
vn -0.000777 -0.000583 -0.000237
vn -0.00078 -0.000576 -0.000244
vn -0.000746 -0.000598 -0.000292
vn -0.000761 -0.000562 -0.000324
vn -0.000724 -0.00058 -0.000374
vn -0.000676 -0.000623 -0.000394
vn -0.00037 -0.000244 0.000896
vn -0.000227 -0.000562 0.000795
vn -0.000353 -0.000642 0.00068
vn -0.000445 -0.000621 0.000645
vn -0.000417 -0.000271 0.000867
vn -0.000325 -0.000571 0.000754
vn -0.000546 -0.00031 0.000778
vn -0.000629 -0.000346 0.000696
vn -0.000875 -0.000205 0.000438
vn -0.00087 -0.000216 0.000443
vn -0.000846 -0.000192 0.000497
vn -0.000834 -0.000218 0.000507
vn -0.000973 -0.0002 -0.000112
vn -0.000973 -0.000205 -0.000109
vn -0.000985 -0.00016 -0.000062
vn -0.000972 -0.000232 -0.000023
vn -0.000979 -0.0002 0.00003
vn -0.000954 0.000069 0.000292
vn -0.000918 -0.000166 0.00036
vn -0.000893 -0.000232 0.000386
vn -0.000584 -0.000625 0.000517
vn -0.00094 -0.000228 0.000255
vn -0.000952 -0.000191 0.000237
vn -0.000949 -0.000203 0.000242
vn -0.000995 0.000044 0.000084
vn -0.000928 -0.000204 0.000312
vn -0.000932 -0.000194 0.000306
vn -0.000624 -0.000646 0.00044
vn -0.000696 -0.000384 0.000607
vn -0.000625 -0.000355 0.000695
vn -0.000729 -0.000636 0.000251
vn -0.000759 -0.000401 0.000512
vn -0.000795 -0.000445 0.000412
vn -0.000977 -0.000191 0.000098
vn -0.000975 -0.000216 0.00004
vn -0.000749 -0.000646 0.000144
vn -0.000959 -0.000232 -0.000165
vn -0.000963 -0.000192 -0.000188
vn -0.000962 -0.000202 -0.000184
vn -0.000924 -0.000217 -0.000315
vn -0.000924 -0.000193 -0.00033
vn -0.000899 0.000044 -0.000436
vn -0.000941 0.000025 -0.000337
vn -0.000946 -0.000174 -0.000273
vn -0.000945 -0.000218 -0.000246
vn -0.000726 -0.000686 0.000051
vn -0.000911 -0.000384 0.000147
vn -0.000901 -0.000346 0.000264
vn -0.000864 -0.000234 -0.000446
vn -0.000862 -0.000189 -0.00047
vn -0.000836 0.000067 -0.000545
vn -0.00078 -0.000217 -0.000586
vn -0.00078 -0.000206 -0.000591
vn -0.000783 -0.000234 -0.000577
vn -0.000809 -0.000046 -0.000586
vn -0.000825 -0.000208 -0.000525
vn -0.000824 -0.000198 -0.00053
vn -0.000658 -0.000738 -0.000149
vn -0.000915 -0.000385 -0.000121
vn -0.000939 -0.000345 -0.000002
vn -0.000712 -0.00055 0.000437
vn -0.000672 -0.000521 0.000527
vn -0.00063 -0.000478 0.000612
vn -0.000446 -0.000672 0.000592
vn -0.000735 -0.00036 -0.000574
vn -0.000855 -0.000473 -0.000213
vn -0.000897 -0.00043 -0.0001
vn -0.000866 -0.000496 -0.000059
vn -0.000893 -0.000447 0.000049
vn -0.000972 0.000126 -0.000196
vn -0.000809 -0.00057 0.000145
vn -0.000807 -0.000572 0.000147
vn -0.000777 -0.000372 -0.000507
vn -0.000837 -0.000345 -0.000425
vn -0.000866 -0.000495 0.00007
vn -0.000877 -0.000445 0.00018
vn -0.000999 0.000044 -0.000019
vn -0.000776 -0.000571 0.000267
vn -0.000731 -0.000622 0.00028
vn -0.00063 -0.000706 0.000323
vn -0.000739 -0.000342 -0.00058
vn -0.000778 -0.000324 -0.000538
vn -0.00083 -0.000376 -0.000412
vn -0.000896 -0.000332 -0.000295
vn -0.000847 -0.000493 0.000197
vn -0.000844 -0.000442 0.000303
vn -0.00073 -0.000441 0.000522
vn 0.000525 -0.000518 0.000675
vn -0.00005 -0.000542 0.000839
vn -0.000139 -0.000553 0.000821
vn -0.000144 -0.000539 0.00083
vn -0.000231 -0.000553 0.0008
vn -0.000243 -0.000532 0.000811
vn -0.000323 -0.000552 0.000769
vn -0.000341 -0.000525 0.00078
vn -0.000411 -0.00055 0.000727
vn -0.000529 -0.000511 0.000677
vn -0.000581 -0.000542 0.000607
vn -0.000614 -0.000505 0.000606
vn -0.000661 -0.000535 0.000526
vn -0.000806 -0.000427 0.00041
vn -0.000827 -0.000469 0.00031
vn -0.000929 -0.000344 0.000136
vn -0.000923 -0.000385 0.000012
vn -0.000938 -0.000305 -0.000167
vn -0.00089 -0.000357 -0.000284
vn -0.000695 -0.000718 -0.000044
vn -0.000896 -0.000219 -0.000388
vn -0.000895 -0.000207 -0.000394
vn -0.000896 -0.000197 -0.000399
vn -0.000976 -0.000159 0.000149
vn -0.000959 -0.000216 0.000181
vn -0.000695 -0.000628 0.00035
vn -0.000898 -0.000351 0.000265
vn -0.000876 -0.000303 0.000375
vn -0.000849 -0.000354 0.000391
vn -0.000808 -0.000317 0.000496
vn -0.00077 -0.000382 0.000511
vn -0.000712 -0.000351 0.000608
vn -0.000562 -0.000457 0.000689
vn -0.00049 -0.000427 0.00076
vn -0.000051 -0.000449 0.000892
vn 0.000056 -0.000442 0.000895
vn 0.000057 -0.000456 0.000888
vn 0.000166 -0.00046 0.000872
vn 0.000167 -0.000445 0.00088
vn 0.000277 -0.000448 0.00085
vn 0.00028 -0.000431 0.000858
vn 0.000379 -0.000443 0.000812
vn 0.000486 -0.000436 0.000757
vn 0.000559 -0.000464 0.000687
vn 0.000584 -0.000541 0.000605
vn 0.000585 -0.00054 0.000605
vn 0.000624 -0.000575 0.000529
vn 0.000598 -0.000603 0.000528
vn 0.000663 -0.000524 0.000535
vn 0.000783 -0.000202 -0.000588
vn 0.000744 -0.000186 -0.000641
vn 0.000737 -0.000148 -0.00066
vn 0.000161 -0.0005 0.000851
vn 0.000261 -0.000112 0.000959
vn 0.000318 -0.000188 0.000929
vn 0.000376 -0.000209 0.000903
vn 0.000896 -0.000227 0.000381
vn 0.000907 -0.000189 0.000376
vn 0.000926 -0.000219 0.000308
vn 0.000935 -0.000184 0.000303
vn 0.000949 -0.000197 0.000245
vn 0.000737 -0.000302 -0.000605
vn 0.000824 -0.000197 -0.000531
vn 0.000823 -0.000221 -0.000523
vn 0.000823 -0.000223 -0.000523
vn 0.000834 0.000001 -0.000551
vn 0.000897 -0.000178 -0.000405
vn 0.000893 -0.000221 -0.000393
vn 0.000887 -0.000011 -0.000462
vn 0.000947 -0.000197 -0.000254
vn 0.000944 -0.000218 -0.000247
vn 0.000946 -0.000199 -0.000255
vn 0.000658 -0.000738 -0.000149
vn 0.000865 -0.000194 -0.000462
vn 0.000863 -0.00022 -0.000455
vn 0.000839 -0.000005 -0.000544
vn 0.000974 -0.000195 -0.000113
vn 0.00097 -0.000219 -0.000108
vn 0.000984 0.000007 -0.00018
vn 0.000981 0.000051 -0.000188
vn 0.000979 -0.000201 0.000034
vn 0.000982 -0.000184 0.000028
vn 0.000998 0.000006 -0.000062
vn 0.000741 -0.00035 -0.000573
vn 0.000782 -0.000337 -0.000525
vn 0.000773 -0.000374 -0.000513
vn 0.000836 -0.000341 -0.00043
vn 0.000706 -0.000706 -0.000053
vn 0.000926 -0.000191 -0.000325
vn 0.000922 -0.000229 -0.000314
vn 0.000923 -0.000205 -0.000324
vn 0.000921 0.000046 -0.000388
vn 0.000978 -0.000205 -0.000038
vn 0.000973 -0.00023 -0.000028
vn 0.000981 -0.000189 -0.000039
vn 0.000717 -0.000678 0.000162
vn 0.000892 -0.00035 -0.000286
vn 0.000829 -0.000393 -0.000397
vn 0.000621 -0.000743 -0.000251
vn 0.000725 -0.00044 -0.00053
vn 0.000727 -0.000685 0.000053
vn 0.000965 -0.00019 -0.000182
vn 0.000965 -0.000188 -0.000182
vn 0.000671 -0.000651 0.000354
vn 0.000938 -0.000325 0.000123
vn 0.000928 -0.000371 0.00001
vn 0.000812 -0.00046 -0.000359
vn 0.000737 -0.000507 -0.000448
vn 0.000749 -0.000445 -0.000491
vn 0.000883 -0.000391 -0.00026
vn 0.000927 -0.000346 -0.000143
vn 0.000918 -0.000374 -0.000132
vn 0.000945 -0.000326 -0.000016
vn 0.000702 -0.000662 0.000261
vn 0.000977 -0.000186 0.000104
vn 0.000976 -0.000191 0.000105
vn 0.00075 -0.000591 -0.000297
vn 0.00076 -0.000569 -0.000314
vn 0.000743 -0.0006 -0.000297
vn 0.000791 0.000154 -0.000592
vn 0.000799 -0.000502 -0.00033
vn 0.000863 -0.000453 -0.000225
vn 0.000917 -0.00037 0.000146
vn 0.00091 -0.000325 0.000257
vn 0.000898 -0.000353 0.000265
vn 0.000876 -0.000304 0.000374
vn 0.000962 -0.00021 0.000175
vn 0.00096 -0.000217 0.000178
vn 0.000952 -0.000189 0.000243
vn 0.000633 -0.000638 0.000438
vn 0.000877 -0.000198 0.000438
vn 0.000877 -0.000198 0.000438
vn 0.00093 0.000028 0.000367
vn 0.000854 -0.000289 0.000433
vn 0.000803 -0.000208 0.000559
vn 0.00081 -0.00018 0.000559
vn 0.000846 -0.000185 0.0005
vn 0.000843 -0.000193 0.000501
vn 0.000581 -0.000628 0.000518
vn 0.000889 -0.000449 -0.000088
vn 0.000845 -0.000498 -0.000195
vn 0.000868 0.000155 -0.000472
vn 0.000786 -0.000595 -0.000167
vn 0.000807 -0.000562 -0.000184
vn 0.000739 -0.000665 -0.000107
vn 0.000717 -0.000207 0.000666
vn 0.000714 -0.000217 0.000665
vn 0.000775 0.000069 0.000628
vn 0.000615 -0.00021 0.00076
vn 0.000613 -0.000217 0.000759
vn 0.000627 -0.000177 0.000759
vn 0.000672 -0.0002 0.000713
vn 0.000661 -0.000229 0.000714
vn 0.00067 -0.000195 0.000716
vn 0.000442 -0.000626 0.000642
vn 0.000732 -0.000319 0.000602
vn 0.000786 -0.000359 0.000503
vn 0.000785 -0.000361 0.000503
vn 0.000823 -0.000398 0.000405
vn 0.00088 -0.000441 0.000175
vn 0.00087 -0.000488 0.000071
vn 0.000971 0.000135 -0.000198
vn 0.000805 -0.000587 0.000088
vn 0.00083 -0.000553 0.000077
vn 0.000808 -0.000582 0.000093
vn 0.000683 -0.000718 0.000132
vn 0.000337 -0.000554 0.000761
vn 0.000625 -0.000358 0.000694
vn 0.000691 -0.00039 0.000609
vn 0.000676 -0.000415 0.000609
vn 0.000726 -0.00045 0.00052
vn 0.000991 0.000027 0.000133
vn 0.000774 -0.000553 0.000307
vn 0.000691 -0.000636 0.000344
vn 0.000626 -0.000695 0.000353
vn 0.000557 -0.000215 0.000802
vn 0.00056 -0.000198 0.000804
vn 0.000355 -0.000642 0.00068
vn 0.000546 -0.000314 0.000777
vn 0.000628 -0.000351 0.000695
vn 0.000807 -0.000425 0.000409
vn 0.000829 -0.000466 0.000308
vn 0.000846 -0.000439 0.000302
vn 0.000851 -0.000486 0.000198
vn 0.001 0.000026 -0.000012
vn 0.000792 -0.000577 0.000201
vn 0.000553 0.000038 0.000832
vn 0.000502 -0.000217 0.000837
vn 0.000445 -0.000202 0.000872
vn 0.000418 -0.000275 0.000866
vn 0.000368 -0.000259 0.000893
vn 0.00026 -0.000497 0.000828
vn 0.000289 -0.000303 0.000908
vn 0.000194 -0.000304 0.000933
vn 0.000194 -0.000314 0.00093
vn 0.000069 -0.000305 0.00095
vn 0.000735 -0.000262 0.000625
vn 0.000765 -0.000196 0.000614
vn 0.000768 -0.000184 0.000614
vn 0.000512 -0.000631 0.000583
vn 0.000896 -0.000442 0.000044
vn 0.00087 -0.00049 -0.000062
vn 0.000933 0.000133 -0.000335
vn 0.000799 -0.000601 -0.00003
vn 0.000832 -0.000553 -0.000044
vn 0.000679 -0.000733 0.000053
vn 0.000177 -0.000206 0.000962
vn 0.000176 -0.000214 0.000961
vn 0.000073 -0.000206 0.000976
vn 0.000069 -0.000241 0.000968
vn -0.000068 -0.000241 0.000968
vn -0.000066 -0.000208 0.000976
vn -0.000172 -0.000218 0.000961
vn -0.000168 -0.000434 0.000885
vn -0.000238 -0.000229 0.000944
vn -0.000306 -0.000218 0.000927
vn -0.000303 -0.00023 0.000925
vn -0.000379 -0.000184 0.000907
vn -0.000445 -0.000203 0.000872
vn -0.000498 -0.000217 0.00084
vn -0.000499 -0.000213 0.00084
vn -0.000548 -0.000231 0.000804
vn -0.000562 -0.000199 0.000803
vn -0.000611 -0.000217 0.000761
vn -0.000639 -0.000156 0.000753
vn -0.000659 -0.000223 0.000718
vn -0.000673 -0.000197 0.000713
vn -0.000712 -0.000216 0.000668
vn -0.000727 -0.000187 0.000661
vn -0.000749 -0.000234 0.00062
vn -0.000767 -0.000195 0.000611
vn -0.000859 0.000008 0.000511
vn -0.000815 -0.000183 0.00055
vn -0.000799 -0.000216 0.000561
vn -0.00053 -0.00061 0.000589
vn -0.000512 -0.000378 0.000771
vn -0.000419 -0.000355 0.000836
vn -0.000399 -0.000399 0.000826
vn -0.000297 -0.000376 0.000877
vn -0.000289 -0.000396 0.000871
vn -0.000183 -0.000356 0.000916
vn -0.000179 -0.00037 0.000912
vn -0.000064 -0.000364 0.000929
vn 0.000414 -0.000374 0.00083
vn 0.000504 -0.000395 0.000768
vn 0.000731 -0.000571 0.000373
vn 0.000705 -0.000601 0.000376
vn -0.000691 -0.000226 -0.000686
vn -0.000669 -0.000522 -0.000529
vn -0.000649 -0.000638 -0.000414
vn -0.000668 -0.000544 -0.000507
vn -0.000539 -0.000771 -0.00034
vn -0.000589 -0.000583 -0.00056
vn -0.000404 -0.000783 -0.000473
vn -0.00051 -0.00061 -0.000607
vn -0.000474 -0.00078 -0.000408
vn -0.000398 -0.000786 -0.000473
vn -0.000421 -0.000649 -0.000634
vn -0.00032 -0.000713 -0.000624
vn -0.000314 -0.000789 -0.000528
vn -0.000229 -0.000766 -0.0006
vn -0.000229 -0.000739 -0.000634
vn -0.000136 -0.000753 -0.000644
vn -0.000138 -0.000785 -0.000604
vn -0.000028 -0.000816 -0.000577
vn -0.000044 -0.000811 -0.000583
vn -0.000041 -0.000781 -0.000623
vn 0.000074 -0.000657 -0.00075
vn 0.000043 -0.000829 -0.000558
vn 0.000067 -0.000833 -0.000549
vn 0.000144 -0.000672 -0.000726
vn 0.000156 -0.000841 -0.000519
vn 0.000246 -0.000833 -0.000495
vn 0.000242 -0.000643 -0.000727
vn 0.000337 -0.00062 -0.000708
vn 0.000428 -0.000606 -0.00067
vn 0.000335 -0.000822 -0.00046
vn 0.000428 -0.000786 -0.000447
vn 0.000509 -0.000608 -0.000609
vn 0.000571 -0.000639 -0.000515
vn 0.000514 -0.000752 -0.000413
vn 0.00061 -0.000683 -0.0004
vn 0.00061 -0.000684 -0.0004
vn 0.000673 -0.00048 -0.000563
vn 0.000682 -0.000462 -0.000568
vn 0.000658 -0.000015 -0.000753
vn 0.0006 -0.000277 -0.00075
vn 0.000582 0.000031 -0.000813
vn 0.000537 -0.000237 -0.00081
vn 0.000492 -0.000017 -0.000871
vn 0.000449 -0.000239 -0.000861
vn 0.000491 -0.000018 -0.000871
vn 0.000356 -0.00025 -0.0009
vn 0.0002 0.000022 -0.00098
vn 0.000254 -0.000262 -0.000931
vn 0.000297 0.000003 -0.000955
vn 0.000199 0.000022 -0.00098
vn 0.000155 -0.000285 -0.000946
vn 0.000092 0.00005 -0.000994
vn 0.000024 -0.000141 -0.00099
vn 0.000052 -0.000239 -0.00097
vn 0.000105 0.000056 -0.000993
vn -0.000057 -0.000135 -0.000989
vn -0.000051 -0.00006 -0.000997
vn -0.000235 0.000091 -0.000968
vn -0.00028 -0.000267 -0.000922
vn -0.000148 -0.000008 -0.000989
vn -0.00017 -0.000211 -0.000963
vn -0.000362 0.00004 -0.000931
vn -0.000354 -0.000253 -0.000901
vn -0.000469 -0.000357 -0.000808
vn -0.000446 -0.000204 -0.000871
vn -0.000458 0.000002 -0.000889
vn -0.000536 -0.000233 -0.000812
vn -0.00053 0.000061 -0.000845
vn -0.000623 0.000048 -0.000781
vn -0.000617 -0.000281 -0.000735
vn -0.000532 0.000071 -0.000844
vn -0.000623 0.000048 -0.000781
vn -0.000695 -0.00034 -0.000634
vn 0.000608 -0.000458 -0.000649
vn 0.000529 -0.000479 -0.0007
vn 0.000532 -0.000471 -0.000704
vn 0.000443 -0.00049 -0.00075
vn 0.000444 -0.000487 -0.000752
vn 0.00035 -0.000502 -0.000791
vn 0.00035 -0.000502 -0.000791
vn 0.000255 -0.000513 -0.00082
vn 0.000252 -0.000529 -0.00081
vn 0.000153 -0.000537 -0.00083
vn 0.000152 -0.000538 -0.000829
vn 0.000051 -0.000542 -0.000839
vn 0.000051 -0.000543 -0.000838
vn -0.000052 -0.000542 -0.000839
vn -0.000052 -0.000542 -0.000839
vn -0.000151 -0.000538 -0.000829
vn 0.00067 -0.000514 -0.000535
vn 0.000601 -0.00054 -0.000589
vn -0.000155 -0.00061 -0.000777
vn -0.000248 -0.000602 -0.000759
vn -0.000248 -0.0006 -0.000761
vn -0.000342 -0.000592 -0.00073
vn -0.000342 -0.000593 -0.000729
vn -0.000433 -0.000578 -0.000692
vn -0.000433 -0.000582 -0.000688
vn -0.000519 -0.000562 -0.000645
vn -0.000519 -0.000569 -0.000638
vn -0.000595 -0.000546 -0.00059
vn -0.000595 -0.000559 -0.000578
vn -0.000665 -0.000533 -0.000523
vn 0.000649 -0.000601 -0.000467
vn 0.000583 -0.000596 -0.000552
vn 0.000506 -0.000617 -0.000602
vn 0.000508 -0.000613 -0.000605
vn 0.000423 -0.000632 -0.000649
vn 0.000423 -0.000633 -0.000649
vn 0.000334 -0.000648 -0.000685
vn 0.000332 -0.000651 -0.000682
vn 0.00024 -0.000662 -0.00071
vn 0.000239 -0.000666 -0.000707
vn 0.000145 -0.000673 -0.000725
vn 0.000144 -0.000676 -0.000722
vn 0.000048 -0.00068 -0.000732
vn 0.000048 -0.000681 -0.00073
vn -0.000049 -0.000681 -0.00073
vn -0.000049 -0.00068 -0.000731
vn -0.000143 -0.000677 -0.000722
vn -0.000634 -0.000641 -0.000433
vn 0.000694 -0.000319 -0.000645
vn 0.000616 -0.000288 -0.000733
vn 0.000538 -0.000299 -0.000788
vn 0.000539 -0.000292 -0.00079
vn 0.00045 -0.000304 -0.00084
vn 0.000451 -0.000299 -0.000841
vn 0.000357 -0.000304 -0.000883
vn 0.000356 -0.00031 -0.000882
vn 0.000263 -0.000315 -0.000912
vn -0.000692 -0.000213 -0.00069
vn -0.000619 -0.000243 -0.000747
vn -0.000616 -0.00022 -0.000757
vn -0.000538 -0.000241 -0.000808
vn -0.000536 -0.000226 -0.000814
vn -0.00045 -0.000245 -0.000859
vn -0.000448 -0.000233 -0.000863
vn -0.000355 -0.000248 -0.000901
vn -0.000354 -0.00024 -0.000904
vn -0.000258 -0.000251 -0.000933
vn -0.000257 -0.000245 -0.000935
vn -0.000157 -0.000253 -0.000955
vn -0.000156 -0.00025 -0.000956
vn -0.000053 -0.000254 -0.000966
vn -0.000052 -0.000253 -0.000966
vn 0.000052 -0.000253 -0.000966
vn 0.000052 -0.000253 -0.000966
vn 0.000155 -0.00025 -0.000956
vn 0.000155 -0.000253 -0.000955
vn 0.000254 -0.000246 -0.000936
vn 0.000619 -0.000231 -0.000751
vn 0.000689 -0.000208 -0.000694
vn 0.000684 -0.000104 -0.000722
vn 0.000679 -0.00017 -0.000714
vn 0.00069 -0.00035 -0.000634
vn 0.000621 -0.000376 -0.000688
vn 0.000254 -0.000407 -0.000877
vn 0.000155 -0.000415 -0.000896
vn 0.000156 -0.000414 -0.000897
vn 0.000052 -0.000418 -0.000907
vn 0.000052 -0.000418 -0.000907
vn -0.000053 -0.000418 -0.000907
vn -0.000053 -0.000419 -0.000907
vn -0.000157 -0.000414 -0.000896
vn -0.000159 -0.000431 -0.000888
vn -0.000257 -0.000423 -0.000869
vn -0.000258 -0.000425 -0.000868
vn -0.000355 -0.000413 -0.000839
vn -0.000355 -0.000417 -0.000837
vn -0.000449 -0.000401 -0.000798
vn -0.00045 -0.000407 -0.000795
vn -0.000537 -0.000388 -0.000749
vn -0.000538 -0.000399 -0.000743
vn -0.000616 -0.000377 -0.000691
vn -0.000618 -0.000397 -0.000679
vn -0.00069 -0.000371 -0.000621
vn -0.000691 -0.00038 -0.000615
vn -0.000085 0.000096 -0.000992
vn 0.000056 0.000191 0.00098
vn 0.000156 -0.00007 0.000985
vn 0.000112 -0.00009 0.00099
vn 0.00015 -0.000141 0.000979
vn 0.00026 0.000001 0.000966
vn 0.000263 -0.000016 0.000965
vn 0.000258 -0.000026 0.000966
vn 0.000375 -0.000137 0.000917
vn 0.000363 0.000018 0.000931
vn 0.000408 0.000022 0.000913
vn 0.000341 0.000206 0.000917
vn 0.000415 0.000082 0.000906
vn 0.000427 -0.000139 0.000894
vn 0.000477 -0.000226 0.000849
vn 0.000445 -0.000049 0.000894
vn 0.000542 0.000008 0.000841
vn 0.00054 -0.000026 0.000841
vn 0.000535 -0.000025 0.000844
vn 0.000594 -0.000127 0.000794
vn 0.00068 0.000091 0.000728
vn 0.000681 0.000088 0.000727
vn 0.000667 -0.000105 0.000737
vn 0.000736 -0.00008 0.000673
vn 0.000727 -0.00013 0.000674
vn 0.000827 -0.000005 0.000562
vn 0.000812 0.000063 0.000581
vn 0.000865 0.000117 0.000487
vn 0.000839 0.000035 0.000543
vn 0.000835 -0.000083 0.000544
vn 0.000898 -0.000071 0.000434
vn 0.000903 0.000035 0.000427
vn 0.000897 0.000022 0.000441
vn 0.000923 0.000175 0.000343
vn 0.000907 -0.000145 0.000395
vn 0.000907 -0.000145 0.000395
vn 0.000973 0.000077 0.000219
vn 0.00096 -0.000179 0.000215
vn 0.000997 0.000028 0.000066
vn 0.000972 0.000108 0.00021
vn 0.000973 0.000108 0.000204
vn 0.000935 0.000355 -0.000001
vn 0.000992 0.000129 -0.000016
vn 0.000993 0.000116 0.00003
vn 0.000995 -0.000078 0.000064
vn 0.000995 -0.000079 -0.000067
vn 0.000993 0.000076 -0.000087
vn 0.000988 0.000077 -0.000131
vn 0.000951 0.00026 -0.000164
vn 0.000947 0.000209 -0.000245
vn 0.000995 -0.000019 -0.000094
vn 0.000979 -0.000182 -0.000093
vn 0.000965 -0.000143 -0.000218
vn 0.000981 0.000033 -0.000192
vn 0.000943 0.000111 -0.000315
vn 0.000934 0.000154 -0.000323
vn 0.000932 0.000153 -0.000329
vn 0.000935 -0.000201 -0.000292
vn 0.000908 -0.000116 -0.000402
vn 0.000921 0.000046 -0.000388
vn 0.00084 0.000209 -0.0005
vn 0.000859 0.00011 -0.0005
vn 0.000895 0.000008 -0.000445
vn 0.000825 -0.000197 -0.00053
vn 0.000823 0.000081 -0.000562
vn 0.000817 0.00008 -0.000572
vn 0.00074 0.000218 -0.000636
vn 0.000789 -0.000035 -0.000613
vn 0.00078 -0.00012 -0.000614
vn 0.000783 -0.00012 -0.00061
vn 0.000692 0.000015 -0.000722
vn 0.000651 0.000244 -0.000719
vn 0.00065 0.000027 -0.00076
vn 0.000693 -0.000024 -0.000721
vn 0.000679 -0.00017 -0.000714
vn 0.000556 0.000039 -0.00083
vn 0.000539 0.000145 -0.00083
vn 0.000509 -0.000209 -0.000835
vn 0.000409 0.000055 -0.000911
vn 0.00047 0.000083 -0.000879
vn 0.000382 0.00019 -0.000905
vn 0.000401 -0.000013 -0.000916
vn 0.000382 -0.000081 -0.00092
vn 0.000257 0.000277 -0.000926
vn 0.000277 -0.000106 -0.000955
vn 0.000101 0.000252 -0.000963
vn 0.000211 -0.000253 -0.000944
vn 0.000272 -0.000187 -0.000944
vn 0.00019 0.00014 -0.000972
vn -0.000052 -0.000394 -0.000918
vn -0.000085 0.000096 -0.000992
vn -0.000291 0.000051 -0.000955
vn -0.00028 -0.000251 -0.000927
vn -0.000171 -0.000284 -0.000943
vn -0.000188 0.00005 -0.000981
vn -0.000463 -0.00015 -0.000873
vn -0.000394 0.000024 -0.000919
vn -0.000386 -0.000242 -0.00089
vn -0.000291 0.00005 -0.000955
vn -0.000559 -0.000189 -0.000807
vn -0.000487 0.000023 -0.000873
vn -0.000478 -0.000174 -0.000861
vn -0.000691 -0.000185 -0.000698
vn -0.000605 -0.000189 -0.000773
vn -0.000513 0.000146 -0.000846
vn -0.000658 -0.000199 -0.000726
vn -0.000618 0.000068 -0.000783
vn -0.000683 0.000014 -0.00073
vn -0.000675 -0.000015 -0.000737
vn -0.000752 -0.000116 -0.000649
vn -0.000746 -0.000011 -0.000666
vn -0.000831 -0.000189 -0.000523
vn -0.000814 -0.000017 -0.000581
vn -0.000884 -0.000221 -0.000412
vn -0.000857 -0.000029 -0.000514
vn -0.0009 0.000041 -0.000435
vn -0.000928 -0.000171 -0.00033
vn -0.000915 -0.000143 -0.000378
vn -0.000867 0.00003 -0.000498
vn -0.000919 0.000011 -0.000395
vn -0.00095 -0.000184 -0.000251
vn -0.000953 0.000032 -0.000302
vn -0.00097 -0.000194 -0.000144
vn -0.000975 -0.000197 -0.000104
vn -0.000972 0.000049 -0.00023
vn -0.000984 -0.000173 -0.000038
vn -0.000995 -0.000087 -0.00004
vn -0.000989 0.000059 -0.000135
vn -0.000995 0.000044 -0.000088
vn -0.000978 -0.000196 0.000071
vn -0.000981 -0.000162 0.000103
vn -0.001 -0 -0.000005
vn -0.000999 0.000028 0.000027
vn -0.00096 -0.00021 0.000187
vn -0.000978 -0.000092 0.000184
vn -0.000974 -0.000014 0.000224
vn -0.000989 -0.000067 0.000129
vn -0.00099 0.000033 0.000135
vn -0.000934 -0.000208 0.000291
vn -0.000916 -0.000221 0.000334
vn -0.000966 0.000001 0.000257
vn -0.000901 -0.000192 0.00039
vn -0.000909 -0.000111 0.000401
vn -0.000948 0.000043 0.000316
vn -0.000891 -0.000069 0.000448
vn -0.000903 -0.000131 0.000408
vn -0.000833 -0.000195 0.000518
vn -0.000907 0.000056 0.000417
vn -0.000813 -0.00016 0.00056
vn -0.000796 -0.000133 0.00059
vn -0.000854 0.000012 0.00052
vn -0.000826 0.000016 0.000563
vn -0.000787 -0.000085 0.000612
vn -0.00078 -0.000091 0.000619
vn -0.000748 -0.00005 0.000662
vn -0.000721 -0.000122 0.000682
vn -0.00067 -0.000056 0.00074
vn -0.000639 -0.00013 0.000758
vn -0.000586 -0.000053 0.000809
vn -0.000573 -0.000084 0.000815
vn -0.000492 -0.000075 0.000867
vn -0.000486 -0.00009 0.00087
vn -0.000401 -0.000073 0.000913
vn -0.000403 -0.000068 0.000913
vn -0.000298 -0.000109 0.000948
vn 0.000104 -0.000108 0.000989
vn 0.000054 -0.000135 0.000989
vn 0.000016 -0.000094 0.000995
vn -0.000026 -0.000097 0.000995
vn -0.000027 -0.000099 0.000995
vn -0.000111 -0.000058 0.000992
vn -0.000095 -0.000128 0.000987
vn -0.000181 -0.000068 0.000981
vn -0.000213 -0.000069 0.000975
vn -0.0002 -0.000104 0.000974
vn -0.000318 -0.000058 0.000946
vn -0.00005 0.000145 0.000988
vn -0.00083 0.00016 -0.000535
vn -0.000275 0.000071 -0.000959
vn -0.000471 0.000013 -0.000882
vn -0.000548 0.000063 -0.000834
vn -0.000544 0.000077 -0.000836
vn -0.000633 0.000024 -0.000774
vn -0.000712 0.000162 -0.000683
vn -0.000844 -0.000058 -0.000534
vn -0.000782 0.000137 -0.000608
vn -0.000781 0.000137 -0.000609
vn -0.000933 0.00011 -0.000343
vn -0.000926 -0.000012 -0.000377
vn -0.000898 0.0001 -0.000429
vn -0.000988 0.000076 -0.000137
vn -0.00099 0.000058 -0.000132
vn -0.000976 0.000032 -0.000215
vn -0.000992 0.000113 -0.000061
vn -0.001 0.00001 -0.000009
vn -0.00099 0.000133 0.000046
vn -0.000996 0.000074 0.000049
vn -0.000993 -0.000038 0.000113
vn -0.00098 0.000139 0.000143
vn -0.000959 -0.000047 0.00028
vn -0.00098 0.000139 0.000143
vn -0.000927 0.000179 0.000329
vn -0.000925 -0.00006 0.000374
vn -0.000958 0.000167 0.000231
vn -0.000926 0.00019 0.000327
vn -0.000886 -0.000058 0.000459
vn -0.000838 -0.000062 0.000542
vn -0.000887 0.000161 0.000433
vn -0.000837 0.000168 0.00052
vn -0.000837 0.000167 0.000521
vn -0.000777 0.000158 0.00061
vn -0.000777 0.000158 0.00061
vn -0.000662 -0.000009 0.00075
vn -0.000689 0.000101 0.000718
vn -0.000607 0.000095 0.000789
vn -0.000596 0.000047 0.000802
vn -0.000507 0.000021 0.000862
vn -0.000511 0.00003 0.000859
vn -0.000511 0.00005 0.000858
vn -0.000415 0.000011 0.00091
vn -0.000416 0.000018 0.000909
vn -0.00031 -0.000023 0.000951
vn -0.000329 0.000055 0.000943
vn -0.000239 0.000075 0.000968
vn -0.000209 -0.000037 0.000977
vn -0.000118 -0.000063 0.000991
vn -0.000147 0.00011 0.000983
vn 0.000017 0.000032 0.000999
vn -0.00002 -0.000061 0.000998
vn -0.000013 0.000135 0.000991
vn -0.000025 0.000037 0.000999
vn -0.000094 -0.000138 0.000986
vn -0.000123 0.000041 0.000992
vn -0.000557 -0.000147 0.000817
vn -0.000729 -0.000074 0.00068
vn -0.000738 0.000021 0.000674
vn -0.000744 0.000051 0.000667
vn -0.000711 -0.000177 0.000681
vn -0.000609 -0.0002 0.000767
vn -0.000701 0.000109 0.000705
vn -0.000784 -0.000059 0.000618
vn -0.000806 0.000052 0.00059
vn -0.000863 0.000086 0.000497
vn -0.00078 -0.000184 0.000598
vn -0.000774 -0.00018 0.000607
vn -0.000845 -0.000161 0.00051
vn -0.000901 0.000028 0.000432
vn -0.000905 -0.000125 0.000406
vn -0.000949 -0.000106 0.000296
vn -0.000952 -0.000084 0.000294
vn -0.000958 -0.000062 0.000281
vn -0.000931 -0.000028 0.000363
vn -0.000906 -0.000125 0.000405
vn -0.000982 -0.000037 0.000186
vn -0.000965 -0.000136 0.000223
vn -0.00099 0.000039 0.000133
vn -0.000978 -0.000177 0.000108
vn -0.000978 -0.000176 0.000109
vn -0.000997 0.000045 0.000061
vn -0.000966 -0.000154 0.000208
vn -0.000998 0.000052 -0.000036
vn -0.000984 -0.000177 0.000003
vn -0.000984 -0.00018 -0.000003
vn -0.000991 0.00004 -0.000126
vn -0.000978 0.000008 -0.000208
vn -0.000981 -0.000146 -0.000126
vn -0.000938 0.000091 -0.000333
vn -0.000962 -0.000069 -0.000264
vn -0.000962 -0.000068 -0.000264
vn -0.000931 -0.000055 -0.000361
vn -0.000924 -0.000026 -0.000381
vn -0.000884 -0.000011 -0.000467
vn -0.000893 -0.000106 -0.000436
vn -0.000832 -0.000175 -0.000526
vn -0.000823 0.000054 -0.000566
vn -0.000885 -0.000162 -0.000436
vn -0.000788 -0.000056 -0.000613
vn -0.000763 0.000066 -0.000643
vn -0.000831 -0.000176 -0.000528
vn -0.000768 -0.00019 -0.000612
vn -0.000725 -0.000072 -0.000685
vn -0.000703 0.000048 -0.00071
vn -0.000623 0.000065 -0.000779
vn -0.00069 -0.000172 -0.000703
vn -0.000695 -0.00017 -0.000699
vn -0.000603 -0.000166 -0.00078
vn -0.00055 0.000052 -0.000833
vn -0.000468 0.000036 -0.000883
vn -0.000512 -0.000153 -0.000845
vn -0.000411 -0.000102 -0.000906
vn -0.000378 0.000013 -0.000926
vn -0.000091 -0.000046 -0.000995
vn -0.000178 0.000081 -0.000981
vn -0.000192 -0.000054 -0.00098
vn -0.000194 -0.00002 -0.000981
vn -0.000281 0.000015 -0.00096
vn -0.000304 -0.000085 -0.000949
vn -0.000306 -0.000087 -0.000948
vn -0.000089 -0.000039 -0.000995
vn -0.00009 -0.00003 -0.000995
vn 0.00094 -0.000194 -0.00028
vn 0.000229 0.000143 -0.000963
vn 0.000758 -0.000295 -0.000582
vn 0.000654 0.000136 -0.000744
vn 0.000675 -0.000065 -0.000735
vn 0.000597 -0.000062 -0.0008
vn 0.000572 0.000163 -0.000804
vn 0.000496 0.000146 -0.000856
vn 0.000424 -0.000076 -0.000902
vn 0.000413 0.000147 -0.000899
vn 0.000325 -0.000063 -0.000943
vn 0.000319 0.000162 -0.000934
vn 0.000123 -0.000076 -0.000989
vn 0.000139 0.000138 -0.000981
vn 0.000143 0.000139 -0.00098
vn 0.000012 -0.000146 -0.000989
vn 0.0003 0.00012 0.000946
vn 0.000297 -0.000014 0.000955
vn 0.000395 0.000098 0.000913
vn 0.00039 -0.000019 0.000921
vn 0.00057 0.000056 0.00082
vn 0.000565 -0.000003 0.000825
vn 0.000708 0.000101 0.000698
vn 0.000627 -0.000055 0.000777
vn 0.000638 0.000036 0.00077
vn 0.000781 0.000182 0.000598
vn 0.000769 -0.00004 0.000638
vn 0.000786 0.000192 0.000588
vn 0.000937 0.000103 0.000335
vn 0.000928 0.000004 0.000371
vn 0.000893 0.000082 0.000442
vn 0.000894 0.000107 0.000435
vn 0.000894 0.000107 0.000435
vn 0.000962 0.000108 0.000251
vn 0.000957 -0.000033 0.000288
vn 0.000975 -0.000079 0.000207
vn 0.000966 0.000126 0.000226
vn 0.000984 0.00018 -0.000004
vn 0.000983 0.000181 -0
vn 0.000992 -0.000036 0.000125
vn 0.000983 0.00014 0.00012
vn 0.000951 -0.000307 0.000039
vn 0.000999 -0.00003 -0.00003
vn 0.000999 -0.000028 -0.000027
vn 0.000986 -0.000145 -0.000087
vn 0.00096 -0.000233 -0.000154
vn 0.000966 -0.000166 -0.000201
vn 0.000972 -0.000085 -0.000217
vn 0.000901 -0.000119 -0.000417
vn 0.000907 -0.000114 -0.000406
vn 0.0009 -0.000234 -0.000368
vn 0.000791 -0.000072 -0.000608
vn 0.000818 -0.000296 -0.000494
vn 0.000851 -0.00013 -0.000509
vn 0.000984 -0.000167 0.00006
vn 0.00098 0.000181 -0.000081
vn 0.000979 0.00015 0.000141
vn 0.000948 -0.000174 0.000266
vn 0.000971 0.000018 0.000239
vn 0.000987 -0.000107 0.00012
vn 0.000912 -0.000335 0.000236
vn 0.000911 -0.000353 0.000213
vn 0.00093 0.000059 0.000362
vn 0.000809 -0.000346 0.000475
vn 0.000889 -0.000114 0.000444
vn 0.000759 -0.000248 0.000602
vn 0.000833 -0.000006 0.000553
vn 0.000841 0.000116 0.000528
vn 0.000772 -0.000208 0.0006
vn 0.000889 0.000037 0.000457
vn 0.000805 -0.000327 0.000495
vn 0.000953 -0.000021 0.000301
vn 0.000865 -0.000346 0.000363
vn 0.000696 -0.00007 0.000714
vn 0.000725 0.000071 0.000685
vn 0.00057 -0.000303 0.000763
vn 0.00057 -0.000303 0.000764
vn 0.000633 -0.000032 0.000774
vn 0.000087 -0.000282 0.000955
vn 0.000094 -0.000273 0.000958
vn 0.000196 0.000101 0.000975
vn 0.000191 0.000027 0.000981
vn 0.000202 0.000097 0.000974
vn 0.000256 -0.000202 0.000945
vn 0.000221 -0.000277 0.000935
vn 0.000495 0.000089 0.000864
vn 0.000478 0.000016 0.000878
vn 0.000489 0.000091 0.000868
vn 0.000349 -0.000204 0.000914
vn 0.000346 -0.000277 0.000896
vn 0.000346 -0.000277 0.000896
vn 0.000473 -0.000239 0.000848
vn 0.00047 -0.00032 0.000823
vn 0.000528 -0.00006 0.000847
vn 0.000528 -0.000059 0.000847
vn 0.000721 -0.000131 0.000681
vn 0.000789 0.000068 0.00061
vn 0.000753 -0.000252 0.000608
vn -0.000016 -0.000027 -0.000999
vn 0.00002 0.000034 -0.000999
vn 0.000017 0.000045 -0.000999
vn 0.000224 -0.00006 -0.000973
vn 0.000233 -0.000199 -0.000952
vn 0.000247 0.000069 -0.000967
vn 0.000126 -0.000186 -0.000974
vn 0.000126 -0.000186 -0.000975
vn 0.000123 -0.000192 -0.000974
vn 0.000443 -0.00024 -0.000864
vn 0.00044 -0.0003 -0.000846
vn 0.000449 -0.000302 -0.000841
vn 0.000514 -0.000068 -0.000855
vn 0.000485 0.000091 -0.00087
vn 0.000312 0.000049 -0.000949
vn 0.000285 -0.000401 -0.000871
vn 0.000697 0.000192 -0.000691
vn 0.000769 -0.000125 -0.000627
vn 0.000755 0.000298 -0.000585
vn 0.000867 -0.000119 -0.000484
vn 0.000835 -0.000389 -0.000389
vn 0.000818 -0.000089 -0.000568
vn 0.000814 -0.000092 -0.000574
vn 0.000808 -0.000026 -0.000588
vn 0.000945 -0.00012 -0.000303
vn 0.000863 0.000266 -0.000429
vn 0.000966 -0.000108 -0.000233
vn 0.000966 -0.000254 -0.000056
vn 0.000931 0.000259 -0.000259
vn 0.000964 -0.000031 -0.000263
vn 0.000966 -0.000028 -0.000256
vn 0.000966 -0.000108 -0.000233
vn 0.000906 -0.000084 -0.000414
vn 0.000907 -0.000084 -0.000413
vn 0.000903 -0.00006 -0.000426
vn 0.000903 -0.000053 -0.000425
vn 0.000713 -0.000381 -0.000589
vn 0.000691 -0.000218 -0.00069
vn 0.000689 -0.000008 -0.000724
vn 0.000598 -0.000067 -0.000799
vn 0.000589 -0.000386 -0.00071
vn 0.000087 0.000067 0.000994
vn 0.00009 0.000039 0.000995
vn 0.000994 0.000014 -0.000105
vn 0.000997 -0.000017 -0.000081
vn 0.000994 -0.000086 -0.000065
vn 0.000994 -0.000087 -0.000067
vn -0.000071 0.000152 -0.000986
vn -0.000083 0.000111 -0.00099
vn -0.00022 0.00005 -0.000974
vn -0.000165 0.000151 -0.000975
vn -0.000279 0.000047 -0.000959
vn -0.000208 0.000191 -0.000959
vn -0.000177 0.00015 -0.000973
vn -0.000273 0.000045 -0.000961
vn -0.000347 0.000157 -0.000925
vn -0.000354 0.000145 -0.000924
vn -0.000351 0.00014 -0.000926
vn -0.000511 0.000014 -0.00086
vn -0.00044 0.000145 -0.000886
vn -0.000466 0.000204 -0.000861
vn -0.000714 0.000167 -0.00068
vn -0.000463 0.000206 -0.000862
vn -0.000552 0.000041 -0.000833
vn -0.000587 0.000193 -0.000786
vn -0.000606 0.000163 -0.000779
vn -0.000603 0.000155 -0.000783
vn -0.000683 0.000065 -0.000727
vn -0.000713 0.000167 -0.000681
vn -0.000704 0.000185 -0.000685
vn -0.000707 0.000186 -0.000683
vn -0.00081 0.000033 -0.000586
vn -0.000849 0.000017 -0.000528
vn -0.00074 0.000253 -0.000624
vn -0.000789 0.000229 -0.00057
vn -0.000854 0.000077 -0.000514
vn -0.000906 0.000111 -0.000409
vn -0.000974 0.000017 -0.000224
vn -0.00095 0.000017 -0.000311
vn -0.00086 0.000257 -0.000442
vn -0.000864 0.000209 -0.000458
vn -0.000941 0.000078 -0.00033
vn -0.000942 0.000186 -0.00028
vn -0.000946 0.000174 -0.000274
vn -0.000945 0.000172 -0.000278
vn -0.000998 -0.000044 -0.000035
vn -0.00096 0.000208 -0.000187
vn -0.000928 0.000326 -0.000178
vn -0.000954 -0.000003 0.000301
vn -0.000991 -0.000005 0.000136
vn -0.000982 0.00009 0.000163
vn -0.000945 0.000327 -0.000017
vn -0.00093 0.000323 -0.000174
vn -0.000997 0.000071 -0.000034
vn -0.000985 0.000166 0.000055
vn -0.000968 0.000252 -0.000005
vn -0.000968 0.000252 -0.000004
vn -0.000976 0.000178 0.000126
vn -0.000941 0.000289 0.000177
vn -0.000934 0.000315 0.000167
vn -0.000928 0.000138 0.000346
vn -0.000959 0.000138 0.000245
vn -0.000911 -0.000035 0.00041
vn -0.000885 0.000342 0.000315
vn -0.000885 0.000341 0.000317
vn -0.000878 0.000039 0.000478
vn -0.000837 0.00016 0.000524
vn -0.000823 0.000291 0.000488
vn -0.000816 0.00041 0.000409
vn -0.000766 0.000401 0.000503
vn -0.000823 0.000185 0.000538
vn -0.000746 -0.000044 0.000664
vn -0.000709 0.000129 0.000693
vn -0.000764 0.000129 0.000633
vn -0.0007 0.000445 0.000558
vn -0.000699 0.000446 0.000559
vn -0.000698 0.00019 0.000691
vn -0.000552 -0.000034 0.000833
vn -0.000619 0.000358 0.000699
vn -0.000573 0.000482 0.000662
vn -0.000531 0.000252 0.000809
vn -0.000588 0.000253 0.000769
vn -0.000504 0.000003 0.000864
vn -0.000444 0.000296 0.000846
vn -0.000438 0.000231 0.000869
vn -0.000326 0.000005 0.000945
vn -0.00032 -0.000021 0.000947
vn -0.000236 0.00005 0.00097
vn -0.000262 0.000215 0.000941
vn -0.000148 0.000131 0.00098
vn -0.000148 0.000137 0.000979
vn -0.000044 0.000043 0.000998
vn -0.000049 0.000095 0.000994
vn 0.000018 0.000092 0.000996
vn 0.000057 0.000233 0.000971
vn 0.000086 -0.000062 0.000994
vn 0.000172 0.00025 0.000953
vn 0.000167 0.000247 0.000954
vn 0.000191 -0.000056 0.00098
vn 0.000278 0.000243 0.000929
vn 0.000266 0.000249 0.000931
vn 0.000293 -0.00004 0.000955
vn 0.000382 0.000247 0.00089
vn 0.00039 0.000232 0.000891
vn 0.000392 -0.000008 0.00092
vn 0.000488 0.000185 0.000853
vn 0.000483 0.000004 0.000876
vn 0.000581 0.000193 0.000791
vn 0.000578 0.000075 0.000813
vn 0.000661 0.000116 0.000742
vn 0.000661 0.000228 0.000715
vn 0.00067 0.000223 0.000708
vn 0.000695 -0.000111 0.00071
vn 0.000716 0.000311 0.000625
vn 0.000818 0.000174 0.000549
vn 0.000779 0.000161 0.000606
vn 0.00074 0.000103 0.000664
vn 0.000739 -0.000189 0.000647
vn 0.000786 0.000201 0.000585
vn 0.0008 -0.000199 0.000566
vn 0.000843 0.000136 0.000521
vn 0.00087 0.000243 0.00043
vn 0.000874 -0.00004 0.000484
vn 0.000879 -0.000089 0.000468
vn 0.000887 0.000032 0.000461
vn 0.000914 0.000227 0.000335
vn 0.000924 -0.000025 0.000381
vn 0.000973 0.000037 0.000227
vn 0.00096 -0.000007 0.000278
vn 0.000949 0.00019 0.00025
vn 0.000924 -0.000025 0.000381
vn 0.000964 0.000037 0.000262
vn 0.000969 0.000209 0.000128
vn 0.000985 0.000008 0.000174
vn 0.000994 0.000055 0.00009
vn 0.000983 0.00014 0.00012
vn 0.000983 0.000179 0.000033
vn 0.000983 0.000179 0.000033
vn 0.000997 -0.00001 0.000078
vn 0.000998 -0.000064 0.00002
vn 0.000968 0.000248 -0.000034
vn 0.000988 -0.00014 -0.000058
vn 0.000999 -0.000001 -0.000038
vn 0.000983 0.00017 -0.000074
vn 0.000974 0.000193 -0.000122
vn 0.000974 0.000141 -0.000176
vn 0.000988 0.000018 -0.000153
vn 0.000948 0.000147 -0.000282
vn 0.000964 0.000037 -0.000264
vn 0.000964 0.000035 -0.000265
vn 0.000913 0.000146 -0.000382
vn 0.000929 0.000035 -0.000367
vn 0.000881 0.000042 -0.000471
vn 0.000859 0.000166 -0.000484
vn 0.000796 0.000154 -0.000586
vn 0.000784 -0.000012 -0.00062
vn 0.000819 0.000076 -0.000568
vn 0.000807 0.000148 -0.000572
vn 0.000881 0.000042 -0.000472
vn 0.000756 0.000095 -0.000648
vn 0.000754 0.000106 -0.000648
vn 0.000712 0.000085 -0.000697
vn 0.000668 0.000146 -0.00073
vn 0.000675 0.000059 -0.000735
vn 0.000591 0.000117 -0.000798
vn 0.000594 0.000085 -0.0008
vn 0.000509 0.000098 -0.000855
vn 0.000509 0.000093 -0.000855
vn 0.000423 0.000083 -0.000902
vn 0.000423 0.000101 -0.0009
vn 0.000333 0.000084 -0.000939
vn 0.000333 0.000083 -0.000939
vn 0.000215 0.000099 -0.000971
vn 0.000225 0.000172 -0.000959
vn 0.000205 0.00018 -0.000962
vn 0.00015 0.000041 -0.000988
vn 0.000076 -0.000024 -0.000997
vn 0.000134 0.00019 -0.000973
vn 0.000032 0.00019 -0.000981
vn 0.00007 0.000159 -0.000985
vn 0.000038 0.000087 -0.000995
vn -0.00002 0.000087 -0.000996
vn -0.000017 0.00094 -0.00034
vn -0 0.000929 -0.00037
vn -0.000507 -0.000333 0.000795
vn 0.000064 0.000822 -0.000565
vn -0.000494 0.000668 -0.000556
vn -0.000463 0.000658 -0.000594
vn -0.000459 0.000662 -0.000593
vn -0.000425 0.000653 -0.000627
vn -0.000316 0.000753 -0.000577
vn -0.000178 0.000837 -0.000518
vn -0.000014 0.000917 -0.000398
vn -0.000338 0.000881 0.000332
vn -0.000402 0.000865 0.000299
vn -0.000398 0.000871 0.000289
vn -0.000459 0.000853 0.00025
vn -0.000469 0.000841 0.000271
vn -0.000521 0.000822 0.000228
vn -0.000497 0.000847 0.000188
vn -0.000544 0.000827 0.000143
vn -0.000536 0.000834 0.000132
vn -0.000576 0.000813 0.000085
vn -0.000567 0.00082 0.000075
vn -0.0006 0.0008 0.000026
vn -0.00059 0.000807 0.000016
vn -0.000618 0.000786 -0.000033
vn -0.000606 0.000794 -0.000043
vn -0.000628 0.000772 -0.000093
vn -0.000617 0.000781 -0.000102
vn -0.000634 0.000757 -0.000156
vn -0.000669 0.000731 -0.000133
vn -0.000681 0.000709 -0.000186
vn -0.000667 0.000719 -0.000193
vn -0.000674 0.000697 -0.000246
vn -0.00066 0.000708 -0.000253
vn -0.000661 0.000685 -0.000305
vn -0.000647 0.000696 -0.000311
vn -0.000643 0.000675 -0.000362
vn -0.000629 0.000686 -0.000366
vn -0.000621 0.000665 -0.000415
vn -0.000555 0.000687 -0.000469
vn -0.00054 0.000669 -0.000511
vn -0.000216 0.000843 -0.000493
vn -0.000146 0.000875 -0.000462
vn -0.000248 0.000921 0.000299
vn -0.000251 0.000915 0.000315
vn -0.000318 0.000903 0.000289
vn -0.00023 0.000759 -0.00061
vn -0.00021 0.000743 -0.000635
vn -0.000218 0.000735 -0.000642
vn -0.000188 0.000721 -0.000667
vn -0.000028 0.000925 -0.000379
vn -0.000136 0.00099 -0.000042
vn -0.000175 0.000984 -0.000044
vn -0.000171 0.000984 -0.000053
vn -0.000207 0.000976 -0.000061
vn -0.000203 0.000977 -0.000069
vn -0.000237 0.000968 -0.000081
vn -0.000231 0.000969 -0.000092
vn -0.000262 0.000959 -0.000108
vn -0.000254 0.00096 -0.000117
vn -0.000282 0.00095 -0.000136
vn -0.000274 0.000951 -0.000145
vn -0.000298 0.00094 -0.000165
vn -0.000289 0.000941 -0.000174
vn -0.000309 0.000931 -0.000196
vn -0.000265 0.000937 -0.000229
vn -0.000319 0.000921 -0.000225
vn -0.000318 0.000921 -0.000225
vn -0.000333 0.000909 -0.000251
vn -0.000308 0.000914 -0.000264
vn -0.000323 0.000902 -0.000285
vn -0.000313 0.000905 -0.000289
vn -0.000324 0.000893 -0.000313
vn -0.000315 0.000895 -0.000316
vn -0.000322 0.000883 -0.00034
vn -0.000309 0.000887 -0.000343
vn -0.000313 0.000876 -0.000367
vn -0.000299 0.00088 -0.000369
vn -0.0003 0.000869 -0.000393
vn -0.000303 0.000868 -0.000393
vn -0.000298 0.000858 -0.000418
vn -0.000288 0.000862 -0.000418
vn -0.00029 0.00085 -0.00044
vn -0.000252 0.000864 -0.000436
vn -0.000243 0.000857 -0.000454
vn -0.000046 0.000932 -0.000359
vn -0.000321 0.000818 -0.000478
vn -0.000307 0.00081 -0.000499
vn -0.00022 0.000853 -0.000473
vn -0.000353 0.00084 -0.000413
vn -0.000735 -0.000642 0.000217
vn -0.000735 -0.000642 0.000217
vn -0.000787 -0.000585 0.000196
vn -0.000827 -0.000536 0.00017
vn -0.00086 0.000488 -0.000151
vn -0.000992 -0.000063 -0.000112
vn -0.000682 -0.000646 0.000342
vn -0.000678 -0.000646 0.00035
vn -0.000911 -0.000166 0.000378
vn -0.000355 0.000902 -0.000246
vn -0.000962 0.000241 0.00013
vn -0.00064 -0.000624 0.000448
vn -0.000937 -0.0001 0.000333
vn -0.000875 0.000423 0.000234
vn -0.000666 -0.000512 0.000543
vn -0.000768 -0.000302 0.000565
vn -0.00064 0.000768 0.000023
vn -0.000691 -0.000334 0.000641
vn -0.000581 -0.000521 0.000625
vn -0.000571 -0.000525 0.000631
vn -0.000276 0.000957 -0.000089
vn -0.000776 0.000215 0.000593
vn -0.000567 -0.000353 0.000744
vn -0.000888 -0.000308 0.000341
vn -0.000844 -0.000445 0.000299
vn -0.000516 -0.000459 0.000723
vn -0.000514 -0.000456 0.000727
vn -0.000579 -0.000337 0.000742
vn -0.000382 -0.000509 0.000771
vn -0.000382 -0.000509 0.000771
vn -0.000477 -0.000229 0.000848
vn -0.000243 0.000914 0.000324
vn -0.000313 -0.00046 0.000831
vn -0.000548 0.000728 0.000411
vn -0.00034 -0.000386 0.000858
vn -0.000265 -0.000383 0.000885
vn -0.000375 0.000199 0.000905
vn -0.000618 0.000524 0.000586
vn -0.000682 0.000502 0.000532
vn -0.000423 0.000697 0.000579
vn -0.000502 0.000679 0.000536
vn -0.000499 0.000689 0.000526
vn -0.00057 0.000669 0.000478
vn -0.00063 0.000667 0.000398
vn -0.000685 0.000644 0.000341
vn -0.000679 0.000657 0.000328
vn -0.000727 0.000632 0.000267
vn -0.00072 0.000646 0.000255
vn -0.000761 0.00062 0.000192
vn -0.000752 0.000634 0.00018
vn -0.000786 0.000608 0.000116
vn -0.000775 0.000623 0.000104
vn -0.000802 0.000596 0.000039
vn -0.000791 0.000611 0.000027
vn -0.00081 0.000586 -0.000035
vn -0.000349 0.000602 0.000718
vn -0.000342 0.000677 0.000651
vn -0.000431 0.000659 0.000616
vn 0.000081 -0.000363 -0.000928
vn -0.000066 0.000787 -0.000614
vn -0.000249 -0.000371 -0.000895
vn 0.000081 -0.000363 -0.000928
vn 0.000055 0.000239 -0.000969
vn -0.00007 0.000188 -0.00098
vn -0.000054 -0.000713 -0.000699
vn 0.000208 0.000225 -0.000952
vn 0.000246 -0.000294 -0.000923
vn 0.000266 -0.000284 -0.000921
vn 0.00016 -0.000322 -0.000933
vn -0.000169 -0.000404 -0.000899
vn -0.000167 -0.000216 -0.000962
vn -0.000216 0.000208 -0.000954
vn -0.000276 -0.000404 -0.000872
vn 0.00024 -0.000323 -0.000916
vn 0.000069 0.00068 -0.00073
vn 0.000159 -0.000381 -0.000911
vn 0.000059 -0.000381 -0.000923
vn -0.000064 -0.000328 -0.000943
vn -0.000167 -0.000346 -0.000923
vn -0.000466 -0.000852 -0.000241
vn -0.000639 -0.000764 -0.000087
vn -0.00068 -0.000657 -0.000325
vn -0.00063 0.000455 -0.000629
vn -0.000682 -0.000731 0.000021
vn -0.000574 0.000676 -0.000462
vn -0.000733 0.000477 -0.000485
vn -0.000771 -0.000631 -0.000092
vn -0.000425 0.000369 -0.000826
vn -0.000444 -0.00081 -0.000383
vn -0.000633 0.000208 -0.000746
vn -0.00051 -0.000834 -0.000211
vn -0.000589 0.000255 -0.000767
vn 0.000002 0.00093 -0.000367
vn -0.000599 0.000059 -0.000799
vn -0.000532 -0.000124 -0.000838
vn -0.000506 0.000034 -0.000862
vn -0.000716 -0.000582 -0.000386
vn -0.000679 -0.000658 -0.000326
vn -0.000685 0.00023 -0.000691
vn -0.000792 0.000255 -0.000555
vn -0.000837 0.000255 -0.000484
vn -0.00063 -0.000776 0.000028
vn -0.00065 -0.000756 0.000079
vn -0.000944 -0.000221 -0.000244
vn -0.000965 -0.000219 -0.000141
vn -0.000821 -0.00057 0.000039
vn 0.000032 0.000413 -0.00091
vn -0.000038 0.000388 -0.000921
vn -0.000475 0.000409 -0.000779
vn -0.000413 0.000403 -0.000817
vn -0.000355 0.000364 -0.000861
vn -0.000371 -0.000828 -0.000419
vn -0.000362 -0.000843 -0.000397
vn -0.000303 -0.00085 -0.000431
vn -0.000315 0.000202 -0.000928
vn -0.000276 0.000384 -0.000881
vn -0.000341 0.000399 -0.000851
vn -0.000502 0.000555 -0.000663
vn -0.00046 0.000544 -0.000701
vn -0.000718 0.000394 -0.000574
vn -0.000683 0.000367 -0.000631
vn -0.000666 0.000395 -0.000633
vn -0.000621 0.000378 -0.000687
vn -0.000614 0.000546 -0.000569
vn -0.00037 0.000439 0.000819
vn -0.000465 0.000419 0.00078
vn -0.000854 0.000379 -0.000358
vn -0.000832 0.000355 -0.000426
vn -0.000793 0.000419 -0.000442
vn -0.000473 0.000414 -0.000778
vn -0.000529 0.000426 -0.000734
vn -0.000673 -0.000733 -0.000099
vn -0.000869 -0.00012 -0.00048
vn -0.00047 0.00035 0.00081
vn -0.000557 0.000356 0.000751
vn -0.000556 0.000341 0.000758
vn -0.000631 0.000262 0.00073
vn -0.000711 0.000337 0.000617
vn -0.000776 0.000261 0.000574
vn -0.000776 0.000272 0.000569
vn -0.000829 0.000279 0.000484
vn -0.000827 0.000316 0.000465
vn -0.000877 0.000246 0.000413
vn -0.000873 0.0003 0.000385
vn -0.000913 0.000249 0.000322
vn -0.000905 0.00031 0.00029
vn -0.00094 0.000262 0.00022
vn -0.000938 0.000272 0.000215
vn -0.000962 0.000231 0.000147
vn -0.000922 0.000381 0.000069
vn -0.000936 0.000351 -0.000008
vn -0.000945 0.000328 0.000005
vn -0.000958 0.000278 -0.000062
vn -0.000945 0.000318 -0.000081
vn -0.000948 0.000279 -0.000153
vn -0.000932 0.000319 -0.000171
vn -0.000943 0.000245 -0.000227
vn -0.000915 0.000313 -0.000255
vn -0.000901 0.000286 -0.000326
vn -0.000769 0.000394 -0.000503
vn -0.000636 0.00057 -0.000521
vn -0.000095 0.000986 -0.000136
vn -0.000639 0.000648 -0.000414
vn -0.000627 0.000626 -0.000464
vn -0.000326 0.000702 -0.000633
vn -0.000299 0.00069 -0.000659
vn -0.000203 0.000692 -0.000692
vn -0.000163 0.000674 -0.00072
vn -0.000177 0.000651 -0.000739
vn -0.000131 0.00064 -0.000757
vn -0.00013 0.000642 -0.000756
vn -0.000083 0.000629 -0.000773
vn -0.000078 0.000642 -0.000762
vn -0.000033 0.000631 -0.000775
vn -0.000024 0.000685 -0.000728
vn 0.000028 0.000674 -0.000738
vn 0.000026 0.000637 -0.00077
vn 0.000078 0.000632 -0.000771
vn 0.000077 0.00064 -0.000765
vn 0.000131 0.000628 -0.000767
vn 0.000138 0.000589 -0.000797
vn -0.000261 0.000193 0.000946
vn 0.000041 0.00095 -0.000311
vn -0.000067 0.000986 -0.00015
vn -0.00018 0.000933 0.000313
vn 0.00057 -0.00081 -0.000137
vn 0.000303 0.000781 -0.000546
vn 0.000734 -0.000633 0.000247
vn 0.00082 0.000516 -0.000247
vn 0.000874 -0.000478 0.000089
vn 0.000734 -0.000633 0.000247
vn 0.000806 0.00056 -0.00019
vn 0.000772 -0.000558 0.000303
vn 0.000772 -0.000558 0.000303
vn 0.00099 0.000102 0.000096
vn 0.000812 0.000569 -0.000133
vn 0.000974 0.00015 0.000169
vn 0.000832 -0.000429 0.000352
vn 0.000798 -0.000335 0.000502
vn 0.000665 -0.000461 0.000588
vn 0.000665 -0.000462 0.000587
vn 0.000867 0.000351 0.000354
vn 0.000795 -0.000319 0.000517
vn 0.000574 0.000812 0.000108
vn 0.000817 0.000006 0.000576
vn 0.000637 -0.000349 0.000688
vn 0.000334 0.000941 -0.000055
vn 0.000608 -0.000455 0.000651
vn 0.000661 -0.000116 0.000741
vn 0.00026 0.000963 -0.000073
vn 0.000537 -0.00047 0.000701
vn 0.000584 0.000639 0.000502
vn 0.000488 -0.000438 0.000755
vn 0.000423 -0.000426 0.0008
vn 0.000531 0.000585 0.000613
vn 0.00047 0.000445 0.000762
vn 0.000374 -0.000362 0.000854
vn 0.000349 -0.000025 0.000937
vn 0.000318 -0.000268 0.000909
vn 0.000261 0.000041 0.000964
vn 0.000163 0.000085 0.000983
vn -0.000049 0.000355 0.000934
vn -0.000136 -0.0001 0.000986
vn -0.000061 0.000998 0.000008
vn -0.000021 0.001 0.000005
vn 0.000056 0.000997 -0.000044
vn 0.00002 0.000999 -0.000028
vn -0.000113 0.000928 0.000354
vn -0.000184 0.000922 0.000342
vn 0.000019 0.000999 -0.000039
vn -0.000021 0.000999 -0.000027
vn -0.000058 0.000998 -0.000023
vn -0.000092 0.000995 -0.000033
vn 0.000123 0.00099 -0.00007
vn 0.000094 0.000995 -0.000045
vn 0.000101 0.000963 0.000249
vn 0.000035 0.000966 0.000256
vn -0.000043 0.000893 0.000447
vn -0.000118 0.000889 0.000442
vn 0.000223 0.000952 0.000211
vn 0.000163 0.000959 0.00023
vn 0.000151 0.000985 -0.000085
vn 0.000127 0.00099 -0.000062
vn 0.000164 0.000958 0.000234
vn 0.0001 0.000964 0.000247
vn 0.000272 0.000957 -0.0001
vn 0.000293 0.000947 -0.000128
vn 0.000293 0.000947 -0.000129
vn 0.00031 0.000938 -0.000159
vn 0.000257 0.000957 0.000132
vn 0.000298 0.000949 0.000101
vn 0.000246 0.000967 -0.000072
vn 0.000272 0.000957 -0.000099
vn 0.000245 0.000967 -0.000073
vn 0.00022 0.000974 -0.000052
vn 0.000283 0.000942 0.00018
vn 0.000222 0.000953 0.000207
vn 0.000091 0.000994 -0.000054
vn 0.000058 0.000998 -0.000035
vn 0.000035 0.000966 0.000257
vn -0.000029 0.000966 0.000257
vn 0.00035 0.000671 -0.000654
vn 0.000313 0.000778 -0.000545
vn 0.000199 0.000586 -0.000786
vn 0.000168 0.000672 -0.000721
vn 0.000211 0.000672 -0.00071
vn 0.000274 0.00066 -0.0007
vn 0.00031 0.000877 -0.000368
vn 0.000315 0.000885 -0.000343
vn 0.000299 0.00089 -0.000345
vn 0.000315 0.000894 -0.000317
vn 0.000332 0.00089 -0.000314
vn 0.000329 0.0009 -0.000285
vn 0.000317 0.000903 -0.000289
vn 0.000319 0.000912 -0.00026
vn 0.000318 0.000912 -0.00026
vn 0.000314 0.000921 -0.00023
vn 0.000314 0.000921 -0.00023
vn 0.000307 0.000931 -0.0002
vn 0.000234 0.00089 -0.000392
vn 0.000234 0.000897 -0.000376
vn 0.000038 0.000929 -0.000368
vn 0.000062 0.000921 -0.000384
vn 0.000293 0.000769 -0.000568
vn 0.000288 0.000773 -0.000565
vn 0.000024 0.000906 -0.000423
vn 0.000263 0.000767 -0.000586
vn 0.000037 0.000921 -0.000388
vn 0.000154 0.00077 -0.00062
vn 0.000184 0.000769 -0.000613
vn 0.000988 -0.000104 -0.000113
vn 0.000922 0.000111 -0.000371
vn 0.000925 0.000213 -0.000316
vn 0.000974 -0.00015 -0.000172
vn 0.000974 -0.00014 -0.000176
vn 0.00068 0.000238 -0.000694
vn 0.000622 0.000215 -0.000753
vn 0.000548 -0.000804 -0.00023
vn 0.000438 0.000568 -0.000696
vn 0.000529 -0.00076 -0.000378
vn 0.000538 0.000254 -0.000804
vn 0.000597 0.000277 -0.000753
vn 0.000669 0.000467 -0.000578
vn 0.000696 0.000492 -0.000522
vn 0.000388 0.000242 -0.00089
vn 0.00045 0.000286 -0.000846
vn 0.000505 0.000469 -0.000724
vn 0.000546 0.000491 -0.000679
vn 0.000648 0.000695 -0.000311
vn 0.000649 0.000715 -0.00026
vn 0.000661 0.000705 -0.000256
vn 0.000657 0.000726 -0.000201
vn 0.000669 0.000717 -0.000197
vn 0.000659 0.000738 -0.000141
vn 0.00067 0.000729 -0.000136
vn 0.000656 0.00075 -0.000083
vn 0.000628 0.000772 -0.000099
vn 0.000608 0.000793 -0.00004
vn 0.000655 0.000756 -0.00001
vn 0.000627 0.000778 0.000046
vn 0.000636 0.00077 0.000053
vn 0.000604 0.00079 0.000106
vn 0.000419 0.000731 -0.000539
vn 0.000438 0.000743 -0.000506
vn 0.000557 0.00074 -0.000377
vn 0.000562 0.000755 -0.000337
vn 0.000341 0.000379 -0.00086
vn 0.000339 0.000809 -0.00048
vn 0.000353 0.000819 -0.000452
vn 0.000343 0.000824 -0.00045
vn 0.000373 0.000825 -0.000424
vn 0.000388 0.000817 -0.000426
vn 0.000398 0.000828 -0.000396
vn 0.000274 0.000372 -0.000887
vn 0.000294 0.000279 -0.000914
vn 0.000387 0.000725 -0.000569
vn 0.000402 0.000743 -0.000536
vn 0.00095 -0.00005 -0.000308
vn 0.000849 0.000218 -0.00048
vn 0.000694 -0.000718 -0.000049
vn -0.000261 0.00023 0.000937
vn -0.000162 0.000309 0.000937
vn -0.00005 0.000285 0.000957
vn 0.000058 0.000249 0.000967
vn 0.000057 0.000259 0.000964
vn 0.000167 0.00028 0.000945
vn 0.000169 0.00025 0.000954
vn 0.000272 0.000294 0.000916
vn 0.000473 0.000299 0.000829
vn 0.00056 0.00028 0.000779
vn 0.00056 0.000297 0.000773
vn 0.00064 0.000276 0.000717
vn 0.00078 0.000287 0.000556
vn 0.000834 0.00026 0.000487
vn 0.00091 0.000295 0.00029
vn 0.000948 0.000204 0.000244
vn 0.000914 -0.000405 0.000021
vn 0.000516 0.000773 -0.00037
vn -0.000261 0.000608 0.00075
vn 0.000877 0.000426 -0.000222
vn 0.000865 0.000409 -0.00029
vn 0.000865 0.000409 -0.00029
vn 0.000847 0.000388 -0.000363
vn 0.000791 0.000245 -0.000561
vn 0.000748 0.000218 -0.000627
vn 0.000723 0.000277 -0.000633
vn 0.000787 0.000608 0.000105
vn 0.000811 0.000583 0.000044
vn 0.000708 0.000611 -0.000354
vn 0.000694 0.000591 -0.00041
vn 0.000728 0.000553 -0.000406
vn 0.000705 0.00054 -0.00046
vn 0.000654 0.000486 -0.000579
vn 0.000619 0.000464 -0.000633
vn 0.000522 0.000291 -0.000802
vn 0.000492 0.000166 -0.000854
vn -0.00025 0.000657 0.000711
vn -0.000153 0.000665 0.000731
vn -0.000153 0.000664 0.000732
vn -0.00005 0.000669 0.000742
vn -0.000049 0.000622 0.000782
vn 0.000056 0.000621 0.000781
vn 0.000056 0.000623 0.00078
vn 0.000161 0.000619 0.000769
vn 0.00016 0.000622 0.000766
vn 0.000259 0.000614 0.000746
vn 0.00045 0.000608 0.000654
vn 0.000532 0.000589 0.000608
vn 0.000528 0.000602 0.000599
vn 0.000603 0.00058 0.000548
vn 0.000721 0.000573 0.000388
vn 0.00077 0.000548 0.000327
vn 0.000791 0.000417 -0.000448
vn 0.000769 0.000388 -0.000508
vn 0.000738 0.000241 -0.00063
vn 0.000689 0.000217 -0.000692
vn 0.000446 0.000624 -0.000641
vn -0.000158 0.00041 0.000898
vn -0.000056 0.000412 0.000909
vn 0.000278 0.000431 0.000858
vn 0.000374 0.000433 0.00082
vn 0.000372 0.000443 0.000815
vn 0.000465 0.000429 0.000774
vn 0.000638 0.000423 0.000644
vn 0.000706 0.000408 0.000579
vn 0.000704 0.000416 0.000575
vn 0.000764 0.000402 0.000505
vn 0.000815 0.000418 0.000402
vn 0.000856 0.0004 0.000328
vn 0.000852 0.000412 0.000322
vn 0.000885 0.000395 0.000245
vn 0.000908 0.000394 0.000143
vn 0.000924 0.000377 0.000066
vn 0.000918 0.000393 0.000059
vn 0.00093 0.000367 -0.00002
vn 0.000922 0.000385 -0.000027
vn 0.000926 0.000363 -0.000107
vn 0.000919 0.000377 -0.000112
vn 0.000915 0.000357 -0.000189
vn 0.000838 0.000246 -0.000487
vn 0.000802 0.000219 -0.000556
vn 0.000644 0.000504 -0.000576
vn 0.000639 -0.000762 -0.000104
vn 0.000084 0.00082 -0.000567
vn 0.000297 0.00094 -0.000167
vn 0.000309 0.00093 -0.000199
vn 0.000283 0.000539 -0.000793
vn 0.000334 0.000548 -0.000767
vn 0.000317 0.00066 -0.000681
vn 0.000313 0.000666 -0.000677
vn -0.000042 0.000829 0.000557
vn 0.000048 0.00083 0.000556
vn 0.000048 0.00083 0.000556
vn 0.000139 0.000827 0.000545
vn 0.000139 0.000827 0.000544
vn 0.000226 0.000821 0.000525
vn 0.000233 0.000801 0.000552
vn 0.000317 0.00079 0.000525
vn 0.000315 0.000794 0.00052
vn 0.000397 0.00078 0.000484
vn 0.000381 0.000808 0.000448
vn 0.000458 0.000792 0.000404
vn 0.000439 0.000819 0.000369
vn 0.000501 0.000804 0.000321
vn 0.000514 0.000787 0.000342
vn 0.00057 0.000769 0.00029
vn 0.000565 0.000775 0.000284
vn 0.000615 0.000755 0.000227
vn 0.000589 0.000784 0.000198
vn 0.00063 0.000764 0.000139
vn 0.000612 0.000635 -0.000472
vn 0.000589 0.00062 -0.000519
vn 0.000595 0.000497 -0.000632
vn 0.000558 0.000474 -0.000681
vn -0.00051 0.00049 -0.000707
vn -0.000577 0.000462 -0.000673
vn -0.000921 0.000226 -0.000316
vn -0.000951 0.000251 0.000179
vn -0.000591 0.000654 0.000471
vn -0.000667 0.000609 0.000429
vn -0.000563 0.000507 0.000653
vn 0.000006 0.000815 0.000579
vn -0.000003 0.000821 0.000571
vn 0.00063 0.00063 0.000453
vn 0.000538 0.000691 0.000482
vn 0.000904 0.000344 0.000253
vn 0.000921 0.000314 0.000229
vn 0.000888 0.000267 -0.000373
vn 0.000612 0.000447 -0.000653
vn 0.000394 0.00053 -0.000751
vn -0.000004 0.000928 -0.000373
vn 0.000044 0.000919 -0.000393
vn 0.000002 0.000927 -0.000376
vn -0.000008 0.000929 -0.000369
vn 0.000003 0.000925 -0.00038
vn -0.000002 0.000928 -0.000373
vn -0.000002 0.000927 -0.000375
vn 0.000001 0.000927 -0.000376
vn 0.000001 0.000925 -0.000379
vn -0.000001 0.000926 -0.000379
vn 0.000004 0.000925 -0.000379
vn 0.000003 0.000927 -0.000376
vn 0.000001 0.000927 -0.000376
vn -0.000009 0.000929 -0.000369
vn -0.000012 0.000931 -0.000366
vn -0.000005 0.000929 -0.000369
vn -0.000005 0.000929 -0.00037
vn -0.000004 0.000929 -0.00037
vn -0 0.000928 -0.000374
vn 0.000002 0.000927 -0.000374
vn -0 0.000923 -0.000384
vn -0.000001 0.000927 -0.000375
vn 0.000009 0.000924 -0.000382
vn -0.000002 0.000927 -0.000376
vn -0.000006 0.000929 -0.000371
vn -0.000001 0.000929 -0.00037
vn 0.000004 0.000925 -0.000379
vn 0 0.000927 -0.000376
vn 0.000003 0.000927 -0.000375
vn 0.000006 0.000926 -0.000377
vn 0.000006 0.000926 -0.000377
vn 0.000007 0.000926 -0.000378
vn 0 0.000928 -0.000373
vn 0.000001 0.000927 -0.000374
vn -0.000003 0.000924 -0.000381
vn -0.000003 0.000922 -0.000387
vn -0.000007 0.00093 -0.000367
vn -0.000005 0.00093 -0.000367
vn -0.000001 0.000927 -0.000374
vn -0.000001 0.000927 -0.000374
vn 0.000004 0.000924 -0.000383
vn 0.000004 0.000923 -0.000384
vn 0 0.000924 -0.000382
vn -0.000001 0.000929 -0.000371
vn -0.000001 0.000929 -0.000371
vn -0.000001 0.000931 -0.000364
vn 0.000001 0.000931 -0.000365
vn 0 0.00093 -0.000368
vn -0.000001 0.00093 -0.000367
vn -0.000004 0.000927 -0.000375
vn -0.000005 0.000927 -0.000374
vn -0.000005 0.000927 -0.000375
vn -0.000008 0.000927 -0.000374
vn -0.000007 0.000928 -0.000373
vn -0.000004 0.000927 -0.000374
vn -0.000004 0.000927 -0.000374
vn -0.000005 0.000927 -0.000374
vn -0.000004 0.000926 -0.000377
vn 0.000012 0.000928 -0.000373
vn 0.000018 0.000928 -0.000372
vn 0.000005 0.000927 -0.000375
vn 0.000005 0.000927 -0.000375
vn 0.000004 0.000927 -0.000375
vn 0.000004 0.000927 -0.000375
vn 0.000003 0.000927 -0.000375
vn 0.000001 0.000926 -0.000376
vn 0.000007 0.00093 -0.000368
vn 0.000014 0.000935 -0.000354
vn -0.000007 0.000921 -0.000389
vn -0.000009 0.000921 -0.00039
vn 0.000005 0.000931 -0.000364
vn -0.000006 0.000927 -0.000374
vn 0.000004 0.000927 -0.000375
vn 0.000007 0.000928 -0.000373
vn -0.000011 0.000924 -0.000382
vn -0.00001 0.00092 -0.000392
vn -0.000004 0.000926 -0.000377
vn -0.000004 0.000926 -0.000377
vn 0.000011 0.00093 -0.000367
vn 0.00001 0.00093 -0.000368
vn 0.000011 0.00093 -0.000368
vn 0.000006 0.000929 -0.00037
vn 0.000007 0.000928 -0.000371
vn 0.000003 0.000928 -0.000373
vn 0.000003 0.000928 -0.000373
vn 0.000011 0.000929 -0.000371
vn 0.000011 0.000929 -0.00037
vn 0.000018 0.000929 -0.000369
vn 0.000003 0.000934 -0.000357
vn 0.000001 0.000922 -0.000387
vn -0.000003 0.000924 -0.000382
vn -0.000001 0.000925 -0.000379
vn -0.000001 0.000925 -0.000379
vn -0.000005 0.000923 -0.000385
vn -0.000007 0.000925 -0.000381
vn 0.000011 0.000934 -0.000357
vn 0.000007 0.00093 -0.000367
vn 0.000007 0.000929 -0.000369
vn 0.000003 0.000928 -0.000372
vn 0.000003 0.000928 -0.000373
vn -0.000001 0.000927 -0.000375
vn -0.000002 0.000926 -0.000378
vn -0.000016 0.000923 -0.000385
vn -0.000015 0.000925 -0.00038
vn -0.000005 0.000926 -0.000377
vn -0.000006 0.000926 -0.000378
vn -0.000013 0.000925 -0.00038
vn -0.000011 0.000927 -0.000375
vn 0.000007 0.000928 -0.000372
vn 0.001 0.000004 -0.000024
vn 0.001 0.000008 -0.000015
vn 0.001 0.000008 -0.000014
vn -0.000997 -0.000008 -0.000071
vn -0.001 0.00001 -0.00003
vn -0.001 0.000008 -0.000019
vn -0.001 0.000012 0.000008
vn -0.000004 0.000568 -0.000823
vn -0.000001 0.00057 -0.000821
vn 0.000013 0.000004 0.001
vn 0.000031 0.000004 0.000999
vn 0.000007 0.000008 0.001
vn 0.000353 0.000877 -0.000325
vn 0.000527 0.000841 0.000122
vn 0.000665 0.000397 -0.000632
vn 0.000399 0.000809 -0.000432
vn 0.000021 0.000797 -0.000604
vn 0.000634 -0.000141 -0.00076
vn 0.00056 -0.000185 -0.000808
vn 0.000403 0.000169 -0.0009
vn -0.000002 0.000923 -0.000386
vn 0.000139 0.00087 -0.000473
vn 0.000649 0.000424 -0.000632
vn 0.000001 0.00093 -0.000368
vn 0.000992 -0.000064 -0.000107
vn 0.000999 -0.000041 -0.000025
vn 0.00047 0.000531 -0.000705
vn 0.000509 0.000553 -0.00066
vn 0.000841 0.000136 -0.000524
vn 0.000865 0.00019 -0.000464
vn 0.000431 0.000748 -0.000505
vn 0.000428 0.000784 -0.00045
vn 0.00094 -0.000266 -0.000212
vn 0.000962 -0.00024 -0.000126
vn 0.00042 0.000825 -0.000378
vn 0.000596 0.000802 -0.000048
vn 0.000621 0.000782 0.000052
vn 0.00057 0.000822 0.000002
vn 0.000998 0.000054 0.000031
vn 0.000339 0.000863 -0.000374
vn 0.000693 0.000681 -0.000238
vn 0.000685 0.000706 -0.00018
vn 0.000662 0.000737 -0.000134
vn 0.000665 0.000743 -0.000067
vn 0.000603 0.000789 0.000119
vn 0.000453 0.000891 -0.000037
vn 0.000364 0.000839 0.000404
vn 0.000281 0.000855 0.000436
vn 0.000178 0.000929 0.000324
vn 0.000107 0.000931 0.00035
vn 0.000111 0.000921 0.000374
vn 0.000371 0.000928 -0.000042
vn 0.000628 0.000773 -0.000091
vn 0.000598 0.0008 -0.000046
vn 0.000989 0.000085 0.000121
vn 0.000477 0.000835 -0.000275
vn 0.000487 0.000846 -0.000217
vn 0.000404 0.0009 0.000163
vn 0.000322 0.000934 0.000152
vn 0.000201 0.000968 0.000151
vn 0.00014 0.000976 0.000168
vn 0.00002 0.000967 -0.000254
vn 0.000549 0.000791 0.000269
vn 0.000489 0.000811 0.000322
vn 0.000363 0.000904 0.000226
vn 0.000309 0.000911 0.000274
vn 0.00025 0.000252 0.000935
vn 0.000539 0.000443 0.000717
vn 0.000042 0.000956 -0.000292
vn 0.000495 0.000847 0.000195
vn 0.000028 0.000958 0.000286
vn 0.000037 0.000923 0.000384
vn 0.000056 0.000154 0.000986
vn 0.000427 0.000851 -0.000306
vn 0.00063 -0.000706 0.000324
vn 0.000536 -0.000727 0.00043
vn 0.000142 -0.000906 0.0004
vn 0.000825 0.000557 -0.0001
vn 0.000511 0.000827 -0.000232
vn 0.000551 0.000819 -0.000158
vn 0.00073 0.000684 -0.000019
vn 0.000412 -0.00079 0.000453
vn 0.000622 0.000782 -0.000045
vn 0.000711 -0.000472 0.000522
vn 0.000733 0.000662 0.000154
vn 0.000796 0.00046 0.000394
vn 0.000519 0.000844 0.000132
vn 0.000674 -0.000242 0.000698
vn 0.000221 -0.000787 0.000576
vn 0.000513 0.000831 0.000213
vn 0.000316 0.000946 0.000075
vn 0.000284 -0.000699 0.000657
vn 0.000296 0.000954 -0.000047
vn 0.000315 0.000946 0.000075
vn 0.000254 -0.000679 0.000689
vn 0.000315 0.000925 0.000213
vn 0.000316 0.000925 0.000213
vn 0.000202 -0.000686 0.000699
vn 0.000196 0.000977 0.000083
vn 0.000243 0.000925 0.000292
vn 0.000092 -0.000823 0.000561
vn 0.00013 -0.000665 0.000735
vn 0.000208 0.000845 0.000492
vn 0.000142 0.000985 0.000095
vn 0.000131 0.000903 0.000408
vn 0.000158 0.000491 0.000857
vn 0.0001 -0.000549 0.00083
vn 0.000047 0.000876 0.00048
vn 0.000049 0.000607 0.000793
vn 0.000054 0.000112 -0.000992
vn 0.000104 0.000808 -0.00058
vn 0.000116 0.000699 -0.000706
vn 0.000218 0.000816 -0.000536
vn 0.000287 0.000791 -0.00054
vn 0.000302 0.000804 -0.000513
vn 0.000342 0.000801 -0.000491
vn 0.000341 0.000802 -0.00049
vn 0.000303 0.000803 -0.000513
vn 0.000421 -0.000898 0.000127
vn 0.000382 -0.000918 0.000105
vn 0.000472 0.000746 -0.000469
vn 0.000948 0.000145 -0.000284
vn 0.000723 -0.000651 0.000232
vn 0.000601 0.000736 -0.00031
vn 0.000601 0.000736 -0.00031
vn 0.00022 0.000816 -0.000535
vn 0.000283 -0.000949 0.000142
vn 0.000678 0.000259 -0.000687
vn 0.000223 0.000785 -0.000578
vn 0.000323 -0.000945 0.000049
vn 0.00062 0.00024 -0.000747
vn 0.000047 0.000379 -0.000924
vn 0.000154 0.00082 -0.000552
vn 0.000202 -0.00097 0.000138
vn 0.000499 0.000365 -0.000786
vn 0.000257 -0.000919 -0.000299
vn 0.000282 0.000357 -0.000891
vn 0.000046 0.000386 -0.000921
vn 0.000122 0.000356 -0.000927
vn 0.000196 -0.000981 0.000004
vn 0.00036 0.000356 -0.000863
vn 0.000354 0.00037 -0.000859
vn 0.000113 0.000454 -0.000884
vn 0.000199 0.0004 -0.000895
vn 0.000204 0.000382 -0.000901
vn 0.00028 0.000366 -0.000887
vn 0.000206 0.000689 -0.000694
vn 0.000225 0.000738 -0.000636
vn 0.000475 0.000413 -0.000777
vn 0.000523 0.000448 -0.000725
vn 0.000613 0.000388 -0.000688
vn 0.000665 0.000401 -0.00063
vn 0.000527 -0.000843 0.000108
vn 0.000426 0.000774 -0.000468
vn 0.000046 0.000348 0.000936
vn 0.000261 0.000327 0.000908
vn 0.000365 0.000313 0.000877
vn 0.000365 0.000344 0.000865
vn 0.000464 0.000328 0.000823
vn 0.000631 0.000336 0.000699
vn 0.000708 0.00031 0.000635
vn 0.000851 0.000387 -0.000355
vn 0.00094 0.000042 -0.000338
vn 0.000765 0.000316 -0.000562
vn 0.00072 0.000303 -0.000624
vn 0.000803 0.000435 0.000408
vn 0.000868 0.000328 0.000373
vn 0.000941 0.000338 0.000006
vn 0.000942 0.000324 -0.000082
vn 0.000767 0.000397 -0.000503
vn 0.000725 0.000386 -0.00057
vn 0.000686 0.000475 0.000552
vn 0.000753 0.000448 0.000482
vn 0.000688 0.000629 0.000361
vn 0.000752 0.000586 0.000302
vn 0.000806 0.000564 -0.000179
vn 0.000818 0.000521 -0.000244
vn 0.000809 0.000533 -0.000248
vn 0.000809 0.000498 -0.000312
vn 0.000772 0.000547 -0.000325
vn 0.000757 0.000524 -0.000391
vn 0.000148 0.00059 0.000794
vn 0.00026 0.000578 0.000774
vn 0.000439 0.000581 0.000686
vn 0.000531 0.000557 0.000639
vn 0.000527 0.000573 0.000628
vn 0.00061 0.000546 0.000574
vn 0.000814 0.000512 0.000276
vn 0.000851 0.000485 0.000199
vn 0.000845 0.000499 0.000191
vn 0.000875 0.00047 0.000119
vn 0.000865 0.00049 0.000108
vn 0.000886 0.000462 0.000034
vn 0.000849 0.000529 0.000001
vn 0.000862 0.000501 -0.000078
vn 0.000147 0.000795 -0.000589
vn 0.000234 -0.000972 0.000025
vn 0.000428 0.000368 -0.000825
vn 0.000433 0.000355 -0.000828
vn 0.000045 0.000485 0.000874
vn 0.000158 0.000478 0.000864
vn 0.000798 0.000417 -0.000434
vn 0.000763 0.000404 -0.000505
vn 0.000224 0.000784 0.000579
vn 0.000317 0.00077 0.000553
vn 0.00069 0.0006 -0.000403
vn 0.000675 0.000575 -0.000462
vn 0.000569 0.000599 -0.000563
vn 0.000523 0.000595 -0.000611
vn 0.00023 0.000755 -0.000614
vn 0.000332 0.000702 -0.00063
vn 0.000727 -0.000201 -0.000657
vn -0.000829 0.000277 -0.000486
vn -0.000858 0.000512 0.000031
vn -0.000387 0.00021 -0.000898
vn -0.000518 0.000064 -0.000853
vn -0.00051 0.000065 -0.000858
vn -0.000798 0.000041 -0.000601
vn 0.000294 0.000036 0.000955
vn 0.000889 0.000074 0.000453
vn 0.000815 0.000061 0.000577
vn 0.000566 0.000043 0.000823
vn 0.00047 0.000262 0.000843
vn 0.000875 0.000383 0.000295
vn 0.00084 0.000405 0.000361
vn 0.000895 0.000291 0.000339
vn 0.000713 0.000538 0.00045
vn 0.000839 0.000066 -0.00054
vn 0.000664 0.000046 -0.000746
vn 0.000228 0.000026 -0.000973
vn -0.000292 0.000434 0.000852
vn -0.000419 0.000458 0.000784
vn -0.000428 0.000322 0.000844
vn -0.000651 0.000059 0.000757
vn -0.000652 0.000059 0.000756
vn -0.001 0.000009 0.000011
vn -0.000999 0.000007 0.000031
vn -0.000999 0.000001 0.000031
vn -0.001 0.000002 0.00003
vn -0.000376 0.000064 0.000925
vn -0.000639 0.000061 0.000767
vn -0.000825 0.000037 0.000564
vn -0.000006 0.000574 0.000819
vn 0.000898 0.000035 0.000438
vn 0.000789 0.000042 0.000613
vn 0.000382 0.000067 0.000922
vn 0.000521 0.000065 0.000851
vn 0.001 -0.000002 0.000018
vn 0.001 0.000002 0.000024
vn 0.001 0.000003 0.00002
vn 0.001 0.000008 -0.000004
vn -0.000023 0.000005 0.001
vn -0.000026 0.000002 0.001
vn -0.00001 0.000008 0.001
vn 0 0.000475 0.00088
vn 0.000001 0.000487 0.000874
vn 0.000443 0.00059 0.000675
vn 0.000539 0.000349 0.000767
vn 0.000698 0.000289 0.000655
vn 0.000249 0.000301 0.000921
vn 0.00061 0.000409 0.000679
vn 0.00028 0.000074 0.000957
vn 0.000578 0.000057 0.000814
vn 0.00076 0.000056 0.000648
vn -0.000218 0.000022 -0.000976
vn -0.000576 0.00004 -0.000816
vn -0.000827 0.000065 -0.000559
vn -0.000052 0.00003 -0.000998
vn -0.000864 0.000355 0.000356
vn -0.000804 0.000327 0.000497
vn -0.000735 0.000585 0.000342
vn -0.000869 0.00006 0.000491
vn -0.000396 0.00003 0.000918
vn -0.00071 0.000066 0.000701
vn 0.000812 0.000041 -0.000582
vn 0.000654 0.00006 -0.000754
vn 0.000508 0.000064 -0.000859
vn 0.000063 -0.00001 0.000998
vn 0.000261 0.000163 -0.000952
vn 0.000416 0.000401 -0.000816
vn 0.000748 0.000315 -0.000585
vn 0.000007 0.000286 -0.000958
vn -0.000063 0.000608 0.000792
vn -0.000298 0.000721 -0.000626
vn -0.000329 0.000903 -0.000277
vn -0.000512 0.000784 0.000352
vn -0.000444 0.000819 0.000362
vn -0.00004 0.000947 0.000317
vn -0.000417 0.000854 0.00031
vn -0.000343 0.000876 0.000339
vn -0.000424 0.000887 0.000184
vn -0.000467 0.000874 0.000132
vn -0.000252 0.000924 0.000289
vn -0.000319 0.000908 0.000272
vn -0.000051 0.000899 0.000435
vn -0.000125 0.000904 0.000408
vn -0.000089 0.000977 0.000191
vn -0.000155 0.000972 0.000178
vn -0.00028 0.000114 0.000953
vn -0.000054 0.000967 -0.000249
vn -0.000426 0.00067 0.000608
vn -0.000187 0.000927 0.000324
vn -0.000258 0.000916 0.000309
vn -0.000197 0.00098 0.000001
vn -0.000218 0.000974 -0.000062
vn -0.000607 0.000794 0.000022
vn -0.000569 0.00082 0.00007
vn -0.000601 0.000793 0.000101
vn -0.000557 0.000817 0.000149
vn -0.000688 0.000536 0.000489
vn -0.000149 0.000955 -0.000258
vn -0.00069 0.000692 0.00021
vn -0.000951 0.000184 0.000248
vn -0.000977 0.000099 0.000191
vn -0.000482 0.000854 -0.000195
vn -0.000467 0.000873 -0.000139
vn -0.000693 0.00072 0.000019
vn -0.00062 0.000784 0.000034
vn -0.00034 0.000884 -0.000322
vn -0.00074 0.000608 -0.000288
vn -0.000753 0.000565 -0.000338
vn -0.000572 0.000588 -0.000572
vn -0.00056 0.000646 -0.000519
vn -0.000544 0.000617 -0.000569
vn -0.000905 0.000176 -0.000387
vn -0.000516 0.000009 -0.000857
vn -0.000047 0.000884 -0.000465
vn -0.000113 0.000375 -0.00092
vn -0.000002 0.00093 -0.000368
vn -0.000904 0.000265 -0.000334
vn -0.000471 0.000768 -0.000434
vn -0.000963 -0.000179 0.000203
vn -0.000956 -0.000256 0.00014
vn -0.000337 0.000864 -0.000375
vn -0.000329 0.000884 -0.000333
vn -0.00032 0.000744 -0.000586
vn -0.000362 0.000709 -0.000606
vn -0.000018 0.000793 -0.000608
vn -0.000037 0.00037 -0.000928
vn -0.000004 0.000914 -0.000406
vn -0.000628 -0.000733 0.000261
vn -0.000415 0.000829 -0.000375
vn -0.000402 0.000818 -0.000411
vn -0.000756 -0.00065 0.000076
vn -0.000419 -0.000871 0.000257
vn -0.000426 0.000783 -0.000453
vn -0.000608 -0.000787 0.000106
vn -0.000469 0.000727 -0.000502
vn -0.000771 -0.000629 -0.000102
vn -0.000272 0.000779 -0.000565
vn -0.000198 0.000807 -0.000556
vn -0.000195 0.000807 -0.000558
vn -0.00027 0.00078 -0.000565
vn -0.00038 -0.000925 -0.000031
vn -0.000578 0.000319 -0.000751
vn -0.000634 0.000337 -0.000696
vn -0.00018 0.000791 -0.000584
vn -0.000285 -0.000958 0.00002
vn -0.000519 0.000292 -0.000803
vn -0.000571 0.000335 -0.000749
vn -0.000182 0.000748 -0.000638
vn -0.000178 0.000748 -0.000639
vn -0.000148 0.000733 -0.000664
vn -0.000075 0.000685 -0.000725
vn -0.000159 -0.000245 -0.000956
vn -0.000098 0.000762 -0.000641
vn -0.000093 0.000762 -0.000641
vn -0.000249 -0.000673 -0.000697
vn -0.000569 0.000339 -0.000749
vn -0.000514 0.000321 -0.000796
vn -0.000114 0.000368 -0.000923
vn -0.000193 0.00037 -0.000909
vn -0.000269 0.000375 -0.000887
vn -0.000339 0.00039 -0.000856
vn -0.000448 0.000456 -0.000769
vn -0.000375 0.000464 -0.000803
vn -0.00017 0.000459 -0.000872
vn -0.000245 0.000468 -0.000849
vn -0.000035 0.000489 -0.000871
vn -0.000038 0.000353 -0.000935
vn -0.000412 0.000704 -0.000579
vn -0.000541 0.000566 -0.000622
vn -0.000413 0.000384 -0.000826
vn -0.00035 0.000355 -0.000867
vn -0.000155 -0.000988 -0.000028
vn -0.000146 -0.000142 0.000979
vn -0.000041 -0.00056 0.000827
vn -0.000274 0.000226 0.000935
vn -0.000346 0.000877 0.000334
vn -0.000287 0.000957 -0.000048
vn -0.000408 -0.000535 0.00074
vn -0.000408 -0.000414 0.000814
vn -0.000324 0.00094 0.000106
vn -0.000381 0.000313 0.00087
vn -0.000134 -0.000878 0.000459
vn -0.000269 -0.000765 0.000584
vn -0.000618 -0.000244 0.000747
vn -0.000384 0.000923 -0.000012
vn -0.000682 0.000725 0.000096
vn -0.000534 0.000844 0.000057
vn -0.000565 -0.000547 0.000618
vn -0.00073 0.000554 0.000401
vn -0.00083 0.000546 -0.000115
vn -0.000806 -0.000542 0.000237
vn -0.00088 0.000452 -0.000146
vn -0.000592 0.00075 -0.000295
vn -0.000592 0.00075 -0.000295
vn -0.000927 0.000329 0.00018
vn -0.000922 0.000167 0.000349
vn -0.000935 0.000346 0.000079
vn -0.000848 0.000429 0.00031
vn -0.000803 0.00046 0.000378
vn -0.000474 0.000374 0.000797
vn -0.000374 0.000488 0.000788
vn -0.000279 0.000407 0.00087
vn -0.000168 0.00036 0.000918
vn -0.000916 0.000353 -0.000191
vn -0.000911 0.000315 -0.000266
vn -0.00047 0.000687 -0.000554
vn -0.000407 -0.000866 0.000292
vn -0.000969 0.000247 0.000029
vn -0.000694 0.000334 -0.000638
vn -0.000756 0.000317 -0.000572
vn -0.000866 0.000459 0.000198
vn -0.000837 0.000464 0.000291
vn -0.000795 0.000489 0.000359
vn -0.000743 0.000514 0.000429
vn -0.00076 0.00044 0.000479
vn -0.000701 0.000452 0.000551
vn -0.000553 0.000479 0.000681
vn -0.000465 0.000487 0.000739
vn -0.000271 -0.000961 -0.00005
vn -0.000813 0.00055 -0.00019
vn -0.000816 0.000566 -0.000115
vn -0.000765 0.000626 -0.000149
vn -0.000758 0.000647 -0.000084
vn -0.000427 0.000709 0.000561
vn -0.000342 0.000724 0.0006
vn -0.000351 0.000673 0.000651
vn -0.000254 0.000688 0.00068
vn -0.000688 -0.000636 -0.000348
vn -0.000614 0.000378 -0.000693
vn -0.000667 0.000386 -0.000638
vn -0.000732 0.000363 -0.000577
vn -0.000763 0.000394 -0.000513
vn -0.000709 0.000473 -0.000524
vn -0.000738 0.000494 -0.00046
vn -0.000749 0.000479 -0.000457
vn -0.000779 0.00049 -0.000392
vn -0.000769 0.000502 -0.000395
vn -0.0008 0.000507 -0.00032
vn -0.000815 0.000518 -0.000258
vn -0.000827 0.000532 -0.000181
vn -0.000849 0.000529 -0.00002
vn -0.000837 0.000544 0.000066
vn -0.000804 0.000594 0.000031
vn -0.00079 0.000603 0.000112
vn -0.000061 0.000535 0.000843
vn -0.000171 0.000546 0.00082
vn -0.000554 0.000467 0.000689
vn -0.000634 0.000453 0.000627
vn -0.000633 0.000456 0.000625
vn -0.000703 0.000443 0.000556
vn -0.000143 0.000797 0.000587
vn -0.000238 0.000791 0.000564
vn -0.000559 0.000783 0.000272
vn -0.000608 0.000766 0.000211
vn -0.00022 -0.000974 -0.000059
vn -0.000152 0.000733 -0.000663
vn 0.000821 0.000037 -0.000569
vn 0.000587 0.000062 -0.000808
vn 0.000423 0.000064 -0.000904
vn -0.000897 0.000029 -0.00044
vn -0.000648 0.000061 -0.000759
vn -0.000436 0.000064 -0.000898
vn 0.000883 0.00047 -0.000016
vn 0.000875 0.000484 -0.000017
vn 0.000365 0.000526 0.000768
vn 0.000401 0.000564 0.000722
vn 0.000723 0.000003 0.000691
vn 0.000726 0.000003 0.000688
vn 0.000021 0.000002 -0.001
vn 0.000012 0.000007 -0.001
vn 0.000004 0.000008 -0.001
vn 0.000924 0.000359 -0.000131
vn 0.000585 0.000431 -0.000687
vn 0.000739 0.000339 -0.000582
vn -0.000589 -0.000002 0.000808
vn -0.00078 0.000014 0.000625
vn -0.000632 0.000774 -0.000015
vn -0.00081 0.000586 -0.000013
vn -0.00049 0.00068 0.000546
vn 0.000468 -0.000777 0.00042
vn -0.00038 0.000558 0.000738
vn -0.00093 0.000336 -0.000148
vn -0.00094 0.000186 -0.000286
vn -0.00056 0.000456 -0.000692
vn 0.000013 0.000013 -0.001
vn -0.00003 0.000007 -0.001
vn -0.000018 0.000002 -0.001
vn -0.000848 0.000473 -0.000237
vn -0.000488 0.000796 -0.00036
vn -0.000864 0.000445 -0.000235
vn -0.000706 0.000444 -0.000552
vn -0.000146 0.000797 -0.000586
vn -0.000389 0.000834 -0.000391
vn -0.000658 0.000539 -0.000526
vn -0.00056 0.00015 -0.000815
vn -0.000841 0.000187 -0.000508
vn -0.000646 0.000432 -0.000629
vn -0.000552 0.000461 -0.000695
vn 0.000158 0.000153 0.000976
vn 0.000257 0.000927 0.000273
vn 0.000304 0.00085 0.00043
vn 0.000717 0.000603 0.000349
vn 0.000866 0.000304 0.000397
vn 0.000726 0.000539 0.000428
vn 0.000487 0.000619 0.000617
vn 0.000469 0.000817 0.000336
vn 0.000908 0.000356 0.000219
vn 0.00074 0.000629 0.000237
vn 0.000534 0.000801 -0.000271
vn 0.000334 0.00045 0.000828
vn 0.000145 0.000493 0.000858
vn 0.000178 0.000537 0.000825
vn 0.000583 0.000329 0.000743
vn 0.000624 0.000284 0.000728
vn 0.000719 0.000493 0.00049
vn 0.000829 0.00054 0.000145
vn 0.000803 0.000383 0.000457
vn 0.000706 0.000484 0.000517
vn 0.000776 0.000382 0.000503
vn 0.000834 0.000113 -0.000539
vn 0.000443 0.00058 -0.000684
vn 0.000145 0.000635 -0.000759
vn 0.000202 0.000445 -0.000872
vn 0.000426 0.000515 -0.000744
vn 0.000416 0.000393 -0.00082
vn 0.00029 0.000518 -0.000805
vn 0.000832 0.000282 -0.000478
vn 0.000616 0.000277 -0.000737
vn 0.000605 0.000416 -0.000679
vn -0.000509 0.000601 0.000616
vn -0.000292 0.000697 0.000654
vn -0.000409 0.000803 0.000434
vn -0.000592 0.00031 0.000744
vn -0.000873 0.000332 0.000358
vn -0.000905 0.0004 0.000145
vn -0.000693 0.00019 0.000696
vn -0.000609 0.00026 0.000749
vn -0.000311 0.000466 0.000828
vn -0.000792 0.000441 0.000423
vn -0.000656 0.000679 0.000328
vn -0.00069 0.000663 0.00029
vn -0.000003 0.000073 0.000997
vn 0.000005 0.000077 0.000997
vn 0.000777 0.00052 0.000356
vn 0.00073 0.000552 0.000403
vn 0.000785 0.000578 0.000222
vn 0.000869 0.000429 0.000248
vn 0.000394 0.00075 0.000532
vn 0.000265 0.000388 0.000882
vn 0.000471 0.000379 0.000797
vn 0.000777 0.000184 0.000602
vn 0.00096 0.000127 0.000248
vn 0.000632 0.000459 0.000625
vn 0.000631 0.00046 0.000625
vn 0.000105 0.000701 0.000705
vn -0.000183 0.0006 -0.000779
vn -0.000367 0.000664 -0.000651
vn -0.000466 0.000602 -0.000649
vn -0.000215 0.000538 -0.000815
vn -0.000646 0.000304 -0.0007
vn -0.000648 0.000222 -0.000728
vn -0.000758 0.000208 -0.000619
vn -0.000536 0.000352 -0.000767
vn -0.00036 0.000319 -0.000876
vn -0.000792 0.000267 -0.000548
vn -0.000178 0.0006 -0.00078
vn -0.000768 0.000614 0.000181
vn -0.000785 0.00044 0.000437
vn -0.000597 0.000411 0.000688
vn -0.000524 0.000353 0.000775
vn -0.000468 0.000491 0.000735
vn -0.000472 0.000765 0.000438
vn -0.000256 0.000962 0.000097
vn -0.00029 0.00094 0.000182
vn -0.000238 0.000771 0.00059
vn -0.000132 0.00039 0.000911
vn -0.000115 0.000211 0.000971
vn -0.00041 0.000289 0.000865
vn -0.000374 0.0004 0.000837
vn -0.00032 0.000178 0.000931
vn -0.000722 0.000634 0.000278
vn -0.000253 0.000686 0.000682
vn -0.000434 0.000901 0.00002
vn -0.00052 0.000812 0.000267
vn -0.0005 0.000738 0.000453
vn -0.000658 0.000659 -0.000364
vn -0.000518 0.000663 0.00054
vn -0.000874 0.000273 0.000401
vn -0.000728 0.00017 0.000664
vn -0.000754 0.000497 0.000429
vn -0.000862 0.000443 0.000247
vn -0.000993 0.000073 -0.000097
vn -0.000066 0.000072 0.000995
vn 0.000997 0.000069 0.000036
vn 0.000056 0.000061 -0.000997
vn 0.00005 0.000041 -0.000998
vn 0.000065 0.000071 -0.000995
vn 0.000055 0.000065 -0.000996
vn 0.000065 0.000083 -0.000994
vn 0.000159 0.000063 -0.000985
vn 0.000171 0.000086 -0.000981
vn 0.000265 0.000054 -0.000963
vn 0.000277 0.000085 -0.000957
vn 0.000372 0.000059 -0.000926
vn 0.000379 0.000082 -0.000922
vn 0.000469 0.000069 -0.000881
vn 0.00047 0.000075 -0.000879
vn 0.000559 0.000068 -0.000827
vn 0.000561 0.000081 -0.000824
vn 0.00065 0.00006 -0.000758
vn 0.000642 0.000066 -0.000764
vn 0.000681 0.000174 -0.000711
vn 0.00067 0.000036 -0.000742
vn 0.000719 0.000058 -0.000693
vn 0.000727 0.000093 -0.000681
vn 0.000783 0.000062 -0.000619
vn 0.000788 0.000093 -0.000609
vn 0.000841 0.000052 -0.000539
vn 0.000841 0.000052 -0.000539
vn 0.000847 0.000096 -0.000523
vn 0.000889 0.000063 -0.000453
vn 0.000859 0.000061 -0.000509
vn 0.000893 0.000044 -0.000448
vn 0.000899 0.000098 -0.000428
vn 0.000928 0.000077 -0.000364
vn 0.000916 0.000052 -0.000399
vn 0.000936 0.000042 -0.000348
vn 0.000941 0.000095 -0.000326
vn 0.00096 0.000092 -0.000265
vn 0.000956 0.000011 -0.000295
vn 0.000974 0.000061 -0.000217
vn 0.000962 0.000074 -0.000262
vn 0.000975 0.000132 -0.00018
vn 0.000984 -0.000001 -0.000181
vn 0.000993 0.00007 -0.000098
vn 0.000989 0.0001 -0.000104
vn 0.000939 0.000261 -0.000223
vn 0.000996 0.000059 -0.000064
vn 0.001 -0.000009 -0.000014
vn 0.000999 -0.000029 -0.00003
vn 0.000999 -0.000035 -0.000003
vn 0.000995 0.000097 -0.000002
vn 0.000995 0.000097 -0.000002
vn 0.000994 0.000094 0.000054
vn 0.000998 0.000018 0.000052
vn 0.000996 0.00005 0.000068
vn 0.000983 0.000099 0.000157
vn 0.000986 0.000073 0.000148
vn 0.000983 0.000073 0.00017
vn 0.000986 0.000035 0.000164
vn 0.000959 0.000104 0.000263
vn 0.000963 0.000072 0.000258
vn 0.000958 0.00007 0.000278
vn 0.000962 0.000046 0.000268
vn 0.000925 0.000088 0.00037
vn 0.000927 0.000049 0.000372
vn 0.000879 0.00009 0.000469
vn 0.00088 0.000051 0.000471
vn 0.000828 0.00008 0.000554
vn 0.000815 0.000044 0.000578
vn 0.000754 0.000099 0.000649
vn 0.000758 0.000032 0.000652
vn 0.000677 0.000119 0.000727
vn 0.00069 0.000056 0.000721
vn 0.000663 0.000033 0.000748
vn 0.000588 0.000148 0.000795
vn 0.000606 0.00005 0.000794
vn 0.000571 0.00003 0.00082
vn 0.000493 0.000162 0.000855
vn 0.000517 0.000057 0.000854
vn 0.000478 0.000036 0.000878
vn 0.000395 0.000159 0.000905
vn 0.00042 0.000062 0.000906
vn 0.000381 0.000039 0.000924
vn 0.000288 0.000149 0.000946
vn 0.000317 0.000049 0.000947
vn 0.00003 0.000072 0.000997
vn 0.000272 0.000031 0.000962
vn 0.000219 0.000109 0.00097
vn 0.000215 0.000106 0.000971
vn 0.000169 0.000027 0.000985
vn 0.000164 0.000026 0.000986
vn 0.000106 0.000109 0.000988
vn 0.000105 0.000108 0.000989
vn 0.000057 0.000027 0.000998
vn 0.00006 0.000028 0.000998
vn 0.000063 0.000038 0.000997
vn 0.000051 -0.000041 0.000998
vn -0 0.000082 0.000997
vn -0.000052 0.000056 0.000997
vn -0.000052 0.000056 0.000997
vn -0.000059 0.000104 0.000993
vn -0.000119 0.000081 0.000989
vn 0.000011 0.000069 0.000998
vn -0.000157 0.000057 0.000986
vn -0.000173 0.00008 0.000982
vn -0.000165 0.00009 0.000982
vn -0.000193 0.000096 0.000977
vn -0.000262 0.000037 0.000964
vn -0.000295 0.000071 0.000953
vn -0.000254 0.000071 0.000964
vn -0.000829 0.000092 0.000552
vn -0.000808 0.000037 0.000589
vn -0.000805 0.000038 0.000592
vn -0.000763 0.000107 0.000637
vn -0.000736 0.000045 0.000676
vn -0.00072 0.000051 0.000692
vn -0.000685 0.000105 0.000721
vn -0.000648 0.000031 0.000761
vn -0.000606 0.000093 0.00079
vn -0.000592 0.000097 0.0008
vn -0.000559 0.00003 0.000829
vn -0.000499 0.000098 0.000861
vn -0.000499 0.000098 0.000861
vn -0.000459 0.000024 0.000888
vn -0.000402 0.0001 0.00091
vn -0.000362 0.000074 0.000929
vn -0.000398 0.000063 0.000915
vn -0.00037 0.000035 0.000928
vn -0.000298 0.000114 0.000948
vn -0.000998 0.000033 0.000061
vn -0.000994 0.000109 -0.000024
vn -0.000995 0.000087 0.000055
vn -0.000993 0.000036 0.000112
vn -0.000985 0.000095 0.000143
vn -0.000984 0.000098 0.00015
vn -0.000977 0.000042 0.00021
vn -0.000963 0.000097 0.00025
vn -0.000962 0.000097 0.000255
vn -0.000951 0.000044 0.000306
vn -0.000932 0.000092 0.000351
vn -0.000926 0.00009 0.000368
vn -0.000919 0.000065 0.000388
vn -0.00088 0.000072 0.00047
vn -0.000872 0.000047 0.000487
vn -0.000999 0.000034 -0.00001
vn -0.000992 0.000069 0.000103
vn -0.000997 -0.000059 0.000041
vn -0.001 0.000006 -0.000029
vn -0.001 0.000012 0.000012
vn -0.000996 0.00007 -0.000052
vn -0.000978 0.00015 -0.000148
vn -0.000996 0.000032 -0.00008
vn -0.0009 0.000078 -0.000428
vn -0.000909 0.000087 -0.000407
vn -0.000945 0.000053 -0.000321
vn -0.000945 0.000088 -0.000315
vn -0.000969 0.00006 -0.00024
vn -0.000975 0.000058 -0.000216
vn -0.000973 0.000087 -0.000213
vn -0.000994 0.000053 -0.000093
vn -0.000994 0.000053 -0.000093
vn -0.000917 0.00004 -0.000397
vn -0.00086 0.000086 -0.000503
vn -0.000859 0.000084 -0.000504
vn -0.000857 0.000047 -0.000513
vn -0.000789 0.000092 -0.000608
vn -0.000814 0.000041 -0.000579
vn -0.000762 0.000074 -0.000644
vn -0.000764 0.000072 -0.000642
vn -0.000719 0.000086 -0.00069
vn -0.000754 0.000028 -0.000657
vn -0.000679 0.000065 -0.000731
vn -0.000628 0.000117 -0.000769
vn -0.000722 0.000066 -0.000689
vn -0.000689 0.000023 -0.000724
vn -0.000616 0.000051 -0.000786
vn -0.000644 0.000051 -0.000763
vn -0.000576 0.000103 -0.000811
vn -0.000588 0.0001 -0.000803
vn -0.000558 0.000043 -0.000829
vn -0.000033 0.000072 -0.000997
vn -0.000501 0.000095 -0.00086
vn -0.000504 0.000095 -0.000858
vn -0.000466 0.000046 -0.000884
vn -0.000465 0.000046 -0.000884
vn -0.000412 0.000097 -0.000906
vn -0.000405 0.000096 -0.000909
vn -0.000372 0.000048 -0.000927
vn -0.000371 0.000048 -0.000927
vn -0.000314 0.000095 -0.000945
vn -0.000268 0.000074 -0.000961
vn -0.000314 0.000062 -0.000947
vn -0.000265 0.00004 -0.000963
vn -0.000212 0.000092 -0.000973
vn -0.000211 0.000091 -0.000973
vn -0.000162 0.00004 -0.000986
vn -0.00011 0.000094 -0.00099
vn -0.00011 0.000094 -0.00099
vn -0.000056 0.000044 -0.000997
vn -0.000053 0.000024 -0.000998
vn 0.000021 0.000107 -0.000994
vn 0.000001 0.00008 -0.000997
vn 0.000791 0.000531 -0.000304
vn 0.000689 0.00043 -0.000584
vn 0.000971 0.000112 -0.000213
vn 0.000548 0.000433 -0.000716
vn 0.000751 0.00057 -0.000334
vn 0.0006 0.000575 -0.000557
vn 0.000673 0.000608 -0.000422
vn 0.00059 0.000194 -0.000784
vn 0.000663 0.000227 -0.000713
vn 0.000542 0.00078 -0.000313
vn 0.000001 0.000074 -0.000997
vn -0.000002 0.000073 -0.000997
vn 0.000576 0.000818 0.000002
vn 0.000579 0.000816 0.000005
vn 0.000674 0.000294 0.000677
vn 0.001 -0.000004 0.000011
vn 0.001 0.000003 -0.000003
vn 0.001 0.000003 -0.000003
vn 0.000947 0.000004 -0.000322
vn 0.000793 0.000003 -0.000609
vn 0.000695 0.000006 -0.000719
vn 0.000598 0.000003 -0.000801
vn 0.000487 0.000678 -0.00055
vn 0.000507 0.000714 -0.000483
vn 0.000235 0.000346 -0.000908
vn -0.001 0.000004 0.000012
vn -0.001 -0.000003 0.000004
vn -0.001 0.00002 -0.000009
vn -0.000579 0.000815 0.000004
vn -0.000577 0.000817 0.000007
vn -0.000256 0.000378 -0.00089
vn -0.000485 0.00067 -0.000562
vn -0.000519 0.000737 -0.000432
vn -0.000496 0.000002 -0.000868
vn -0.00069 0.000004 -0.000723
vn -0.000718 0.000003 -0.000696
vn -0.000961 0.000005 -0.000276
vn -0.000622 0.00039 -0.000678
vn -0.000234 0.000648 -0.000725
vn -0.00041 0.000551 -0.000727
vn -0.000361 0.000768 -0.00053
vn -0.000001 0.000927 -0.000374
vn -0.000001 0.000927 -0.000374
vn 0.000006 0.000919 -0.000395
vn 0.000004 0.000922 -0.000387
vn 0.000004 0.00092 -0.000392
vn 0.000003 0.00092 -0.000391
vn 0.000001 0.000922 -0.000387
vn 0.00002 0.000924 -0.000381
vn 0.000045 0.000925 -0.000378
vn 0.000048 0.000924 -0.000379
vn 0.000023 0.000923 -0.000384
vn 0.00013 0.000894 -0.000429
vn 0.000026 0.000921 -0.000389
vn 0.000034 0.000918 -0.000395
vn 0.000022 0.000921 -0.000389
vn 0.000027 0.000919 -0.000394
vn 0.000012 0.000923 -0.000384
vn 0.000012 0.000923 -0.000385
vn 0.000017 0.000921 -0.00039
vn 0.00001 0.000923 -0.000385
vn 0.00001 0.000923 -0.000385
vn 0.000011 0.000922 -0.000386
vn 0.000004 0.000925 -0.00038
vn 0.000012 0.000919 -0.000393
vn 0.000011 0.00092 -0.000392
vn 0.000023 0.000908 -0.000419
vn 0.000008 0.00092 -0.000392
vn -0.000007 0.000927 -0.000375
vn 0.0003 0.000917 -0.000264
vn 0.000406 0.000914 -0.000012
vn 0.000053 0.000711 0.000701
vn 0.000932 0.000351 -0.00009
vn 0.000019 0.000984 -0.000179
vn 0.000018 0.000992 -0.000122
vn 0.00036 0.00014 0.000922
vn 0.000063 0.000978 -0.000196
vn 0.000103 0.000983 -0.000153
vn 0.00043 -0.000042 0.000902
vn 0.000096 0.000972 -0.000212
vn 0.000175 0.000976 -0.000128
vn 0.000459 0.000778 0.00043
vn 0.000291 0.000957 0.00001
vn 0.000569 0.000672 0.000474
vn 0.000164 0.000967 -0.000195
vn 0.000034 0.000941 -0.000337
vn -0.000011 0.000923 -0.000385
vn -0.000011 0.000923 -0.000385
vn 0.000113 0.000955 -0.000275
vn 0.000064 0.000937 -0.000343
vn 0.000055 0.000932 -0.000359
vn 0.000123 0.000929 -0.000348
vn 0.000546 0.000779 -0.000308
vn 0.000031 0.000927 -0.000375
vn 0.00003 0.000927 -0.000375
vn 0.000088 0.000922 -0.000376
vn 0.000102 0.000921 -0.000376
vn 0.000113 0.000915 -0.000387
vn 0.000067 0.000913 -0.000403
vn 0.000012 0.000918 -0.000397
vn 0.000013 0.000798 -0.000603
vn 0.000028 0.000621 -0.000783
vn 0.000067 -0.000086 -0.000994
vn 0.00004 0.000353 -0.000935
vn 0.00004 0.000354 -0.000934
vn 0.000067 -0.000082 -0.000994
vn 0.000179 0.000441 -0.000879
vn 0.000233 0.00051 -0.000828
vn 0.000285 -0.000675 -0.00068
vn 0.000256 0.000595 -0.000762
vn 0.000244 -0.00095 -0.000192
vn 0.000285 0.000638 -0.000716
vn 0.000322 -0.000922 -0.000214
vn 0.000395 -0.000896 -0.0002
vn 0.000422 0.000809 -0.000409
vn 0.0008 -0.0006 -0.000005
vn 0.0008 -0.0006 -0.000005
vn 0.000824 -0.000541 0.000169
vn 0.000953 -0.000296 0.000062
vn 0.000919 0.000348 -0.000187
vn 0.000871 0.000437 -0.000225
vn 0.000771 0.000576 -0.00027
vn 0.000601 0.000729 -0.000327
vn 0.000517 0.000786 -0.00034
vn 0.000347 0.000863 -0.000367
vn 0.00025 0.000894 -0.000372
vn 0.00012 0.000922 -0.000367
vn 0.000046 0.000928 -0.000369
vn 0.000022 0.000928 -0.000373
vn 0.000274 0.000897 -0.000348
vn 0.000579 0.000766 -0.000278
vn 0.000801 0.000568 -0.000188
vn 0.000998 0.000016 0.000053
vn 0.000822 0.000568 -0.000024
vn 0.000787 -0.000511 0.000346
vn 0.000421 0.000878 -0.000227
vn 0.000862 -0.000291 0.000415
vn 0.000621 -0.000647 0.000442
vn 0.000655 -0.000565 0.000501
vn 0.000823 0.000545 0.00016
vn 0.00064 -0.000519 0.000567
vn 0.000659 -0.000101 0.000745
vn 0.000634 0.000221 0.000741
vn 0.000511 -0.0003 0.000805
vn 0.000383 -0.000427 0.000819
vn 0.00055 0.000379 0.000745
vn 0.000444 0.000574 0.000688
vn 0.000273 -0.000518 0.000811
vn 0.000212 -0.000495 0.000843
vn 0.000333 0.000698 0.000634
vn 0.000237 0.000722 0.000649
vn 0.000135 -0.000529 0.000838
vn 0.000139 0.000774 0.000617
vn 0.000134 -0.000528 0.000839
vn 0.000055 0.000567 0.000822
vn 0.000066 -0.000516 0.000854
vn 0.000067 -0.000518 0.000853
vn 0.000056 0.00027 0.000961
vn 0.000039 0.000903 0.000429
vn 0.000245 0.000749 -0.000616
vn 0.000145 0.00072 -0.000679
vn 0.000184 0.000719 -0.00067
vn 0.00023 0.00065 -0.000724
vn 0.000271 0.000648 -0.000711
vn 0.000278 0.000751 -0.000598
vn 0.000444 0.000711 -0.000545
vn 0.00037 0.000704 -0.000606
vn 0.000391 0.000721 -0.000572
vn 0.000407 0.000708 -0.000577
vn 0.000433 0.000721 -0.000541
vn 0.000282 0.000747 -0.000602
vn 0.000311 0.000752 -0.000581
vn 0.000471 0.00072 -0.000509
vn 0.000352 0.000803 -0.000481
vn 0.000165 0.000819 -0.000549
vn 0.000148 0.000815 -0.00056
vn 0.000688 0.000687 -0.000234
vn 0.000683 0.000705 -0.000189
vn 0.000664 0.000745 -0.000069
vn 0.000679 0.000724 -0.000123
vn 0.000593 0.000786 -0.000175
vn 0.0006 0.000769 -0.00022
vn 0.000401 0.000857 -0.000324
vn 0.000674 0.000736 -0.000063
vn 0.000652 0.000758 -0.000006
vn 0.000105 0.00094 0.000325
vn 0.000221 0.000947 0.000235
vn 0.00003 0.000983 0.000182
vn 0.000126 0.00085 0.000512
vn 0.000104 0.000942 0.000319
vn 0.000036 0.000969 0.000243
vn 0.000174 0.000934 0.000312
vn 0.000174 0.000934 0.000312
vn 0.000246 0.000684 0.000687
vn 0.00005 0.000988 -0.000146
vn 0.000328 0.000943 0.000049
vn 0.000333 0.000941 0.000057
vn 0.000289 0.000954 0.000084
vn 0.000293 0.000952 0.000091
vn 0.000244 0.000963 0.000115
vn 0.000247 0.000961 0.000122
vn 0.000194 0.000971 0.000141
vn 0.000407 0.000904 -0.000129
vn 0.000421 0.000905 -0.000064
vn 0.000389 0.000921 -0.000029
vn 0.000636 0.00077 0.000054
vn 0.000662 0.00075 0.000001
vn 0.000333 0.000889 -0.000313
vn 0.000344 0.000878 -0.000334
vn 0.000967 0.0002 0.000155
vn 0.000054 0.000932 -0.000359
vn 0.000046 0.000928 -0.000369
vn 0.000146 0.000925 -0.000351
vn 0.000277 0.000904 -0.000325
vn 0.00027 0.000914 -0.000303
vn 0.000331 0.000901 -0.000281
vn 0.000391 0.000893 -0.000224
vn 0.000187 0.000935 -0.0003
vn 0.000465 0.000874 -0.00014
vn 0.000372 0.000907 -0.000196
vn 0.00035 0.000921 -0.000169
vn 0.000456 0.000889 -0.000036
vn 0.000475 0.000877 -0.000071
vn 0.000353 0.000913 -0.000206
vn 0.000367 0.0009 -0.000234
vn 0.000063 0.00094 -0.000337
vn 0.000392 0.000916 -0.000089
vn 0.000234 0.000953 -0.000193
vn 0.00051 0.000854 0.000104
vn 0.000116 0.000956 -0.000271
vn 0.000369 0.000929 0.000021
vn 0.000368 0.00093 0.000019
vn 0.000544 0.000798 0.000259
vn 0.000158 0.000279 0.000947
vn 0.000263 0.00027 0.000926
vn 0.000262 0.000278 0.000924
vn 0.000365 0.000266 0.000892
vn 0.000365 0.000277 0.000889
vn 0.000462 0.000261 0.000848
vn 0.000462 0.000276 0.000843
vn 0.000551 0.000257 0.000794
vn 0.000777 0.000196 0.000599
vn 0.00083 0.000259 0.000493
vn 0.000834 0.00014 0.000534
vn 0.000873 0.000296 0.000388
vn 0.000886 -0.000377 0.000271
vn 0.000547 0.000807 -0.000223
vn 0.000968 0.000246 -0.000039
vn 0.000966 0.000256 0.000029
vn 0.000056 0.000495 0.000867
vn 0.000062 0.000402 0.000914
vn 0.000153 0.000406 0.000901
vn 0.000554 0.000409 0.000725
vn 0.000631 0.000397 0.000666
vn 0.000629 0.000413 0.000659
vn 0.000701 0.000403 0.000588
vn 0.000699 0.000415 0.000582
vn 0.000761 0.000395 0.000515
vn 0.000857 0.000391 0.000335
vn 0.000892 0.00037 0.00026
vn 0.000887 0.000387 0.000252
vn 0.000916 0.000364 0.000171
vn 0.00091 0.000381 0.000164
vn 0.00093 0.000358 0.000085
vn 0.000909 0.000416 -0.000031
vn 0.0009 0.000433 0.000041
vn 0.000152 0.000655 0.00074
vn 0.000249 0.000649 0.000719
vn 0.000248 0.000653 0.000716
vn 0.000342 0.000643 0.000685
vn 0.000351 0.000601 0.000718
vn 0.000444 0.000585 0.000679
vn 0.000441 0.000595 0.000672
vn 0.000525 0.000576 0.000626
vn 0.000722 0.000559 0.000406
vn 0.000777 0.000531 0.000338
vn 0.000747 0.000593 0.0003
vn 0.000788 0.000569 0.000235
vn 0.000137 0.00075 0.000648
vn 0.000055 0.000745 0.000665
vn 0.000303 0.00082 0.000486
vn 0.000377 0.000809 0.000451
vn 0.000375 0.000813 0.000446
vn 0.000447 0.000798 0.000404
vn 0.000459 0.000779 0.000427
vn 0.000525 0.000762 0.00038
vn 0.00052 0.000769 0.000372
vn 0.000581 0.000749 0.000319
vn 0.000575 0.000757 0.000311
vn 0.000628 0.000736 0.000255
vn 0.000601 0.000767 0.000225
vn 0.000644 0.000747 0.000167
vn 0.000616 -0.000533 -0.00058
vn 0.000191 0.000807 -0.000559
vn 0.000462 0.000253 -0.00085
vn 0.00039 0.00023 -0.000891
vn 0.000465 0.000243 -0.000851
vn 0.000543 0.000234 -0.000807
vn 0.000699 -0.000422 -0.000578
vn 0.000659 0.000079 -0.000748
vn 0.000948 -0.000297 -0.000111
vn 0.000937 -0.000349 0.000012
vn 0.000654 0.000669 -0.000353
vn 0.000735 -0.000666 0.000128
vn 0.000188 -0.000527 -0.000829
vn 0.000083 0.00056 -0.000824
vn 0.000145 -0.000085 -0.000986
vn 0.000192 0.000379 -0.000905
vn 0.000266 0.000382 -0.000885
vn 0.000485 0.000387 -0.000784
vn 0.000535 0.000409 -0.000739
vn 0.000039 0.0005 -0.000865
vn 0.000096 0.000503 -0.000859
vn 0.000119 0.000363 -0.000924
vn 0.000192 0.000377 -0.000906
vn 0.000287 0.000317 -0.000904
vn 0.000355 0.000335 -0.000873
vn 0.000566 0.000355 -0.000745
vn 0.000021 0.000753 -0.000658
vn 0.000051 0.00075 -0.00066
vn 0.000071 0.00068 -0.00073
vn 0.000117 0.000675 -0.000729
vn 0.000725 0.000098 -0.000681
vn 0.000775 -0.000208 -0.000596
vn 0.000615 0.000379 -0.000692
vn 0.000614 0.000381 -0.000691
vn 0.000399 0.000537 -0.000743
vn 0.000355 0.000518 -0.000778
vn 0.00016 0.00068 -0.000716
vn 0.000114 0.000686 -0.000719
vn 0.000819 0.000375 -0.000435
vn 0.000892 0.00022 -0.000394
vn 0.00086 -0.000498 -0.000107
vn 0.000905 0.000269 -0.000328
vn 0.000493 0.000732 -0.000469
vn 0.00072 0.000389 -0.000574
vn 0.00072 0.00039 -0.000574
vn 0.000881 -0.000142 -0.000451
vn 0.000749 0.000419 -0.000513
vn 0.000791 0.000351 -0.000501
vn 0.00092 -0.000158 -0.000358
vn 0.000846 -0.000502 -0.000179
vn 0.000414 0.000764 -0.000494
vn 0.00051 0.000724 -0.000465
vn 0.000359 0.000814 -0.000456
vn 0.00016 0.000897 -0.000413
vn 0.000862 0.000417 -0.000288
vn 0.00072 0.000601 -0.000347
vn 0.000592 0.000716 -0.00037
vn 0.000407 0.000825 -0.000392
vn 0.000347 0.000852 -0.000392
vn 0.000706 0.000582 -0.000403
vn 0.000522 0.000738 -0.000427
vn 0.000399 0.000814 -0.000422
vn 0.000173 0.000897 -0.000407
vn 0.00013 0.000908 -0.000398
vn 0.000091 0.000917 -0.000389
vn 0.000642 0.000565 -0.000518
vn 0.000668 0.00058 -0.000466
vn 0.000752 0.00048 -0.000451
vn 0.000771 0.000503 -0.00039
vn 0.000872 0.000345 -0.000347
vn 0.000894 0.000355 -0.000272
vn 0.000832 -0.000213 -0.000513
vn 0.000684 0.000362 -0.000633
vn 0.000658 0.000404 -0.000635
vn -0.000706 0.000409 0.000578
vn -0.000567 0.000786 0.000245
vn -0.00026 0.000905 0.000337
vn -0.000286 0.00062 0.00073
vn -0.000706 0.000388 0.000592
vn -0 0.000577 0.000817
vn 0.000004 0.000507 0.000862
vn 0.0006 0.000601 0.000528
vn 0.000178 0.000664 0.000726
vn 0.000568 0.000543 0.000619
vn 0.000372 0.000895 0.000247
vn 0.000564 0.000549 0.000617
vn -0.000678 0.000709 -0.000194
vn -0.000782 0.00059 -0.0002
vn -0.000021 0.000927 -0.000373
vn -0.000044 0.000926 -0.000375
vn -0.000056 0.000931 -0.000361
vn -0.000083 0.000935 -0.000345
vn -0.0001 0.000942 -0.000319
vn -0.000432 0.000894 -0.000117
vn -0.000378 -0.000731 0.000568
vn -0.000131 0.000954 -0.00027
vn -0.000086 0.000949 -0.000305
vn -0.000332 0.000932 0.000146
vn -0.000128 0.000971 -0.000201
vn -0.000151 0.000984 -0.000095
vn -0.000185 0.000982 -0.000033
vn -0.000213 0.000962 0.000173
vn -0.000061 0.00099 -0.000127
vn -0.000095 0.000988 -0.000121
vn -0.000104 0.000988 -0.000113
vn -0.000001 0.001 -0.000022
vn -0.000027 0.000992 -0.000126
vn -0.000029 0.000992 -0.000126
vn -0.000045 0.000933 0.000357
vn -0.000048 0.00089 0.000453
vn -0.000051 -0.000219 0.000974
vn -0.000137 -0.000279 0.00095
vn -0.000259 -0.000007 0.000966
vn -0.000216 0.000909 0.000357
vn -0.000144 -0.000382 0.000913
vn -0.000318 -0.00022 0.000922
vn -0.00022 0.000966 0.000134
vn -0.000192 -0.000506 0.000841
vn -0.000264 -0.000504 0.000823
vn -0.000394 0.000788 0.000473
vn -0.000316 -0.000536 0.000783
vn -0.000356 -0.00058 0.000733
vn -0.000456 0.000793 0.000403
vn -0.000316 -0.000537 0.000782
vn -0.000641 0.000183 0.000745
vn -0.000384 0.00091 0.000156
vn -0.00068 0.00054 0.000496
vn -0.000414 -0.000587 0.000695
vn -0.000541 -0.000497 0.000679
vn -0.000779 0.000294 0.000553
vn -0.000773 -0.000162 0.000613
vn -0.000804 -0.000334 0.000492
vn -0.000743 -0.000453 0.000493
vn -0.000791 0.000611 0.000023
vn -0.000685 -0.000581 0.000439
vn -0.000795 0.000604 -0.000051
vn -0.000685 -0.000582 0.000439
vn -0.000986 -0.000071 0.000151
vn -0.000788 -0.000506 0.000351
vn -0.000317 0.000899 -0.000302
vn -0.000926 0.000369 -0.000085
vn -0.000641 0.000723 -0.000256
vn -0.000676 0.000695 -0.000247
vn -0.000425 0.000848 -0.000318
vn -0.00024 0.000903 -0.000355
vn -0.000396 0.000858 -0.000326
vn -0.000141 0.00092 -0.000365
vn -0.000106 0.000924 -0.000367
vn -0.000231 0.000897 -0.000377
vn -0.000669 0.000676 -0.000309
vn -0.000869 0.000439 -0.000228
vn -0.000973 0.000191 -0.000131
vn -0.000325 0.000866 -0.000379
vn -0.000766 0.000507 -0.000396
vn -0.00074 -0.00066 0.000128
vn -0.000827 -0.000558 -0.00007
vn -0.000318 0.00083 -0.000458
vn -0.000662 -0.000743 0.000099
vn -0.000591 0.000617 -0.00052
vn -0.000671 -0.000741 0.000017
vn -0.000279 0.000832 -0.000478
vn -0.00085 -0.000404 -0.00034
vn -0.000682 -0.000727 -0.000081
vn -0.000701 -0.000682 -0.000209
vn -0.000465 0.000651 -0.0006
vn -0.000495 0.000567 -0.000658
vn -0.000653 -0.000623 -0.00043
vn -0.000653 -0.000624 -0.00043
vn -0.000358 -0.000211 -0.00091
vn -0.00021 0.000532 -0.00082
vn -0.000144 0.000518 -0.000843
vn -0.000344 -0.000332 -0.000878
vn -0.00012 -0.000562 -0.000818
vn -0.00012 -0.000561 -0.000819
vn -0.000038 0.000452 -0.000891
vn -0.000047 0.000283 -0.000958
vn -0.000044 0.000318 -0.000947
vn -0.00003 0.000666 -0.000745
vn -0.000032 0.000521 -0.000853
vn -0.000009 0.000828 -0.000561
vn -0.000019 0.000736 -0.000676
vn -0.000025 0.000905 -0.000424
vn -0.00005 0.000917 -0.000397
vn -0.000066 0.000922 -0.000382
vn -0.000043 0.000923 -0.000383
vn -0.000037 0.000909 -0.000415
vn -0.000054 0.000926 -0.000374
vn -0.000135 0.000855 0.000501
vn -0.000482 0.000832 0.000274
vn -0.000132 0.000898 0.00042
vn -0.000202 0.000888 0.000412
vn -0.00058 0.000796 0.000171
vn -0.000618 0.000776 0.000124
vn -0.000589 0.000804 0.000088
vn -0.000624 0.000781 0.000036
vn -0.000635 0.000771 0.000048
vn -0.000663 0.000749 -0.000004
vn -0.000629 0.000776 -0.000033
vn -0.00065 0.000755 -0.000084
vn -0.000236 0.000941 0.000243
vn -0.000186 0.000932 0.00031
vn -0.000108 0.000951 0.000291
vn -0.000043 0.00095 0.000308
vn -0.000417 0.00089 0.000182
vn -0.000369 0.000904 0.000214
vn -0.000376 0.000897 0.000232
vn -0.000321 0.000907 0.000274
vn -0.000325 0.000901 0.000286
vn -0.000257 0.00092 0.000296
vn -0.000043 0.000934 0.000356
vn -0.000367 0.000928 -0.000056
vn -0.000376 0.000926 0.00002
vn -0.000371 0.000929 0.000013
vn -0.000335 0.000941 0.000045
vn -0.000203 0.000901 0.000383
vn -0.000364 0.000909 -0.000204
vn -0.000361 0.000909 -0.000206
vn -0.000347 0.000921 -0.000175
vn -0.000352 0.00092 -0.000172
vn -0.000333 0.000932 -0.00014
vn -0.00031 0.000937 -0.000161
vn -0.000338 0.000937 -0.000086
vn -0.000649 0.000639 0.000413
vn -0.000144 0.000964 -0.000225
vn -0.000137 0.000964 -0.000228
vn -0.000175 0.00094 -0.000293
vn -0.000474 0.000869 -0.00014
vn -0.000214 0.000929 -0.000301
vn -0.000588 0.000799 -0.000127
vn -0.000373 0.000897 -0.000236
vn -0.00039 0.000892 -0.000228
vn -0.000183 0.000926 -0.000331
vn -0.000318 0.000903 -0.000289
vn -0.000394 0.00088 -0.000266
vn -0.000602 0.00078 -0.000173
vn -0.000668 0.000731 -0.000142
vn -0.000131 0.000927 -0.000352
vn -0.000668 0.000717 -0.000199
vn -0.000419 0.00086 -0.000291
vn -0.000392 0.00087 -0.000298
vn -0.000237 0.000912 -0.000336
vn -0.000081 0.000926 -0.000368
vn -0.000081 0.000926 -0.000368
vn -0.00041 0.000737 -0.000538
vn -0.000432 0.000746 -0.000507
vn -0.000412 0.000735 -0.000538
vn -0.000361 0.00071 -0.000604
vn -0.000397 0.000671 -0.000626
vn -0.000368 0.000658 -0.000657
vn -0.000218 0.000656 -0.000723
vn -0.000192 0.000763 -0.000617
vn -0.000209 0.000779 -0.000591
vn -0.000224 0.000765 -0.000603
vn -0.000238 0.000781 -0.000578
vn -0.000379 0.000729 -0.00057
vn -0.000395 0.000717 -0.000575
vn -0.000188 0.000902 -0.000388
vn -0.000239 0.000895 -0.000377
vn -0.000119 0.000813 -0.00057
vn -0.000134 0.000822 -0.000554
vn -0.000277 0.000841 -0.000465
vn -0.000283 0.00085 -0.000444
vn -0.000283 0.00085 -0.000444
vn -0.000285 0.000861 -0.00042
vn -0.000305 0.000854 -0.000421
vn -0.000305 0.000866 -0.000397
vn -0.000865 0.000279 -0.000417
vn -0.000887 0.000307 -0.000346
vn -0.000869 0.000399 -0.000294
vn -0.000876 0.000427 -0.000223
vn -0.000611 0.000597 -0.000519
vn -0.000628 0.000618 -0.000473
vn -0.000601 0.000646 -0.000471
vn -0.000614 0.000666 -0.000423
vn -0.000405 0.000841 -0.00036
vn -0.000605 0.000674 -0.000424
vn -0.000614 0.000696 -0.000373
vn -0.000441 0.000561 -0.000701
vn -0.000733 0.000082 -0.000676
vn -0.000773 0.00014 -0.000619
vn -0.000755 0.000196 -0.000626
vn -0.000799 0.000221 -0.000559
vn -0.000988 -0.000125 -0.000094
vn -0.000982 -0.000191 0.000011
vn -0.000622 -0.000092 -0.000778
vn -0.000876 0.000386 -0.000289
vn -0.000861 0.000362 -0.000357
vn -0.000859 0.000292 -0.000421
vn -0.000827 0.000271 -0.000492
vn -0.000624 0.000195 -0.000756
vn -0.00056 0.000179 -0.000809
vn -0.000532 0.000269 -0.000803
vn -0.000782 0.000357 -0.000511
vn -0.000746 0.000342 -0.000571
vn -0.00064 0.00032 -0.000699
vn -0.000587 0.000302 -0.000751
vn -0.000263 -0.000328 -0.000907
vn -0.00062 0.000714 -0.000325
vn -0.000618 0.000692 -0.000372
vn -0.000666 0.000467 -0.000582
vn -0.000627 0.00045 -0.000636
vn -0.000619 0.000462 -0.000634
vn -0.000576 0.000446 -0.000686
vn -0.000518 0.000029 -0.000855
vn -0.000472 0.000208 -0.000857
vn -0.000455 0.00027 -0.000849
vn -0.000289 0.000303 -0.000908
vn -0.000265 0.000381 -0.000886
vn -0.000179 0.000642 -0.000745
vn -0.000156 0.000687 -0.00071
vn -0.000041 0.00081 -0.000585
vn -0.000065 0.000668 -0.000741
vn -0.000105 0.000483 -0.000869
vn -0.000119 0.000319 -0.00094
vn -0.000105 0.000426 -0.000898
vn -0.000236 -0.000414 -0.000879
vn -0.000195 0.000371 -0.000908
vn -0.000161 0.0005 -0.000851
vn -0.000119 0.000674 -0.000729
vn -0.000062 0.000808 -0.000585
vn -0.000389 -0.000748 -0.000537
vn -0.00046 -0.000361 -0.000811
vn -0.000383 0.000248 -0.00089
vn -0.000364 0.000307 -0.000879
vn -0.000284 0.000536 -0.000795
vn -0.000335 0.000548 -0.000767
vn -0.000336 0.000545 -0.000768
vn -0.000389 0.000555 -0.000735
vn -0.000393 0.000549 -0.000738
vn -0.000439 0.000562 -0.000701
vn -0.000174 0.000278 0.000945
vn -0.000277 0.00027 0.000922
vn -0.000277 0.000278 0.00092
vn -0.000378 0.000266 0.000887
vn -0.000379 0.000277 0.000883
vn -0.000474 0.000261 0.000841
vn -0.000475 0.000276 0.000836
vn -0.000563 0.000256 0.000786
vn -0.000564 0.000274 0.000779
vn -0.000645 0.000252 0.000722
vn -0.000646 0.000272 0.000713
vn -0.000718 0.000248 0.000651
vn -0.000718 0.000269 0.000642
vn -0.000781 0.000242 0.000575
vn -0.000838 0.000239 0.00049
vn -0.000884 0.000196 0.000425
vn -0.000917 0.000255 0.000306
vn -0.000947 0.000225 0.000228
vn -0.000944 0.000252 0.000215
vn -0.000965 0.000221 0.000138
vn -0.000914 -0.000323 0.000244
vn -0.000888 -0.000409 0.000212
vn -0.000947 0.000311 -0.000079
vn -0.000893 0.000372 0.000253
vn -0.000861 0.000393 0.000324
vn -0.000817 0.000394 0.000421
vn -0.000769 0.000414 0.000487
vn -0.000168 0.00042 0.000892
vn -0.000068 0.000416 0.000907
vn -0.000068 0.000409 0.00091
vn -0.0009 0.000419 -0.00012
vn -0.000895 0.000443 -0.000059
vn -0.000919 0.000393 -0.000031
vn -0.000905 0.000423 0.000036
vn -0.000865 0.000478 -0.000149
vn -0.000854 0.00052 -0.000009
vn -0.000835 0.000547 0.000058
vn -0.000853 0.000515 0.00008
vn -0.000827 0.000543 0.000146
vn -0.000807 0.000537 0.000244
vn -0.000767 0.000563 0.000307
vn -0.000731 0.000544 0.000412
vn -0.000673 0.000569 0.000473
vn -0.000677 0.000554 0.000485
vn -0.000607 0.000579 0.000545
vn -0.000603 0.000597 0.00053
vn -0.000528 0.000618 0.000582
vn -0.00053 0.000606 0.000593
vn -0.000447 0.000626 0.000639
vn -0.000449 0.000615 0.000648
vn -0.000358 0.000632 0.000687
vn -0.000357 0.00064 0.00068
vn -0.000264 0.000653 0.000709
vn -0.000266 0.000614 0.000743
vn -0.000169 0.000623 0.000764
vn -0.000059 0.000695 0.000716
vn -0.000615 0.000756 0.000224
vn -0.000564 0.000778 0.000275
vn -0.000571 0.00077 0.000286
vn -0.000515 0.00079 0.000333
vn -0.000145 0.000791 0.000595
vn -0.00006 0.000796 0.000603
vn -0 0.000923 -0.000386
vn -0.000001 0.000922 -0.000388
vn -0.000003 0.00092 -0.000391
vn -0.000003 0.00092 -0.000391
vn 0 0.000925 -0.000379
vn -0.000002 0.000925 -0.00038
vn -0.000001 0.00092 -0.000392
vn -0.000004 0.000923 -0.000385
vn -0.000004 0.000922 -0.000387
vn -0.000006 0.000921 -0.000389
vn -0.000014 0.000915 -0.000403
vn -0.000005 0.000923 -0.000385
vn -0.000002 0.000926 -0.000376
vn -0.000011 0.00092 -0.000391
vn -0.000007 0.000924 -0.000383
vn -0.000013 0.000921 -0.000389
vn -0.000241 0.000849 -0.000471
vn -0.000069 0.000912 -0.000405
vn -0.000027 0.00092 -0.00039
vn -0.000028 0.00092 -0.000392
vn -0.000041 0.000916 -0.000398
vn -0.000022 0.00092 -0.00039
vn -0.00003 0.000917 -0.000398
vn -0.000025 0.000918 -0.000395
vn -0.000026 0.000917 -0.000398
vn -0.000011 0.000923 -0.000385
vn -0.000219 0.00086 -0.000461
vn -0.000011 0.000925 -0.000379
vn -0.00001 0.000926 -0.000378
vn -0.000013 0.000926 -0.000378
vn -0.000019 0.000925 -0.00038
vn -0.000021 0.000925 -0.000379
vn 0.000273 0.000312 -0.00091
vn 0.000382 0.000719 -0.000581
vn 0.000519 0.000506 -0.000689
vn 0.00044 0.000778 -0.000448
vn 0.000222 0.000786 -0.000577
vn 0.000853 -0.000104 -0.000511
vn 0.000001 0.000613 -0.00079
vn 0.000002 0.000606 -0.000795
vn 0.000884 0.000467 0.000006
vn 0.000958 0.000288 -0.000002
vn 0.00064 0.000504 -0.000579
vn -0.00094 0.00034 -0.000004
vn -0.000642 0.000487 -0.000592
vn -0.000063 -0.000003 0.000998
vn -0.000056 -0.000024 0.000998
vn -0.000167 -0.00001 0.000986
vn -0.000168 -0.000008 0.000986
vn -0.000369 -0.000031 0.000929
vn -0.000269 -0.000025 0.000963
vn -0.00028 -0 0.00096
vn -0.000388 0.000009 0.000921
vn -0.000466 -0.00003 0.000884
vn -0.000488 0.000015 0.000873
vn -0.000662 -0.000065 0.000747
vn -0.000723 0.000014 0.000691
vn -0.000673 0.000023 0.000739
vn -0.00063 -0.000052 0.000775
vn -0.00063 -0.000052 0.000775
vn -0.000584 0.000022 0.000812
vn -0.000551 -0.000037 0.000834
vn -0.000709 -0.000048 0.000703
vn -0.000754 0.000033 0.000656
vn -0.000778 -0.000054 0.000626
vn -0.000832 -0.000068 0.000551
vn -0.00082 0.000019 0.000571
vn -0.000817 0.000015 0.000577
vn -0.000878 0.000028 0.000478
vn -0.000882 0.00003 0.00047
vn -0.00089 -0.000058 0.000453
vn -0.000929 0.00003 0.00037
vn -0.000932 -0.00001 0.000363
vn -0.00095 -0.000015 0.000312
vn -0.000963 0.000033 0.000266
vn -0.000967 -0.000009 0.000256
vn -0.000979 -0.000011 0.000203
vn -0.000987 0.000033 0.00016
vn -0.000989 -0.000045 0.000143
vn -0.000991 -0.00004 0.000127
vn -0.000998 0.000041 0.000049
vn -0.000999 0.000033 -0.000011
vn -0.000995 -0.000064 0.000081
vn -0.000998 -0.000054 0.000011
vn -0.000998 0.00002 -0.000054
vn -0.000993 -0.000052 -0.000104
vn -0.000993 -0.000053 -0.000105
vn -0.000987 0.00002 -0.000161
vn -0.000985 0.000026 -0.000172
vn -0.000963 -0.000021 -0.000267
vn -0.000952 0.000025 -0.000305
vn -0.00098 -0.000031 -0.000197
vn -0.000959 -0.000052 -0.000277
vn -0.000924 0.000018 -0.000382
vn -0.000894 -0.000041 -0.000447
vn -0.000924 0.000005 -0.000383
vn -0.000835 -0.00003 -0.000549
vn -0.000884 -0.000005 -0.000468
vn -0.000828 -0.000009 -0.00056
vn -0.000763 -0.000011 -0.000647
vn -0.0007 0.000084 -0.000709
vn -0.000772 0.000015 -0.000636
vn -0.000763 -0.000055 -0.000643
vn -0.000683 -0.000047 -0.000729
vn -0.000715 -0.000006 -0.000699
vn -0.000668 0.00004 -0.000743
vn -0.000637 -0.000001 -0.000771
vn -0.000681 -0.000023 -0.000732
vn -0.000641 -0.000063 -0.000765
vn -0.000597 -0.000014 -0.000802
vn -0.000617 0.000005 -0.000787
vn -0.000583 0.000021 -0.000812
vn -0.000555 -0.000042 -0.000831
vn -0.000496 0.000012 -0.000868
vn -0.000487 -0.000046 -0.000872
vn -0.000398 0.000025 -0.000917
vn -0.000392 -0.000004 -0.00092
vn -0.00031 -0.000018 -0.000951
vn -0.000309 -0.000016 -0.000951
vn -0.000192 0.000008 -0.000981
vn -0.00021 -0.000047 -0.000976
vn 0.000056 -0.000003 -0.000998
vn 0.000009 -0.000018 -0.001
vn -0.000083 0.000031 -0.000996
vn -0.000109 -0.000033 -0.000993
vn -0.000012 -0.000011 -0.001
vn -0.00003 -0.000004 -0.001
vn -0.000068 -0.000058 -0.000996
vn 0.000224 -0.000069 -0.000972
vn 0.000161 0.000033 -0.000986
vn 0.00011 -0.000058 -0.000992
vn 0.00006 -0.000054 -0.000997
vn 0.000097 0.000008 -0.000995
vn 0.000024 0.000048 -0.000999
vn 0.000262 0.000032 -0.000964
vn 0.000317 0.000054 -0.000947
vn 0.00027 -0.000035 -0.000962
vn 0.00035 -0.000053 -0.000935
vn 0.000363 0.00001 -0.000932
vn 0.000459 -0.000025 -0.000888
vn 0.000456 -0.00002 -0.00089
vn 0.000462 -0.000009 -0.000887
vn 0.000558 -0.000036 -0.000829
vn 0.00056 -0.000006 -0.000829
vn 0.000648 0.000023 -0.000762
vn 0.000643 -0.000038 -0.000765
vn 0.000741 0.000013 -0.000672
vn 0.000703 0.000035 -0.000711
vn 0.000671 -0.000053 -0.000739
vn 0.000786 0.000098 -0.00061
vn 0.00073 -0.000059 -0.000681
vn 0.00076 -0.000053 -0.000648
vn 0.000792 -0.000045 -0.000608
vn 0.000842 0.000001 -0.00054
vn 0.000859 -0.000025 -0.000512
vn 0.000856 -0.000069 -0.000512
vn 0.000894 0.000015 -0.000447
vn 0.000897 0.000008 -0.000443
vn 0.000938 -0.000042 -0.000343
vn 0.000939 -0.000019 -0.000344
vn 0.00097 -0.00002 -0.000243
vn 0.000971 -0.000032 -0.000235
vn 0.000989 -0.000003 -0.000145
vn 0.000987 0.000107 -0.000122
vn 0.000987 0.000004 -0.000162
vn 0.000991 -0.000073 -0.000114
vn 0.000997 -0.000053 -0.000056
vn 0.000998 -0.000037 0.000057
vn 0.000997 -0.000062 0.000053
vn 0.000998 -0.000019 -0.000052
vn 0.000999 -0.00003 0.000032
vn 0.000998 -0.000053 0.00002
vn 0.000984 -0.000096 0.000152
vn 0.000988 -0.000041 0.000151
vn 0.000997 -0.000012 0.000081
vn 0.000984 0.000025 0.000178
vn 0.00097 -0.000016 0.000243
vn 0.000965 -0.000105 0.00024
vn 0.000946 0.000072 0.000315
vn 0.000946 -0.000054 0.00032
vn 0.00093 -0.000059 0.000362
vn 0.000919 0.00004 0.000393
vn 0.000919 0.000025 0.000393
vn 0.000872 -0.000053 0.000486
vn 0.000872 -0.000053 0.000486
vn 0.000869 0.000023 0.000494
vn 0.000842 0.000096 0.000531
vn 0.000841 -0.000097 0.000532
vn 0.000817 -0.000052 0.000574
vn 0.000811 0.000007 0.000585
vn 0.000762 -0.000018 0.000647
vn 0.000764 -0.000115 0.000635
vn 0.000741 0.000007 0.000672
vn 0.000723 0.000015 0.000691
vn 0.00073 -0.000034 0.000683
vn 0.000657 -0.000005 0.000754
vn 0.000657 -0.000041 0.000752
vn 0.000575 -0.000003 0.000818
vn 0.000576 -0.000021 0.000817
vn 0.000485 -0.000011 0.000875
vn 0.000258 0.000043 0.000965
vn 0.000485 -0.000012 0.000875
vn 0.000408 -0.000024 0.000913
vn 0.000387 0.000011 0.000922
vn 0.000351 -0.000026 0.000936
vn 0.000374 -0.000088 0.000923
vn 0.00028 -0.000025 0.00096
vn 0.000249 -0.000047 0.000967
vn 0.000154 0.000044 0.000987
vn 0.000178 -0.000023 0.000984
vn 0.000146 -0.000048 0.000988
vn 0 -0.000018 0.001
vn 0.000015 -0.000014 0.001
vn 0.000049 -0.000024 0.000998
vn 0.000073 0.000022 0.000997
vn 0.000382 -0.000545 0.000746
vn -0.00038 -0.000551 0.000743
vn 0.000318 -0.000648 0.000692
vn 0.000054 -0.000898 0.000437
vn 0.00015 -0.000726 0.000671
vn 0.000217 -0.000602 0.000769
vn 0.000166 -0.000591 0.00079
vn 0.000029 -0.000895 0.000445
vn 0.000003 -0.000917 0.000399
vn 0.000052 -0.000819 0.000571
vn 0.000053 -0.000724 0.000688
vn 0.000072 -0.00056 0.000826
vn 0.000129 -0.000581 0.000804
vn -0.000017 -0.000665 0.000747
vn -0.000183 -0.000564 0.000805
vn -0.000117 -0.00059 0.000799
vn -0.00009 -0.000712 0.000697
vn -0.000002 -0.000919 0.000395
vn -0.000056 -0.000692 0.000719
vn -0.000059 -0.000677 0.000734
vn -0.000039 -0.000888 0.000459
vn -0.000102 -0.000837 0.000538
vn -0.000218 -0.000668 0.000712
vn -0.000141 -0.000676 0.000723
vn -0.0003 -0.000675 0.000674
vn -0.000125 0.000726 0.000676
vn -0.000065 -0.000732 0.000678
vn -0.000216 0.000599 0.000771
vn -0.000164 -0.000707 0.000687
vn -0.000293 -0.000382 0.000876
vn -0.000166 -0.000581 0.000796
vn -0.000242 -0.000735 0.000633
vn -0.000173 -0.000763 0.000623
vn -0.000428 0.000707 0.000563
vn -0.000348 -0.000393 0.000851
vn -0.00037 -0.000337 0.000866
vn -0.000498 0.000687 0.00053
vn -0.000439 -0.000314 0.000842
vn -0.000426 -0.000351 0.000834
vn -0.000494 -0.000332 0.000804
vn -0.000534 -0.000221 0.000816
vn 0.000187 -0.000802 0.000568
vn 0.000189 -0.000743 0.000642
vn 0.000355 0.000868 0.000348
vn 0.00012 0.000756 0.000644
vn 0.0001 -0.000598 0.000795
vn 0.000224 0.000555 0.000801
vn 0.000199 -0.000645 0.000737
vn 0.000317 -0.000284 0.000905
vn -0.000017 -0.000714 0.0007
vn 0.000042 0.000673 0.000738
vn 0.000031 -0.00069 0.000723
vn 0.000429 0.000829 0.00036
vn 0.000279 -0.00064 0.000715
vn 0.000267 -0.000661 0.000701
vn 0.000235 -0.000642 0.00073
vn 0.00016 -0.00077 0.000618
vn 0.000377 -0.000314 0.000871
vn 0.000438 -0.00032 0.00084
vn 0.000446 -0.000296 0.000845
vn 0.000491 -0.000337 0.000803
vn -0.000289 -0.000399 0.00087
vn -0.000222 -0.000394 0.000892
vn 0.000157 -0.000407 0.0009
vn 0.000221 -0.000426 0.000877
vn 0.000308 -0.000317 0.000897
vn 0.000371 -0.00033 0.000868
vn 0.000016 -0.000691 0.000723
vn -0.000179 -0.000302 0.000936
vn -0.000106 -0.000304 0.000947
vn -0.000107 -0.000295 0.000949
vn -0.000035 -0.000313 0.000949
vn 0.000034 -0.000298 0.000954
vn 0.000108 -0.000306 0.000946
vn 0.000138 -0.000693 0.000707
vn -0.000035 -0.000906 0.000422
vn -0.000266 -0.000662 0.000701
vn -0.000262 -0.000668 0.000696
vn -0.000034 -0.000463 0.000886
vn 0.000033 -0.000486 0.000873
vn 0.000006 -0.000946 0.000323
vn 0.000727 -0.000571 0.000382
vn -0.000946 -0.000286 -0.000155
vn -0.00096 -0.000251 0.000126
vn 0.00094 0.000309 -0.000148
vn 0.000948 -0.000286 0.000138
vn 0.000275 0.000958 -0.000087
vn 0.00075 -0.000315 0.000582
vn 0.000708 -0.00031 0.000635
vn 0.000685 -0.000259 0.000681
vn 0.000642 -0.000237 0.000729
vn 0.000628 0.000707 0.000325
vn 0.000282 -0.00077 0.000572
vn 0.000416 -0.000729 0.000544
vn 0.000418 -0.000731 0.00054
vn 0.000751 0.00065 0.000117
vn 0.000371 -0.000795 0.00048
vn 0.000886 -0.000308 0.000346
vn 0.000891 -0.000348 0.000291
vn 0.000779 -0.000576 0.000248
vn 0.000929 -0.000304 0.00021
vn 0.000932 -0.000249 0.000262
vn 0.000632 -0.00065 0.000422
vn 0.000666 0.000711 -0.000224
vn 0.0005 -0.000767 0.000402
vn 0.00027 0.000877 -0.000397
vn 0.000807 -0.000586 0.000069
vn 0.000663 -0.000722 0.0002
vn 0.000617 0.000733 -0.000288
vn 0.000498 -0.000736 0.000459
vn 0.000274 0.000907 -0.000319
vn 0.000942 -0.000273 0.000197
vn 0.000947 -0.00029 0.000139
vn 0.000884 -0.000443 -0.00015
vn 0.000813 -0.000578 -0.000071
vn 0.000754 0.000411 -0.000513
vn 0.00063 -0.000754 -0.000188
vn 0.000635 0.000313 -0.000706
vn 0.000439 -0.000896 -0.000063
vn 0.000548 -0.000834 0.000067
vn 0.000607 0.00056 -0.000564
vn 0.000601 -0.000797 -0.000057
vn 0.000735 -0.000641 -0.000221
vn 0.000355 -0.000922 -0.000155
vn 0.000334 0.000383 -0.000862
vn 0.000151 0.000779 -0.000608
vn 0.00043 -0.000794 -0.00043
vn 0.000296 -0.000934 -0.000202
vn 0.000292 -0.000539 -0.00079
vn 0.000045 -0.000907 -0.000419
vn 0.000077 0.000524 -0.000848
vn 0.000242 -0.000793 -0.000559
vn 0.000128 0.000521 -0.000844
vn 0.000112 -0.000951 -0.000289
vn 0.000258 -0.00091 -0.000325
vn 0.000436 -0.000897 -0.000067
vn 0.000539 0.000409 -0.000737
vn 0.000475 -0.000845 -0.000246
vn 0.000556 -0.00081 0.000184
vn 0.000795 0.000446 -0.000411
vn -0.000514 -0.000529 -0.000675
vn -0.000439 -0.000541 -0.000718
vn 0.000037 -0.000524 -0.000851
vn 0.000132 -0.000514 -0.000848
vn 0.000207 -0.000523 -0.000827
vn 0.000294 -0.000506 -0.000811
vn 0.000289 -0.000549 -0.000784
vn 0.000372 -0.000544 -0.000752
vn 0.000943 -0.000301 0.000144
vn 0.000813 -0.000555 0.000176
vn 0.000906 -0.000419 0.000053
vn 0.000895 -0.000445 -0.000009
vn 0.000912 -0.00041 -0.000025
vn 0.000898 -0.000431 -0.000084
vn 0.000893 -0.000443 -0.000079
vn 0.000873 -0.000467 -0.00014
vn 0.000892 -0.000423 -0.000161
vn 0.000864 -0.000452 -0.000221
vn 0.000852 -0.000433 -0.000295
vn 0.000813 -0.000459 -0.000358
vn 0.000735 -0.000496 -0.000463
vn 0.000678 -0.000522 -0.000517
vn -0.000039 -0.000487 -0.000873
vn -0.000134 -0.000489 -0.000862
vn -0.000296 -0.00045 -0.000842
vn -0.000375 -0.00045 -0.000811
vn -0.000518 -0.000479 -0.000709
vn -0.00058 -0.000475 -0.000662
vn -0.000452 -0.000454 -0.000768
vn -0.000375 -0.000458 -0.000806
vn -0.000964 0.000237 -0.000117
vn 0.000797 -0.000395 -0.000457
vn 0.000749 -0.00042 -0.000513
vn 0.000526 -0.000371 -0.000765
vn 0.000454 -0.000391 -0.0008
vn 0.000452 -0.000415 -0.00079
vn 0.000375 -0.000435 -0.000819
vn -0.000212 -0.000429 -0.000878
vn -0.000299 -0.000425 -0.000854
vn -0.00091 -0.000414 -0.00002
vn -0.000901 -0.000423 -0.000091
vn -0.000865 -0.000456 -0.000209
vn -0.00084 -0.000468 -0.000275
vn -0.000852 -0.000429 -0.000301
vn -0.000822 -0.000431 -0.000373
vn -0.00074 -0.00048 -0.000472
vn -0.000684 -0.000504 -0.000527
vn -0.000261 0.000913 -0.000313
vn -0.000166 0.000935 -0.000314
vn -0.000841 -0.000396 0.000369
vn -0.000824 -0.000373 0.000426
vn -0.000791 -0.000435 -0.000432
vn -0.000745 -0.00045 -0.000492
vn -0.000699 -0.000441 -0.000562
vn -0.000645 -0.000451 -0.000618
vn -0.000919 -0.000394 -0.000031
vn -0.000906 -0.000384 -0.000177
vn -0.000884 -0.000398 -0.000246
vn 0.000926 -0.00035 0.000139
vn 0.000999 0.000004 -0.000048
vn 0.000963 -0.000264 0.00005
vn 0.000944 -0.000329 0.000007
vn 0.000905 -0.00031 -0.000292
vn 0.000875 -0.000327 -0.000356
vn 0.000853 -0.000239 -0.000464
vn 0.000805 -0.000332 -0.000492
vn 0.000711 -0.000325 -0.000623
vn 0.000655 -0.000318 -0.000685
vn 0.000655 -0.000314 -0.000687
vn 0.000592 -0.000288 -0.000753
vn 0.000591 -0.000313 -0.000743
vn 0.000526 -0.000329 -0.000784
vn 0.000215 -0.000347 -0.000913
vn 0.000128 -0.000333 -0.000934
vn 0.000046 -0.000298 -0.000953
vn -0.000045 -0.000314 -0.000948
vn -0.000126 -0.000257 -0.000958
vn -0.000216 -0.000324 -0.000921
vn -0.000027 0.0005 -0.000866
vn -0.000189 -0.000787 -0.000588
vn -0.00009 -0.000892 -0.000444
vn -0.000251 0.000462 -0.000851
vn -0.000433 -0.000792 -0.00043
vn -0.000486 -0.000648 -0.000587
vn -0.00027 -0.000932 -0.000241
vn -0.000347 0.000348 -0.000871
vn -0.000191 0.000481 -0.000856
vn -0.000214 -0.000934 -0.000286
vn -0.000423 -0.000891 -0.000166
vn -0.000212 0.000772 -0.000599
vn -0.000452 -0.000882 -0.000135
vn -0.000406 -0.000914 0.000006
vn -0.000452 -0.000882 -0.000135
vn -0.000655 -0.000609 -0.000448
vn -0.000734 0.000441 -0.000516
vn -0.000485 -0.00087 0.000084
vn -0.000245 0.000808 -0.000535
vn -0.000432 -0.000898 0.000079
vn -0.000612 -0.000775 -0.000161
vn -0.000284 0.000689 -0.000667
vn -0.000507 -0.000741 -0.00044
vn -0.000922 -0.000326 -0.000208
vn -0.000847 -0.000304 -0.000436
vn -0.000803 -0.000356 -0.000477
vn -0.0009 -0.000326 0.000288
vn -0.000829 -0.000533 0.000169
vn -0.000959 -0.000276 0.000064
vn -0.00093 -0.000354 0.000094
vn -0.000709 -0.000306 0.000636
vn -0.000666 -0.0003 0.000683
vn -0.000474 -0.000838 0.000271
vn -0.000746 0.00055 -0.000377
vn -0.000458 -0.000848 0.000268
vn -0.000998 -0.000045 0.000044
vn -0.000522 -0.000779 0.000347
vn -0.000524 -0.000777 0.000348
vn -0.000757 -0.000618 0.000212
vn -0.000497 -0.000744 0.000446
vn -0.000847 -0.000166 0.000505
vn -0.000379 -0.00077 0.000514
vn -0.00089 0.000441 0.000116
vn -0.000769 -0.000409 0.000491
vn -0.000521 -0.000692 0.000499
vn -0.000264 -0.000791 0.000552
vn -0.000498 -0.000619 0.000607
vn -0.000584 -0.000514 0.000629
vn -0.000699 -0.000612 0.000369
vn -0.000617 -0.000685 0.000386
vn -0.000885 -0.00031 0.000348
vn -0.000877 0.00048 0.000024
vn -0.000728 -0.000683 0.000069
vn -0.000727 -0.000683 0.000069
vn -0.00057 -0.000815 0.0001
vn -0.000789 0.00041 -0.000457
vn -0.000585 -0.000249 0.000772
vn -0.000018 -0.000937 0.000348
vn -0.000082 -0.000034 -0.000996
vn -0.000241 -0.000023 -0.00097
vn -0.000038 -0.000977 0.000208
vn -0.000237 -0.000805 -0.000544
vn 0.000115 -0.000715 0.00069
vn -0.00001 -0.000932 0.000363
vn -0.000026 -0.000934 0.000356
vn -0.000069 -0.000941 0.000333
vn -0.000232 -0.000942 0.000241
vn -0.000529 -0.000495 -0.000689
vn -0.000223 -0.000974 0.000037
vn -0.0006 -0.000436 -0.000671
vn -0.000678 -0.000402 -0.000615
vn -0.000404 -0.000909 -0.000106
vn -0.00061 -0.000767 -0.000199
vn -0.000783 -0.000333 -0.000526
vn -0.000862 -0.000309 -0.000401
vn -0.000928 -0.000239 -0.000287
vn 0.000003 -0.000927 0.000375
vn -0.000031 0.000743 -0.000668
vn -0.000257 -0.000773 -0.000581
vn -0.000134 0.000598 -0.00079
vn -0.000195 -0.000743 -0.00064
vn -0.000114 -0.000751 -0.00065
vn -0.000156 0.000805 -0.000573
vn -0.000228 0.000785 -0.000576
vn -0.000603 -0.000796 -0.000044
vn -0.000649 -0.00076 0.000037
vn -0.000284 0.000781 -0.000556
vn -0.000247 0.00084 -0.000483
vn -0.000392 0.000783 -0.000483
vn -0.000029 -0.00093 0.000367
vn -0.000031 -0.000925 0.00038
vn -0.000029 -0.000926 0.000376
vn -0.00088 -0.000436 -0.000187
vn -0.000912 -0.000404 -0.000068
vn -0.000033 -0.000928 0.000371
vn -0.00003 -0.000923 0.000383
vn -0.000067 -0.00091 0.000408
vn -0.000024 -0.000922 0.000386
vn -0.000037 -0.000916 0.000399
vn -0.000074 -0.000893 0.000443
vn -0.000034 -0.000914 0.000404
vn -0.000605 -0.000726 0.000327
vn -0.000759 -0.00065 -0.000022
vn -0.000781 -0.000623 0.00003
vn -0.000235 0.000883 -0.000407
vn -0.000096 0.000925 -0.000367
vn -0.000886 -0.000394 0.000245
vn -0.000781 -0.000329 0.000531
vn -0.000825 -0.000311 0.000471
vn -0.00085 -0.000327 0.000414
vn -0.000888 -0.00035 0.000297
vn -0.000898 -0.000371 0.000235
vn -0.000906 -0.000384 0.000176
vn -0.000918 -0.00036 0.000165
vn -0.000397 0.000837 -0.000376
vn -0.000577 -0.000707 0.000408
vn -0.00056 -0.000674 0.000481
vn -0.000407 -0.000693 0.000595
vn -0.00046 -0.000638 0.000618
vn -0.000178 0.000953 -0.000246
vn -0.000504 -0.000665 0.00055
vn -0.000523 -0.000647 0.000554
vn -0.000742 -0.000326 0.000585
vn -0.000745 -0.000321 0.000585
vn -0.000068 0.000937 -0.000342
vn -0.000592 -0.000645 0.000483
vn -0.000623 -0.000672 0.000402
vn -0.000669 -0.000675 0.000311
vn -0.000676 -0.000703 0.000221
vn -0.00033 -0.000761 -0.000559
vn -0.000171 0.000711 -0.000683
vn -0.000617 -0.00077 0.000158
vn -0.000615 -0.000749 0.000247
vn 0.000058 -0.000903 0.000426
vn 0.000055 -0.000925 0.000376
vn 0.0001 -0.000925 0.000367
vn 0.000479 -0.000835 0.000272
vn 0.000532 -0.000823 0.000196
vn 0.000047 -0.00093 0.000364
vn 0.000083 -0.000931 0.000356
vn 0.00004 -0.000915 0.000401
vn 0.000168 -0.000935 0.000314
vn 0.000053 -0.000937 0.000347
vn 0.000012 -0.000931 0.000364
vn -0 -0.000928 0.000374
vn 0.000018 -0.00094 0.000341
vn 0.000379 -0.000367 -0.000849
vn 0.000041 -0.000976 0.000213
vn 0.000044 -0.000978 0.000202
vn 0.000833 -0.000445 -0.000328
vn 0.000871 -0.000407 -0.000273
vn 0.000527 -0.000805 -0.000273
vn 0.000594 -0.000804 -0.000033
vn 0.000598 -0.000776 -0.000199
vn 0.000777 -0.000374 -0.000507
vn 0.000679 -0.000398 -0.000617
vn 0.000027 -0.000937 0.000347
vn 0.000374 -0.000893 -0.000252
vn 0.000542 -0.00007 -0.000838
vn 0.000199 -0.000866 -0.000458
vn -0.000002 -0.000931 0.000364
vn -0.000072 -0.000898 -0.000435
vn 0.000072 -0.000888 -0.000455
vn 0.000082 -0.00005 -0.000995
vn 0.000236 -0.00001 -0.000972
vn 0.000345 -0.000811 -0.000473
vn 0.000401 -0.000101 -0.000911
vn 0.000408 -0.00061 0.00068
vn 0.000436 -0.000574 0.000693
vn 0.000171 0.000942 -0.000288
vn 0.000519 -0.000651 0.000553
vn 0.000432 -0.000728 0.000532
vn 0.000295 -0.000713 0.000637
vn 0.000181 0.000954 -0.000239
vn 0.000478 -0.000622 0.000621
vn 0.000365 -0.000728 0.00058
vn 0.000039 -0.000919 0.000392
vn 0.000544 -0.000732 0.000409
vn 0.000548 -0.00073 0.000409
vn 0.000221 0.000918 -0.000328
vn 0.000838 -0.000402 0.000368
vn 0.000827 -0.00037 0.000423
vn 0.000694 -0.000688 0.000212
vn 0.00066 -0.000717 0.000227
vn 0.000695 -0.000654 0.000299
vn 0.000597 -0.000732 0.000328
vn 0.000397 0.000859 -0.000322
vn 0.00087 -0.000288 0.000401
vn 0.000834 -0.000295 0.000467
vn 0.000285 -0.000769 0.000572
vn 0.000398 0.000916 -0.000043
vn 0.000612 -0.000411 0.000675
vn 0.000647 -0.000416 0.000639
vn 0.00075 -0.000314 0.000582
vn 0.000779 -0.000333 0.00053
vn 0.000773 -0.000344 0.000532
vn 0.000795 -0.000371 0.000479
vn 0.000282 0.000922 -0.000265
vn 0.000568 -0.000669 0.00048
vn 0.000544 -0.000688 0.00048
vn 0.000047 -0.00092 0.000389
vn 0.000233 0.000866 -0.000442
vn 0.000373 0.000707 -0.000601
vn 0.000124 0.000835 -0.000536
vn 0.00014 0.000853 -0.000503
vn 0.000562 -0.000721 -0.000406
vn 0.000507 -0.000735 -0.00045
vn 0.00007 0.000801 -0.000594
vn 0.00045 -0.000752 -0.000481
vn 0.000387 -0.000763 -0.000518
vn 0.00019 0.000664 -0.000723
vn 0.000029 0.000747 -0.000664
vn 0.000041 -0.000754 -0.000656
vn -0.000042 -0.000745 -0.000665
vn 0.000116 -0.000704 -0.0007
vn 0.0002 -0.000703 -0.000683
vn 0.000483 -0.000649 -0.000587
vn 0.000549 -0.000632 -0.000546
vn 0.000759 -0.000645 -0.000089
vn 0.000735 -0.000663 -0.000145
vn 0.000351 0.000774 -0.000527
vn 0.000715 -0.00067 -0.000201
vn 0.000672 -0.000699 -0.000246
vn -0.000676 -0.000694 -0.000248
vn -0.000717 -0.000668 -0.0002
vn 0.000155 0.000903 -0.000401
vn 0.000659 -0.00074 0.000134
vn 0.000774 -0.000631 0.000059
vn 0.000776 -0.000627 -0.00007
vn -0.000417 -0.000414 -0.000809
vn -0.000321 -0.000862 -0.000393
vn -0.000006 -0.000932 0.000361
vn -0.000719 0.000469 0.000513
vn -0.00035 -0.00067 0.000655
vn -0.000345 -0.000667 0.000661
vn 0.00004 -0.00083 -0.000557
vn -0.000576 -0.000517 -0.000633
vn -0.000638 -0.000505 -0.000581
vn -0.000372 -0.000769 0.00052
vn -0.000753 0.000624 0.000206
vn -0.000685 -0.000351 0.000638
vn -0.000719 -0.000162 0.000676
vn -0.000625 -0.000279 0.000729
vn -0.000428 0.000899 0.000095
vn -0.000434 -0.000575 0.000693
vn -0.000348 -0.000678 0.000648
vn 0.000437 0.000819 -0.000372
vn 0.000659 -0.000594 -0.000462
vn 0.000604 -0.000614 -0.000508
vn -0.000926 -0.000375 0.000035
vn -0.000968 -0.000251 -0.000027
vn -0.000937 0.000346 -0.000049
vn -0.00004 -0.000905 0.000423
vn 0.000013 -0.000901 0.000433
vn -0.00001 -0.000916 0.0004
vn -0.000019 -0.000898 0.000439
vn -0.00001 -0.00091 0.000415
vn -0.000011 -0.0009 0.000436
vn -0.000001 -0.000916 0.000401
vn -0.000002 -0.00091 0.000416
vn 0.000002 -0.000909 0.000416
vn 0.000003 -0.000902 0.000432
vn 0.000005 -0.000905 0.000425
vn 0.000012 -0.00091 0.000414
vn 0.000029 -0.000895 0.000445
vn 0.000044 -0.000899 0.000435
vn 0.000021 -0.000911 0.000411
vn 0.000016 -0.000913 0.000407
vn -0.000051 -0.000893 0.000447
vn -0.000029 -0.000905 0.000424
vn -0.000001 -0.00093 0.000369
vn 0.000033 -0.000483 0.000875
vn 0.000009 -0.00096 0.000281
vn 0.000095 -0.000985 0.000146
vn 0.000127 -0.000981 0.000147
vn 0.000155 -0.000975 0.000159
vn 0.000146 -0.000958 0.000245
vn 0.000134 -0.000959 0.000251
vn 0.000212 -0.000931 0.000296
vn 0.000387 -0.000895 0.000222
vn 0.000254 -0.000901 0.000351
vn 0.000039 -0.000921 0.000387
vn 0.000218 -0.000865 0.000452
vn 0.00014 -0.000867 0.000478
vn 0.000096 -0.000524 0.000846
vn 0.000166 -0.000485 0.000859
vn 0.000042 -0.00046 0.000887
vn 0.000082 -0.000654 0.000752
vn 0.000119 0.000894 0.000431
vn 0.00018 0.000934 0.000309
vn 0.000194 -0.000737 0.000647
vn 0.000228 -0.000636 0.000737
vn 0.000268 0.000922 0.000278
vn 0.000044 0.000788 0.000614
vn 0.000125 0.000988 0.000086
vn 0.000244 0.000969 0.000022
vn 0.00056 -0.000346 0.000753
vn 0.000607 -0.000369 0.000704
vn 0.000464 -0.000687 0.000559
vn 0.000449 0.000893 -0.000038
vn 0.000674 -0.000362 0.000644
vn 0.000395 -0.000794 0.000461
vn 0.000387 0.000874 -0.000294
vn 0.000552 -0.000735 0.000393
vn 0.000566 -0.000704 0.000429
vn 0.000451 0.000866 -0.000215
vn 0.000407 0.000894 -0.000188
vn 0.000499 -0.000698 0.000514
vn 0.000536 0.000843 -0.000041
vn 0.000733 0.000509 0.000452
vn 0.000634 -0.000719 -0.000284
vn 0.000659 -0.00068 -0.00032
vn 0.000705 -0.00066 -0.00026
vn 0.000762 -0.000613 -0.000207
vn 0.00076 -0.000641 -0.000103
vn 0.000747 -0.00057 0.000342
vn 0.000726 -0.000558 0.000403
vn 0.000379 0.000914 0.000147
vn 0.000803 -0.000578 -0.000145
vn 0.000824 -0.000561 -0.000073
vn 0.000814 -0.00058 0.000035
vn 0.000821 -0.000562 0.000101
vn 0.000809 -0.000528 0.000256
vn 0.000789 -0.00052 0.000326
vn 0.000179 -0.000632 0.000754
vn 0.000361 -0.000461 -0.000811
vn 0.00026 -0.00046 -0.000849
vn 0.000252 -0.000555 -0.000793
vn 0.000779 -0.000508 -0.000368
vn 0.000817 -0.000497 -0.000292
vn 0.000721 -0.000372 0.000585
vn 0.000676 -0.000358 0.000644
vn 0.000369 -0.000557 0.000744
vn 0.000601 -0.000783 0.000162
vn 0.000347 0.000851 -0.000395
vn 0.000416 0.000767 -0.000488
vn 0.000793 -0.000594 -0.000134
vn 0.000601 0.000559 -0.000572
vn 0.000817 -0.000497 -0.000292
vn 0.000568 -0.000813 0.000127
vn 0.000439 0.00078 -0.000446
vn 0.000764 -0.00023 -0.000603
vn 0.000931 -0.000297 -0.00021
vn 0.000949 -0.00029 -0.000123
vn 0.00096 -0.000279 -0.000027
vn 0.000963 -0.000262 0.000058
vn 0.000978 -0.000203 0.000035
vn 0.000976 -0.000181 0.000119
vn 0.000916 -0.000234 0.000327
vn 0.000885 -0.000224 0.000407
vn 0.000891 -0.000209 0.000403
vn 0.000849 -0.000212 0.000484
vn 0.0006 0.000698 0.000391
vn 0.000604 -0.00052 -0.000604
vn 0.000602 -0.000528 -0.000599
vn 0.000155 -0.000547 -0.000823
vn 0.00016 -0.000462 -0.000872
vn 0.000524 -0.000544 -0.000655
vn 0.000526 -0.000531 -0.000664
vn 0.000611 -0.000687 -0.000394
vn 0.000218 0.000697 -0.000683
vn 0.000364 -0.000899 -0.000245
vn 0.000284 0.000675 -0.000681
vn 0.000463 -0.000839 -0.000286
vn 0.000363 0.000644 -0.000673
vn 0.000241 -0.000922 -0.000302
vn 0.000063 0.000707 -0.000704
vn 0.000198 -0.000879 -0.000433
vn 0.000135 0.000663 -0.000737
vn 0.000177 0.000683 -0.000708
vn 0.000442 -0.00054 -0.000716
vn 0.000295 -0.000922 -0.000252
vn 0.000631 0.000322 -0.000705
vn 0.000753 -0.00007 -0.000655
vn 0.00082 -0.000122 -0.000559
vn 0.000673 0.000367 -0.000641
vn 0.000047 -0.000684 -0.000728
vn 0.000055 -0.000462 -0.000885
vn 0.000051 -0.00023 -0.000972
vn 0.000696 0.000627 -0.000349
vn 0.000811 0.000293 -0.000507
vn 0.00049 0.000561 -0.000668
vn 0.000154 -0.000953 0.000261
vn 0.000779 -0.000496 -0.000382
vn 0.000164 -0.000946 0.00028
vn 0.000349 0.000674 -0.00065
vn 0.000616 -0.000133 -0.000777
vn 0.000172 -0.000968 0.000182
vn 0.000404 0.000125 -0.000906
vn 0.000489 0.000114 -0.000865
vn 0.000126 -0.000981 0.00015
vn 0.000083 -0.000982 -0.000169
vn 0.000021 0.000783 -0.000621
vn 0.000017 -0.000946 -0.000325
vn 0.000134 0.000816 0.000562
vn 0.000038 -0.000896 0.000443
vn 0.000484 -0.000784 0.000389
vn 0.000055 -0.000892 0.000449
vn 0.000069 -0.000888 0.000454
vn 0.00005 -0.000907 0.000418
vn 0.000226 -0.000498 0.000837
vn 0.000163 -0.000499 0.000851
vn 0.000108 -0.000408 0.000907
vn 0.000039 -0.000397 0.000917
vn 0.000211 -0.000844 0.000494
vn 0.000254 -0.000833 0.000492
vn 0.000052 -0.000922 0.000383
vn 0.000133 -0.000916 0.000379
vn 0.000112 -0.00094 0.000323
vn 0.000586 -0.000802 0.000116
vn 0.000587 -0.000791 0.00017
vn 0.000527 -0.000811 0.000253
vn 0.000631 -0.000729 0.000265
vn 0.000561 -0.000708 0.000428
vn 0.000518 -0.000714 0.000471
vn 0.00042 -0.000576 0.000702
vn 0.000397 -0.00053 0.000749
vn 0.000399 -0.000527 0.00075
vn 0.000352 -0.000504 0.000789
vn 0.000297 -0.000482 0.000824
vn 0.000244 -0.000445 0.000862
vn 0.000042 0.00054 -0.000841
vn 0.000109 -0.000965 -0.000239
vn 0.000002 -0.000986 0.000167
vn 0.000351 -0.000546 -0.00076
vn 0.00044 -0.000553 -0.000708
vn 0.000441 -0.000857 0.000266
vn 0.000683 0.000663 -0.000306
vn 0.000596 -0.000716 -0.000365
vn 0.000671 -0.000509 -0.00054
vn 0.0007 -0.000251 -0.000669
vn 0.000691 0.000683 -0.000234
vn 0.000045 -0.00083 -0.000556
vn 0.000114 -0.000896 -0.000428
vn 0.00019 -0.000906 -0.000378
vn 0.00033 -0.000692 -0.000642
vn 0.00065 -0.000714 0.000258
vn 0.00068 -0.000668 0.000302
vn 0.000603 -0.00064 0.000475
vn 0.000523 -0.000676 0.000519
vn 0.000612 -0.000587 0.00053
vn 0.000579 -0.000577 0.000576
vn 0.000527 -0.000574 0.000627
vn 0.000489 -0.000563 0.000666
vn 0.000369 -0.000465 0.000805
vn 0.000307 -0.000459 0.000834
vn -0.000297 -0.000608 0.000736
vn 0 -0.000928 0.000373
vn -0.000048 -0.000913 0.000405
vn -0.000087 -0.000911 0.000403
vn -0.000265 -0.000844 0.000466
vn -0.00063 -0.000635 0.000447
vn -0.000135 -0.000924 0.000358
vn -0.000254 -0.000899 0.000357
vn -0.000193 -0.000909 0.000369
vn -0.000058 -0.000932 0.000357
vn -0.000254 -0.000948 0.000193
vn -0.000241 -0.000963 0.000119
vn -0.000158 -0.000974 0.000162
vn -0.000161 -0.000973 0.000165
vn -0.000134 -0.000971 0.000198
vn -0.000142 -0.000981 0.000132
vn -0.000047 -0.00099 0.000133
vn -0.000044 0.000339 -0.00094
vn -0.000212 -0.000827 -0.000521
vn -0.000064 0.000691 -0.00072
vn -0.000169 -0.00063 -0.000758
vn -0.000326 -0.000887 -0.000328
vn -0.000561 -0.000669 -0.000488
vn -0.000316 0.000639 -0.000702
vn -0.000396 -0.000863 -0.000313
vn -0.000231 0.000683 -0.000693
vn -0.000178 0.000687 -0.000705
vn -0.000278 -0.000859 -0.000431
vn -0.000133 0.000669 -0.000732
vn -0.000498 -0.000866 0.000049
vn -0.000624 0.000348 -0.000699
vn -0.000447 0.000673 -0.00059
vn -0.000551 -0.000823 0.000137
vn -0.000375 0.00084 -0.000393
vn -0.000585 -0.000783 0.000212
vn -0.000769 -0.000533 -0.000353
vn -0.000617 -0.000772 0.000153
vn -0.00046 0.000769 -0.000444
vn -0.00044 0.000754 -0.000488
vn -0.000555 -0.000829 0.000068
vn -0.000475 0.000693 -0.000543
vn -0.000492 0.000462 -0.000738
vn -0.000815 -0.000374 0.000443
vn -0.000805 -0.000402 -0.000437
vn -0.000749 -0.000427 -0.000507
vn -0.000757 -0.000368 -0.00054
vn -0.00069 -0.0004 -0.000604
vn -0.000676 -0.000504 -0.000538
vn -0.0006 -0.00054 -0.00059
vn -0.000605 -0.000513 -0.000609
vn -0.000525 -0.000546 -0.000653
vn -0.000528 -0.000518 -0.000673
vn -0.000441 -0.000554 -0.000706
vn -0.000253 -0.000552 -0.000795
vn -0.000155 -0.00057 -0.000807
vn -0.000099 -0.000497 0.000862
vn -0.000158 -0.000515 0.000843
vn -0.000355 -0.000492 0.000794
vn -0.000289 -0.000505 0.000813
vn -0.000908 -0.000257 0.00033
vn -0.000923 -0.000289 0.000254
vn -0.000942 -0.00024 0.000236
vn -0.000947 -0.000277 0.000161
vn -0.000964 -0.000213 -0.000158
vn -0.000938 -0.000259 -0.000228
vn -0.000911 -0.000237 -0.000338
vn -0.000871 -0.000263 -0.000415
vn -0.000873 -0.000201 -0.000444
vn -0.000823 -0.000274 -0.000498
vn -0.00005 -0.00022 -0.000974
vn -0.000485 -0.000763 0.000428
vn -0.000429 0.000875 -0.000223
vn -0.00029 0.000902 -0.000319
vn -0.000337 -0.000814 0.000473
vn -0.000745 0.000593 0.000307
vn -0.000775 -0.000117 0.000621
vn -0.000538 -0.000619 0.000573
vn -0.000567 0.000824 -0.000004
vn -0.000142 -0.000896 0.000422
vn -0.000674 -0.000224 0.000704
vn -0.000613 -0.000214 0.00076
vn -0.000084 0.000983 0.000163
vn -0.000762 -0.000388 0.000518
vn -0.000733 -0.000354 0.000581
vn -0.000454 0.000849 0.000273
vn -0.000393 0.000866 0.00031
vn -0 -0.000928 0.000373
vn -0.000194 -0.000593 0.000781
vn 0 -0.000928 0.000373
vn -0.00014 0.000978 0.000154
vn -0.000099 -0.000754 0.000649
vn -0.000299 0.000875 0.000381
vn -0.000239 -0.000614 0.000752
vn -0.000391 0.000837 0.000384
vn -0.000417 0.000831 0.000368
vn -0.000381 0.000912 0.000152
vn -0.000432 0.000894 0.00012
vn -0.000344 -0.000666 0.000662
vn -0.000721 0.000533 0.000443
vn -0.000751 0.000062 0.000657
vn -0.000751 -0.000191 0.000632
vn -0.000793 -0.000223 0.000567
vn -0.000033 -0.000469 0.000883
vn -0.000105 -0.000444 0.00089
vn -0.000037 -0.000417 0.000908
vn -0.000158 -0.00091 0.000383
vn -0.000703 -0.000617 0.000353
vn -0.000573 0.000812 -0.000113
vn -0.000073 -0.00092 0.000385
vn -0.000684 0.000719 -0.000127
vn -0.000153 -0.0009 0.000409
vn -0.000453 0.000836 -0.00031
vn -0.00039 -0.000774 0.000498
vn -0.000347 -0.00078 0.000521
vn -0.000395 -0.000669 0.00063
vn -0.000126 -0.000875 0.000468
vn -0.000329 -0.000695 0.00064
vn -0.000149 -0.000633 -0.000759
vn -0.000249 -0.00064 -0.000727
vn -0.000342 -0.00062 -0.000706
vn -0.00034 -0.000634 -0.000694
vn -0.00043 -0.000612 -0.000664
vn -0.000806 -0.000574 -0.000146
vn -0.000836 -0.000543 -0.000083
vn -0.000816 -0.000578 0.000033
vn -0.000832 -0.000546 0.000097
vn -0.000817 -0.000567 0.000108
vn -0.000825 -0.000537 0.000176
vn -0.000816 -0.000548 0.000181
vn -0.000818 -0.00052 0.000246
vn -0.00057 -0.00052 0.000636
vn -0.000532 -0.000502 0.000681
vn -0.000369 -0.000574 0.000731
vn -0.000051 -0.000643 -0.000764
vn -0.000052 -0.000682 -0.00073
vn -0.000034 -0.000948 -0.000316
vn -0.000211 0.000267 -0.00094
vn -0.000025 -0.000999 -0.000033
vn -0.000154 -0.000199 -0.000968
vn -0.000077 -0.000988 0.000133
vn -0.000358 -0.000243 -0.000901
vn -0.000447 0.000272 -0.000852
vn -0.000074 -0.000975 0.000208
vn -0.00033 0.00039 -0.00086
vn -0.00014 -0.00098 0.000139
vn -0.000621 -0.0004 -0.000675
vn -0.000639 -0.000742 0.000205
vn -0.00013 -0.00093 0.000344
vn -0.000892 0.000402 -0.000207
vn -0.000435 -0.000677 0.000594
vn -0.000459 -0.000692 0.000557
vn -0.000485 -0.000707 0.000514
vn -0.000493 -0.00073 0.000474
vn -0.000527 -0.000838 -0.000141
vn -0.000426 -0.000899 -0.000102
vn -0.000228 -0.000935 0.000273
vn -0.0008 0.000409 -0.000439
vn -0.00055 -0.000764 0.000338
vn -0.000541 -0.000749 0.000383
vn -0.000541 -0.000749 0.000383
vn -0.000538 -0.000727 0.000426
vn -0.000141 0.000798 0.000586
vn -0.000059 0.000757 0.000651
vn -0.00003 -0.000574 0.000819
vn -0.000418 -0.000815 0.000402
vn -0.000611 0.000744 -0.00027
vn -0.000998 0.000037 0.000043
vn -0.000998 -0 -0.000059
vn -0.000787 -0.000345 0.000512
vn -0.00041 0.000897 -0.000167
vn -0.000425 0.000882 -0.000202
vn -0.00062 0.000717 -0.000319
vn -0.000154 -0.000532 0.000832
vn -0.000188 -0.000606 0.000773
vn -0.000199 -0.000579 0.00079
vn -0.000271 -0.000545 0.000793
vn -0.000423 -0.000488 0.000764
vn -0.000478 -0.000489 0.000729
vn -0.000764 -0.000458 0.000456
vn -0.000781 -0.000484 0.000395
vn -0.000082 -0.000881 0.000465
vn -0.000699 -0.000707 0.000109
vn -0.000634 -0.000768 0.000087
vn -0.000722 -0.000689 -0.000063
vn -0.000622 -0.000781 -0.000055
vn -0.000666 -0.000739 -0.000101
vn -0.000616 -0.000774 -0.000145
vn -0.000581 -0.000807 -0.000104
vn -0.000571 -0.000798 -0.000195
usemtl URBlue
f 1//1 2//1 3//1
f 2//2 4//2 3//2
f 4//3 5//3 3//3
f 5//4 6//4 3//4
f 6//5 7//5 3//5
f 7//6 8//6 3//6
f 8//7 9//7 3//7
f 9//8 10//8 3//8
f 10//9 11//9 3//9
f 3//10 11//10 12//10
f 12//11 1//11 3//11
f 13//12 14//12 15//12
f 15//13 14//13 16//13
f 15//14 16//14 17//14
f 17//15 18//15 15//15
f 18//16 19//16 15//16
f 19//17 20//17 15//17
f 20//18 21//18 15//18
f 21//19 22//19 15//19
f 15//20 22//20 23//20
f 23//21 13//21 15//21
f 24//22 2//22 1//22
f 24//23 4//23 2//23
f 5//24 4//24 25//24
f 25//25 6//25 5//25
f 26//26 8//26 7//26
f 26//27 7//27 6//27
f 10//28 9//28 27//28
f 27//29 9//29 8//29
f 28//30 1//30 12//30
f 12//31 11//31 29//31
f 29//32 11//32 10//32
f 30//33 16//33 14//33
f 30//34 14//34 13//34
f 31//35 17//35 16//35
f 32//36 19//36 18//36
f 32//37 18//37 17//37
f 20//38 19//38 33//38
f 33//39 21//39 20//39
f 13//40 23//40 34//40
f 21//41 35//41 22//41
f 22//42 35//42 23//42
f 36//43 24//43 37//43
f 37//44 24//44 1//44
f 37//45 1//45 28//45
f 38//46 25//46 36//46
f 36//47 25//47 4//47
f 36//48 4//48 24//48
f 39//49 26//49 38//49
f 38//50 26//50 6//50
f 38//51 6//51 25//51
f 40//52 27//52 39//52
f 39//53 27//53 8//53
f 39//54 8//54 26//54
f 27//55 40//55 10//55
f 10//56 40//56 41//56
f 10//57 41//57 29//57
f 37//58 28//58 41//58
f 41//59 28//59 12//59
f 41//60 12//60 29//60
f 34//61 42//61 13//61
f 13//62 42//62 43//62
f 13//63 43//63 30//63
f 44//64 31//64 43//64
f 43//65 31//65 16//65
f 43//66 16//66 30//66
f 45//67 32//67 44//67
f 44//68 32//68 17//68
f 44//69 17//69 31//69
f 32//70 45//70 19//70
f 19//71 45//71 46//71
f 19//72 46//72 33//72
f 33//73 46//73 21//73
f 21//74 46//74 47//74
f 21//75 47//75 35//75
f 42//76 34//76 47//76
f 47//77 34//77 23//77
f 47//78 23//78 35//78
f 48//79 49//79 50//79
f 50//80 49//80 51//80
f 50//81 51//81 52//81
f 52//82 53//82 50//82
f 53//83 54//83 50//83
f 54//84 55//84 50//84
f 55//85 56//85 50//85
f 56//86 57//86 50//86
f 50//87 57//87 58//87
f 58//88 48//88 50//88
f 59//89 60//89 41//89
f 37//90 61//90 62//90
f 63//91 64//91 39//91
f 39//92 64//92 65//92
f 37//93 62//93 66//93
f 37//94 66//94 36//94
f 41//95 60//95 37//95
f 37//96 60//96 61//96
f 39//97 65//97 67//97
f 39//98 67//98 40//98
f 68//99 63//99 38//99
f 38//100 63//100 39//100
f 66//101 69//101 36//101
f 36//102 69//102 38//102
f 38//103 69//103 68//103
f 67//104 70//104 40//104
f 40//105 70//105 41//105
f 41//106 70//106 59//106
f 43//107 71//107 72//107
f 73//108 74//108 42//108
f 45//109 75//109 76//109
f 44//110 77//110 75//110
f 44//111 75//111 45//111
f 43//112 72//112 77//112
f 43//113 77//113 44//113
f 74//114 71//114 42//114
f 42//115 71//115 43//115
f 47//116 78//116 73//116
f 45//117 76//117 79//117
f 45//118 79//118 46//118
f 46//119 79//119 80//119
f 47//120 73//120 42//120
f 46//121 80//121 78//121
f 46//122 78//122 47//122
f 51//123 49//123 81//123
f 81//124 49//124 48//124
f 82//125 52//125 51//125
f 83//126 54//126 53//126
f 83//37 53//37 52//37
f 54//127 84//127 55//127
f 56//128 55//128 84//128
f 48//129 58//129 85//129
f 86//130 58//130 57//130
f 86//131 57//131 56//131
f 69//132 87//132 68//132
f 63//133 68//133 88//133
f 63//134 88//134 64//134
f 70//135 67//135 89//135
f 61//136 60//136 90//136
f 61//137 90//137 91//137
f 61//138 91//138 62//138
f 66//139 92//139 69//139
f 68//140 87//140 93//140
f 68//141 93//141 88//141
f 88//142 94//142 64//142
f 64//143 94//143 95//143
f 64//144 95//144 65//144
f 65//145 95//145 96//145
f 65//146 96//146 67//146
f 67//147 96//147 97//147
f 67//148 97//148 89//148
f 89//149 98//149 70//149
f 70//150 98//150 99//150
f 70//151 99//151 59//151
f 59//152 99//152 100//152
f 59//153 100//153 60//153
f 60//154 100//154 101//154
f 60//155 101//155 102//155
f 60//156 102//156 90//156
f 62//157 91//157 103//157
f 62//158 103//158 104//158
f 62//159 104//159 66//159
f 66//160 104//160 105//160
f 66//161 105//161 92//161
f 69//162 92//162 87//162
f 87//163 92//163 106//163
f 87//164 106//164 107//164
f 87//165 107//165 93//165
f 88//166 93//166 108//166
f 88//167 108//167 94//167
f 96//168 95//168 109//168
f 89//169 97//169 110//169
f 89//170 110//170 98//170
f 98//171 110//171 111//171
f 100//172 99//172 112//172
f 90//173 102//173 113//173
f 90//174 113//174 91//174
f 91//175 113//175 114//175
f 91//176 114//176 103//176
f 105//177 104//177 115//177
f 92//178 105//178 116//178
f 92//179 116//179 106//179
f 106//180 116//180 117//180
f 106//181 117//181 118//181
f 106//182 118//182 107//182
f 107//183 118//183 119//183
f 107//184 119//184 120//184
f 107//185 120//185 93//185
f 93//186 120//186 121//186
f 93//187 121//187 108//187
f 94//188 108//188 122//188
f 94//189 122//189 123//189
f 94//190 123//190 95//190
f 95//191 123//191 124//191
f 95//192 124//192 125//192
f 95//193 125//193 109//193
f 96//194 109//194 126//194
f 96//195 126//195 97//195
f 97//196 126//196 127//196
f 97//197 127//197 110//197
f 98//198 111//198 128//198
f 98//199 128//199 99//199
f 99//200 128//200 129//200
f 99//201 129//201 112//201
f 100//202 112//202 130//202
f 100//203 130//203 101//203
f 101//204 130//204 131//204
f 101//205 131//205 102//205
f 102//206 131//206 132//206
f 102//207 132//207 133//207
f 102//208 133//208 113//208
f 113//209 133//209 134//209
f 113//210 134//210 135//210
f 113//211 135//211 114//211
f 114//212 135//212 136//212
f 114//213 136//213 137//213
f 114//214 137//214 103//214
f 103//215 137//215 138//215
f 103//216 138//216 139//216
f 103//217 139//217 104//217
f 104//218 139//218 140//218
f 104//219 140//219 141//219
f 104//220 141//220 115//220
f 105//221 115//221 142//221
f 105//222 142//222 116//222
f 116//223 142//223 143//223
f 116//224 143//224 144//224
f 116//225 144//225 117//225
f 117//226 145//226 118//226
f 108//227 121//227 146//227
f 108//228 146//228 122//228
f 109//229 125//229 147//229
f 109//230 147//230 126//230
f 110//231 127//231 148//231
f 110//232 148//232 149//232
f 110//233 149//233 111//233
f 111//234 149//234 150//234
f 111//235 150//235 128//235
f 112//236 129//236 151//236
f 112//237 151//237 130//237
f 115//238 141//238 152//238
f 115//239 152//239 142//239
f 117//240 144//240 145//240
f 118//241 145//241 153//241
f 118//242 153//242 119//242
f 119//243 153//243 154//243
f 119//244 154//244 120//244
f 120//245 154//245 155//245
f 120//246 155//246 121//246
f 121//247 155//247 156//247
f 121//248 156//248 146//248
f 146//249 156//249 157//249
f 146//250 157//250 158//250
f 146//251 158//251 122//251
f 122//252 158//252 159//252
f 122//253 159//253 123//253
f 123//254 159//254 160//254
f 123//255 160//255 124//255
f 124//256 160//256 161//256
f 124//257 161//257 125//257
f 125//258 161//258 162//258
f 125//259 162//259 147//259
f 126//260 147//260 163//260
f 126//261 163//261 127//261
f 127//262 163//262 164//262
f 127//263 164//263 148//263
f 128//264 150//264 165//264
f 128//265 165//265 129//265
f 129//266 165//266 166//266
f 129//267 166//267 151//267
f 130//268 151//268 167//268
f 130//269 167//269 131//269
f 131//270 167//270 168//270
f 131//271 168//271 132//271
f 132//272 168//272 169//272
f 132//273 169//273 133//273
f 133//274 169//274 170//274
f 133//275 170//275 134//275
f 134//276 170//276 171//276
f 134//277 171//277 135//277
f 135//278 171//278 172//278
f 135//279 172//279 136//279
f 136//280 172//280 173//280
f 136//281 173//281 137//281
f 137//282 173//282 174//282
f 137//283 174//283 138//283
f 138//284 174//284 175//284
f 138//285 175//285 139//285
f 139//286 175//286 176//286
f 139//287 176//287 140//287
f 140//288 176//288 177//288
f 140//289 177//289 141//289
f 141//290 177//290 178//290
f 141//291 178//291 152//291
f 142//292 152//292 179//292
f 142//293 179//293 143//293
f 143//294 179//294 180//294
f 143//295 180//295 144//295
f 144//296 180//296 181//296
f 144//297 181//297 145//297
f 147//298 162//298 182//298
f 147//299 182//299 163//299
f 149//300 148//300 183//300
f 149//301 183//301 150//301
f 150//302 183//302 184//302
f 150//303 184//303 165//303
f 151//304 166//304 185//304
f 151//305 185//305 167//305
f 152//306 178//306 186//306
f 152//307 186//307 179//307
f 145//308 187//308 153//308
f 153//309 187//309 188//309
f 153//310 188//310 154//310
f 154//311 188//311 189//311
f 154//312 189//312 155//312
f 155//313 189//313 190//313
f 155//314 190//314 156//314
f 156//315 190//315 191//315
f 156//316 191//316 157//316
f 157//317 191//317 192//317
f 157//318 192//318 158//318
f 158//319 192//319 193//319
f 158//320 193//320 159//320
f 160//321 159//321 194//321
f 160//322 194//322 161//322
f 162//323 161//323 195//323
f 162//324 195//324 182//324
f 163//325 182//325 196//325
f 163//326 196//326 164//326
f 164//327 196//327 197//327
f 164//328 197//328 148//328
f 148//329 197//329 198//329
f 148//330 198//330 183//330
f 165//331 184//331 199//331
f 165//332 199//332 166//332
f 166//333 199//333 200//333
f 166//334 200//334 185//334
f 167//335 185//335 201//335
f 167//336 201//336 168//336
f 168//337 201//337 202//337
f 168//338 202//338 169//338
f 169//339 202//339 203//339
f 169//340 203//340 170//340
f 171//341 170//341 204//341
f 171//342 204//342 172//342
f 172//343 204//343 205//343
f 172//344 205//344 173//344
f 173//345 205//345 206//345
f 173//346 206//346 174//346
f 174//347 206//347 207//347
f 174//348 207//348 175//348
f 175//349 207//349 208//349
f 175//350 208//350 176//350
f 176//351 208//351 209//351
f 176//352 209//352 177//352
f 177//353 209//353 210//353
f 177//354 210//354 178//354
f 178//355 210//355 211//355
f 178//356 211//356 186//356
f 179//357 186//357 212//357
f 179//358 212//358 180//358
f 180//359 212//359 213//359
f 180//360 213//360 181//360
f 181//361 213//361 214//361
f 181//362 214//362 145//362
f 145//363 214//363 187//363
f 77//364 215//364 75//364
f 75//365 215//365 216//365
f 75//366 216//366 76//366
f 76//367 216//367 217//367
f 76//368 217//368 218//368
f 76//369 218//369 79//369
f 80//370 79//370 219//370
f 78//371 220//371 221//371
f 78//372 221//372 73//372
f 73//373 221//373 222//373
f 73//374 222//374 74//374
f 74//375 222//375 223//375
f 74//376 223//376 71//376
f 71//377 223//377 224//377
f 71//378 224//378 225//378
f 71//379 225//379 72//379
f 72//380 226//380 77//380
f 77//381 226//381 227//381
f 77//382 227//382 215//382
f 215//383 228//383 216//383
f 218//384 229//384 79//384
f 79//385 229//385 230//385
f 79//386 230//386 219//386
f 80//387 219//387 231//387
f 80//388 231//388 78//388
f 78//389 231//389 220//389
f 221//390 232//390 222//390
f 224//391 233//391 225//391
f 72//392 225//392 226//392
f 227//393 226//393 234//393
f 215//394 227//394 235//394
f 215//395 235//395 228//395
f 216//396 228//396 236//396
f 216//397 236//397 217//397
f 217//398 236//398 237//398
f 217//399 237//399 218//399
f 218//400 237//400 238//400
f 218//401 238//401 229//401
f 229//402 238//402 239//402
f 229//403 239//403 230//403
f 219//404 230//404 240//404
f 219//405 240//405 241//405
f 219//406 241//406 231//406
f 220//407 231//407 242//407
f 220//408 242//408 243//408
f 220//409 243//409 221//409
f 221//410 243//410 244//410
f 221//411 244//411 245//411
f 221//412 245//412 232//412
f 222//413 232//413 246//413
f 222//414 246//414 247//414
f 222//415 247//415 223//415
f 223//416 247//416 248//416
f 223//417 248//417 224//417
f 224//418 248//418 233//418
f 225//419 233//419 249//419
f 225//420 249//420 226//420
f 226//421 249//421 250//421
f 226//422 251//422 234//422
f 227//423 234//423 252//423
f 227//424 252//424 235//424
f 228//425 235//425 253//425
f 228//426 253//426 236//426
f 237//427 236//427 254//427
f 230//428 239//428 255//428
f 230//429 255//429 256//429
f 230//430 256//430 240//430
f 241//431 240//431 257//431
f 241//432 257//432 258//432
f 241//433 258//433 231//433
f 231//434 258//434 259//434
f 231//435 259//435 242//435
f 245//436 244//436 260//436
f 245//437 260//437 261//437
f 245//438 261//438 232//438
f 232//439 261//439 262//439
f 232//440 262//440 246//440
f 233//441 248//441 263//441
f 233//442 263//442 264//442
f 233//443 264//443 249//443
f 226//444 250//444 251//444
f 234//445 251//445 265//445
f 234//446 265//446 252//446
f 235//447 252//447 266//447
f 235//448 266//448 267//448
f 235//449 267//449 253//449
f 236//450 253//450 268//450
f 236//451 268//451 269//451
f 236//452 269//452 254//452
f 237//453 254//453 270//453
f 237//454 270//454 238//454
f 238//455 270//455 271//455
f 238//456 271//456 272//456
f 238//457 272//457 239//457
f 239//458 272//458 273//458
f 239//459 273//459 255//459
f 240//460 256//460 274//460
f 240//461 274//461 257//461
f 242//462 259//462 275//462
f 242//463 275//463 243//463
f 243//464 275//464 276//464
f 243//465 276//465 277//465
f 243//466 277//466 244//466
f 244//467 277//467 278//467
f 244//468 278//468 260//468
f 246//469 262//469 279//469
f 246//470 279//470 247//470
f 247//471 279//471 280//471
f 247//472 280//472 281//472
f 247//473 281//473 248//473
f 248//474 281//474 282//474
f 248//475 282//475 283//475
f 248//476 283//476 263//476
f 249//477 264//477 284//477
f 249//478 284//478 250//478
f 250//479 284//479 285//479
f 250//480 285//480 251//480
f 251//481 286//481 265//481
f 252//482 265//482 287//482
f 252//483 287//483 266//483
f 253//484 267//484 288//484
f 253//485 288//485 268//485
f 254//486 269//486 289//486
f 254//487 289//487 270//487
f 255//488 273//488 290//488
f 255//489 290//489 256//489
f 256//490 290//490 291//490
f 256//491 291//491 274//491
f 257//492 274//492 292//492
f 257//493 292//493 258//493
f 258//494 292//494 293//494
f 258//495 293//495 259//495
f 259//496 293//496 294//496
f 259//497 294//497 275//497
f 260//498 278//498 295//498
f 260//499 295//499 261//499
f 261//500 295//500 296//500
f 261//501 296//501 262//501
f 262//502 296//502 297//502
f 262//503 297//503 279//503
f 263//504 283//504 298//504
f 263//505 298//505 264//505
f 264//506 298//506 299//506
f 264//507 299//507 284//507
f 284//508 299//508 300//508
f 284//509 300//509 301//509
f 284//510 301//510 285//510
f 251//511 285//511 286//511
f 266//512 287//512 302//512
f 266//513 302//513 267//513
f 267//514 302//514 303//514
f 267//515 303//515 288//515
f 268//516 288//516 304//516
f 268//517 304//517 269//517
f 270//518 289//518 305//518
f 270//519 305//519 271//519
f 271//520 305//520 306//520
f 271//521 306//521 272//521
f 272//522 306//522 307//522
f 272//523 307//523 273//523
f 273//524 307//524 308//524
f 273//525 308//525 290//525
f 275//526 294//526 309//526
f 275//527 309//527 276//527
f 276//528 309//528 310//528
f 276//529 310//529 277//529
f 277//530 310//530 311//530
f 277//531 311//531 278//531
f 278//532 311//532 312//532
f 278//533 312//533 295//533
f 279//534 297//534 313//534
f 279//535 313//535 280//535
f 280//536 313//536 314//536
f 280//537 314//537 281//537
f 281//538 314//538 315//538
f 281//539 315//539 282//539
f 282//540 315//540 316//540
f 282//541 316//541 283//541
f 285//542 301//542 317//542
f 285//543 317//543 286//543
f 265//544 286//544 318//544
f 265//545 318//545 287//545
f 287//546 318//546 319//546
f 287//547 319//547 302//547
f 288//548 303//548 320//548
f 288//549 320//549 304//549
f 269//550 304//550 321//550
f 269//551 321//551 289//551
f 290//552 308//552 322//552
f 290//553 322//553 291//553
f 291//554 322//554 323//554
f 291//555 323//555 274//555
f 274//556 323//556 324//556
f 274//557 324//557 292//557
f 292//558 324//558 325//558
f 292//559 325//559 293//559
f 293//560 325//560 326//560
f 293//561 326//561 294//561
f 294//562 326//562 327//562
f 294//563 327//563 309//563
f 295//564 312//564 328//564
f 295//565 328//565 296//565
f 296//566 328//566 329//566
f 296//567 329//567 297//567
f 297//568 329//568 330//568
f 297//569 330//569 313//569
f 283//570 316//570 331//570
f 283//571 331//571 298//571
f 298//572 331//572 332//572
f 298//573 332//573 299//573
f 299//574 332//574 333//574
f 299//575 333//575 300//575
f 300//576 333//576 334//576
f 300//577 334//577 301//577
f 301//578 334//578 335//578
f 301//579 335//579 317//579
f 336//580 81//580 337//580
f 337//581 81//581 48//581
f 337//582 48//582 85//582
f 338//583 82//583 336//583
f 336//584 82//584 51//584
f 336//585 51//585 81//585
f 339//67 83//67 338//67
f 338//586 83//586 52//586
f 338//587 52//587 82//587
f 340//588 84//588 339//588
f 339//589 84//589 54//589
f 339//590 54//590 83//590
f 341//591 86//591 340//591
f 340//592 86//592 56//592
f 340//593 56//593 84//593
f 86//594 341//594 58//594
f 58//595 341//595 337//595
f 58//596 337//596 85//596
f 207//597 342//597 208//597
f 208//598 342//598 343//598
f 208//599 343//599 209//599
f 209//600 343//600 344//600
f 209//601 344//601 210//601
f 210//602 344//602 345//602
f 210//603 345//603 211//603
f 211//604 345//604 346//604
f 211//605 346//605 186//605
f 186//606 346//606 347//606
f 186//607 347//607 212//607
f 212//608 347//608 348//608
f 212//609 348//609 213//609
f 213//610 348//610 349//610
f 213//611 349//611 214//611
f 214//612 349//612 350//612
f 214//613 350//613 187//613
f 187//614 350//614 351//614
f 187//615 351//615 188//615
f 188//616 351//616 352//616
f 188//617 352//617 189//617
f 189//618 352//618 353//618
f 189//619 353//619 190//619
f 190//620 353//620 354//620
f 190//621 354//621 191//621
f 191//622 354//622 355//622
f 191//623 355//623 192//623
f 192//624 355//624 356//624
f 192//625 356//625 193//625
f 193//626 356//626 357//626
f 193//627 357//627 358//627
f 193//628 358//628 159//628
f 159//629 358//629 194//629
f 194//630 358//630 359//630
f 194//631 359//631 161//631
f 161//632 359//632 360//632
f 161//633 360//633 195//633
f 195//634 360//634 361//634
f 195//635 361//635 182//635
f 182//636 361//636 362//636
f 182//637 362//637 196//637
f 196//638 362//638 363//638
f 196//639 363//639 197//639
f 197//640 363//640 364//640
f 197//641 364//641 198//641
f 198//642 364//642 365//642
f 198//643 365//643 183//643
f 183//644 365//644 366//644
f 183//645 366//645 184//645
f 184//646 366//646 367//646
f 184//647 367//647 199//647
f 199//648 367//648 368//648
f 199//649 368//649 200//649
f 200//650 368//650 369//650
f 200//651 369//651 185//651
f 185//652 369//652 370//652
f 185//653 370//653 201//653
f 201//654 370//654 371//654
f 201//655 371//655 202//655
f 202//656 371//656 372//656
f 202//657 372//657 203//657
f 203//658 372//658 373//658
f 203//659 373//659 374//659
f 203//660 374//660 170//660
f 170//661 374//661 204//661
f 204//662 374//662 375//662
f 204//663 375//663 205//663
f 205//664 375//664 376//664
f 205//665 376//665 206//665
f 206//666 376//666 377//666
f 206//667 377//667 207//667
f 207//668 377//668 342//668
f 378//669 314//669 379//669
f 379//670 314//670 313//670
f 379//671 313//671 380//671
f 380//672 313//672 330//672
f 380//673 330//673 381//673
f 381//674 330//674 329//674
f 381//675 329//675 382//675
f 382//676 329//676 328//676
f 382//677 328//677 383//677
f 383//678 328//678 312//678
f 383//679 312//679 384//679
f 384//680 312//680 311//680
f 384//681 311//681 385//681
f 385//682 311//682 310//682
f 385//683 310//683 309//683
f 385//684 309//684 386//684
f 386//685 309//685 387//685
f 387//686 309//686 327//686
f 387//687 327//687 388//687
f 388//688 327//688 326//688
f 388//689 326//689 389//689
f 389//690 326//690 325//690
f 389//691 325//691 390//691
f 390//692 325//692 324//692
f 390//693 324//693 391//693
f 391//694 324//694 323//694
f 391//695 323//695 392//695
f 392//696 323//696 322//696
f 392//697 322//697 393//697
f 393//698 322//698 308//698
f 393//699 308//699 394//699
f 394//700 308//700 307//700
f 394//701 307//701 395//701
f 395//702 307//702 306//702
f 395//703 306//703 396//703
f 396//704 306//704 305//704
f 396//705 305//705 397//705
f 397//706 305//706 289//706
f 397//707 289//707 321//707
f 397//708 321//708 398//708
f 398//709 321//709 399//709
f 399//710 321//710 304//710
f 399//711 304//711 400//711
f 400//712 304//712 320//712
f 400//713 320//713 401//713
f 401//714 320//714 303//714
f 401//715 303//715 402//715
f 402//716 303//716 302//716
f 402//717 302//717 403//717
f 403//718 302//718 319//718
f 403//719 319//719 404//719
f 404//720 319//720 318//720
f 404//721 318//721 405//721
f 405//722 318//722 286//722
f 405//723 286//723 406//723
f 406//724 286//724 317//724
f 406//725 317//725 407//725
f 407//726 317//726 335//726
f 407//727 335//727 408//727
f 408//728 335//728 334//728
f 408//729 334//729 409//729
f 409//730 334//730 333//730
f 409//731 333//731 410//731
f 410//732 333//732 332//732
f 410//733 332//733 411//733
f 411//734 332//734 331//734
f 411//735 331//735 316//735
f 411//736 316//736 412//736
f 412//737 316//737 315//737
f 412//738 315//738 413//738
f 413//739 315//739 378//739
f 378//740 315//740 314//740
f 414//741 338//741 415//741
f 416//742 337//742 341//742
f 416//743 341//743 417//743
f 337//744 416//744 418//744
f 419//745 417//745 340//745
f 340//746 417//746 341//746
f 339//747 420//747 421//747
f 336//748 415//748 338//748
f 336//749 422//749 415//749
f 339//750 421//750 423//750
f 339//751 423//751 340//751
f 340//752 423//752 419//752
f 338//753 414//753 420//753
f 338//111 420//111 339//111
f 337//754 418//754 422//754
f 337//115 422//115 336//115
f 355//755 354//755 424//755
f 355//756 424//756 356//756
f 358//757 357//757 425//757
f 358//758 425//758 359//758
f 359//759 425//759 426//759
f 359//760 426//760 360//760
f 361//761 360//761 427//761
f 361//762 427//762 362//762
f 362//763 427//763 428//763
f 362//764 428//764 363//764
f 366//765 365//765 429//765
f 366//766 429//766 367//766
f 368//767 367//767 430//767
f 368//768 430//768 369//768
f 376//769 375//769 431//769
f 376//770 431//770 377//770
f 377//771 431//771 432//771
f 377//772 432//772 342//772
f 342//773 432//773 433//773
f 342//774 433//774 343//774
f 343//775 433//775 434//775
f 343//776 434//776 344//776
f 345//777 344//777 435//777
f 345//778 435//778 346//778
f 350//779 349//779 436//779
f 350//780 436//780 351//780
f 351//781 437//781 352//781
f 356//782 424//782 438//782
f 356//783 438//783 357//783
f 360//784 426//784 439//784
f 360//785 439//785 427//785
f 370//786 369//786 440//786
f 370//787 440//787 371//787
f 373//788 372//788 441//788
f 373//789 441//789 374//789
f 374//790 441//790 442//790
f 374//791 442//791 375//791
f 344//792 434//792 443//792
f 344//793 443//793 435//793
f 346//794 435//794 444//794
f 346//795 444//795 347//795
f 351//796 436//796 437//796
f 353//797 352//797 445//797
f 353//798 445//798 354//798
f 354//799 445//799 446//799
f 354//800 446//800 424//800
f 365//801 364//801 447//801
f 365//802 447//802 429//802
f 347//803 444//803 448//803
f 347//804 448//804 348//804
f 352//805 437//805 445//805
f 357//806 438//806 449//806
f 357//807 449//807 425//807
f 363//808 428//808 450//808
f 363//809 450//809 364//809
f 364//810 450//810 447//810
f 367//811 429//811 451//811
f 367//812 451//812 430//812
f 369//813 430//813 440//813
f 371//814 440//814 452//814
f 371//815 452//815 372//815
f 372//816 452//816 441//816
f 375//817 442//817 431//817
f 348//818 448//818 453//818
f 348//819 453//819 349//819
f 349//820 453//820 436//820
f 424//821 446//821 438//821
f 426//822 425//822 439//822
f 427//823 439//823 428//823
f 428//824 439//824 450//824
f 433//825 432//825 434//825
f 434//826 432//826 443//826
f 436//827 453//827 437//827
f 429//828 447//828 451//828
f 441//829 452//829 442//829
f 435//830 443//830 444//830
f 399//831 400//831 454//831
f 399//832 454//832 398//832
f 396//833 397//833 455//833
f 396//834 455//834 395//834
f 393//835 394//835 456//835
f 393//836 456//836 392//836
f 390//837 391//837 457//837
f 390//838 457//838 389//838
f 386//839 387//839 458//839
f 386//840 458//840 385//840
f 385//841 458//841 459//841
f 385//842 459//842 384//842
f 384//843 459//843 460//843
f 384//844 460//844 383//844
f 407//845 408//845 461//845
f 407//846 461//846 406//846
f 402//847 403//847 462//847
f 402//848 462//848 401//848
f 400//849 401//849 463//849
f 400//850 463//850 454//850
f 398//851 454//851 464//851
f 398//852 464//852 397//852
f 395//853 455//853 465//853
f 395//854 465//854 394//854
f 394//855 465//855 466//855
f 394//856 466//856 456//856
f 391//857 392//857 467//857
f 391//858 467//858 457//858
f 387//859 388//859 468//859
f 387//860 468//860 458//860
f 382//861 383//861 469//861
f 382//862 469//862 381//862
f 408//863 409//863 470//863
f 408//864 470//864 461//864
f 403//865 404//865 471//865
f 403//866 471//866 462//866
f 401//867 462//867 472//867
f 401//868 472//868 463//868
f 412//869 413//869 473//869
f 412//870 473//870 411//870
f 410//871 411//871 474//871
f 410//872 474//872 409//872
f 409//873 474//873 475//873
f 409//874 475//874 470//874
f 406//875 461//875 476//875
f 406//876 476//876 405//876
f 405//877 477//877 404//877
f 397//878 464//878 478//878
f 397//879 478//879 455//879
f 392//880 456//880 467//880
f 389//881 457//881 479//881
f 389//882 479//882 388//882
f 388//883 479//883 468//883
f 383//884 460//884 469//884
f 380//885 381//885 480//885
f 380//886 480//886 379//886
f 379//887 480//887 481//887
f 379//888 481//888 378//888
f 378//889 481//889 413//889
f 413//890 481//890 473//890
f 411//891 473//891 474//891
f 405//892 476//892 477//892
f 404//893 477//893 471//893
f 454//894 463//894 464//894
f 457//895 467//895 479//895
f 459//896 458//896 460//896
f 381//897 469//897 480//897
f 461//898 470//898 476//898
f 462//899 471//899 472//899
f 455//900 478//900 465//900
f 460//901 458//901 469//901
f 470//902 475//902 476//902
f 482//903 483//903 484//903
f 485//904 486//904 487//904
f 487//905 488//905 489//905
f 488//906 487//906 490//906
f 491//907 492//907 493//907
f 492//908 491//908 494//908
f 494//909 491//909 495//909
f 484//910 496//910 482//910
f 497//911 498//911 492//911
f 492//912 498//912 493//912
f 499//913 500//913 501//913
f 502//914 503//914 486//914
f 486//915 503//915 487//915
f 489//916 485//916 487//916
f 502//917 504//917 505//917
f 502//918 505//918 503//918
f 506//919 497//919 507//919
f 484//920 483//920 502//920
f 502//921 483//921 508//921
f 502//922 508//922 504//922
f 506//923 509//923 497//923
f 497//924 509//924 510//924
f 497//925 510//925 498//925
f 494//926 495//926 511//926
f 499//927 512//927 513//927
f 513//928 512//928 514//928
f 515//929 516//929 514//929
f 514//930 516//930 513//930
f 499//931 513//931 517//931
f 499//932 517//932 518//932
f 490//933 519//933 488//933
f 488//934 519//934 520//934
f 507//935 521//935 506//935
f 506//936 521//936 484//936
f 484//937 521//937 496//937
f 499//938 501//938 494//938
f 499//939 494//939 511//939
f 515//940 522//940 523//940
f 499//941 518//941 500//941
f 524//942 488//942 525//942
f 488//943 524//943 526//943
f 526//944 527//944 488//944
f 514//945 522//945 515//945
f 520//946 528//946 488//946
f 528//947 525//947 488//947
f 506//948 484//948 529//948
f 530//949 531//949 532//949
f 532//950 531//950 533//950
f 533//951 531//951 534//951
f 534//952 535//952 533//952
f 536//953 537//953 538//953
f 539//954 540//954 541//954
f 530//955 542//955 543//955
f 544//956 545//956 546//956
f 547//957 548//957 549//957
f 546//958 545//958 550//958
f 546//959 550//959 548//959
f 539//960 541//960 551//960
f 551//961 541//961 547//961
f 538//962 537//962 552//962
f 538//963 552//963 542//963
f 538//964 542//964 530//964
f 553//965 554//965 544//965
f 547//966 549//966 551//966
f 540//967 555//967 541//967
f 541//968 555//968 556//968
f 541//969 556//969 536//969
f 536//970 557//970 558//970
f 536//971 558//971 559//971
f 536//972 559//972 541//972
f 536//973 538//973 557//973
f 546//974 560//974 544//974
f 530//975 543//975 561//975
f 561//976 543//976 562//976
f 560//977 563//977 544//977
f 554//978 564//978 544//978
f 544//979 564//979 565//979
f 566//980 567//980 544//980
f 566//981 544//981 565//981
f 547//982 546//982 548//982
f 562//983 568//983 561//983
f 569//984 567//984 566//984
f 570//985 561//985 568//985
f 563//986 553//986 544//986
f 571//987 569//987 566//987
f 569//988 571//988 572//988
f 570//989 568//989 573//989
f 574//990 575//990 576//990
f 577//991 578//991 579//991
f 579//992 578//992 580//992
f 579//993 580//993 581//993
f 582//994 583//994 584//994
f 575//995 574//995 577//995
f 577//996 574//996 578//996
f 585//997 586//997 587//997
f 588//998 582//998 589//998
f 580//999 590//999 591//999
f 591//1000 590//1000 586//1000
f 586//1001 590//1001 587//1001
f 587//1002 592//1002 585//1002
f 585//1003 592//1003 583//1003
f 583//1004 592//1004 593//1004
f 583//1005 593//1005 584//1005
f 582//1006 584//1006 594//1006
f 582//1007 594//1007 589//1007
f 588//1008 589//1008 595//1008
f 595//1009 589//1009 596//1009
f 595//1010 596//1010 597//1010
f 597//1011 596//1011 598//1011
f 597//1012 598//1012 599//1012
f 599//1013 598//1013 600//1013
f 599//1014 600//1014 601//1014
f 601//1015 600//1015 602//1015
f 601//1016 602//1016 603//1016
f 603//1017 602//1017 604//1017
f 603//1018 604//1018 605//1018
f 605//1019 604//1019 606//1019
f 605//1020 606//1020 607//1020
f 607//1021 606//1021 608//1021
f 607//1022 608//1022 609//1022
f 609//1023 608//1023 610//1023
f 610//1024 608//1024 611//1024
f 610//1025 611//1025 576//1025
f 576//1026 611//1026 574//1026
f 581//1027 580//1027 591//1027
f 606//1028 612//1028 613//1028
f 614//1029 615//1029 616//1029
f 617//1030 618//1030 619//1030
f 617//1031 619//1031 620//1031
f 621//1032 622//1032 623//1032
f 621//1033 623//1033 624//1033
f 625//1034 626//1034 627//1034
f 625//1035 627//1035 628//1035
f 587//1036 629//1036 630//1036
f 587//1037 630//1037 628//1037
f 593//1038 627//1038 626//1038
f 593//1039 626//1039 631//1039
f 632//1040 631//1040 633//1040
f 632//1041 633//1041 634//1041
f 635//1042 623//1042 622//1042
f 635//1043 622//1043 620//1043
f 602//1044 636//1044 637//1044
f 602//1045 637//1045 638//1045
f 638//1046 637//1046 616//1046
f 638//1047 616//1047 615//1047
f 606//1048 615//1048 612//1048
f 615//1049 606//1049 604//1049
f 615//1050 604//1050 638//1050
f 636//1051 602//1051 600//1051
f 636//1052 600//1052 618//1052
f 620//1053 619//1053 598//1053
f 620//1054 598//1054 635//1054
f 624//1055 623//1055 596//1055
f 624//1056 596//1056 639//1056
f 634//1057 640//1057 594//1057
f 634//1058 594//1058 632//1058
f 631//1059 632//1059 584//1059
f 631//1060 584//1060 593//1060
f 641//1061 642//1061 608//1061
f 641//1062 608//1062 643//1062
f 613//1063 643//1063 606//1063
f 618//1064 600//1064 619//1064
f 639//1065 596//1065 589//1065
f 639//1066 589//1066 640//1066
f 628//1067 627//1067 592//1067
f 628//1068 592//1068 587//1068
f 629//1069 587//1069 590//1069
f 629//1070 590//1070 644//1070
f 644//1071 590//1071 645//1071
f 645//1072 590//1072 580//1072
f 645//1073 580//1073 646//1073
f 646//1074 580//1074 647//1074
f 640//1075 589//1075 594//1075
f 627//1076 593//1076 592//1076
f 647//1077 580//1077 648//1077
f 648//1078 580//1078 578//1078
f 648//1079 578//1079 649//1079
f 649//1080 578//1080 650//1080
f 650//1081 578//1081 574//1081
f 650//1082 574//1082 651//1082
f 651//1083 574//1083 611//1083
f 651//1084 611//1084 652//1084
f 652//1085 611//1085 653//1085
f 653//1086 611//1086 642//1086
f 623//1087 635//1087 596//1087
f 632//1088 594//1088 584//1088
f 642//1089 611//1089 608//1089
f 643//1090 608//1090 606//1090
f 638//1091 604//1091 602//1091
f 619//1092 600//1092 598//1092
f 635//1093 598//1093 596//1093
f 414//1094 654//1094 420//1094
f 420//1095 654//1095 655//1095
f 420//1096 655//1096 421//1096
f 421//1097 655//1097 656//1097
f 421//1098 656//1098 657//1098
f 421//1099 657//1099 423//1099
f 419//1100 423//1100 658//1100
f 417//1101 659//1101 660//1101
f 417//1102 660//1102 416//1102
f 418//1103 416//1103 661//1103
f 418//1104 661//1104 422//1104
f 422//1105 661//1105 662//1105
f 422//1106 662//1106 663//1106
f 422//1107 663//1107 415//1107
f 415//1108 664//1108 414//1108
f 414//1109 664//1109 665//1109
f 414//1110 665//1110 654//1110
f 654//1111 666//1111 655//1111
f 657//1112 667//1112 423//1112
f 423//1113 667//1113 668//1113
f 423//1114 668//1114 658//1114
f 419//1115 658//1115 669//1115
f 419//1116 669//1116 417//1116
f 417//1117 669//1117 659//1117
f 660//1118 670//1118 416//1118
f 416//1119 670//1119 671//1119
f 416//1120 671//1120 661//1120
f 662//1121 672//1121 663//1121
f 415//1122 663//1122 664//1122
f 665//1123 664//1123 673//1123
f 654//1124 665//1124 674//1124
f 654//1125 674//1125 666//1125
f 655//1126 666//1126 675//1126
f 655//1127 675//1127 656//1127
f 656//1128 675//1128 676//1128
f 656//1129 676//1129 657//1129
f 657//1130 676//1130 677//1130
f 657//1131 677//1131 667//1131
f 667//1132 677//1132 678//1132
f 667//1133 678//1133 668//1133
f 658//404 668//404 679//404
f 658//1134 679//1134 680//1134
f 658//1135 680//1135 669//1135
f 659//1136 669//1136 681//1136
f 659//1137 681//1137 682//1137
f 659//1138 682//1138 660//1138
f 660//1139 682//1139 683//1139
f 660//1140 683//1140 684//1140
f 660//1141 684//1141 670//1141
f 671//1142 670//1142 685//1142
f 661//1143 671//1143 686//1143
f 661//1144 686//1144 662//1144
f 662//1145 686//1145 687//1145
f 662//1146 687//1146 672//1146
f 663//1147 672//1147 688//1147
f 663//1148 688//1148 664//1148
f 664//1149 688//1149 689//1149
f 664//1150 690//1150 673//1150
f 665//1151 673//1151 691//1151
f 665//1152 691//1152 674//1152
f 666//1153 674//1153 692//1153
f 666//1154 692//1154 675//1154
f 676//1155 675//1155 693//1155
f 668//1156 678//1156 694//1156
f 668//1157 694//1157 695//1157
f 668//1158 695//1158 679//1158
f 680//1159 679//1159 696//1159
f 680//1160 696//1160 697//1160
f 680//1161 697//1161 669//1161
f 669//1162 697//1162 698//1162
f 669//1163 698//1163 681//1163
f 684//1164 683//1164 699//1164
f 684//1165 699//1165 700//1165
f 684//1166 700//1166 670//1166
f 670//1167 700//1167 701//1167
f 670//1168 701//1168 685//1168
f 671//1169 685//1169 702//1169
f 671//1170 702//1170 686//1170
f 672//1171 687//1171 703//1171
f 672//1172 703//1172 704//1172
f 672//1173 704//1173 688//1173
f 664//1174 689//1174 690//1174
f 673//1175 690//1175 705//1175
f 673//1176 705//1176 691//1176
f 674//1177 691//1177 706//1177
f 674//1178 706//1178 707//1178
f 674//1179 707//1179 692//1179
f 675//1180 692//1180 708//1180
f 675//1181 708//1181 709//1181
f 675//452 709//452 693//452
f 676//1182 693//1182 710//1182
f 676//1183 710//1183 677//1183
f 677//1184 710//1184 711//1184
f 677//1185 711//1185 712//1185
f 677//1186 712//1186 678//1186
f 678//1187 712//1187 713//1187
f 678//1188 713//1188 694//1188
f 679//1189 695//1189 714//1189
f 679//1190 714//1190 696//1190
f 681//462 698//462 715//462
f 681//1191 715//1191 682//1191
f 682//1192 715//1192 716//1192
f 682//1193 716//1193 717//1193
f 682//1194 717//1194 683//1194
f 683//1195 717//1195 718//1195
f 683//1196 718//1196 699//1196
f 685//1197 701//1197 719//1197
f 685//1198 719//1198 702//1198
f 686//1199 702//1199 720//1199
f 686//1200 720//1200 721//1200
f 686//1201 721//1201 687//1201
f 687//1202 721//1202 722//1202
f 687//1203 722//1203 703//1203
f 688//1204 704//1204 723//1204
f 688//1205 723//1205 689//1205
f 689//1206 723//1206 724//1206
f 689//1207 724//1207 690//1207
f 690//1208 725//1208 705//1208
f 691//1209 705//1209 726//1209
f 691//1210 726//1210 706//1210
f 692//1211 707//1211 727//1211
f 692//1212 727//1212 708//1212
f 693//1213 709//1213 728//1213
f 693//1214 728//1214 710//1214
f 694//1215 713//1215 729//1215
f 694//1216 729//1216 695//1216
f 695//1217 729//1217 730//1217
f 695//1218 730//1218 714//1218
f 696//1219 714//1219 731//1219
f 696//1220 731//1220 697//1220
f 697//1221 731//1221 732//1221
f 697//1222 732//1222 698//1222
f 698//1223 732//1223 733//1223
f 698//1224 733//1224 715//1224
f 699//1225 718//1225 734//1225
f 699//1226 734//1226 700//1226
f 700//1227 734//1227 735//1227
f 700//1228 735//1228 701//1228
f 701//1229 735//1229 736//1229
f 701//1230 736//1230 719//1230
f 702//1231 719//1231 737//1231
f 702//1232 737//1232 720//1232
f 703//1233 722//1233 738//1233
f 703//1234 738//1234 704//1234
f 704//1235 738//1235 739//1235
f 704//1236 739//1236 723//1236
f 723//1237 739//1237 740//1237
f 723//1238 740//1238 741//1238
f 723//1239 741//1239 724//1239
f 690//511 724//511 725//511
f 706//1240 726//1240 742//1240
f 706//1241 742//1241 707//1241
f 707//1242 742//1242 743//1242
f 707//1243 743//1243 727//1243
f 708//1244 727//1244 744//1244
f 708//1245 744//1245 709//1245
f 710//1246 728//1246 745//1246
f 710//1247 745//1247 711//1247
f 711//1248 745//1248 746//1248
f 711//1249 746//1249 712//1249
f 712//1250 746//1250 747//1250
f 712//1251 747//1251 713//1251
f 713//1252 747//1252 748//1252
f 713//1253 748//1253 729//1253
f 715//1254 733//1254 749//1254
f 715//1255 749//1255 716//1255
f 716//1256 749//1256 750//1256
f 716//1257 750//1257 717//1257
f 717//1258 750//1258 751//1258
f 717//1259 751//1259 718//1259
f 718//1260 751//1260 752//1260
f 718//1261 752//1261 734//1261
f 719//1262 736//1262 753//1262
f 719//1263 753//1263 737//1263
f 720//1264 737//1264 754//1264
f 720//1265 754//1265 721//1265
f 721//1266 754//1266 755//1266
f 721//1267 755//1267 722//1267
f 724//1268 741//1268 756//1268
f 724//1269 756//1269 725//1269
f 705//1270 725//1270 757//1270
f 705//1271 757//1271 726//1271
f 726//1272 757//1272 758//1272
f 726//1273 758//1273 742//1273
f 727//1274 743//1274 759//1274
f 727//1275 759//1275 744//1275
f 709//1276 744//1276 760//1276
f 709//1277 760//1277 728//1277
f 714//1278 730//1278 761//1278
f 714//1279 761//1279 731//1279
f 737//1280 753//1280 762//1280
f 737//1281 762//1281 754//1281
f 722//1282 755//1282 763//1282
f 722//1283 763//1283 738//1283
f 738//1284 763//1284 764//1284
f 738//1285 764//1285 739//1285
f 739//1286 764//1286 765//1286
f 739//1287 765//1287 740//1287
f 740//1288 765//1288 766//1288
f 740//1289 766//1289 741//1289
f 741//1290 766//1290 767//1290
f 741//1291 767//1291 756//1291
f 768//1292 769//1292 451//1292
f 770//1293 771//1293 453//1293
f 452//1294 440//1294 772//1294
f 451//1295 447//1295 768//1295
f 768//1296 447//1296 773//1296
f 770//1297 453//1297 448//1297
f 770//1298 448//1298 774//1298
f 774//1299 448//1299 444//1299
f 775//1300 776//1300 443//1300
f 777//1301 442//1301 778//1301
f 775//1302 443//1302 432//1302
f 775//1303 432//1303 779//1303
f 772//1304 440//1304 780//1304
f 781//1305 451//1305 769//1305
f 782//1306 449//1306 438//1306
f 782//1307 438//1307 783//1307
f 774//1308 444//1308 776//1308
f 776//1309 444//1309 443//1309
f 779//1310 432//1310 431//1310
f 779//1311 431//1311 777//1311
f 777//1312 431//1312 442//1312
f 442//1313 452//1313 778//1313
f 778//1314 452//1314 772//1314
f 780//1315 440//1315 781//1315
f 781//1316 440//1316 430//1316
f 781//1317 430//1317 451//1317
f 450//1318 439//1318 784//1318
f 784//1319 439//1319 785//1319
f 785//1320 439//1320 786//1320
f 787//1321 445//1321 788//1321
f 771//1322 437//1322 453//1322
f 773//1323 447//1323 450//1323
f 773//1324 450//1324 784//1324
f 439//1325 425//1325 786//1325
f 786//1326 425//1326 782//1326
f 782//1327 425//1327 449//1327
f 783//1328 438//1328 787//1328
f 787//1329 438//1329 446//1329
f 787//1330 446//1330 445//1330
f 788//1331 445//1331 437//1331
f 788//1332 437//1332 771//1332
f 789//1333 790//1333 479//1333
f 791//1334 792//1334 473//1334
f 479//1335 467//1335 789//1335
f 789//1336 467//1336 793//1336
f 794//1337 475//1337 795//1337
f 795//1338 475//1338 474//1338
f 791//1339 473//1339 796//1339
f 796//1340 473//1340 481//1340
f 471//1341 477//1341 797//1341
f 795//1342 474//1342 792//1342
f 792//1343 474//1343 473//1343
f 798//1344 480//1344 799//1344
f 799//1345 480//1345 469//1345
f 800//1346 801//1346 466//1346
f 802//1347 464//1347 803//1347
f 803//1348 464//1348 463//1348
f 803//1349 463//1349 804//1349
f 805//1350 458//1350 806//1350
f 790//1351 468//1351 479//1351
f 466//1352 465//1352 800//1352
f 800//1353 465//1353 478//1353
f 800//1354 478//1354 807//1354
f 797//1355 477//1355 808//1355
f 809//1356 476//1356 794//1356
f 794//1357 476//1357 475//1357
f 796//1358 481//1358 798//1358
f 798//1359 481//1359 480//1359
f 799//1360 469//1360 805//1360
f 805//1361 469//1361 458//1361
f 806//1362 458//1362 468//1362
f 806//1363 468//1363 790//1363
f 793//1364 467//1364 456//1364
f 793//1365 456//1365 466//1365
f 793//1366 466//1366 801//1366
f 807//1367 478//1367 802//1367
f 802//1368 478//1368 464//1368
f 463//1369 472//1369 804//1369
f 804//1370 472//1370 797//1370
f 797//1371 472//1371 471//1371
f 808//1372 477//1372 809//1372
f 809//1373 477//1373 476//1373
f 810//1374 811//1374 812//1374
f 813//1375 814//1375 815//1375
f 816//1376 501//1376 812//1376
f 812//1377 501//1377 500//1377
f 811//1378 816//1378 812//1378
f 817//1379 816//1379 811//1379
f 818//1380 811//1380 810//1380
f 819//1381 820//1381 813//1381
f 815//1382 819//1382 813//1382
f 818//1383 810//1383 821//1383
f 821//1384 810//1384 814//1384
f 815//1385 814//1385 518//1385
f 518//1386 814//1386 500//1386
f 810//1387 812//1387 500//1387
f 822//1388 820//1388 823//1388
f 823//1389 820//1389 819//1389
f 823//1390 819//1390 815//1390
f 500//1391 814//1391 810//1391
f 815//1392 824//1392 823//1392
f 824//1393 517//1393 825//1393
f 824//1394 825//1394 826//1394
f 518//1395 517//1395 815//1395
f 815//1396 517//1396 824//1396
f 820//1397 821//1397 813//1397
f 813//1398 821//1398 814//1398
f 826//1399 822//1399 823//1399
f 826//1400 823//1400 824//1400
f 827//1401 516//1401 828//1401
f 827//1402 829//1402 830//1402
f 828//1403 829//1403 827//1403
f 825//1404 827//1404 830//1404
f 829//1405 825//1405 830//1405
f 827//1406 825//1406 517//1406
f 827//1407 517//1407 513//1407
f 513//1408 516//1408 827//1408
f 831//1409 832//1409 833//1409
f 516//1410 834//1410 835//1410
f 516//1411 835//1411 828//1411
f 828//1412 835//1412 836//1412
f 837//1413 838//1413 839//1413
f 840//1414 838//1414 837//1414
f 838//1415 841//1415 842//1415
f 838//1416 842//1416 839//1416
f 833//1417 842//1417 841//1417
f 833//1418 841//1418 843//1418
f 844//1419 845//1419 846//1419
f 846//1420 845//1420 847//1420
f 844//1421 846//1421 848//1421
f 849//1422 850//1422 851//1422
f 851//1423 850//1423 852//1423
f 834//1424 849//1424 851//1424
f 834//1425 851//1425 836//1425
f 853//1426 848//1426 852//1426
f 845//1427 523//1427 522//1427
f 848//1428 853//1428 844//1428
f 844//1429 853//1429 854//1429
f 515//1430 523//1430 850//1430
f 850//1431 523//1431 854//1431
f 850//1432 849//1432 834//1432
f 850//1433 834//1433 515//1433
f 515//1434 834//1434 516//1434
f 512//1435 839//1435 514//1435
f 837//1436 839//1436 512//1436
f 839//1437 842//1437 514//1437
f 832//1438 831//1438 845//1438
f 842//1439 833//1439 832//1439
f 842//1440 832//1440 514//1440
f 522//1441 514//1441 832//1441
f 522//1442 832//1442 845//1442
f 835//1443 834//1443 836//1443
f 845//1444 831//1444 847//1444
f 847//1445 831//1445 843//1445
f 833//1446 843//1446 831//1446
f 845//1447 844//1447 523//1447
f 523//1448 844//1448 854//1448
f 850//1449 854//1449 853//1449
f 850//1450 853//1450 852//1450
f 855//1451 856//1451 857//1451
f 857//1452 858//1452 855//1452
f 858//1453 859//1453 855//1453
f 859//1454 858//1454 511//1454
f 858//1455 857//1455 856//1455
f 860//1456 840//1456 837//1456
f 860//1457 837//1457 861//1457
f 499//1458 511//1458 858//1458
f 499//1459 858//1459 861//1459
f 861//1460 858//1460 860//1460
f 860//1461 858//1461 856//1461
f 837//1462 512//1462 861//1462
f 861//1463 512//1463 499//1463
f 511//1464 495//1464 859//1464
f 859//1465 862//1465 855//1465
f 855//1466 862//1466 863//1466
f 864//1467 865//1467 866//1467
f 864//1468 866//1468 867//1468
f 868//1469 869//1469 870//1469
f 870//1470 869//1470 871//1470
f 865//1471 870//1471 871//1471
f 872//1472 855//1472 863//1472
f 870//1473 872//1473 873//1473
f 873//1474 872//1474 863//1474
f 873//1475 863//1475 874//1475
f 874//1476 863//1476 862//1476
f 867//1477 875//1477 491//1477
f 875//1478 874//1478 876//1478
f 875//1479 867//1479 866//1479
f 495//1480 491//1480 875//1480
f 495//1481 875//1481 876//1481
f 495//1482 876//1482 859//1482
f 874//1483 869//1483 868//1483
f 874//1484 868//1484 870//1484
f 874//1485 870//1485 873//1485
f 865//1486 871//1486 869//1486
f 865//1487 869//1487 866//1487
f 866//1488 869//1488 875//1488
f 875//1489 869//1489 874//1489
f 874//1490 862//1490 876//1490
f 876//1491 862//1491 859//1491
f 877//1492 878//1492 879//1492
f 877//1493 879//1493 880//1493
f 879//1494 881//1494 880//1494
f 882//1495 883//1495 867//1495
f 864//1496 867//1496 883//1496
f 884//1497 885//1497 886//1497
f 886//1498 887//1498 884//1498
f 884//1499 887//1499 888//1499
f 884//1500 888//1500 882//1500
f 882//1501 888//1501 883//1501
f 493//1502 498//1502 885//1502
f 493//1503 867//1503 491//1503
f 880//1504 881//1504 877//1504
f 877//1505 881//1505 889//1505
f 889//1506 890//1506 885//1506
f 889//1507 878//1507 877//1507
f 889//1508 510//1508 878//1508
f 498//1509 510//1509 889//1509
f 498//1510 889//1510 885//1510
f 493//1511 885//1511 882//1511
f 493//1512 882//1512 867//1512
f 888//1513 864//1513 883//1513
f 887//1514 886//1514 891//1514
f 884//1515 882//1515 885//1515
f 885//1516 890//1516 891//1516
f 885//1517 891//1517 886//1517
f 881//1518 891//1518 889//1518
f 889//1519 891//1519 890//1519
f 892//1520 878//1520 509//1520
f 509//1521 878//1521 510//1521
f 878//1522 892//1522 879//1522
f 879//1523 892//1523 893//1523
f 509//1524 506//1524 892//1524
f 892//1525 506//1525 894//1525
f 895//1526 892//1526 894//1526
f 895//1527 893//1527 892//1527
f 894//1528 506//1528 896//1528
f 894//1529 896//1529 897//1529
f 895//1530 894//1530 897//1530
f 895//1531 897//1531 898//1531
f 899//1532 900//1532 901//1532
f 902//1533 897//1533 901//1533
f 901//1534 900//1534 902//1534
f 902//1535 903//1535 898//1535
f 900//1536 899//1536 903//1536
f 900//1537 903//1537 902//1537
f 901//1538 896//1538 506//1538
f 901//1539 897//1539 896//1539
f 902//1540 898//1540 897//1540
f 484//1541 904//1541 905//1541
f 906//1542 901//1542 506//1542
f 906//1543 899//1543 901//1543
f 907//1544 908//1544 909//1544
f 910//1545 911//1545 912//1545
f 913//1546 910//1546 914//1546
f 899//1547 913//1547 914//1547
f 899//1548 906//1548 913//1548
f 913//1549 911//1549 910//1549
f 529//1550 906//1550 506//1550
f 529//1551 905//1551 906//1551
f 529//1552 484//1552 905//1552
f 913//1553 906//1553 911//1553
f 911//1554 906//1554 905//1554
f 909//1555 912//1555 907//1555
f 907//1556 912//1556 911//1556
f 907//1557 911//1557 905//1557
f 904//1558 915//1558 907//1558
f 904//1559 907//1559 905//1559
f 915//1560 904//1560 916//1560
f 907//1561 915//1561 908//1561
f 908//1562 915//1562 916//1562
f 904//1563 917//1563 916//1563
f 916//1564 917//1564 918//1564
f 918//1565 917//1565 919//1565
f 904//1566 484//1566 917//1566
f 917//1567 484//1567 502//1567
f 920//1568 921//1568 922//1568
f 923//1569 924//1569 925//1569
f 926//1570 927//1570 928//1570
f 926//1571 928//1571 929//1571
f 927//1572 923//1572 928//1572
f 928//1573 923//1573 925//1573
f 930//1574 926//1574 931//1574
f 931//1575 926//1575 929//1575
f 921//1576 932//1576 922//1576
f 924//1577 932//1577 925//1577
f 933//1578 934//1578 935//1578
f 936//1579 917//1579 935//1579
f 936//1580 935//1580 934//1580
f 919//1581 917//1581 936//1581
f 937//1582 934//1582 933//1582
f 933//1583 935//1583 486//1583
f 933//1584 486//1584 938//1584
f 930//1585 938//1585 485//1585
f 917//1586 502//1586 935//1586
f 935//1587 502//1587 486//1587
f 933//1588 938//1588 939//1588
f 939//1589 938//1589 940//1589
f 938//1590 486//1590 485//1590
f 941//1591 488//1591 920//1591
f 942//1592 940//1592 938//1592
f 942//1593 938//1593 930//1593
f 926//1594 930//1594 927//1594
f 927//1595 489//1595 923//1595
f 489//1596 488//1596 941//1596
f 489//1597 941//1597 923//1597
f 923//1598 941//1598 943//1598
f 943//1599 941//1599 922//1599
f 922//1600 941//1600 920//1600
f 933//1601 939//1601 937//1601
f 937//1602 936//1602 934//1602
f 943//1603 922//1603 932//1603
f 943//1604 932//1604 924//1604
f 929//1605 928//1605 931//1605
f 923//1606 943//1606 924//1606
f 927//1607 930//1607 485//1607
f 927//1608 485//1608 489//1608
f 931//1609 940//1609 942//1609
f 931//1610 942//1610 930//1610
f 944//1611 921//1611 945//1611
f 945//1612 921//1612 920//1612
f 920//1613 488//1613 946//1613
f 945//1614 920//1614 946//1614
f 947//1615 948//1615 945//1615
f 945//1616 948//1616 944//1616
f 488//1617 527//1617 946//1617
f 946//1618 947//1618 945//1618
f 949//1619 950//1619 951//1619
f 520//1620 952//1620 528//1620
f 953//1621 946//1621 527//1621
f 946//1622 953//1622 947//1622
f 954//1623 948//1623 947//1623
f 955//1624 950//1624 949//1624
f 949//1625 951//1625 956//1625
f 949//1626 956//1626 957//1626
f 958//1627 955//1627 959//1627
f 960//1628 958//1628 961//1628
f 961//1629 962//1629 963//1629
f 961//1630 963//1630 960//1630
f 956//1631 964//1631 957//1631
f 959//1632 957//1632 965//1632
f 966//1633 963//1633 962//1633
f 962//1634 967//1634 968//1634
f 962//1635 968//1635 966//1635
f 969//1636 970//1636 971//1636
f 969//1637 971//1637 972//1637
f 970//1638 968//1638 971//1638
f 971//1639 968//1639 967//1639
f 973//1640 974//1640 975//1640
f 972//1641 974//1641 973//1641
f 953//1642 975//1642 974//1642
f 953//1643 974//1643 954//1643
f 975//1644 969//1644 973//1644
f 973//1645 969//1645 972//1645
f 966//1646 968//1646 524//1646
f 966//1647 524//1647 525//1647
f 968//1648 970//1648 524//1648
f 524//1649 970//1649 969//1649
f 524//1650 969//1650 975//1650
f 524//1651 975//1651 526//1651
f 526//1652 975//1652 953//1652
f 528//1653 952//1653 950//1653
f 950//1654 952//1654 951//1654
f 950//1655 955//1655 528//1655
f 960//1656 963//1656 966//1656
f 960//1657 966//1657 525//1657
f 526//1658 953//1658 527//1658
f 955//1659 960//1659 528//1659
f 528//1660 960//1660 525//1660
f 955//1661 949//1661 959//1661
f 959//1662 949//1662 957//1662
f 958//1663 959//1663 965//1663
f 958//1664 965//1664 961//1664
f 954//1665 947//1665 953//1665
f 958//1666 960//1666 955//1666
f 976//1667 977//1667 978//1667
f 978//1668 956//1668 951//1668
f 977//1669 979//1669 980//1669
f 977//1670 980//1670 981//1670
f 982//1671 977//1671 981//1671
f 983//1672 977//1672 976//1672
f 952//1673 520//1673 976//1673
f 978//1674 951//1674 976//1674
f 976//1675 951//1675 952//1675
f 977//1676 984//1676 979//1676
f 978//1677 977//1677 982//1677
f 520//1678 983//1678 976//1678
f 977//1679 983//1679 984//1679
f 520//1680 519//1680 983//1680
f 985//1681 983//1681 519//1681
f 984//1682 985//1682 979//1682
f 979//1683 985//1683 986//1683
f 979//1684 986//1684 980//1684
f 980//1685 986//1685 987//1685
f 985//1686 984//1686 983//1686
f 988//1687 490//1687 989//1687
f 990//1688 991//1688 992//1688
f 993//1689 994//1689 995//1689
f 993//1690 996//1690 992//1690
f 994//1691 993//1691 991//1691
f 991//1692 993//1692 992//1692
f 997//1693 998//1693 999//1693
f 999//1694 998//1694 1000//1694
f 998//1695 1001//1695 1002//1695
f 996//1696 1001//1696 997//1696
f 997//1697 1001//1697 998//1697
f 998//1698 1002//1698 1000//1698
f 1003//1699 1004//1699 989//1699
f 1004//1700 988//1700 989//1700
f 989//1701 1005//1701 1003//1701
f 1003//1702 1005//1702 1006//1702
f 1005//1703 1007//1703 1008//1703
f 1005//1704 1008//1704 1006//1704
f 1003//1705 1009//1705 1004//1705
f 1004//1706 1009//1706 988//1706
f 1010//1707 1011//1707 1012//1707
f 1012//1708 986//1708 1010//1708
f 1010//1709 986//1709 1013//1709
f 1013//1710 986//1710 985//1710
f 519//1711 1013//1711 985//1711
f 519//1712 490//1712 1013//1712
f 503//1713 505//1713 1014//1713
f 1014//1714 505//1714 994//1714
f 1014//1715 994//1715 991//1715
f 991//1716 990//1716 1014//1716
f 1014//1717 990//1717 503//1717
f 487//1718 503//1718 999//1718
f 999//1719 503//1719 990//1719
f 999//1720 990//1720 997//1720
f 1009//1721 1012//1721 1011//1721
f 1011//1722 988//1722 1009//1722
f 1013//1723 988//1723 1010//1723
f 1010//1724 988//1724 1011//1724
f 1006//1725 1008//1725 1002//1725
f 1002//1726 1008//1726 1000//1726
f 1000//1727 1008//1727 1007//1727
f 1007//1728 1005//1728 989//1728
f 988//1729 1013//1729 490//1729
f 989//1730 490//1730 487//1730
f 989//1731 487//1731 1007//1731
f 1007//1732 487//1732 999//1732
f 1007//1733 999//1733 1000//1733
f 997//1734 990//1734 996//1734
f 996//1735 990//1735 992//1735
f 1015//1736 1016//1736 1017//1736
f 1018//1737 1019//1737 1020//1737
f 1021//1738 1022//1738 1023//1738
f 1023//1739 1022//1739 1018//1739
f 1022//1740 1019//1740 1018//1740
f 1024//1741 1019//1741 1025//1741
f 1026//1742 994//1742 505//1742
f 1026//1743 505//1743 504//1743
f 1016//1744 1015//1744 1027//1744
f 1016//1745 1027//1745 1028//1745
f 1028//1746 1027//1746 1026//1746
f 1028//1747 1026//1747 508//1747
f 508//1748 1026//1748 504//1748
f 1023//1749 483//1749 482//1749
f 1023//1750 1018//1750 1020//1750
f 1023//1751 1020//1751 483//1751
f 1027//1752 1015//1752 995//1752
f 1021//1753 1029//1753 1022//1753
f 1022//1754 1029//1754 1019//1754
f 1019//1755 1029//1755 1025//1755
f 1025//1756 1029//1756 1017//1756
f 1028//1757 1024//1757 1016//1757
f 1016//1758 1024//1758 1025//1758
f 1016//1759 1025//1759 1017//1759
f 1027//1760 995//1760 994//1760
f 1027//1761 994//1761 1026//1761
f 1019//1762 1024//1762 1020//1762
f 1020//1763 1024//1763 1028//1763
f 1020//1764 1028//1764 483//1764
f 483//1765 1028//1765 508//1765
f 1030//1766 1031//1766 1032//1766
f 1032//1767 1031//1767 1033//1767
f 1034//1768 1035//1768 1036//1768
f 1032//1769 1034//1769 1037//1769
f 1038//1770 1021//1770 1039//1770
f 1039//1771 1021//1771 1023//1771
f 1040//1772 1041//1772 1042//1772
f 1042//1773 1041//1773 1043//1773
f 496//1774 521//1774 1043//1774
f 1044//1775 1043//1775 1045//1775
f 1045//1776 1043//1776 1041//1776
f 1045//1777 1041//1777 1046//1777
f 507//1778 497//1778 1031//1778
f 507//1779 1031//1779 1030//1779
f 1032//1780 1037//1780 1030//1780
f 1030//1781 1037//1781 507//1781
f 1037//1782 1034//1782 1036//1782
f 1037//1783 1036//1783 507//1783
f 507//1784 1036//1784 1047//1784
f 507//1785 1047//1785 521//1785
f 1035//1786 1048//1786 1040//1786
f 1040//1787 1048//1787 1041//1787
f 1041//1788 1048//1788 1046//1788
f 1046//1789 1038//1789 1045//1789
f 1045//1790 1038//1790 1039//1790
f 1045//1791 1039//1791 1044//1791
f 1036//1792 1035//1792 1040//1792
f 1036//1793 1040//1793 1047//1793
f 1047//1794 1040//1794 1042//1794
f 1047//1795 1042//1795 521//1795
f 521//1796 1042//1796 1043//1796
f 1043//1797 1044//1797 496//1797
f 496//1798 1044//1798 1039//1798
f 496//1799 1039//1799 482//1799
f 482//1800 1039//1800 1023//1800
f 1049//1801 1050//1801 1051//1801
f 1050//1802 1049//1802 1052//1802
f 1050//1803 1033//1803 1031//1803
f 1050//1804 1031//1804 1051//1804
f 492//1805 1049//1805 1051//1805
f 1051//1806 1031//1806 492//1806
f 492//1807 1031//1807 497//1807
f 1053//1808 1049//1808 492//1808
f 1053//1809 492//1809 494//1809
f 1054//1810 1052//1810 1049//1810
f 1054//1811 1049//1811 1053//1811
f 1054//1812 1055//1812 1052//1812
f 1053//1813 494//1813 1056//1813
f 1053//1814 1056//1814 1054//1814
f 817//1815 1057//1815 1058//1815
f 1058//1816 816//1816 817//1816
f 1054//1817 1056//1817 1059//1817
f 494//1818 501//1818 1058//1818
f 1058//1819 501//1819 816//1819
f 1057//1820 1059//1820 1056//1820
f 1057//1821 1056//1821 1058//1821
f 1058//1822 1056//1822 494//1822
f 1060//1823 1061//1823 1062//1823
f 1061//1824 1063//1824 543//1824
f 543//1825 1063//1825 562//1825
f 1061//1826 1060//1826 1063//1826
f 1062//1827 1064//1827 1060//1827
f 1062//1828 1065//1828 1064//1828
f 1066//1829 1067//1829 1068//1829
f 1069//1830 1066//1830 1070//1830
f 1070//1831 1071//1831 1069//1831
f 1069//1832 1071//1832 1072//1832
f 1073//1833 1074//1833 1075//1833
f 1075//1834 1076//1834 1077//1834
f 1077//1835 1076//1835 1078//1835
f 1079//1836 1071//1836 1070//1836
f 1070//1837 1066//1837 1068//1837
f 1080//1838 1076//1838 1075//1838
f 1076//1839 1081//1839 1078//1839
f 1078//1840 1081//1840 1082//1840
f 1083//1841 1084//1841 1085//1841
f 1086//1842 1083//1842 1085//1842
f 1081//1843 1076//1843 1082//1843
f 1084//1844 1082//1844 1087//1844
f 1087//1845 1085//1845 1084//1845
f 1088//1846 552//1846 1078//1846
f 1088//1847 1078//1847 1089//1847
f 1089//1848 1078//1848 1082//1848
f 1075//1849 1074//1849 1080//1849
f 1083//1850 1090//1850 542//1850
f 543//1851 542//1851 1090//1851
f 1089//1852 1083//1852 1088//1852
f 1088//1853 1083//1853 542//1853
f 537//1854 536//1854 1069//1854
f 1069//1855 536//1855 1067//1855
f 1069//1856 1067//1856 1066//1856
f 1071//1857 1091//1857 1072//1857
f 1069//1858 1072//1858 1091//1858
f 1069//1859 1091//1859 537//1859
f 1071//1860 1079//1860 1091//1860
f 1091//1861 1074//1861 1073//1861
f 1091//1862 1073//1862 537//1862
f 537//1863 1073//1863 552//1863
f 1085//1864 1087//1864 1086//1864
f 1086//1865 1062//1865 1061//1865
f 1082//1866 1084//1866 1089//1866
f 1089//1867 1084//1867 1083//1867
f 1083//1868 1086//1868 1090//1868
f 1090//1869 1086//1869 1061//1869
f 1061//1870 543//1870 1090//1870
f 1088//1871 542//1871 552//1871
f 552//1872 1073//1872 1078//1872
f 1078//1873 1073//1873 1077//1873
f 1077//1874 1073//1874 1075//1874
f 1074//1875 1091//1875 1080//1875
f 1080//1876 1091//1876 1079//1876
f 1092//1877 1093//1877 1094//1877
f 1095//1878 1096//1878 1097//1878
f 1095//1879 1097//1879 1098//1879
f 1099//1880 1068//1880 1067//1880
f 1100//1881 1099//1881 1067//1881
f 1094//1882 1101//1882 1092//1882
f 556//1883 555//1883 1100//1883
f 1100//1884 555//1884 1093//1884
f 1100//1885 1093//1885 1092//1885
f 1095//1886 1102//1886 1096//1886
f 1096//1887 1102//1887 540//1887
f 555//1888 540//1888 1102//1888
f 1068//1889 1099//1889 1101//1889
f 1092//1890 1101//1890 1100//1890
f 1100//1891 1101//1891 1099//1891
f 1100//1892 1067//1892 556//1892
f 556//1893 1067//1893 536//1893
f 1095//1894 1098//1894 1094//1894
f 1095//1895 1094//1895 1093//1895
f 1095//1896 1093//1896 1102//1896
f 1102//1897 1093//1897 555//1897
f 1103//1898 1096//1898 539//1898
f 539//1899 1096//1899 540//1899
f 1096//1900 1103//1900 1104//1900
f 1105//1901 1106//1901 1107//1901
f 1105//1902 1107//1902 1108//1902
f 1107//1903 1109//1903 1108//1903
f 1110//1904 1104//1904 1103//1904
f 1110//1905 1097//1905 1104//1905
f 1104//1906 1097//1906 1096//1906
f 539//1907 551//1907 1106//1907
f 1105//1908 539//1908 1106//1908
f 1109//1909 1110//1909 1108//1909
f 1108//1910 1110//1910 1103//1910
f 1108//1911 1103//1911 1105//1911
f 1105//1912 1103//1912 539//1912
f 1111//1913 1112//1913 1113//1913
f 1113//1914 1112//1914 1114//1914
f 1115//1915 1113//1915 1116//1915
f 1116//1916 1113//1916 1114//1916
f 1116//1917 1117//1917 1115//1917
f 1115//1918 1117//1918 1118//1918
f 1119//1919 1120//1919 1121//1919
f 1106//1920 1120//1920 1107//1920
f 1121//1921 1122//1921 1119//1921
f 1123//1922 1120//1922 1119//1922
f 1124//1923 1119//1923 1122//1923
f 1124//1924 1122//1924 1125//1924
f 1126//1925 1125//1925 1127//1925
f 1126//1926 1127//1926 1128//1926
f 1123//1927 1107//1927 1120//1927
f 1118//1928 1129//1928 1130//1928
f 1130//1929 1129//1929 1128//1929
f 1127//1930 1125//1930 1122//1930
f 1127//1931 1122//1931 548//1931
f 1131//1932 1121//1932 549//1932
f 549//1933 1121//1933 1106//1933
f 551//1934 549//1934 1106//1934
f 550//1935 545//1935 1132//1935
f 1132//1936 545//1936 1111//1936
f 1113//1937 1132//1937 1111//1937
f 1113//1938 1115//1938 1132//1938
f 1132//1939 1115//1939 550//1939
f 548//1940 550//1940 1133//1940
f 1133//1941 550//1941 1130//1941
f 1130//1942 550//1942 1115//1942
f 1130//1943 1115//1943 1118//1943
f 1119//1944 1107//1944 1123//1944
f 1126//1945 1124//1945 1125//1945
f 1129//1946 1126//1946 1128//1946
f 1117//1947 1129//1947 1118//1947
f 1114//1948 1117//1948 1116//1948
f 1120//1949 1106//1949 1121//1949
f 1122//1950 1121//1950 1131//1950
f 1122//1951 1131//1951 548//1951
f 1130//1952 1128//1952 1127//1952
f 1130//1953 1127//1953 1133//1953
f 1133//1954 1127//1954 548//1954
f 548//1955 1131//1955 549//1955
f 1134//1956 1135//1956 1136//1956
f 544//1957 1111//1957 545//1957
f 1134//1958 1112//1958 1111//1958
f 1111//1959 544//1959 1135//1959
f 1111//1960 1135//1960 1134//1960
f 1137//1961 1135//1961 1138//1961
f 1135//1962 1137//1962 1136//1962
f 1138//1963 544//1963 567//1963
f 1138//1964 1135//1964 544//1964
f 1137//1965 1139//1965 1136//1965
f 1138//1966 567//1966 1140//1966
f 1138//1967 1140//1967 1137//1967
f 1137//1968 1141//1968 1142//1968
f 1143//1969 1144//1969 1145//1969
f 1143//1970 1145//1970 1146//1970
f 1146//1971 1145//1971 1147//1971
f 1146//1972 1148//1972 1143//1972
f 1144//1973 1143//1973 1148//1973
f 1148//1974 1149//1974 1144//1974
f 1150//1975 1151//1975 1152//1975
f 1151//1976 1153//1976 1154//1976
f 1141//1977 1137//1977 1140//1977
f 1141//1978 1140//1978 1142//1978
f 1155//1979 1156//1979 1157//1979
f 1157//1980 1156//1980 1153//1980
f 567//1981 569//1981 1158//1981
f 1158//1982 569//1982 572//1982
f 1158//1983 572//1983 1157//1983
f 1156//1984 1154//1984 1153//1984
f 1153//1985 1151//1985 1158//1985
f 1158//1986 1151//1986 1150//1986
f 571//1987 566//1987 1159//1987
f 1144//1988 1149//1988 1159//1988
f 1157//1989 1153//1989 1158//1989
f 572//1990 571//1990 1157//1990
f 1157//1991 571//1991 1159//1991
f 1159//1992 566//1992 1144//1992
f 1144//1993 566//1993 565//1993
f 1144//1994 565//1994 1145//1994
f 1152//1995 1142//1995 1150//1995
f 1150//1996 1142//1996 1140//1996
f 1149//1997 1155//1997 1159//1997
f 1159//1998 1155//1998 1157//1998
f 1158//1999 1150//1999 567//1999
f 1140//2000 567//2000 1150//2000
f 554//2001 1160//2001 564//2001
f 565//2002 564//2002 1161//2002
f 565//2003 1161//2003 1145//2003
f 1145//2004 1161//2004 1162//2004
f 1163//2005 1147//2005 1145//2005
f 1163//2006 1145//2006 1162//2006
f 1161//2007 1164//2007 1165//2007
f 1165//2008 1164//2008 1166//2008
f 1165//2009 1163//2009 1161//2009
f 1161//2010 1163//2010 1162//2010
f 564//2011 1160//2011 1161//2011
f 1163//2012 1165//2012 1166//2012
f 1164//2013 1161//2013 1160//2013
f 1164//2014 1167//2014 1168//2014
f 1164//2015 1168//2015 1166//2015
f 1169//2016 1170//2016 1171//2016
f 1169//2017 1171//2017 1172//2017
f 1171//2018 1170//2018 1173//2018
f 1174//2019 1171//2019 1173//2019
f 1175//2020 1174//2020 1173//2020
f 1175//2021 1176//2021 1174//2021
f 1174//2022 1176//2022 1177//2022
f 1178//2023 1177//2023 1179//2023
f 1179//2024 1177//2024 1176//2024
f 1168//2025 1180//2025 1181//2025
f 554//2026 1180//2026 1167//2026
f 1167//2027 1180//2027 1168//2027
f 1167//2028 1164//2028 1160//2028
f 1167//2029 1160//2029 554//2029
f 1177//2030 1178//2030 553//2030
f 1178//2031 1179//2031 1181//2031
f 1178//2032 554//2032 553//2032
f 1172//2033 1182//2033 1169//2033
f 1171//2034 560//2034 1172//2034
f 1177//2035 563//2035 1174//2035
f 1174//2036 563//2036 1171//2036
f 563//2037 560//2037 1171//2037
f 554//2038 1178//2038 1180//2038
f 1180//2039 1178//2039 1181//2039
f 553//2040 563//2040 1177//2040
f 1182//2041 1183//2041 1169//2041
f 560//2042 546//2042 1184//2042
f 1184//2043 1172//2043 560//2043
f 1172//2044 1184//2044 1185//2044
f 1185//2045 1182//2045 1172//2045
f 1182//2046 1185//2046 1183//2046
f 1183//2047 1185//2047 1186//2047
f 1187//2048 1188//2048 1189//2048
f 1190//2049 1185//2049 1191//2049
f 1192//2050 1193//2050 1190//2050
f 1191//2051 1194//2051 1192//2051
f 1184//2052 546//2052 1194//2052
f 1184//2053 1194//2053 1191//2053
f 1184//2054 1191//2054 1185//2054
f 547//2055 1188//2055 1195//2055
f 1195//2056 1188//2056 1187//2056
f 1195//2057 1187//2057 1196//2057
f 1195//2058 1196//2058 1193//2058
f 546//2059 547//2059 1194//2059
f 1186//2060 1185//2060 1190//2060
f 1190//2061 1191//2061 1192//2061
f 1193//2062 1192//2062 1195//2062
f 1195//2063 1192//2063 1194//2063
f 1195//2064 1194//2064 547//2064
f 1197//2065 1198//2065 1189//2065
f 1188//2066 1197//2066 1189//2066
f 541//2067 1188//2067 547//2067
f 1188//2068 541//2068 1197//2068
f 1199//2069 1200//2069 559//2069
f 541//2070 559//2070 1200//2070
f 1200//2071 1197//2071 541//2071
f 1201//2072 1202//2072 1203//2072
f 1204//2073 1201//2073 1205//2073
f 1206//2074 1207//2074 1208//2074
f 1205//2075 1209//2075 1210//2075
f 1205//2076 1210//2076 1204//2076
f 1201//2077 1204//2077 1211//2077
f 1211//2078 1202//2078 1201//2078
f 1209//2079 1205//2079 1212//2079
f 1209//2080 1212//2080 1213//2080
f 558//2081 1213//2081 1214//2081
f 1215//2082 1199//2082 559//2082
f 1215//2083 559//2083 558//2083
f 1216//2084 538//2084 1217//2084
f 538//2085 1216//2085 1211//2085
f 1215//2086 558//2086 1214//2086
f 1216//2087 1202//2087 1211//2087
f 557//2088 538//2088 1211//2088
f 557//2089 1211//2089 1210//2089
f 1199//2090 1215//2090 1208//2090
f 558//2091 557//2091 1210//2091
f 1213//2092 1212//2092 1214//2092
f 558//2093 1210//2093 1209//2093
f 558//2094 1209//2094 1213//2094
f 1198//2095 1197//2095 1218//2095
f 1218//2096 1197//2096 1200//2096
f 1218//2097 1200//2097 1207//2097
f 1207//2098 1200//2098 1199//2098
f 1207//2099 1199//2099 1208//2099
f 1206//2100 1208//2100 1215//2100
f 1206//2101 1215//2101 1214//2101
f 1204//2102 1210//2102 1211//2102
f 1202//2103 1216//2103 1217//2103
f 1202//2104 1217//2104 1219//2104
f 1202//2105 1219//2105 1203//2105
f 1217//2106 1220//2106 1219//2106
f 538//2107 532//2107 1217//2107
f 538//2108 530//2108 532//2108
f 1217//2109 532//2109 1220//2109
f 533//2110 1220//2110 532//2110
f 535//2111 1220//2111 533//2111
f 534//2112 1221//2112 535//2112
f 535//2113 1221//2113 1222//2113
f 530//2114 561//2114 531//2114
f 534//2115 1223//2115 1224//2115
f 531//2116 561//2116 1223//2116
f 531//2117 1223//2117 534//2117
f 1064//2118 1225//2118 1060//2118
f 1226//2119 1227//2119 1228//2119
f 1227//2120 1229//2120 1228//2120
f 1225//2121 1227//2121 1226//2121
f 1226//2122 1060//2122 1225//2122
f 1230//2123 1231//2123 1232//2123
f 1233//2124 1230//2124 1232//2124
f 1233//2125 1232//2125 1234//2125
f 1223//2126 1235//2126 1236//2126
f 1223//2127 1236//2127 1224//2127
f 1230//2128 1237//2128 573//2128
f 570//2129 1237//2129 1235//2129
f 1235//2130 1223//2130 561//2130
f 1235//2131 561//2131 570//2131
f 1234//2132 1236//2132 1233//2132
f 1233//2133 1237//2133 1230//2133
f 568//2134 562//2134 1238//2134
f 1238//2135 562//2135 1063//2135
f 1237//2136 570//2136 573//2136
f 573//2137 1239//2137 1230//2137
f 1230//2138 1239//2138 1240//2138
f 1240//2139 1239//2139 1228//2139
f 1228//2140 1238//2140 1226//2140
f 1226//2141 1238//2141 1060//2141
f 1060//2142 1238//2142 1063//2142
f 573//2143 568//2143 1239//2143
f 1239//2144 568//2144 1238//2144
f 1239//2145 1238//2145 1228//2145
f 1230//2146 1240//2146 1231//2146
f 1229//2147 1231//2147 1228//2147
f 1228//2148 1231//2148 1240//2148
f 1235//2149 1237//2149 1233//2149
f 1235//2150 1233//2150 1236//2150
f 615//2151 614//2151 603//2151
f 1241//2152 614//2152 1242//2152
f 605//2153 612//2153 603//2153
f 603//2154 612//2154 615//2154
f 605//2155 613//2155 612//2155
f 607//2156 643//2156 605//2156
f 605//2157 643//2157 613//2157
f 607//2158 641//2158 643//2158
f 609//2159 642//2159 607//2159
f 607//2160 642//2160 641//2160
f 610//2161 653//2161 609//2161
f 609//2162 653//2162 642//2162
f 576//2163 652//2163 610//2163
f 610//2164 652//2164 653//2164
f 652//2165 576//2165 651//2165
f 575//2166 651//2166 576//2166
f 575//2167 577//2167 650//2167
f 575//2168 650//2168 651//2168
f 577//2169 649//2169 650//2169
f 579//2170 647//2170 648//2170
f 579//2171 648//2171 577//2171
f 577//2172 648//2172 649//2172
f 581//2173 646//2173 647//2173
f 581//2174 647//2174 579//2174
f 645//2175 646//2175 581//2175
f 591//2176 645//2176 581//2176
f 591//2177 629//2177 644//2177
f 591//2178 644//2178 645//2178
f 1243//2179 1244//2179 629//2179
f 586//2180 629//2180 591//2180
f 603//2181 614//2181 1241//2181
f 603//2182 1241//2182 601//2182
f 601//2183 1241//2183 1245//2183
f 601//2184 1245//2184 599//2184
f 599//2185 1245//2185 1246//2185
f 599//2186 1246//2186 597//2186
f 597//2187 1246//2187 1247//2187
f 597//2188 1247//2188 595//2188
f 595//2189 1247//2189 1248//2189
f 595//2190 1248//2190 588//2190
f 588//2191 1248//2191 1249//2191
f 588//2192 1249//2192 582//2192
f 582//2193 1249//2193 1250//2193
f 582//2194 1250//2194 583//2194
f 583//2195 1250//2195 1251//2195
f 583//2196 1251//2196 585//2196
f 585//2197 1251//2197 1252//2197
f 585//2198 1252//2198 586//2198
f 586//2199 1252//2199 1243//2199
f 586//2200 1243//2200 629//2200
f 1242//2201 614//2201 616//2201
f 1242//2202 762//2202 753//2202
f 1242//2203 753//2203 736//2203
f 1242//2204 736//2204 1253//2204
f 1253//2205 736//2205 735//2205
f 1253//2206 735//2206 734//2206
f 1253//2207 734//2207 1254//2207
f 1254//2208 734//2208 752//2208
f 1254//2209 752//2209 1255//2209
f 1255//2210 752//2210 751//2210
f 1255//2211 751//2211 750//2211
f 1255//2212 750//2212 1256//2212
f 750//2213 749//2213 1256//2213
f 1256//2214 749//2214 733//2214
f 1256//2215 733//2215 1257//2215
f 1257//2216 733//2216 732//2216
f 1257//2217 732//2217 731//2217
f 1257//2218 731//2218 1258//2218
f 1258//2219 731//2219 761//2219
f 1258//2220 761//2220 730//2220
f 1258//2221 730//2221 1259//2221
f 1259//2222 730//2222 729//2222
f 1259//2223 729//2223 1260//2223
f 1260//2224 729//2224 748//2224
f 1260//2225 748//2225 747//2225
f 1260//2226 747//2226 1244//2226
f 747//2227 746//2227 1244//2227
f 1244//2228 746//2228 745//2228
f 1244//2229 745//2229 629//2229
f 762//2230 1242//2230 616//2230
f 762//2231 616//2231 637//2231
f 762//2232 637//2232 754//2232
f 754//2233 637//2233 636//2233
f 754//2234 636//2234 755//2234
f 755//2235 636//2235 618//2235
f 755//2236 618//2236 763//2236
f 763//2237 618//2237 764//2237
f 764//2238 618//2238 617//2238
f 764//2239 617//2239 765//2239
f 765//2240 617//2240 620//2240
f 765//2241 620//2241 766//2241
f 766//2242 620//2242 622//2242
f 766//2243 622//2243 767//2243
f 767//2244 622//2244 621//2244
f 767//2245 621//2245 756//2245
f 756//2246 621//2246 624//2246
f 756//2247 624//2247 725//2247
f 725//2248 624//2248 639//2248
f 725//2249 639//2249 757//2249
f 757//2250 639//2250 640//2250
f 757//2251 640//2251 758//2251
f 758//2252 640//2252 634//2252
f 758//2253 634//2253 742//2253
f 742//2254 634//2254 633//2254
f 742//2255 633//2255 743//2255
f 743//2256 633//2256 631//2256
f 743//2257 631//2257 759//2257
f 759//2258 631//2258 626//2258
f 759//2259 626//2259 744//2259
f 744//2260 626//2260 625//2260
f 744//2261 625//2261 760//2261
f 760//2262 625//2262 628//2262
f 760//2263 628//2263 630//2263
f 760//2264 630//2264 728//2264
f 728//2265 630//2265 745//2265
f 745//2266 630//2266 629//2266
f 1261//2267 1262//2267 1263//2267
f 1263//2268 1262//2268 1264//2268
f 1264//2269 1262//2269 1265//2269
f 1264//2270 1265//2270 1266//2270
f 1266//2271 1265//2271 1267//2271
f 1267//2272 1268//2272 1266//2272
f 1268//2273 1267//2273 1269//2273
f 1269//2274 1270//2274 1268//2274
f 1271//2275 1272//2275 1273//2275
f 1274//2276 1275//2276 1272//2276
f 1276//2277 1277//2277 1278//2277
f 1278//2278 1277//2278 1279//2278
f 1280//2279 1281//2279 1282//2279
f 1282//2280 1281//2280 1283//2280
f 1283//2281 1284//2281 1285//2281
f 1285//2282 1284//2282 1286//2282
f 1286//2283 1287//2283 1288//2283
f 1288//2284 1287//2284 1289//2284
f 1290//2285 1291//2285 1292//2285
f 1292//2286 1291//2286 1293//2286
f 1294//2287 1295//2287 1296//2287
f 1296//2288 1295//2288 1262//2288
f 1276//2289 1297//2289 1277//2289
f 1277//2290 1298//2290 1279//2290
f 1279//2291 1298//2291 1299//2291
f 1279//2292 1299//2292 1280//2292
f 1280//2293 1299//2293 1281//2293
f 1287//2294 1300//2294 1289//2294
f 1289//2295 1300//2295 1301//2295
f 1289//2296 1301//2296 1290//2296
f 1290//2297 1301//2297 1291//2297
f 1291//2298 1302//2298 1293//2298
f 1293//2299 1302//2299 1303//2299
f 1293//2300 1303//2300 1304//2300
f 1304//2301 1303//2301 1305//2301
f 1305//2302 1306//2302 1294//2302
f 1294//2303 1306//2303 1295//2303
f 1295//2304 1265//2304 1262//2304
f 1281//2305 1307//2305 1283//2305
f 1283//2306 1307//2306 1284//2306
f 1284//2307 1308//2307 1286//2307
f 1286//2308 1308//2308 1287//2308
f 1303//2309 1309//2309 1305//2309
f 1305//2310 1309//2310 1306//2310
f 1277//2311 1310//2311 1298//2311
f 1298//2312 1310//2312 1299//2312
f 1300//2313 1311//2313 1301//2313
f 1301//2314 1311//2314 1291//2314
f 1291//2315 1271//2315 1302//2315
f 1302//2316 1271//2316 1312//2316
f 1302//2317 1312//2317 1303//2317
f 1303//2318 1312//2318 1309//2318
f 1309//2319 1313//2319 1306//2319
f 1306//2320 1313//2320 1295//2320
f 1295//2321 1267//2321 1265//2321
f 1297//2322 1314//2322 1315//2322
f 1297//2323 1315//2323 1277//2323
f 1277//2324 1315//2324 1310//2324
f 1299//2325 1316//2325 1281//2325
f 1281//2326 1316//2326 1307//2326
f 1307//2327 1275//2327 1284//2327
f 1284//2328 1275//2328 1308//2328
f 1308//2329 1274//2329 1287//2329
f 1287//2330 1274//2330 1300//2330
f 1311//2331 1272//2331 1291//2331
f 1291//2332 1272//2332 1271//2332
f 1313//2333 1269//2333 1295//2333
f 1295//2334 1269//2334 1267//2334
f 1310//2335 1317//2335 1299//2335
f 1299//2336 1317//2336 1316//2336
f 1307//2337 1316//2337 1275//2337
f 1308//2338 1275//2338 1274//2338
f 1300//2339 1274//2339 1311//2339
f 1312//2340 1273//2340 1309//2340
f 1309//2341 1273//2341 1313//2341
f 1315//2342 1317//2342 1310//2342
f 1274//2343 1272//2343 1311//2343
f 1271//2344 1273//2344 1312//2344
f 1273//2345 1269//2345 1313//2345
f 775//2346 1318//2346 776//2346
f 776//2347 1318//2347 1319//2347
f 776//2348 1319//2348 1320//2348
f 776//2349 1320//2349 774//2349
f 774//2350 1320//2350 1321//2350
f 774//2351 1321//2351 770//2351
f 770//2352 1321//2352 771//2352
f 771//2353 1321//2353 1322//2353
f 771//2354 1322//2354 788//2354
f 788//2355 1322//2355 1323//2355
f 788//2356 1323//2356 787//2356
f 787//2357 1323//2357 1324//2357
f 787//2358 1324//2358 783//2358
f 783//2359 1324//2359 1325//2359
f 783//2360 1325//2360 782//2360
f 782//2361 1325//2361 1326//2361
f 782//2362 1326//2362 786//2362
f 786//2363 1326//2363 1327//2363
f 786//2364 1327//2364 785//2364
f 785//2365 1327//2365 784//2365
f 784//2366 1327//2366 1328//2366
f 784//2367 1328//2367 1329//2367
f 784//2368 1329//2368 773//2368
f 773//2369 1329//2369 1330//2369
f 773//2370 1330//2370 768//2370
f 768//2371 1330//2371 1331//2371
f 768//2372 1331//2372 769//2372
f 769//2373 1331//2373 1332//2373
f 769//2374 1332//2374 781//2374
f 781//2375 1332//2375 1333//2375
f 781//2376 1333//2376 780//2376
f 780//2377 1333//2377 1334//2377
f 780//2378 1334//2378 772//2378
f 772//2379 1334//2379 778//2379
f 778//2380 1334//2380 1335//2380
f 778//2381 1335//2381 777//2381
f 777//2382 1335//2382 1336//2382
f 777//2383 1336//2383 1337//2383
f 777//2384 1337//2384 779//2384
f 779//2385 1337//2385 1338//2385
f 779//2386 1338//2386 775//2386
f 775//2387 1338//2387 1318//2387
f 1339//2388 1340//2388 1341//2388
f 1341//2389 1340//2389 1342//2389
f 1339//2390 1343//2390 1340//2390
f 1344//2391 1345//2391 1339//2391
f 1339//2392 1345//2392 1343//2392
f 1346//2393 1347//2393 1345//2393
f 1346//2394 1345//2394 1344//2394
f 1348//2395 1349//2395 1350//2395
f 1351//2396 1348//2396 1350//2396
f 1351//2397 1352//2397 1348//2397
f 1353//2398 1352//2398 1354//2398
f 1354//2399 1352//2399 1351//2399
f 1355//2400 1356//2400 1354//2400
f 1354//2401 1356//2401 1353//2401
f 1357//2402 1358//2402 1359//2402
f 1355//2403 1354//2403 1360//2403
f 1355//2404 1360//2404 1361//2404
f 1361//2405 1360//2405 1362//2405
f 1363//2406 1364//2406 1365//2406
f 1365//2407 1364//2407 1366//2407
f 1366//2408 1367//2408 1368//2408
f 1368//2409 1367//2409 1369//2409
f 1368//2410 1369//2410 1370//2410
f 1370//2411 1369//2411 1371//2411
f 1370//2412 1371//2412 1372//2412
f 1372//2413 1371//2413 1373//2413
f 1374//2414 1339//2414 1341//2414
f 1360//2415 1375//2415 1362//2415
f 1362//2416 1375//2416 1376//2416
f 1376//2417 1377//2417 1363//2417
f 1363//2418 1377//2418 1364//2418
f 1364//2419 1378//2419 1366//2419
f 1366//2420 1378//2420 1367//2420
f 1371//2421 1379//2421 1373//2421
f 1373//2422 1379//2422 1380//2422
f 1373//2423 1380//2423 1381//2423
f 1381//2424 1380//2424 1382//2424
f 1381//2425 1382//2425 1383//2425
f 1383//2426 1382//2426 1384//2426
f 1383//2427 1384//2427 1385//2427
f 1385//2428 1384//2428 1386//2428
f 1385//2429 1386//2429 1387//2429
f 1387//2430 1386//2430 1388//2430
f 1387//2431 1388//2431 1389//2431
f 1389//2432 1388//2432 1390//2432
f 1389//2433 1390//2433 1374//2433
f 1374//2434 1390//2434 1339//2434
f 1354//2435 1351//2435 1360//2435
f 1375//2436 1391//2436 1376//2436
f 1376//2437 1391//2437 1377//2437
f 1360//2438 1392//2438 1375//2438
f 1375//2439 1392//2439 1391//2439
f 1391//2440 1393//2440 1377//2440
f 1377//2441 1393//2441 1394//2441
f 1377//2442 1394//2442 1364//2442
f 1364//2443 1394//2443 1378//2443
f 1367//2444 1395//2444 1369//2444
f 1369//2445 1395//2445 1396//2445
f 1369//2446 1396//2446 1371//2446
f 1371//2447 1396//2447 1379//2447
f 1384//2448 1397//2448 1386//2448
f 1386//2449 1397//2449 1398//2449
f 1386//2450 1398//2450 1388//2450
f 1388//2451 1398//2451 1399//2451
f 1388//2452 1399//2452 1390//2452
f 1390//2453 1399//2453 1344//2453
f 1390//2454 1344//2454 1339//2454
f 1351//2455 1350//2455 1360//2455
f 1360//2456 1350//2456 1392//2456
f 1392//2457 1400//2457 1391//2457
f 1391//2458 1400//2458 1393//2458
f 1378//2459 1358//2459 1367//2459
f 1367//2460 1358//2460 1395//2460
f 1382//2461 1401//2461 1384//2461
f 1384//2462 1401//2462 1397//2462
f 1393//2463 1359//2463 1394//2463
f 1394//2464 1359//2464 1378//2464
f 1378//2465 1359//2465 1358//2465
f 1395//2466 1358//2466 1396//2466
f 1396//2467 1357//2467 1379//2467
f 1379//2468 1357//2468 1402//2468
f 1379//2469 1402//2469 1380//2469
f 1380//2470 1402//2470 1382//2470
f 1382//2471 1402//2471 1401//2471
f 1399//2472 1346//2472 1344//2472
f 1350//2473 1400//2473 1392//2473
f 1400//2474 1359//2474 1393//2474
f 1358//2475 1357//2475 1396//2475
f 1397//2476 1401//2476 1398//2476
f 1398//2477 1401//2477 1346//2477
f 1398//2478 1346//2478 1399//2478
f 791//2479 1403//2479 792//2479
f 792//2480 1403//2480 1404//2480
f 792//2481 1404//2481 795//2481
f 795//2482 1404//2482 1405//2482
f 795//2483 1405//2483 794//2483
f 794//2484 1405//2484 1406//2484
f 794//2485 1406//2485 809//2485
f 809//2486 1406//2486 1407//2486
f 809//2487 1407//2487 808//2487
f 808//2488 1407//2488 1408//2488
f 808//2489 1408//2489 797//2489
f 797//2490 1408//2490 1409//2490
f 797//2491 1409//2491 804//2491
f 804//2492 1409//2492 1410//2492
f 804//2493 1410//2493 803//2493
f 803//2494 1410//2494 802//2494
f 802//2495 1410//2495 1411//2495
f 802//2496 1411//2496 807//2496
f 807//2497 1411//2497 1412//2497
f 807//2498 1412//2498 800//2498
f 800//2499 1412//2499 1413//2499
f 800//2500 1413//2500 801//2500
f 801//2501 1413//2501 1414//2501
f 801//2502 1414//2502 793//2502
f 793//2503 1414//2503 1415//2503
f 793//2504 1415//2504 789//2504
f 789//2505 1415//2505 1416//2505
f 789//2506 1416//2506 790//2506
f 790//2507 1416//2507 1417//2507
f 790//2508 1417//2508 806//2508
f 806//2509 1417//2509 1418//2509
f 806//2510 1418//2510 805//2510
f 805//2511 1418//2511 1419//2511
f 805//2512 1419//2512 799//2512
f 799//2513 1419//2513 1420//2513
f 799//2514 1420//2514 798//2514
f 798//2515 1420//2515 1421//2515
f 798//2516 1421//2516 796//2516
f 796//2517 1421//2517 1422//2517
f 796//2518 1422//2518 791//2518
f 791//2519 1422//2519 1403//2519
f 1423//2520 1424//2520 1425//2520
f 1425//2521 1424//2521 1426//2521
f 1425//2522 1426//2522 1427//2522
f 1426//2523 1428//2523 1429//2523
f 1430//2524 1428//2524 1431//2524
f 1431//2525 1432//2525 1433//2525
f 1434//2526 1435//2526 1436//2526
f 1434//2527 1436//2527 1437//2527
f 1437//2528 1438//2528 1439//2528
f 1437//2529 1439//2529 1432//2529
f 1432//2530 1439//2530 1433//2530
f 1433//2531 1440//2531 1431//2531
f 1431//2532 1440//2532 1430//2532
f 1429//2533 1441//2533 1426//2533
f 1426//2534 1441//2534 1427//2534
f 1436//2535 1442//2535 1437//2535
f 1437//2536 1442//2536 1438//2536
f 1440//2537 1443//2537 1430//2537
f 1430//2538 1443//2538 1444//2538
f 1430//2539 1444//2539 1445//2539
f 1430//2540 1445//2540 1428//2540
f 1428//2541 1445//2541 1429//2541
f 1423//2542 1446//2542 1424//2542
f 1424//2543 1446//2543 1447//2543
f 1424//2544 1447//2544 1448//2544
f 1448//2545 1447//2545 1449//2545
f 1448//2546 1449//2546 1450//2546
f 1435//2547 1451//2547 1436//2547
f 1439//2548 1452//2548 1433//2548
f 1433//2549 1452//2549 1440//2549
f 1441//2550 1453//2550 1427//2550
f 1427//2551 1453//2551 1454//2551
f 1427//2552 1454//2552 1425//2552
f 1425//2553 1454//2553 1455//2553
f 1425//2554 1455//2554 1423//2554
f 1423//2555 1455//2555 1446//2555
f 1451//2556 1456//2556 1436//2556
f 1436//2557 1456//2557 1442//2557
f 1445//2558 1457//2558 1429//2558
f 1429//2559 1457//2559 1441//2559
f 1447//2560 1458//2560 1449//2560
f 1451//2561 1459//2561 1456//2561
f 1442//2562 1460//2562 1438//2562
f 1438//2563 1460//2563 1461//2563
f 1438//2564 1461//2564 1439//2564
f 1439//2565 1461//2565 1452//2565
f 1452//2566 1462//2566 1440//2566
f 1440//2567 1462//2567 1463//2567
f 1440//2568 1463//2568 1443//2568
f 1443//2569 1463//2569 1464//2569
f 1443//2570 1464//2570 1444//2570
f 1444//2571 1464//2571 1445//2571
f 1457//2572 1465//2572 1441//2572
f 1441//2573 1465//2573 1466//2573
f 1441//2574 1466//2574 1453//2574
f 1453//2575 1466//2575 1467//2575
f 1453//2576 1467//2576 1454//2576
f 1454//2577 1467//2577 1468//2577
f 1454//2578 1468//2578 1455//2578
f 1455//2579 1468//2579 1446//2579
f 1456//2580 1469//2580 1442//2580
f 1442//2581 1469//2581 1460//2581
f 1461//2582 1470//2582 1452//2582
f 1452//2583 1470//2583 1462//2583
f 1464//2584 1471//2584 1445//2584
f 1445//2585 1471//2585 1457//2585
f 1468//2586 1472//2586 1446//2586
f 1446//2587 1472//2587 1473//2587
f 1446//2588 1473//2588 1447//2588
f 1447//2589 1473//2589 1474//2589
f 1447//2590 1474//2590 1458//2590
f 1450//2591 1475//2591 1448//2591
f 1448//2592 1475//2592 1476//2592
f 1449//2593 1477//2593 1450//2593
f 1450//2594 1477//2594 1475//2594
f 1477//2595 1449//2595 1458//2595
f 1478//2596 1458//2596 1474//2596
f 1478//2597 1479//2597 1458//2597
f 1458//2598 1479//2598 1477//2598
f 825//2599 1480//2599 1481//2599
f 825//2600 1481//2600 826//2600
f 826//2601 1481//2601 822//2601
f 1481//2602 1482//2602 822//2602
f 822//2603 1482//2603 820//2603
f 820//2604 1482//2604 1483//2604
f 820//2605 1483//2605 821//2605
f 1483//2606 1484//2606 821//2606
f 821//2607 1484//2607 818//2607
f 1484//2608 1485//2608 818//2608
f 818//2609 1485//2609 811//2609
f 1486//2610 817//2610 1487//2610
f 1487//2611 817//2611 811//2611
f 1487//2612 811//2612 1485//2612
f 828//2613 1488//2613 829//2613
f 829//2614 1488//2614 1489//2614
f 1480//2615 825//2615 1489//2615
f 1489//2616 825//2616 829//2616
f 840//2617 1490//2617 1491//2617
f 840//2618 1491//2618 838//2618
f 838//2619 1491//2619 1492//2619
f 838//2620 1492//2620 841//2620
f 841//2621 1492//2621 1493//2621
f 841//2622 1493//2622 843//2622
f 1493//2623 1494//2623 843//2623
f 843//2624 1494//2624 847//2624
f 847//2625 1494//2625 1495//2625
f 847//2626 1495//2626 846//2626
f 846//2627 1495//2627 1496//2627
f 846//2628 1496//2628 1497//2628
f 846//2629 1497//2629 848//2629
f 848//2630 1497//2630 1498//2630
f 848//2631 1498//2631 852//2631
f 852//2632 1498//2632 851//2632
f 851//2633 1498//2633 1499//2633
f 851//2634 1499//2634 1500//2634
f 851//2635 1500//2635 836//2635
f 836//2636 1500//2636 828//2636
f 828//2637 1500//2637 1488//2637
f 1490//2638 840//2638 860//2638
f 855//2639 1501//2639 856//2639
f 856//2640 1501//2640 1502//2640
f 856//2641 1502//2641 860//2641
f 1502//2642 1503//2642 860//2642
f 860//2643 1503//2643 1490//2643
f 865//2644 864//2644 1504//2644
f 865//2645 1504//2645 1505//2645
f 865//2646 1505//2646 870//2646
f 1505//2647 1506//2647 870//2647
f 870//2648 1506//2648 872//2648
f 1501//2649 855//2649 1507//2649
f 1507//2650 855//2650 872//2650
f 1507//2651 872//2651 1506//2651
f 888//2652 887//2652 1508//2652
f 879//2653 1509//2653 881//2653
f 881//2654 1509//2654 1510//2654
f 881//2655 1510//2655 891//2655
f 1510//2656 1511//2656 891//2656
f 891//2657 1511//2657 887//2657
f 887//2658 1511//2658 1508//2658
f 1504//2659 864//2659 1512//2659
f 1512//2660 864//2660 888//2660
f 1512//2661 888//2661 1508//2661
f 1509//2662 879//2662 1513//2662
f 1513//2663 879//2663 893//2663
f 895//2664 1514//2664 893//2664
f 893//2665 1514//2665 1513//2665
f 899//2666 1515//2666 1516//2666
f 899//2667 1516//2667 903//2667
f 903//2668 1516//2668 1517//2668
f 903//2669 1517//2669 898//2669
f 898//2670 1517//2670 1518//2670
f 1514//2671 895//2671 1518//2671
f 1518//2672 895//2672 898//2672
f 909//2673 1519//2673 912//2673
f 1519//2674 1520//2674 912//2674
f 912//2675 1520//2675 910//2675
f 1520//2676 1521//2676 910//2676
f 910//2677 1521//2677 914//2677
f 914//2678 1521//2678 1515//2678
f 914//2679 1515//2679 899//2679
f 918//2680 1522//2680 916//2680
f 916//2681 1522//2681 908//2681
f 1519//2682 909//2682 1523//2682
f 1523//2683 909//2683 908//2683
f 1523//2684 908//2684 1522//2684
f 1522//2685 918//2685 1524//2685
f 1524//2686 918//2686 919//2686
f 921//2687 1525//2687 932//2687
f 932//2688 1525//2688 1526//2688
f 932//2689 1526//2689 925//2689
f 925//2690 1526//2690 1527//2690
f 925//2691 1527//2691 1528//2691
f 925//2692 1528//2692 928//2692
f 928//2693 1528//2693 931//2693
f 931//2694 1528//2694 1529//2694
f 931//2695 1529//2695 940//2695
f 1529//2696 1530//2696 940//2696
f 940//2697 1530//2697 939//2697
f 939//2698 1530//2698 1531//2698
f 1531//2699 1532//2699 937//2699
f 939//2700 1531//2700 937//2700
f 937//2701 1532//2701 936//2701
f 1524//2702 919//2702 1533//2702
f 1533//2703 919//2703 936//2703
f 1533//2704 936//2704 1532//2704
f 1525//2705 921//2705 944//2705
f 944//2706 1534//2706 1525//2706
f 1534//2707 944//2707 1535//2707
f 1535//2708 944//2708 948//2708
f 1536//2709 964//2709 956//2709
f 1536//2710 956//2710 1537//2710
f 964//2711 1536//2711 957//2711
f 1536//2712 1538//2712 957//2712
f 957//2713 1538//2713 965//2713
f 965//2714 1538//2714 1539//2714
f 965//2715 1539//2715 961//2715
f 961//2716 1539//2716 1540//2716
f 961//2717 1540//2717 962//2717
f 962//2718 1540//2718 1541//2718
f 962//2719 1541//2719 967//2719
f 1541//2720 1542//2720 967//2720
f 967//2721 1542//2721 971//2721
f 971//2722 1542//2722 1543//2722
f 971//2723 1543//2723 972//2723
f 1543//2724 1544//2724 972//2724
f 1545//2725 954//2725 1546//2725
f 1546//2726 954//2726 974//2726
f 1546//2727 974//2727 1544//2727
f 1544//2728 974//2728 972//2728
f 1535//2729 948//2729 1545//2729
f 1545//2730 948//2730 954//2730
f 980//2731 1547//2731 981//2731
f 981//2732 1547//2732 1548//2732
f 981//2733 1548//2733 982//2733
f 1548//2734 1549//2734 982//2734
f 982//2735 1549//2735 1550//2735
f 982//2736 1550//2736 978//2736
f 978//2737 1550//2737 1537//2737
f 978//2738 1537//2738 956//2738
f 1547//2739 980//2739 987//2739
f 986//2740 1551//2740 987//2740
f 993//2741 995//2741 1552//2741
f 1552//2742 1553//2742 993//2742
f 993//2743 1553//2743 996//2743
f 996//2744 1553//2744 1554//2744
f 996//2745 1554//2745 1555//2745
f 996//2746 1555//2746 1001//2746
f 1001//2747 1555//2747 1556//2747
f 1001//2748 1556//2748 1002//2748
f 1002//2749 1556//2749 1557//2749
f 1002//2750 1557//2750 1006//2750
f 1006//2751 1557//2751 1558//2751
f 1559//2752 1003//2752 1558//2752
f 1558//2753 1003//2753 1006//2753
f 1003//2754 1559//2754 1009//2754
f 1559//2755 1560//2755 1009//2755
f 1009//2756 1560//2756 1012//2756
f 1012//2757 1560//2757 1561//2757
f 1551//2758 986//2758 1561//2758
f 1561//2759 986//2759 1012//2759
f 1021//2760 1562//2760 1029//2760
f 1029//2761 1562//2761 1563//2761
f 1029//2762 1563//2762 1017//2762
f 1017//2763 1563//2763 1564//2763
f 1017//2764 1564//2764 1015//2764
f 1015//2765 1564//2765 1565//2765
f 1552//2766 995//2766 1565//2766
f 1565//2767 995//2767 1015//2767
f 1033//2768 1566//2768 1567//2768
f 1033//2769 1567//2769 1032//2769
f 1032//2770 1567//2770 1034//2770
f 1034//2771 1567//2771 1568//2771
f 1034//2772 1568//2772 1035//2772
f 1035//2773 1568//2773 1569//2773
f 1035//2774 1569//2774 1048//2774
f 1569//2775 1570//2775 1048//2775
f 1048//2776 1570//2776 1571//2776
f 1048//2777 1571//2777 1046//2777
f 1562//2778 1021//2778 1572//2778
f 1572//2779 1021//2779 1038//2779
f 1572//2780 1038//2780 1046//2780
f 1572//2781 1046//2781 1571//2781
f 1573//2782 1574//2782 1052//2782
f 1052//2783 1574//2783 1050//2783
f 1050//2784 1574//2784 1566//2784
f 1050//2785 1566//2785 1033//2785
f 1573//2786 1052//2786 1055//2786
f 1054//2787 1575//2787 1055//2787
f 1486//2788 1576//2788 817//2788
f 817//2789 1576//2789 1057//2789
f 1057//2790 1576//2790 1577//2790
f 1057//2791 1577//2791 1059//2791
f 1059//2792 1577//2792 1054//2792
f 1054//2793 1577//2793 1575//2793
f 1578//2794 1064//2794 1579//2794
f 1579//2795 1064//2795 1065//2795
f 1579//2796 1065//2796 1062//2796
f 1579//2797 1062//2797 1580//2797
f 1068//2798 1581//2798 1070//2798
f 1070//2799 1581//2799 1582//2799
f 1583//2800 1079//2800 1582//2800
f 1582//2801 1079//2801 1070//2801
f 1079//2802 1583//2802 1080//2802
f 1080//2803 1583//2803 1584//2803
f 1080//2804 1584//2804 1076//2804
f 1584//2805 1585//2805 1076//2805
f 1076//2806 1585//2806 1082//2806
f 1585//2807 1586//2807 1082//2807
f 1082//2808 1586//2808 1087//2808
f 1586//2809 1587//2809 1087//2809
f 1087//2810 1587//2810 1086//2810
f 1587//2811 1588//2811 1086//2811
f 1086//2812 1588//2812 1062//2812
f 1062//2813 1588//2813 1580//2813
f 1097//2814 1589//2814 1098//2814
f 1098//2815 1589//2815 1590//2815
f 1098//2816 1590//2816 1094//2816
f 1094//2817 1590//2817 1591//2817
f 1094//2818 1591//2818 1101//2818
f 1591//2819 1592//2819 1101//2819
f 1101//2820 1592//2820 1068//2820
f 1068//2821 1592//2821 1581//2821
f 1109//2822 1107//2822 1593//2822
f 1593//2823 1594//2823 1109//2823
f 1109//2824 1594//2824 1110//2824
f 1589//2825 1097//2825 1595//2825
f 1595//2826 1097//2826 1110//2826
f 1595//2827 1110//2827 1594//2827
f 1112//2828 1596//2828 1114//2828
f 1114//2829 1596//2829 1597//2829
f 1598//2830 1117//2830 1597//2830
f 1597//2831 1117//2831 1114//2831
f 1117//2832 1598//2832 1129//2832
f 1598//2833 1599//2833 1129//2833
f 1129//2834 1599//2834 1126//2834
f 1599//2835 1600//2835 1126//2835
f 1126//2836 1600//2836 1601//2836
f 1126//2837 1601//2837 1124//2837
f 1124//2838 1601//2838 1119//2838
f 1119//2839 1601//2839 1602//2839
f 1593//2840 1107//2840 1602//2840
f 1602//2841 1107//2841 1119//2841
f 1136//2842 1603//2842 1604//2842
f 1136//2843 1604//2843 1134//2843
f 1134//2844 1604//2844 1596//2844
f 1134//2845 1596//2845 1112//2845
f 1603//2846 1136//2846 1139//2846
f 1139//2847 1137//2847 1605//2847
f 1146//2848 1147//2848 1606//2848
f 1606//2849 1147//2849 1607//2849
f 1608//2850 1148//2850 1146//2850
f 1146//2851 1606//2851 1608//2851
f 1148//2852 1608//2852 1609//2852
f 1148//2853 1609//2853 1149//2853
f 1149//2854 1609//2854 1610//2854
f 1149//2855 1610//2855 1155//2855
f 1155//2856 1610//2856 1611//2856
f 1155//2857 1611//2857 1156//2857
f 1611//2858 1612//2858 1156//2858
f 1156//2859 1612//2859 1154//2859
f 1612//2860 1613//2860 1154//2860
f 1614//2861 1152//2861 1615//2861
f 1615//2862 1152//2862 1151//2862
f 1615//2863 1151//2863 1616//2863
f 1616//2864 1151//2864 1154//2864
f 1616//2865 1154//2865 1613//2865
f 1152//2866 1614//2866 1142//2866
f 1605//2867 1137//2867 1617//2867
f 1617//2868 1137//2868 1142//2868
f 1617//2869 1142//2869 1614//2869
f 1166//2870 1618//2870 1163//2870
f 1163//2871 1618//2871 1619//2871
f 1607//2872 1147//2872 1619//2872
f 1619//2873 1147//2873 1163//2873
f 1620//2874 1169//2874 1183//2874
f 1620//2875 1183//2875 1621//2875
f 1169//2876 1620//2876 1170//2876
f 1620//2877 1622//2877 1170//2877
f 1170//2878 1622//2878 1173//2878
f 1173//2879 1622//2879 1623//2879
f 1173//2880 1623//2880 1175//2880
f 1175//2881 1623//2881 1624//2881
f 1175//2882 1624//2882 1176//2882
f 1176//2883 1624//2883 1625//2883
f 1176//2884 1625//2884 1179//2884
f 1179//2885 1625//2885 1626//2885
f 1179//2886 1626//2886 1181//2886
f 1181//2887 1626//2887 1627//2887
f 1627//2888 1168//2888 1181//2888
f 1618//2889 1166//2889 1628//2889
f 1628//2890 1166//2890 1168//2890
f 1628//2891 1168//2891 1627//2891
f 1621//2892 1183//2892 1629//2892
f 1629//2893 1183//2893 1186//2893
f 1189//2894 1630//2894 1187//2894
f 1630//2895 1631//2895 1187//2895
f 1187//2896 1631//2896 1196//2896
f 1631//2897 1632//2897 1196//2897
f 1196//2898 1632//2898 1193//2898
f 1193//2899 1632//2899 1633//2899
f 1633//2900 1634//2900 1193//2900
f 1193//2901 1634//2901 1190//2901
f 1634//2902 1635//2902 1190//2902
f 1629//2903 1186//2903 1635//2903
f 1635//2904 1186//2904 1190//2904
f 1198//2905 1636//2905 1189//2905
f 1189//2906 1636//2906 1630//2906
f 1203//2907 1219//2907 1637//2907
f 1637//2908 1638//2908 1203//2908
f 1203//2909 1638//2909 1201//2909
f 1638//2910 1639//2910 1201//2910
f 1201//2911 1639//2911 1205//2911
f 1205//2912 1639//2912 1640//2912
f 1205//2913 1640//2913 1212//2913
f 1640//2914 1641//2914 1212//2914
f 1212//2915 1641//2915 1214//2915
f 1641//2916 1642//2916 1214//2916
f 1214//2917 1642//2917 1206//2917
f 1206//2918 1642//2918 1643//2918
f 1644//2919 1207//2919 1643//2919
f 1643//2920 1207//2920 1206//2920
f 1207//2921 1644//2921 1218//2921
f 1644//2922 1645//2922 1218//2922
f 1218//2923 1645//2923 1198//2923
f 1198//2924 1645//2924 1636//2924
f 1637//2925 1219//2925 1220//2925
f 1637//2926 1220//2926 1646//2926
f 1646//2927 1220//2927 535//2927
f 535//2928 1222//2928 1646//2928
f 1236//2929 1234//2929 1647//2929
f 1064//2930 1578//2930 1225//2930
f 1225//2931 1578//2931 1648//2931
f 1225//2932 1648//2932 1227//2932
f 1227//2933 1648//2933 1649//2933
f 1227//2934 1649//2934 1229//2934
f 1649//2935 1650//2935 1229//2935
f 1229//2936 1650//2936 1231//2936
f 1650//2937 1651//2937 1231//2937
f 1231//2938 1651//2938 1232//2938
f 1232//2939 1651//2939 1652//2939
f 1232//2940 1652//2940 1234//2940
f 1234//2941 1652//2941 1647//2941
f 1236//2942 1647//2942 1653//2942
f 1653//2943 1224//2943 1236//2943
f 1221//2944 534//2944 1654//2944
f 1654//2945 534//2945 1224//2945
f 1654//2946 1224//2946 1653//2946
f 1473//2947 1655//2947 1474//2947
f 1474//2948 1655//2948 1656//2948
f 1472//2949 1655//2949 1473//2949
f 1468//2950 1657//2950 1658//2950
f 1468//2951 1658//2951 1472//2951
f 1472//2952 1658//2952 1655//2952
f 1657//2953 1468//2953 1467//2953
f 1657//2954 1467//2954 1659//2954
f 1466//2955 1660//2955 1659//2955
f 1466//2956 1659//2956 1467//2956
f 1465//2957 1661//2957 1660//2957
f 1465//2958 1660//2958 1466//2958
f 1661//2959 1465//2959 1457//2959
f 1471//2960 1662//2960 1457//2960
f 1457//2961 1662//2961 1661//2961
f 1663//2962 1664//2962 1464//2962
f 1464//2963 1664//2963 1471//2963
f 1471//2964 1664//2964 1662//2964
f 1663//2965 1464//2965 1463//2965
f 1663//2966 1463//2966 1665//2966
f 1462//2967 1666//2967 1665//2967
f 1462//2968 1665//2968 1463//2968
f 1666//2969 1462//2969 1470//2969
f 1666//2970 1470//2970 1667//2970
f 1461//2971 1668//2971 1470//2971
f 1470//2972 1668//2972 1667//2972
f 1668//2973 1461//2973 1669//2973
f 1669//2974 1461//2974 1460//2974
f 1469//2975 1670//2975 1460//2975
f 1460//2976 1670//2976 1669//2976
f 1456//2977 1671//2977 1670//2977
f 1456//2978 1670//2978 1469//2978
f 1672//2979 1671//2979 1456//2979
f 1672//2980 1456//2980 1459//2980
f 1673//2981 1276//2981 1674//2981
f 1674//2982 1276//2982 1278//2982
f 1675//2983 1676//2983 1279//2983
f 1279//2984 1676//2984 1278//2984
f 1278//2985 1676//2985 1674//2985
f 1280//2986 1677//2986 1279//2986
f 1279//2987 1677//2987 1675//2987
f 1677//2988 1280//2988 1678//2988
f 1678//2989 1280//2989 1282//2989
f 1678//2990 1282//2990 1679//2990
f 1679//2991 1282//2991 1283//2991
f 1679//2992 1283//2992 1680//2992
f 1680//2993 1283//2993 1285//2993
f 1286//2994 1681//2994 1285//2994
f 1285//2995 1681//2995 1680//2995
f 1681//2996 1286//2996 1288//2996
f 1681//2997 1288//2997 1682//2997
f 1289//2998 1683//2998 1682//2998
f 1289//2999 1682//2999 1288//2999
f 1290//3000 1684//3000 1289//3000
f 1289//3001 1684//3001 1683//3001
f 1292//3002 1685//3002 1684//3002
f 1292//3003 1684//3003 1290//3003
f 1293//3004 1686//3004 1292//3004
f 1292//3005 1686//3005 1685//3005
f 1686//3006 1293//3006 1687//3006
f 1687//3007 1293//3007 1304//3007
f 1305//3008 1688//3008 1304//3008
f 1304//3009 1688//3009 1687//3009
f 1688//3010 1305//3010 1689//3010
f 1689//3011 1305//3011 1294//3011
f 1690//3012 1691//3012 1296//3012
f 1296//3013 1691//3013 1294//3013
f 1294//3014 1691//3014 1689//3014
f 1262//3015 1690//3015 1296//3015
f 1692//3016 1693//3016 1694//3016
f 1694//3017 1693//3017 1695//3017
f 1262//3018 1696//3018 1690//3018
f 1262//3019 1261//3019 1697//3019
f 1697//3020 1698//3020 1262//3020
f 1262//3021 1698//3021 1696//3021
f 1258//3022 1270//3022 1257//3022
f 1254//3023 1269//3023 1253//3023
f 1255//3024 1269//3024 1254//3024
f 1269//3025 1255//3025 1256//3025
f 1269//3026 1256//3026 1270//3026
f 1270//3027 1256//3027 1257//3027
f 1242//3028 1273//3028 1241//3028
f 1273//3029 1242//3029 1253//3029
f 1273//3030 1253//3030 1269//3030
f 1260//3031 1699//3031 1259//3031
f 1259//3032 1699//3032 1270//3032
f 1259//3033 1270//3033 1258//3033
f 1315//3034 1700//3034 1251//3034
f 1249//3035 1317//3035 1315//3035
f 1249//3036 1315//3036 1250//3036
f 1243//3037 1252//3037 1700//3037
f 1700//3038 1252//3038 1251//3038
f 1315//3039 1251//3039 1250//3039
f 1273//3040 1272//3040 1241//3040
f 1241//3041 1272//3041 1245//3041
f 1700//3042 1244//3042 1243//3042
f 1248//3043 1316//3043 1317//3043
f 1248//3044 1317//3044 1249//3044
f 1275//3045 1247//3045 1246//3045
f 1245//3046 1275//3046 1246//3046
f 1245//3047 1272//3047 1275//3047
f 1275//3048 1316//3048 1247//3048
f 1247//3049 1316//3049 1248//3049
f 1699//3050 1260//3050 1244//3050
f 1699//3051 1244//3051 1700//3051
f 1701//3052 1700//3052 1314//3052
f 1314//3053 1700//3053 1315//3053
f 1297//3054 1701//3054 1314//3054
f 1297//3055 1702//3055 1701//3055
f 1297//3056 1703//3056 1702//3056
f 1276//3057 1703//3057 1297//3057
f 1276//3058 1704//3058 1703//3058
f 1276//3059 1673//3059 1705//3059
f 1276//3060 1705//3060 1704//3060
f 1706//3061 1341//3061 1342//3061
f 1357//3062 1334//3062 1333//3062
f 1334//3063 1359//3063 1335//3063
f 1357//3064 1359//3064 1334//3064
f 1349//3065 1321//3065 1320//3065
f 1400//3066 1337//3066 1336//3066
f 1335//3067 1359//3067 1336//3067
f 1336//3068 1359//3068 1400//3068
f 1326//3069 1325//3069 1347//3069
f 1347//3070 1325//3070 1324//3070
f 1347//3071 1324//3071 1323//3071
f 1323//3072 1322//3072 1349//3072
f 1349//3073 1322//3073 1321//3073
f 1349//3074 1320//3074 1319//3074
f 1349//3075 1319//3075 1350//3075
f 1319//3076 1318//3076 1350//3076
f 1350//3077 1318//3077 1338//3077
f 1350//3078 1338//3078 1337//3078
f 1350//3079 1337//3079 1400//3079
f 1331//3080 1402//3080 1332//3080
f 1330//3081 1401//3081 1331//3081
f 1331//3082 1401//3082 1402//3082
f 1402//3083 1357//3083 1332//3083
f 1332//3084 1357//3084 1333//3084
f 1328//3085 1327//3085 1346//3085
f 1346//3086 1327//3086 1347//3086
f 1347//3087 1327//3087 1326//3087
f 1329//3088 1401//3088 1330//3088
f 1328//3089 1346//3089 1329//3089
f 1329//3090 1346//3090 1401//3090
f 1356//3091 1355//3091 1707//3091
f 1707//3092 1355//3092 1361//3092
f 1707//3093 1361//3093 1708//3093
f 1708//3094 1361//3094 1362//3094
f 1708//3095 1362//3095 1709//3095
f 1376//3096 1710//3096 1362//3096
f 1362//3097 1710//3097 1709//3097
f 1363//3098 1711//3098 1712//3098
f 1363//3099 1712//3099 1376//3099
f 1376//3100 1712//3100 1710//3100
f 1711//3101 1363//3101 1365//3101
f 1366//3102 1713//3102 1714//3102
f 1366//3103 1714//3103 1365//3103
f 1365//3104 1714//3104 1711//3104
f 1713//3105 1366//3105 1368//3105
f 1713//3106 1368//3106 1715//3106
f 1370//3107 1716//3107 1368//3107
f 1368//3108 1716//3108 1715//3108
f 1372//3109 1717//3109 1370//3109
f 1370//3110 1717//3110 1716//3110
f 1372//3111 1718//3111 1717//3111
f 1373//3112 1719//3112 1372//3112
f 1372//3113 1719//3113 1718//3113
f 1383//3114 1720//3114 1381//3114
f 1381//3115 1720//3115 1373//3115
f 1373//3116 1720//3116 1719//3116
f 1721//3117 1383//3117 1385//3117
f 1721//3118 1722//3118 1383//3118
f 1383//3119 1722//3119 1720//3119
f 1387//3120 1723//3120 1385//3120
f 1385//3121 1723//3121 1721//3121
f 1387//3122 1724//3122 1723//3122
f 1389//3123 1725//3123 1387//3123
f 1387//3124 1725//3124 1724//3124
f 1341//3125 1706//3125 1374//3125
f 1706//3126 1726//3126 1374//3126
f 1374//3127 1726//3127 1389//3127
f 1389//3128 1726//3128 1725//3128
f 1727//3129 1672//3129 1459//3129
f 1727//3130 1459//3130 1728//3130
f 1728//3131 1459//3131 1729//3131
f 1730//3132 1729//3132 1459//3132
f 1730//3133 1459//3133 1451//3133
f 1730//3134 1451//3134 1435//3134
f 1730//3135 1435//3135 1731//3135
f 1434//3136 1732//3136 1435//3136
f 1435//3137 1732//3137 1731//3137
f 1418//3138 1417//3138 1476//3138
f 1476//3139 1417//3139 1448//3139
f 1421//3140 1733//3140 1422//3140
f 1422//3141 1733//3141 1732//3141
f 1422//3142 1732//3142 1403//3142
f 1476//3143 1419//3143 1418//3143
f 1733//3144 1421//3144 1420//3144
f 1733//3145 1420//3145 1476//3145
f 1476//3146 1420//3146 1419//3146
f 1405//3147 1404//3147 1732//3147
f 1732//3148 1404//3148 1403//3148
f 1405//3149 1732//3149 1434//3149
f 1405//3150 1434//3150 1406//3150
f 1410//3151 1428//3151 1411//3151
f 1411//3152 1428//3152 1412//3152
f 1412//3153 1428//3153 1413//3153
f 1406//3154 1434//3154 1407//3154
f 1407//3155 1434//3155 1437//3155
f 1407//3156 1437//3156 1408//3156
f 1408//3157 1437//3157 1409//3157
f 1409//3158 1437//3158 1432//3158
f 1409//3159 1432//3159 1410//3159
f 1410//3160 1432//3160 1431//3160
f 1410//3161 1431//3161 1428//3161
f 1448//3162 1417//3162 1416//3162
f 1448//3163 1416//3163 1415//3163
f 1448//3164 1415//3164 1424//3164
f 1424//3165 1415//3165 1414//3165
f 1424//3166 1414//3166 1413//3166
f 1424//3167 1413//3167 1426//3167
f 1426//3168 1413//3168 1428//3168
f 1474//3169 1734//3169 1478//3169
f 1474//3170 1656//3170 1735//3170
f 1474//3171 1735//3171 1734//3171
f 1736//3172 1737//3172 1738//3172
f 1739//3173 1740//3173 1738//3173
f 1739//3174 1741//3174 1740//3174
f 1741//3175 1742//3175 1743//3175
f 1744//3176 1745//3176 1746//3176
f 1747//3177 1748//3177 1749//3177
f 1749//3178 1748//3178 1750//3178
f 1751//3179 1752//3179 1753//3179
f 1752//3180 1483//3180 1482//3180
f 1482//3181 1481//3181 1754//3181
f 1754//3182 1481//3182 1480//3182
f 1754//3183 1480//3183 1755//3183
f 1745//3184 1744//3184 1486//3184
f 1750//3185 1485//3185 1484//3185
f 1749//3186 1750//3186 1484//3186
f 1752//3187 1482//3187 1753//3187
f 1753//3188 1482//3188 1754//3188
f 1750//3189 1745//3189 1485//3189
f 1485//3190 1745//3190 1487//3190
f 1487//3191 1745//3191 1486//3191
f 1745//3192 1750//3192 1748//3192
f 1745//3193 1748//3193 1746//3193
f 1748//3194 1747//3194 1751//3194
f 1754//3195 1755//3195 1753//3195
f 1753//3196 1755//3196 1756//3196
f 1753//3197 1756//3197 1751//3197
f 1751//3198 1747//3198 1752//3198
f 1752//3199 1747//3199 1749//3199
f 1752//3200 1749//3200 1483//3200
f 1483//3201 1749//3201 1484//3201
f 1757//3202 1758//3202 1759//3202
f 1759//3203 1758//3203 1760//3203
f 1757//3204 1488//3204 1758//3204
f 1488//3205 1757//3205 1489//3205
f 1759//3206 1756//3206 1757//3206
f 1757//3207 1756//3207 1755//3207
f 1489//3208 1761//3208 1480//3208
f 1480//3209 1761//3209 1755//3209
f 1757//3210 1761//3210 1489//3210
f 1757//3211 1755//3211 1761//3211
f 1762//3212 1763//3212 1764//3212
f 1765//3213 1758//3213 1766//3213
f 1765//3214 1766//3214 1499//3214
f 1767//3215 1765//3215 1499//3215
f 1758//3216 1765//3216 1760//3216
f 1767//3217 1768//3217 1769//3217
f 1767//3218 1769//3218 1765//3218
f 1765//3219 1769//3219 1760//3219
f 1768//3220 1770//3220 1769//3220
f 1764//3221 1771//3221 1772//3221
f 1772//3222 1771//3222 1494//3222
f 1771//3223 1764//3223 1773//3223
f 1773//3224 1764//3224 1763//3224
f 1768//3225 1774//3225 1770//3225
f 1770//3226 1774//3226 1771//3226
f 1770//3227 1771//3227 1773//3227
f 1763//3228 1775//3228 1773//3228
f 1768//3229 1776//3229 1774//3229
f 1491//3230 1490//3230 1762//3230
f 1771//3231 1774//3231 1494//3231
f 1777//3232 1498//3232 1497//3232
f 1778//3233 1496//3233 1495//3233
f 1779//3234 1499//3234 1498//3234
f 1779//3235 1498//3235 1777//3235
f 1766//3236 1500//3236 1499//3236
f 1772//3237 1494//3237 1493//3237
f 1495//3238 1494//3238 1774//3238
f 1495//3239 1774//3239 1778//3239
f 1497//3240 1776//3240 1768//3240
f 1497//3241 1768//3241 1777//3241
f 1777//3242 1768//3242 1767//3242
f 1777//3243 1767//3243 1779//3243
f 1500//3244 1766//3244 1758//3244
f 1500//3245 1758//3245 1488//3245
f 1776//3246 1497//3246 1496//3246
f 1776//3247 1496//3247 1778//3247
f 1762//3248 1490//3248 1763//3248
f 1763//3249 1490//3249 1775//3249
f 1492//3250 1491//3250 1762//3250
f 1492//3251 1762//3251 1493//3251
f 1493//3252 1762//3252 1764//3252
f 1493//3253 1764//3253 1772//3253
f 1778//3254 1774//3254 1776//3254
f 1779//3255 1767//3255 1499//3255
f 1780//3256 1781//3256 1782//3256
f 1782//3257 1501//3257 1780//3257
f 1501//3258 1782//3258 1783//3258
f 1502//3259 1501//3259 1783//3259
f 1783//3260 1782//3260 1502//3260
f 1784//3261 1775//3261 1490//3261
f 1784//3262 1490//3262 1503//3262
f 1781//3263 1784//3263 1782//3263
f 1782//3264 1784//3264 1503//3264
f 1782//3265 1503//3265 1502//3265
f 1785//3266 1780//3266 1786//3266
f 1787//3267 1788//3267 1785//3267
f 1785//3268 1788//3268 1789//3268
f 1790//3269 1785//3269 1789//3269
f 1790//3270 1789//3270 1791//3270
f 1505//3271 1792//3271 1506//3271
f 1793//3272 1506//3272 1787//3272
f 1788//3273 1794//3273 1789//3273
f 1789//3274 1794//3274 1791//3274
f 1791//3275 1794//3275 1505//3275
f 1791//3276 1505//3276 1504//3276
f 1506//3277 1792//3277 1788//3277
f 1506//3278 1788//3278 1787//3278
f 1501//3279 1507//3279 1795//3279
f 1507//3280 1506//3280 1793//3280
f 1786//3281 1501//3281 1795//3281
f 1501//3282 1786//3282 1780//3282
f 1785//3283 1781//3283 1780//3283
f 1792//3284 1505//3284 1788//3284
f 1788//3285 1505//3285 1794//3285
f 1785//3286 1786//3286 1787//3286
f 1787//3287 1786//3287 1793//3287
f 1793//3288 1786//3288 1795//3288
f 1793//3289 1795//3289 1507//3289
f 1796//3290 1797//3290 1798//3290
f 1798//3291 1799//3291 1800//3291
f 1798//3292 1800//3292 1509//3292
f 1509//3293 1800//3293 1510//3293
f 1801//3294 1790//3294 1802//3294
f 1802//3295 1790//3295 1791//3295
f 1803//3296 1511//3296 1804//3296
f 1803//3297 1804//3297 1805//3297
f 1510//3298 1800//3298 1797//3298
f 1797//3299 1800//3299 1799//3299
f 1799//3300 1798//3300 1797//3300
f 1797//3301 1804//3301 1510//3301
f 1510//3302 1804//3302 1511//3302
f 1504//3303 1512//3303 1806//3303
f 1504//3304 1806//3304 1791//3304
f 1791//3305 1806//3305 1807//3305
f 1803//3306 1508//3306 1511//3306
f 1512//3307 1508//3307 1808//3307
f 1512//3308 1807//3308 1806//3308
f 1512//3309 1808//3309 1802//3309
f 1512//3310 1802//3310 1807//3310
f 1809//3311 1801//3311 1802//3311
f 1809//3312 1802//3312 1805//3312
f 1805//3313 1802//3313 1808//3313
f 1802//3314 1791//3314 1807//3314
f 1508//3315 1803//3315 1808//3315
f 1808//3316 1803//3316 1805//3316
f 1805//3317 1804//3317 1809//3317
f 1809//3318 1804//3318 1797//3318
f 1809//3319 1797//3319 1796//3319
f 1810//3320 1796//3320 1811//3320
f 1796//3321 1798//3321 1811//3321
f 1811//3322 1798//3322 1509//3322
f 1811//3323 1509//3323 1513//3323
f 1810//3324 1812//3324 1813//3324
f 1811//3325 1812//3325 1810//3325
f 1811//3326 1514//3326 1812//3326
f 1513//3327 1514//3327 1811//3327
f 1814//3328 1815//3328 1516//3328
f 1814//3329 1516//3329 1515//3329
f 1812//3330 1816//3330 1813//3330
f 1817//3331 1813//3331 1818//3331
f 1818//3332 1813//3332 1816//3332
f 1816//3333 1517//3333 1818//3333
f 1818//3334 1815//3334 1817//3334
f 1815//3335 1818//3335 1516//3335
f 1516//3336 1818//3336 1517//3336
f 1812//3337 1514//3337 1518//3337
f 1816//3338 1518//3338 1517//3338
f 1816//3339 1812//3339 1518//3339
f 1815//3340 1814//3340 1819//3340
f 1820//3341 1815//3341 1819//3341
f 1820//3342 1817//3342 1815//3342
f 1819//3343 1821//3343 1820//3343
f 1822//3344 1823//3344 1821//3344
f 1821//3345 1823//3345 1824//3345
f 1825//3346 1820//3346 1824//3346
f 1824//3347 1820//3347 1821//3347
f 1521//3348 1520//3348 1822//3348
f 1819//3349 1521//3349 1821//3349
f 1821//3350 1521//3350 1822//3350
f 1519//3351 1822//3351 1520//3351
f 1819//3352 1814//3352 1515//3352
f 1819//3353 1515//3353 1521//3353
f 1823//3354 1822//3354 1519//3354
f 1523//3355 1823//3355 1519//3355
f 1823//3356 1523//3356 1522//3356
f 1522//3357 1524//3357 1823//3357
f 1823//3358 1524//3358 1826//3358
f 1823//3359 1826//3359 1824//3359
f 1824//3360 1826//3360 1827//3360
f 1824//3361 1827//3361 1825//3361
f 1526//3362 1828//3362 1829//3362
f 1525//3363 1830//3363 1831//3363
f 1827//3364 1826//3364 1832//3364
f 1832//3365 1833//3365 1834//3365
f 1834//3366 1833//3366 1835//3366
f 1827//3367 1834//3367 1835//3367
f 1827//3368 1832//3368 1834//3368
f 1833//3369 1836//3369 1837//3369
f 1837//3370 1838//3370 1839//3370
f 1840//3371 1841//3371 1842//3371
f 1841//3372 1843//3372 1842//3372
f 1838//3373 1843//3373 1839//3373
f 1839//3374 1843//3374 1841//3374
f 1828//3375 1844//3375 1840//3375
f 1840//3376 1844//3376 1845//3376
f 1842//3377 1828//3377 1840//3377
f 1846//3378 1529//3378 1528//3378
f 1847//3379 1829//3379 1528//3379
f 1526//3380 1525//3380 1831//3380
f 1831//3381 1828//3381 1526//3381
f 1528//3382 1829//3382 1843//3382
f 1528//3383 1843//3383 1838//3383
f 1848//3384 1838//3384 1837//3384
f 1832//3385 1524//3385 1533//3385
f 1832//3386 1533//3386 1849//3386
f 1849//3387 1533//3387 1532//3387
f 1836//3388 1532//3388 1531//3388
f 1836//3389 1531//3389 1850//3389
f 1850//3390 1531//3390 1530//3390
f 1826//3391 1524//3391 1832//3391
f 1833//3392 1849//3392 1532//3392
f 1833//3393 1532//3393 1836//3393
f 1848//3394 1850//3394 1530//3394
f 1848//3395 1530//3395 1529//3395
f 1848//3396 1529//3396 1846//3396
f 1847//3397 1528//3397 1527//3397
f 1845//3398 1841//3398 1840//3398
f 1839//3399 1835//3399 1837//3399
f 1837//3400 1835//3400 1833//3400
f 1828//3401 1842//3401 1829//3401
f 1831//3402 1830//3402 1844//3402
f 1831//3403 1844//3403 1828//3403
f 1829//3404 1842//3404 1843//3404
f 1527//3405 1526//3405 1829//3405
f 1527//3406 1829//3406 1847//3406
f 1846//3407 1528//3407 1838//3407
f 1846//3408 1838//3408 1848//3408
f 1850//3409 1848//3409 1837//3409
f 1850//3410 1837//3410 1836//3410
f 1849//3411 1833//3411 1832//3411
f 1851//3412 1845//3412 1844//3412
f 1525//3413 1534//3413 1852//3413
f 1525//3414 1852//3414 1830//3414
f 1853//3415 1845//3415 1851//3415
f 1851//3416 1844//3416 1852//3416
f 1852//3417 1844//3417 1830//3417
f 1854//3418 1853//3418 1851//3418
f 1534//3419 1535//3419 1852//3419
f 1852//3420 1535//3420 1854//3420
f 1852//3421 1854//3421 1851//3421
f 1855//3422 1856//3422 1857//3422
f 1858//3423 1859//3423 1857//3423
f 1536//3424 1537//3424 1855//3424
f 1853//3425 1854//3425 1860//3425
f 1861//3426 1853//3426 1860//3426
f 1860//3427 1862//3427 1861//3427
f 1861//3428 1863//3428 1864//3428
f 1865//3429 1864//3429 1866//3429
f 1859//3430 1865//3430 1867//3430
f 1868//3431 1869//3431 1863//3431
f 1863//3432 1869//3432 1870//3432
f 1863//3433 1870//3433 1864//3433
f 1864//3434 1865//3434 1859//3434
f 1871//3435 1868//3435 1862//3435
f 1862//3436 1868//3436 1863//3436
f 1862//3437 1863//3437 1861//3437
f 1872//3438 1539//3438 1538//3438
f 1873//3439 1536//3439 1855//3439
f 1539//3440 1872//3440 1867//3440
f 1539//3441 1867//3441 1874//3441
f 1873//3442 1855//3442 1857//3442
f 1873//3443 1857//3443 1875//3443
f 1872//3444 1875//3444 1867//3444
f 1867//3445 1875//3445 1857//3445
f 1867//3446 1857//3446 1859//3446
f 1857//3447 1856//3447 1858//3447
f 1874//3448 1867//3448 1865//3448
f 1874//3449 1865//3449 1866//3449
f 1876//3450 1862//3450 1860//3450
f 1877//3451 1544//3451 1543//3451
f 1878//3452 1542//3452 1541//3452
f 1876//3453 1545//3453 1546//3453
f 1869//3454 1877//3454 1543//3454
f 1869//3455 1543//3455 1542//3455
f 1854//3456 1535//3456 1545//3456
f 1854//3457 1545//3457 1876//3457
f 1538//3458 1875//3458 1872//3458
f 1868//3459 1871//3459 1877//3459
f 1868//3460 1877//3460 1869//3460
f 1870//3461 1869//3461 1542//3461
f 1870//3462 1542//3462 1878//3462
f 1866//3463 1878//3463 1541//3463
f 1866//3464 1541//3464 1874//3464
f 1871//3465 1546//3465 1544//3465
f 1871//3466 1544//3466 1877//3466
f 1874//3467 1541//3467 1540//3467
f 1874//3468 1540//3468 1539//3468
f 1860//3469 1854//3469 1876//3469
f 1862//3470 1876//3470 1546//3470
f 1862//3471 1546//3471 1871//3471
f 1864//3472 1870//3472 1878//3472
f 1864//3473 1878//3473 1866//3473
f 1873//3474 1875//3474 1538//3474
f 1873//3475 1538//3475 1536//3475
f 1879//3476 1856//3476 1880//3476
f 1879//3477 1858//3477 1856//3477
f 1880//3478 1881//3478 1879//3478
f 1879//3479 1881//3479 1882//3479
f 1882//3480 1858//3480 1879//3480
f 1548//3481 1881//3481 1549//3481
f 1548//3482 1547//3482 1883//3482
f 1880//3483 1855//3483 1537//3483
f 1537//3484 1550//3484 1880//3484
f 1880//3485 1856//3485 1855//3485
f 1549//3486 1881//3486 1550//3486
f 1881//3487 1880//3487 1550//3487
f 1881//3488 1884//3488 1882//3488
f 1881//3489 1548//3489 1884//3489
f 1883//3490 1885//3490 1548//3490
f 1884//3491 1885//3491 1886//3491
f 1886//3492 1882//3492 1884//3492
f 1884//3493 1548//3493 1885//3493
f 1887//3494 1886//3494 1888//3494
f 1888//3495 1886//3495 1885//3495
f 1547//3496 987//3496 1551//3496
f 1883//3497 1551//3497 1888//3497
f 1547//3498 1551//3498 1883//3498
f 1888//3499 1885//3499 1883//3499
f 1889//3500 1890//3500 1891//3500
f 1888//3501 1892//3501 1887//3501
f 1893//3502 1894//3502 1895//3502
f 1892//3503 1896//3503 1887//3503
f 1897//3504 1898//3504 1899//3504
f 1893//3505 1900//3505 1901//3505
f 1902//3506 1898//3506 1889//3506
f 1902//3507 1889//3507 1891//3507
f 1897//3508 1889//3508 1898//3508
f 1899//3509 1898//3509 1900//3509
f 1899//3510 1903//3510 1904//3510
f 1897//3511 1554//3511 1890//3511
f 1897//3512 1890//3512 1889//3512
f 1895//3513 1903//3513 1899//3513
f 1897//3514 1899//3514 1905//3514
f 1897//3515 1905//3515 1555//3515
f 1897//3516 1555//3516 1554//3516
f 1891//3517 1890//3517 1552//3517
f 1906//3518 1561//3518 1560//3518
f 1907//3519 1560//3519 1559//3519
f 1908//3520 1558//3520 1557//3520
f 1892//3521 1888//3521 1561//3521
f 1892//3522 1561//3522 1906//3522
f 1896//3523 1906//3523 1560//3523
f 1896//3524 1560//3524 1907//3524
f 1893//3525 1907//3525 1559//3525
f 1893//3526 1559//3526 1894//3526
f 1894//3527 1559//3527 1558//3527
f 1894//3528 1558//3528 1895//3528
f 1556//3529 1555//3529 1905//3529
f 1556//3530 1905//3530 1904//3530
f 1906//3531 1896//3531 1892//3531
f 1888//3532 1551//3532 1561//3532
f 1895//3533 1558//3533 1908//3533
f 1895//3534 1908//3534 1903//3534
f 1903//3535 1908//3535 1557//3535
f 1903//3536 1557//3536 1904//3536
f 1904//3537 1557//3537 1556//3537
f 1895//3538 1899//3538 1900//3538
f 1895//3539 1900//3539 1893//3539
f 1896//3540 1893//3540 1901//3540
f 1896//3541 1901//3541 1887//3541
f 1553//3542 1552//3542 1890//3542
f 1553//3543 1890//3543 1554//3543
f 1904//3544 1905//3544 1899//3544
f 1907//3545 1893//3545 1896//3545
f 1909//3546 1910//3546 1911//3546
f 1911//3547 1910//3547 1912//3547
f 1913//3548 1909//3548 1911//3548
f 1913//3549 1911//3549 1914//3549
f 1563//3550 1915//3550 1564//3550
f 1564//3551 1915//3551 1916//3551
f 1564//3552 1916//3552 1917//3552
f 1916//3553 1912//3553 1917//3553
f 1563//3554 1562//3554 1918//3554
f 1914//3555 1919//3555 1918//3555
f 1914//3556 1918//3556 1562//3556
f 1911//3557 1912//3557 1916//3557
f 1911//3558 1916//3558 1915//3558
f 1552//3559 1565//3559 1920//3559
f 1920//3560 1565//3560 1921//3560
f 1921//3561 1565//3561 1917//3561
f 1917//3562 1565//3562 1564//3562
f 1563//3563 1918//3563 1915//3563
f 1902//3564 1891//3564 1922//3564
f 1922//3565 1891//3565 1923//3565
f 1923//3566 1891//3566 1920//3566
f 1915//3567 1918//3567 1911//3567
f 1911//3568 1918//3568 1919//3568
f 1919//3569 1914//3569 1911//3569
f 1910//3570 1922//3570 1912//3570
f 1912//3571 1922//3571 1923//3571
f 1912//3572 1923//3572 1917//3572
f 1917//3573 1923//3573 1921//3573
f 1921//3574 1923//3574 1920//3574
f 1920//3575 1891//3575 1552//3575
f 1924//3576 1567//3576 1566//3576
f 1913//3577 1914//3577 1925//3577
f 1925//3578 1914//3578 1926//3578
f 1927//3579 1913//3579 1925//3579
f 1928//3580 1927//3580 1929//3580
f 1929//3581 1927//3581 1925//3581
f 1928//3582 1930//3582 1927//3582
f 1924//3583 1931//3583 1932//3583
f 1931//3584 1933//3584 1934//3584
f 1931//3585 1924//3585 1933//3585
f 1931//3586 1928//3586 1935//3586
f 1935//3587 1928//3587 1936//3587
f 1935//3588 1936//3588 1569//3588
f 1569//3589 1936//3589 1570//3589
f 1568//3590 1567//3590 1932//3590
f 1932//3591 1567//3591 1924//3591
f 1569//3592 1568//3592 1932//3592
f 1569//3593 1932//3593 1935//3593
f 1935//3594 1932//3594 1931//3594
f 1562//3595 1572//3595 1937//3595
f 1938//3596 1937//3596 1572//3596
f 1926//3597 1914//3597 1937//3597
f 1937//3598 1914//3598 1562//3598
f 1929//3599 1925//3599 1939//3599
f 1939//3600 1925//3600 1938//3600
f 1939//3601 1938//3601 1571//3601
f 1571//3602 1938//3602 1572//3602
f 1925//3603 1926//3603 1937//3603
f 1925//3604 1937//3604 1938//3604
f 1924//3605 1566//3605 1933//3605
f 1571//3606 1570//3606 1939//3606
f 1939//3607 1570//3607 1936//3607
f 1939//3608 1936//3608 1929//3608
f 1929//3609 1936//3609 1928//3609
f 1934//3610 1933//3610 1940//3610
f 1941//3611 1942//3611 1940//3611
f 1573//3612 1942//3612 1941//3612
f 1941//3613 1574//3613 1573//3613
f 1566//3614 1574//3614 1941//3614
f 1940//3615 1933//3615 1941//3615
f 1941//3616 1933//3616 1566//3616
f 1943//3617 1942//3617 1575//3617
f 1575//3618 1942//3618 1573//3618
f 1055//3619 1575//3619 1573//3619
f 1744//3620 1746//3620 1944//3620
f 1576//3621 1744//3621 1944//3621
f 1486//3622 1744//3622 1576//3622
f 1945//3623 1944//3623 1746//3623
f 1577//3624 1576//3624 1946//3624
f 1944//3625 1945//3625 1946//3625
f 1944//3626 1946//3626 1576//3626
f 1577//3627 1947//3627 1575//3627
f 1946//3628 1943//3628 1575//3628
f 1947//3629 1946//3629 1575//3629
f 1946//3630 1947//3630 1577//3630
f 1945//3631 1943//3631 1946//3631
f 1948//3632 1949//3632 1950//3632
f 1579//3633 1580//3633 1578//3633
f 1580//3634 1951//3634 1578//3634
f 1949//3635 1951//3635 1580//3635
f 1948//3636 1951//3636 1949//3636
f 1949//3637 1580//3637 1952//3637
f 1949//3638 1953//3638 1950//3638
f 1954//3639 1955//3639 1956//3639
f 1956//3640 1957//3640 1958//3640
f 1956//3641 1958//3641 1954//3641
f 1585//3642 1584//3642 1959//3642
f 1959//3643 1584//3643 1960//3643
f 1960//3644 1584//3644 1583//3644
f 1960//3645 1583//3645 1961//3645
f 1961//3646 1583//3646 1962//3646
f 1962//3647 1583//3647 1582//3647
f 1963//3648 1582//3648 1964//3648
f 1963//3649 1964//3649 1581//3649
f 1581//3650 1964//3650 1582//3650
f 1961//3651 1962//3651 1965//3651
f 1582//3652 1963//3652 1954//3652
f 1580//3653 1588//3653 1952//3653
f 1952//3654 1588//3654 1966//3654
f 1966//3655 1588//3655 1587//3655
f 1586//3656 1585//3656 1967//3656
f 1968//3657 1966//3657 1587//3657
f 1968//3658 1587//3658 1586//3658
f 1967//3659 1585//3659 1969//3659
f 1969//3660 1585//3660 1970//3660
f 1960//3661 1961//3661 1958//3661
f 1958//3662 1961//3662 1965//3662
f 1958//3663 1965//3663 1954//3663
f 1585//3664 1959//3664 1970//3664
f 1970//3665 1959//3665 1960//3665
f 1953//3666 1949//3666 1952//3666
f 1971//3667 1972//3667 1973//3667
f 1973//3668 1972//3668 1974//3668
f 1970//3669 1971//3669 1975//3669
f 1970//3670 1975//3670 1969//3670
f 1972//3671 1950//3671 1953//3671
f 1972//3672 1953//3672 1974//3672
f 1974//3673 1953//3673 1952//3673
f 1958//3674 1970//3674 1960//3674
f 1969//3675 1975//3675 1967//3675
f 1967//3676 1975//3676 1586//3676
f 1963//3677 1581//3677 1955//3677
f 1962//3678 1582//3678 1965//3678
f 1965//3679 1582//3679 1954//3679
f 1954//3680 1963//3680 1955//3680
f 1970//3681 1958//3681 1971//3681
f 1971//3682 1973//3682 1975//3682
f 1975//3683 1973//3683 1586//3683
f 1586//3684 1973//3684 1968//3684
f 1968//3685 1973//3685 1974//3685
f 1968//3686 1974//3686 1966//3686
f 1966//3687 1974//3687 1952//3687
f 1955//3688 1581//3688 1976//3688
f 1977//3689 1978//3689 1979//3689
f 1979//3690 1980//3690 1589//3690
f 1589//3691 1980//3691 1590//3691
f 1981//3692 1956//3692 1955//3692
f 1982//3693 1980//3693 1978//3693
f 1978//3694 1980//3694 1979//3694
f 1983//3695 1978//3695 1984//3695
f 1984//3696 1978//3696 1977//3696
f 1581//3697 1592//3697 1976//3697
f 1592//3698 1591//3698 1985//3698
f 1985//3699 1591//3699 1982//3699
f 1592//3700 1985//3700 1986//3700
f 1592//3701 1986//3701 1976//3701
f 1590//3702 1982//3702 1591//3702
f 1985//3703 1982//3703 1983//3703
f 1983//3704 1982//3704 1978//3704
f 1981//3705 1955//3705 1986//3705
f 1986//3706 1955//3706 1976//3706
f 1590//3707 1980//3707 1982//3707
f 1984//3708 1981//3708 1983//3708
f 1983//3709 1981//3709 1986//3709
f 1983//3710 1986//3710 1985//3710
f 1987//3711 1988//3711 1989//3711
f 1990//3712 1988//3712 1991//3712
f 1991//3713 1988//3713 1987//3713
f 1595//3714 1594//3714 1992//3714
f 1993//3715 1979//3715 1589//3715
f 1595//3716 1993//3716 1589//3716
f 1989//3717 1992//3717 1987//3717
f 1977//3718 1979//3718 1988//3718
f 1988//3719 1979//3719 1989//3719
f 1989//3720 1979//3720 1993//3720
f 1993//3721 1595//3721 1989//3721
f 1989//3722 1595//3722 1992//3722
f 1991//3723 1987//3723 1593//3723
f 1593//3724 1987//3724 1992//3724
f 1593//3725 1992//3725 1594//3725
f 1994//3726 1597//3726 1596//3726
f 1995//3727 1991//3727 1996//3727
f 1997//3728 1990//3728 1991//3728
f 1997//3729 1991//3729 1995//3729
f 1995//3730 1998//3730 1997//3730
f 1997//3731 1998//3731 1999//3731
f 2000//3732 2001//3732 2002//3732
f 2002//3733 2003//3733 2000//3733
f 2000//3734 2003//3734 2004//3734
f 2005//3735 1599//3735 1598//3735
f 2006//3736 1598//3736 1597//3736
f 2003//3737 2007//3737 2004//3737
f 1593//3738 1602//3738 2008//3738
f 2009//3739 1600//3739 1599//3739
f 2010//3740 1601//3740 1600//3740
f 2005//3741 1598//3741 2004//3741
f 2004//3742 1598//3742 2006//3742
f 1593//3743 1996//3743 1991//3743
f 2007//3744 1999//3744 2011//3744
f 2007//3745 2011//3745 2009//3745
f 1995//3746 1996//3746 2008//3746
f 2008//3747 1996//3747 1593//3747
f 2008//3748 1602//3748 1995//3748
f 1995//3749 1602//3749 1601//3749
f 2010//3750 1600//3750 2011//3750
f 2011//3751 1600//3751 2009//3751
f 2009//3752 1599//3752 2007//3752
f 2007//3753 1599//3753 2005//3753
f 2007//3754 2005//3754 2004//3754
f 2000//3755 2004//3755 2006//3755
f 2000//3756 2006//3756 1994//3756
f 1994//3757 2006//3757 1597//3757
f 1994//3758 1596//3758 2000//3758
f 2000//3759 1596//3759 2001//3759
f 2007//3760 2003//3760 1999//3760
f 1999//3761 1998//3761 2011//3761
f 2011//3762 1998//3762 2010//3762
f 2010//3763 1998//3763 1601//3763
f 1601//3764 1998//3764 1995//3764
f 2012//3765 2013//3765 2002//3765
f 2014//3766 2012//3766 2001//3766
f 2001//3767 2012//3767 2002//3767
f 2014//3768 2001//3768 1604//3768
f 1604//3769 2001//3769 1596//3769
f 1604//3770 1603//3770 2012//3770
f 1604//3771 2012//3771 2014//3771
f 2012//3772 2015//3772 2013//3772
f 2012//3773 2016//3773 2015//3773
f 1603//3774 2016//3774 2012//3774
f 1603//3775 1605//3775 2016//3775
f 1603//3776 1139//3776 1605//3776
f 2017//3777 1609//3777 2018//3777
f 2019//3778 2020//3778 2021//3778
f 2022//3779 2020//3779 2018//3779
f 2018//3780 2020//3780 2019//3780
f 2020//3781 2022//3781 1607//3781
f 1607//3782 2022//3782 1606//3782
f 2023//3783 2024//3783 2017//3783
f 2019//3784 2023//3784 2017//3784
f 2019//3785 2017//3785 2018//3785
f 2025//3786 2024//3786 2026//3786
f 2025//3787 2026//3787 1611//3787
f 1610//3788 1609//3788 2017//3788
f 2017//3789 2025//3789 1610//3789
f 2018//3790 1609//3790 1608//3790
f 1608//3791 1606//3791 2022//3791
f 1608//3792 2022//3792 2018//3792
f 2027//3793 2028//3793 2024//3793
f 2024//3794 2028//3794 2029//3794
f 2024//3795 2025//3795 2017//3795
f 2030//3796 2028//3796 2027//3796
f 2030//3797 2027//3797 2015//3797
f 1605//3798 1617//3798 2031//3798
f 1614//3799 2031//3799 1617//3799
f 1616//3800 1613//3800 2029//3800
f 1613//3801 1612//3801 2029//3801
f 2029//3802 1612//3802 2026//3802
f 1605//3803 2031//3803 2016//3803
f 1614//3804 1615//3804 2030//3804
f 2030//3805 1615//3805 2032//3805
f 1615//3806 1616//3806 2032//3806
f 2030//3807 2031//3807 1614//3807
f 1612//3808 1611//3808 2026//3808
f 1616//3809 2029//3809 2032//3809
f 2032//3810 2029//3810 2028//3810
f 2016//3811 2031//3811 2015//3811
f 2015//3812 2031//3812 2030//3812
f 2030//3813 2032//3813 2028//3813
f 2024//3814 2029//3814 2026//3814
f 2025//3815 1611//3815 1610//3815
f 2033//3816 2034//3816 2035//3816
f 2035//3817 2034//3817 2036//3817
f 2035//3818 2036//3818 1618//3818
f 2034//3819 2020//3819 2037//3819
f 2034//3820 2021//3820 2020//3820
f 2036//3821 1619//3821 1618//3821
f 2020//3822 1607//3822 2037//3822
f 2037//3823 1607//3823 1619//3823
f 1619//3824 2036//3824 2037//3824
f 2037//3825 2036//3825 2034//3825
f 2038//3826 2039//3826 2040//3826
f 1620//3827 2039//3827 2038//3827
f 2039//3828 1620//3828 1621//3828
f 2041//3829 2033//3829 2042//3829
f 2042//3830 2043//3830 2041//3830
f 1625//3831 2044//3831 2045//3831
f 2046//3832 2041//3832 2047//3832
f 2047//3833 2041//3833 2043//3833
f 2047//3834 2043//3834 2048//3834
f 2048//3835 1625//3835 2045//3835
f 2048//3836 2045//3836 2047//3836
f 2047//3837 2045//3837 2046//3837
f 2045//3838 1623//3838 2049//3838
f 2040//3839 2050//3839 2038//3839
f 2050//3840 2049//3840 2051//3840
f 2051//3841 2049//3841 1623//3841
f 2050//3842 2046//3842 2049//3842
f 2049//3843 2046//3843 2045//3843
f 2038//3844 2050//3844 2051//3844
f 2038//3845 2051//3845 1620//3845
f 1620//3846 2051//3846 1622//3846
f 2035//3847 1618//3847 1628//3847
f 2052//3848 1627//3848 1626//3848
f 2044//3849 1625//3849 1624//3849
f 2053//3850 2035//3850 1628//3850
f 2053//3851 1628//3851 1627//3851
f 2053//3852 1627//3852 2052//3852
f 1626//3853 1625//3853 2048//3853
f 1626//3854 2048//3854 2052//3854
f 1624//3855 1623//3855 2045//3855
f 1624//3856 2045//3856 2044//3856
f 2052//3857 2048//3857 2043//3857
f 2033//3858 2035//3858 2053//3858
f 2043//3859 2053//3859 2052//3859
f 2042//3860 2033//3860 2053//3860
f 2042//3861 2053//3861 2043//3861
f 2051//3862 1623//3862 1622//3862
f 2054//3863 2040//3863 2055//3863
f 2055//3864 2040//3864 2039//3864
f 2055//3865 2039//3865 2056//3865
f 2056//3866 2039//3866 1629//3866
f 1629//3867 2039//3867 1621//3867
f 2054//3868 2055//3868 2057//3868
f 2054//3869 2057//3869 2058//3869
f 2058//3870 2059//3870 2060//3870
f 2061//3871 2058//3871 2060//3871
f 2061//3872 2062//3872 2058//3872
f 1633//3873 1632//3873 2060//3873
f 2061//3874 2060//3874 2063//3874
f 2063//3875 2060//3875 1631//3875
f 1631//3876 2060//3876 1632//3876
f 1631//3877 1630//3877 2063//3877
f 2063//3878 1630//3878 2064//3878
f 2056//3879 1629//3879 2057//3879
f 2057//3880 1629//3880 1635//3880
f 1634//3881 2059//3881 1635//3881
f 1635//3882 2059//3882 2057//3882
f 1634//3883 1633//3883 2059//3883
f 2056//3884 2057//3884 2055//3884
f 2059//3885 2058//3885 2057//3885
f 2064//3886 2062//3886 2061//3886
f 2063//3887 2064//3887 2061//3887
f 2060//3888 2059//3888 1633//3888
f 2065//3889 2062//3889 2064//3889
f 2065//3890 2064//3890 2066//3890
f 2066//3891 2064//3891 2067//3891
f 2064//3892 1630//3892 2067//3892
f 1630//3893 1636//3893 2067//3893
f 2068//3894 2069//3894 2070//3894
f 2071//3895 2072//3895 2066//3895
f 2066//3896 2072//3896 2065//3896
f 2065//3897 2072//3897 2073//3897
f 2074//3898 2075//3898 2073//3898
f 2076//3899 2077//3899 2069//3899
f 2068//3900 2076//3900 2069//3900
f 2070//3901 2069//3901 2078//3901
f 2076//3902 2079//3902 2077//3902
f 1639//3903 1638//3903 2080//3903
f 1637//3904 2081//3904 2076//3904
f 1638//3905 1637//3905 2076//3905
f 1638//3906 2076//3906 2068//3906
f 2080//3907 1638//3907 2068//3907
f 2080//3908 2068//3908 2082//3908
f 2082//3909 2068//3909 2070//3909
f 2083//3910 2070//3910 2078//3910
f 2083//3911 2078//3911 2075//3911
f 1643//3912 1642//3912 2084//3912
f 1641//3913 1640//3913 2085//3913
f 1644//3914 1643//3914 2086//3914
f 1644//3915 2086//3915 1645//3915
f 2074//3916 2071//3916 2086//3916
f 2071//3917 2066//3917 2067//3917
f 1640//3918 1639//3918 2087//3918
f 2067//3919 1636//3919 1645//3919
f 2067//3920 1645//3920 2071//3920
f 2071//3921 1645//3921 2086//3921
f 2074//3922 2086//3922 2075//3922
f 1641//3923 2085//3923 2083//3923
f 1641//3924 2083//3924 1642//3924
f 1642//3925 2083//3925 2084//3925
f 2084//3926 2083//3926 2075//3926
f 2084//3927 2075//3927 1643//3927
f 1640//3928 2087//3928 2085//3928
f 2081//3929 2079//3929 2076//3929
f 2075//3930 2078//3930 2073//3930
f 2073//3931 2072//3931 2074//3931
f 2074//3932 2072//3932 2071//3932
f 1639//3933 2080//3933 2082//3933
f 1639//3934 2082//3934 2087//3934
f 2087//3935 2082//3935 2070//3935
f 2087//3936 2070//3936 2085//3936
f 2085//3937 2070//3937 2083//3937
f 1643//3938 2075//3938 2086//3938
f 2088//3939 2077//3939 2079//3939
f 2079//3940 1646//3940 2088//3940
f 1646//3941 2079//3941 2081//3941
f 1646//3942 2081//3942 1637//3942
f 2089//3943 2088//3943 2090//3943
f 1646//3944 2090//3944 2088//3944
f 1646//3945 1222//3945 2090//3945
f 1221//3946 2091//3946 1222//3946
f 1222//3947 2091//3947 2090//3947
f 2090//3948 2091//3948 2092//3948
f 2092//3949 2089//3949 2090//3949
f 2089//3950 2092//3950 2093//3950
f 2092//3951 2091//3951 2094//3951
f 1948//3952 2095//3952 2096//3952
f 2096//3953 1951//3953 1948//3953
f 1951//3954 2097//3954 1578//3954
f 2098//3955 2099//3955 2100//3955
f 2100//3956 2099//3956 2092//3956
f 2098//3957 2101//3957 2102//3957
f 2098//3958 2102//3958 2099//3958
f 2103//3959 2096//3959 2095//3959
f 2103//3960 2095//3960 2104//3960
f 2105//3961 2104//3961 2095//3961
f 2095//3962 2102//3962 2105//3962
f 2105//3963 2102//3963 2101//3963
f 1651//3964 1650//3964 2106//3964
f 2092//3965 2094//3965 2100//3965
f 2103//3966 1649//3966 1648//3966
f 1578//3967 2097//3967 1648//3967
f 1648//3968 2097//3968 2103//3968
f 2097//3969 1951//3969 2096//3969
f 2097//3970 2096//3970 2103//3970
f 2092//3971 2099//3971 2093//3971
f 2091//3972 1221//3972 1654//3972
f 2107//3973 1653//3973 1647//3973
f 2094//3974 1654//3974 1653//3974
f 2104//3975 1650//3975 1649//3975
f 2104//3976 1649//3976 2103//3976
f 1647//3977 1652//3977 2098//3977
f 1647//3978 2098//3978 2107//3978
f 2107//3979 2098//3979 2100//3979
f 2107//3980 2100//3980 1653//3980
f 1650//3981 2104//3981 2106//3981
f 2100//3982 2094//3982 1653//3982
f 2094//3983 2091//3983 1654//3983
f 2101//3984 2098//3984 1652//3984
f 2101//3985 1652//3985 1651//3985
f 2101//3986 1651//3986 2105//3986
f 2105//3987 1651//3987 2106//3987
f 2105//3988 2106//3988 2104//3988
f 1656//3989 1655//3989 2108//3989
f 1656//3990 2108//3990 1743//3990
f 2109//3991 1743//3991 2108//3991
f 1741//3992 2110//3992 1740//3992
f 2111//3993 1736//3993 1738//3993
f 2112//3994 1736//3994 2111//3994
f 2112//3995 2113//3995 2114//3995
f 2115//3996 2116//3996 2117//3996
f 2118//3997 2116//3997 2119//3997
f 2118//3998 2119//3998 2120//3998
f 2120//3999 2119//3999 2121//3999
f 2120//4000 2121//4000 1670//4000
f 1670//4001 2121//4001 1669//4001
f 2122//4002 2123//4002 1667//4002
f 2119//4003 2124//4003 2122//4003
f 2119//4004 2122//4004 2121//4004
f 2121//4005 2122//4005 1668//4005
f 2121//4006 1668//4006 1669//4006
f 2125//4007 2126//4007 2127//4007
f 2128//4008 2129//4008 2130//4008
f 2130//4009 1665//4009 1666//4009
f 1664//4010 2125//4010 2127//4010
f 2127//4011 1662//4011 1664//4011
f 2125//4012 1664//4012 1663//4012
f 2129//4013 2131//4013 2132//4013
f 2132//4014 1663//4014 1665//4014
f 2133//4015 2128//4015 2134//4015
f 2134//4016 1666//4016 1667//4016
f 2126//4017 2135//4017 2136//4017
f 2136//4018 2135//4018 2137//4018
f 2136//4019 2137//4019 2138//4019
f 2138//4020 2137//4020 2139//4020
f 2126//4021 2136//4021 2127//4021
f 2127//4022 2136//4022 2140//4022
f 2140//4023 2136//4023 2138//4023
f 2141//4024 2142//4024 2143//4024
f 2141//4025 2144//4025 2142//4025
f 2140//4026 2145//4026 1662//4026
f 2146//4027 2147//4027 2143//4027
f 2143//4028 2147//4028 2139//4028
f 2146//4029 1660//4029 2147//4029
f 2147//4030 1660//4030 1661//4030
f 2145//4031 1661//4031 1662//4031
f 2147//4032 1661//4032 2145//4032
f 2147//4033 2145//4033 2139//4033
f 2142//4034 2144//4034 1657//4034
f 2142//4035 1657//4035 1659//4035
f 1658//4036 1657//4036 2144//4036
f 1658//4037 2144//4037 2148//4037
f 1659//4038 1660//4038 2146//4038
f 1659//4039 2146//4039 2142//4039
f 2142//4040 2146//4040 2143//4040
f 2149//4041 2114//4041 2150//4041
f 2150//4042 2114//4042 2113//4042
f 2143//4043 2139//4043 2151//4043
f 2151//4044 2139//4044 2137//4044
f 2137//4045 2135//4045 2152//4045
f 2151//4046 2153//4046 2154//4046
f 2141//4047 2155//4047 2144//4047
f 2141//4048 2143//4048 2154//4048
f 2154//4049 2143//4049 2151//4049
f 2151//4050 2137//4050 2152//4050
f 2156//4051 2149//4051 2157//4051
f 2157//4052 2149//4052 2150//4052
f 2158//4053 2159//4053 2141//4053
f 2141//4054 2159//4054 2155//4054
f 2109//4055 1741//4055 1743//4055
f 2111//4056 1738//4056 1740//4056
f 2111//4057 1740//4057 2160//4057
f 2160//4058 1740//4058 2110//4058
f 2113//4059 2112//4059 2111//4059
f 2113//4060 2111//4060 2159//4060
f 2159//4061 2111//4061 2160//4061
f 1741//4062 2109//4062 2110//4062
f 2110//4063 2109//4063 2148//4063
f 2110//4064 2148//4064 2160//4064
f 2160//4065 2148//4065 2155//4065
f 2160//4066 2155//4066 2159//4066
f 2159//4067 2158//4067 2113//4067
f 2113//4068 2158//4068 2153//4068
f 2113//4069 2153//4069 2150//4069
f 2161//4070 2162//4070 2163//4070
f 2163//4071 2162//4071 2164//4071
f 2163//4072 2164//4072 2165//4072
f 2165//4073 2166//4073 2167//4073
f 2165//4074 2167//4074 2163//4074
f 2115//4075 2161//4075 2163//4075
f 2168//4076 2169//4076 2133//4076
f 2168//4077 2133//4077 2124//4077
f 2168//4078 2124//4078 2116//4078
f 2116//4079 2124//4079 2119//4079
f 2118//4080 2117//4080 2116//4080
f 2168//4081 2116//4081 2115//4081
f 2168//4082 2115//4082 2163//4082
f 2168//4083 2163//4083 2169//4083
f 2169//4084 2163//4084 2167//4084
f 2170//4085 2171//4085 2126//4085
f 2170//4086 2126//4086 2131//4086
f 2170//4087 2131//4087 2129//4087
f 2129//4088 2132//4088 2130//4088
f 2130//4089 2132//4089 1665//4089
f 2157//4090 2171//4090 2156//4090
f 2156//4091 2171//4091 2170//4091
f 2156//4092 2170//4092 2172//4092
f 2172//4093 2170//4093 2129//4093
f 2128//4094 2130//4094 2134//4094
f 2134//4095 2130//4095 1666//4095
f 2167//4096 2173//4096 2169//4096
f 2169//4097 2173//4097 2133//4097
f 2124//4098 2133//4098 2123//4098
f 2124//4099 2123//4099 2122//4099
f 2166//4100 2149//4100 2156//4100
f 2166//4101 2156//4101 2167//4101
f 2167//4102 2156//4102 2172//4102
f 2167//4103 2172//4103 2173//4103
f 2173//4104 2172//4104 2129//4104
f 2173//4105 2129//4105 2128//4105
f 2173//4106 2128//4106 2133//4106
f 2133//4107 2134//4107 2123//4107
f 2123//4108 2134//4108 1667//4108
f 2122//4109 1667//4109 1668//4109
f 1662//4110 2127//4110 2140//4110
f 2145//4111 2140//4111 2138//4111
f 2145//4112 2138//4112 2139//4112
f 2148//4113 2144//4113 2155//4113
f 1655//4114 1658//4114 2108//4114
f 2108//4115 1658//4115 2148//4115
f 2108//4116 2148//4116 2109//4116
f 2141//4117 2154//4117 2158//4117
f 2158//4118 2154//4118 2153//4118
f 2153//4119 2151//4119 2150//4119
f 2150//4120 2151//4120 2152//4120
f 2150//4121 2152//4121 2157//4121
f 2157//4122 2152//4122 2135//4122
f 2157//4123 2135//4123 2171//4123
f 2171//4124 2135//4124 2126//4124
f 2131//4125 2126//4125 2125//4125
f 2131//4126 2125//4126 2132//4126
f 2132//4127 2125//4127 1663//4127
f 2174//4128 1692//4128 2175//4128
f 2176//4129 2177//4129 2178//4129
f 1677//4130 2179//4130 1675//4130
f 1675//4131 2179//4131 2180//4131
f 2181//4132 2180//4132 2182//4132
f 2176//4133 2183//4133 2184//4133
f 2176//4134 2178//4134 2183//4134
f 2178//4135 2185//4135 2183//4135
f 1694//4136 1695//4136 2186//4136
f 2186//4137 1695//4137 2187//4137
f 2186//4138 2187//4138 2188//4138
f 2175//4139 1692//4139 1694//4139
f 2189//4140 2174//4140 2190//4140
f 2189//4141 2190//4141 1691//4141
f 2189//4142 1691//4142 1690//4142
f 2191//4143 1688//4143 1689//4143
f 2192//4144 2193//4144 1689//4144
f 2192//4145 1689//4145 1691//4145
f 2194//4146 2195//4146 2196//4146
f 2197//4147 2198//4147 2195//4147
f 2195//4148 2198//4148 2199//4148
f 2200//4149 1686//4149 1687//4149
f 2201//4150 2202//4150 2199//4150
f 2200//4151 2199//4151 2198//4151
f 2203//4152 2198//4152 2197//4152
f 2203//4153 2197//4153 2204//4153
f 2205//4154 2204//4154 2197//4154
f 2195//4155 2199//4155 2196//4155
f 2196//4156 2199//4156 2202//4156
f 2198//4157 1685//4157 1686//4157
f 1688//4158 2201//4158 1687//4158
f 2206//4159 2207//4159 2208//4159
f 2208//4160 2207//4160 2209//4160
f 2208//4161 2209//4161 2210//4161
f 2210//4162 2209//4162 2204//4162
f 2210//4163 2204//4163 2211//4163
f 2211//4164 2204//4164 2205//4164
f 2205//4165 2197//4165 2212//4165
f 2212//4166 2197//4166 2195//4166
f 2212//4167 2195//4167 2194//4167
f 2213//4168 2214//4168 2177//4168
f 2213//4169 2177//4169 2182//4169
f 2214//4170 2213//4170 2215//4170
f 2214//4171 2215//4171 2216//4171
f 2216//4172 2215//4172 2217//4172
f 2216//4173 2217//4173 2218//4173
f 2218//4174 2217//4174 2206//4174
f 2218//4175 2206//4175 2208//4175
f 2200//4176 2201//4176 2199//4176
f 1686//4177 2200//4177 2198//4177
f 2206//4178 2217//4178 2219//4178
f 2206//4179 2219//4179 2207//4179
f 2204//4180 2209//4180 2220//4180
f 1687//4181 2201//4181 2200//4181
f 1685//4182 2198//4182 2203//4182
f 1685//4183 2203//4183 1684//4183
f 1684//4184 2203//4184 2204//4184
f 1684//4185 2204//4185 2220//4185
f 2221//4186 2220//4186 2209//4186
f 2221//4187 2209//4187 2207//4187
f 2213//4188 2182//4188 2222//4188
f 2213//4189 2222//4189 2215//4189
f 2207//4190 2219//4190 2223//4190
f 2207//4191 2223//4191 2221//4191
f 2221//4192 1683//4192 2220//4192
f 1681//4193 2223//4193 2219//4193
f 1681//4194 1682//4194 2223//4194
f 2223//4195 1682//4195 2221//4195
f 2221//4196 1682//4196 1683//4196
f 1680//4197 1681//4197 2219//4197
f 1680//4198 2219//4198 2217//4198
f 1679//4199 1680//4199 2215//4199
f 2215//4200 1680//4200 2217//4200
f 1677//4201 1678//4201 2179//4201
f 2179//4202 1678//4202 2222//4202
f 1678//4203 1679//4203 2222//4203
f 2222//4204 1679//4204 2215//4204
f 2224//4205 2225//4205 2226//4205
f 2224//4206 2226//4206 2227//4206
f 2228//4207 2226//4207 2225//4207
f 2228//4208 2225//4208 2229//4208
f 2178//4209 2227//4209 2185//4209
f 2230//4210 2231//4210 2224//4210
f 2224//4211 2231//4211 2232//4211
f 2224//4212 2232//4212 2225//4212
f 2225//4213 2232//4213 2233//4213
f 2225//4214 2233//4214 2229//4214
f 2177//4215 2230//4215 2178//4215
f 2178//4216 2230//4216 2224//4216
f 2178//4217 2224//4217 2227//4217
f 2234//4218 2186//4218 2235//4218
f 2235//4219 2186//4219 2188//4219
f 2190//4220 2174//4220 2175//4220
f 2190//4221 2175//4221 2236//4221
f 2237//4222 2236//4222 2234//4222
f 2235//4223 2238//4223 2234//4223
f 2234//4224 2238//4224 2239//4224
f 2237//4225 2240//4225 2241//4225
f 2237//4226 2241//4226 2193//4226
f 2193//4227 2241//4227 2191//4227
f 2193//4228 2191//4228 1689//4228
f 2194//4229 2242//4229 2212//4229
f 2212//4230 2242//4230 2211//4230
f 2210//4231 2233//4231 2208//4231
f 2208//4232 2233//4232 2218//4232
f 2218//4233 2231//4233 2216//4233
f 2216//4234 2231//4234 2214//4234
f 2177//4235 2176//4235 2182//4235
f 2182//4236 2176//4236 2181//4236
f 2240//4237 2196//4237 2202//4237
f 2240//4238 2202//4238 2241//4238
f 2241//4239 2202//4239 2201//4239
f 2241//4240 2201//4240 2191//4240
f 2191//4241 2201//4241 1688//4241
f 2194//4242 2239//4242 2242//4242
f 2242//4243 2228//4243 2211//4243
f 2211//4244 2228//4244 2229//4244
f 2211//4245 2229//4245 2210//4245
f 2210//4246 2229//4246 2233//4246
f 2233//4247 2232//4247 2218//4247
f 2218//4248 2232//4248 2231//4248
f 2231//4249 2230//4249 2214//4249
f 2214//4250 2230//4250 2177//4250
f 2176//4251 2184//4251 2181//4251
f 2192//4252 1691//4252 2190//4252
f 2192//4253 2190//4253 2193//4253
f 2193//4254 2190//4254 2236//4254
f 2193//4255 2236//4255 2237//4255
f 2240//4256 2237//4256 2234//4256
f 2238//4257 2226//4257 2228//4257
f 2238//4258 2228//4258 2239//4258
f 2239//4259 2228//4259 2242//4259
f 1683//4260 1684//4260 2220//4260
f 2179//4261 2222//4261 2182//4261
f 2179//4262 2182//4262 2180//4262
f 2236//4263 2175//4263 1694//4263
f 2236//4264 1694//4264 2186//4264
f 2236//4265 2186//4265 2234//4265
f 2240//4266 2234//4266 2239//4266
f 2240//4267 2239//4267 2196//4267
f 2196//4268 2239//4268 2194//4268
f 2212//4269 2211//4269 2205//4269
f 2243//4270 1692//4270 2174//4270
f 2244//4271 2245//4271 2246//4271
f 2247//4272 2248//4272 2187//4272
f 2249//4273 1695//4273 1693//4273
f 2249//4274 1693//4274 2243//4274
f 2187//4275 1695//4275 2247//4275
f 2249//4276 2248//4276 2247//4276
f 2249//4277 2247//4277 1695//4277
f 2250//4278 2251//4278 2252//4278
f 2253//4279 2254//4279 2255//4279
f 2253//4280 2255//4280 2256//4280
f 2256//4281 2255//4281 2257//4281
f 2256//4282 2257//4282 2258//4282
f 2258//4283 2257//4283 2259//4283
f 2245//4284 2244//4284 2260//4284
f 2245//4285 2260//4285 2261//4285
f 2261//4286 2260//4286 2262//4286
f 2261//4287 2262//4287 2259//4287
f 2254//4288 2245//4288 2255//4288
f 2255//4289 2245//4289 2261//4289
f 2255//4290 2261//4290 2257//4290
f 2257//4291 2261//4291 2259//4291
f 2244//4292 2263//4292 2260//4292
f 2260//4293 2263//4293 2264//4293
f 2245//4294 2254//4294 2246//4294
f 2246//4295 2254//4295 2265//4295
f 2246//4296 2265//4296 1698//4296
f 2246//4297 1698//4297 1697//4297
f 2263//4298 2244//4298 2266//4298
f 2266//4299 2244//4299 2246//4299
f 2266//4300 2246//4300 2267//4300
f 2267//4301 2246//4301 1261//4301
f 1261//4302 2246//4302 1697//4302
f 1690//4303 1696//4303 2189//4303
f 2268//4304 2174//4304 2189//4304
f 2268//4305 2189//4305 1696//4305
f 2243//4306 1693//4306 1692//4306
f 2251//4307 2269//4307 2252//4307
f 2252//4308 2269//4308 2270//4308
f 2252//4309 2270//4309 2271//4309
f 2271//4310 2270//4310 2268//4310
f 2268//4311 2270//4311 2243//4311
f 2268//4312 2243//4312 2174//4312
f 2269//4313 2251//4313 2248//4313
f 2269//4314 2248//4314 2249//4314
f 2269//4315 2249//4315 2270//4315
f 2270//4316 2249//4316 2243//4316
f 2272//4317 2262//4317 2273//4317
f 2273//4318 2262//4318 2260//4318
f 2273//4319 2260//4319 2264//4319
f 2265//4320 2254//4320 2253//4320
f 2258//4321 2251//4321 2250//4321
f 2258//4322 2250//4322 2256//4322
f 2256//4323 2250//4323 2252//4323
f 2256//4324 2252//4324 2253//4324
f 2253//4325 2252//4325 2271//4325
f 2253//4326 2271//4326 2265//4326
f 2265//4327 2271//4327 2268//4327
f 2265//4328 2268//4328 1698//4328
f 1698//4329 2268//4329 1696//4329
f 2274//4330 2275//4330 2276//4330
f 1268//4331 1270//4331 2277//4331
f 1268//4332 2277//4332 2278//4332
f 2278//4333 2277//4333 2279//4333
f 2278//4334 2279//4334 2280//4334
f 2274//4335 1266//4335 2278//4335
f 2276//4336 1264//4336 2274//4336
f 2263//4337 2266//4337 2276//4337
f 2276//4338 2266//4338 2267//4338
f 2275//4339 2263//4339 2276//4339
f 2276//4340 2267//4340 1263//4340
f 2267//4341 1261//4341 1263//4341
f 2275//4342 2274//4342 2281//4342
f 2282//4343 2281//4343 2283//4343
f 2282//4344 2275//4344 2281//4344
f 2282//4345 2283//4345 2264//4345
f 2264//4346 2283//4346 2284//4346
f 2284//4347 2283//4347 2285//4347
f 2284//4348 2272//4348 2264//4348
f 2282//4349 2264//4349 2263//4349
f 2272//4350 2273//4350 2264//4350
f 2285//4351 2286//4351 2287//4351
f 2281//4352 2278//4352 2280//4352
f 2281//4353 2280//4353 2283//4353
f 2283//4354 2280//4354 2286//4354
f 2283//4355 2286//4355 2285//4355
f 1268//4356 2278//4356 1266//4356
f 2282//4357 2263//4357 2275//4357
f 1264//4358 2276//4358 1263//4358
f 1264//4359 1266//4359 2274//4359
f 2274//4360 2278//4360 2281//4360
f 2286//4361 2280//4361 2288//4361
f 2288//4362 2280//4362 2279//4362
f 2286//4363 2289//4363 2287//4363
f 2287//4364 2289//4364 2290//4364
f 2291//4365 2292//4365 2293//4365
f 2294//4366 2295//4366 2293//4366
f 2295//4367 2294//4367 2296//4367
f 2292//4368 2297//4368 2296//4368
f 2277//4369 1270//4369 1699//4369
f 2296//4370 2294//4370 2292//4370
f 2292//4371 2294//4371 2293//4371
f 2295//4372 2290//4372 2289//4372
f 2295//4373 2289//4373 2293//4373
f 2293//4374 2289//4374 2288//4374
f 2288//4375 2289//4375 2286//4375
f 1700//4376 2298//4376 1699//4376
f 1699//4377 2298//4377 2291//4377
f 2291//4378 2298//4378 2299//4378
f 2291//4379 2299//4379 2292//4379
f 2292//4380 2299//4380 2297//4380
f 2293//4381 2288//4381 2291//4381
f 2291//4382 2288//4382 2279//4382
f 2291//4383 2279//4383 1699//4383
f 1699//4384 2279//4384 2277//4384
f 2300//4385 2301//4385 2302//4385
f 2302//4386 1703//4386 1704//4386
f 2302//4387 2303//4387 1703//4387
f 2304//4388 2303//4388 2302//4388
f 2305//4389 2304//4389 2306//4389
f 2305//4390 2299//4390 2298//4390
f 2303//4391 2305//4391 1702//4391
f 2306//4392 2299//4392 2305//4392
f 2305//4393 2298//4393 1702//4393
f 2298//4394 1700//4394 1702//4394
f 1702//4395 1700//4395 1701//4395
f 2302//4396 2301//4396 2304//4396
f 2304//4397 2301//4397 2307//4397
f 2308//4398 2307//4398 2309//4398
f 2308//4399 2306//4399 2307//4399
f 2307//4400 2306//4400 2304//4400
f 2310//4401 2296//4401 2297//4401
f 2309//4402 2310//4402 2297//4402
f 2309//4403 2311//4403 2310//4403
f 2312//4404 2313//4404 2314//4404
f 2312//4405 2314//4405 2309//4405
f 2312//4406 2309//4406 2315//4406
f 2300//4407 2316//4407 2315//4407
f 2315//4408 2316//4408 2312//4408
f 2307//4409 2315//4409 2309//4409
f 1704//4410 2317//4410 2302//4410
f 2302//4411 2317//4411 2318//4411
f 2302//4412 2318//4412 2300//4412
f 2301//4413 2300//4413 2315//4413
f 2314//4414 2311//4414 2309//4414
f 2297//4415 2299//4415 2308//4415
f 2308//4416 2299//4416 2306//4416
f 2304//4417 2305//4417 2303//4417
f 2303//4418 1702//4418 1703//4418
f 2297//4419 2308//4419 2309//4419
f 2315//4420 2307//4420 2301//4420
f 2319//4421 2313//4421 2312//4421
f 2320//4422 2321//4422 2316//4422
f 2316//4423 2321//4423 2312//4423
f 2312//4424 2321//4424 2319//4424
f 2322//4425 2323//4425 2324//4425
f 2325//4426 2326//4426 2327//4426
f 2327//4427 2326//4427 2328//4427
f 1705//4428 1673//4428 2327//4428
f 2327//4429 1673//4429 2325//4429
f 2329//4430 1705//4430 2327//4430
f 2329//4431 2327//4431 2330//4431
f 2330//4432 2327//4432 2328//4432
f 2330//4433 2328//4433 2331//4433
f 2331//4434 2328//4434 2322//4434
f 2331//4435 2322//4435 2332//4435
f 2332//4436 2322//4436 2324//4436
f 2332//4437 2324//4437 2333//4437
f 2320//4438 2316//4438 2300//4438
f 2320//4439 2300//4439 2334//4439
f 2334//4440 2300//4440 2318//4440
f 2334//4441 2318//4441 2317//4441
f 2324//4442 2335//4442 2333//4442
f 2324//4443 2323//4443 2336//4443
f 2324//4444 2336//4444 2335//4444
f 2328//4445 2326//4445 2337//4445
f 2328//4446 2337//4446 2338//4446
f 2328//4447 2338//4447 2322//4447
f 2322//4448 2338//4448 2323//4448
f 2333//4449 2319//4449 2332//4449
f 2332//4450 2319//4450 2321//4450
f 2332//4451 2321//4451 2331//4451
f 2331//4452 2321//4452 2320//4452
f 2331//4453 2320//4453 2330//4453
f 2330//4454 2320//4454 2334//4454
f 2330//4455 2334//4455 2329//4455
f 2329//4456 2334//4456 2317//4456
f 2329//4457 2317//4457 1704//4457
f 2329//4458 1704//4458 1705//4458
f 2339//4459 2183//4459 2185//4459
f 2340//4460 2184//4460 2183//4460
f 2181//4461 2184//4461 2338//4461
f 2338//4462 2184//4462 2340//4462
f 2180//4463 2181//4463 2326//4463
f 2180//4464 2325//4464 1675//4464
f 1675//4465 2325//4465 1676//4465
f 2183//4466 2339//4466 2340//4466
f 2340//4467 2339//4467 2323//4467
f 2339//4468 2336//4468 2323//4468
f 1673//4469 1674//4469 2325//4469
f 2180//4470 2326//4470 2325//4470
f 2181//4471 2337//4471 2326//4471
f 1674//4472 1676//4472 2325//4472
f 2340//4473 2323//4473 2338//4473
f 2181//4474 2338//4474 2337//4474
f 2341//4475 2342//4475 2343//4475
f 2341//4476 2343//4476 2344//4476
f 2341//4477 2344//4477 2345//4477
f 2346//4478 2347//4478 2344//4478
f 2344//4479 2347//4479 2345//4479
f 2346//4480 2348//4480 2347//4480
f 1342//4481 2349//4481 1706//4481
f 2341//4482 2350//4482 2351//4482
f 2351//4483 2350//4483 2352//4483
f 2350//4484 2349//4484 2352//4484
f 2352//4485 2349//4485 1342//4485
f 2343//4486 2342//4486 2344//4486
f 2344//4487 2342//4487 2353//4487
f 2344//4488 2353//4488 2346//4488
f 2346//4489 2353//4489 2354//4489
f 2346//4490 2354//4490 2348//4490
f 2342//4491 2341//4491 2351//4491
f 2355//4492 2356//4492 2357//4492
f 1347//4493 2357//4493 2356//4493
f 2355//4494 2358//4494 2356//4494
f 1343//4495 1345//4495 2359//4495
f 2359//4496 1345//4496 2356//4496
f 1345//4497 1347//4497 2356//4497
f 2359//4498 2356//4498 2360//4498
f 2361//4499 2352//4499 2362//4499
f 2361//4500 2351//4500 2352//4500
f 2352//4501 1342//4501 1340//4501
f 2363//4502 2353//4502 2364//4502
f 2353//4503 2342//4503 2364//4503
f 2354//4504 2353//4504 2363//4504
f 2364//4505 2342//4505 2361//4505
f 2364//4506 2361//4506 2360//4506
f 2360//4507 2361//4507 2362//4507
f 2359//4508 2362//4508 1340//4508
f 2359//4509 1340//4509 1343//4509
f 2365//4510 2366//4510 2355//4510
f 2366//4511 2358//4511 2355//4511
f 2364//4512 2358//4512 2366//4512
f 2356//4513 2358//4513 2360//4513
f 2361//4514 2342//4514 2351//4514
f 2362//4515 2352//4515 1340//4515
f 2362//4516 2359//4516 2360//4516
f 2360//4517 2358//4517 2364//4517
f 2364//4518 2366//4518 2363//4518
f 2355//4519 2367//4519 2365//4519
f 2365//4520 2367//4520 2368//4520
f 2367//4521 2369//4521 2368//4521
f 2368//4522 2369//4522 2370//4522
f 2367//4523 2355//4523 2357//4523
f 2367//4524 2357//4524 2371//4524
f 2371//4525 2357//4525 1323//4525
f 1323//4526 2357//4526 1347//4526
f 2372//4527 2371//4527 1349//4527
f 1349//4528 2371//4528 1323//4528
f 2371//4529 2372//4529 2367//4529
f 2367//4530 2372//4530 2369//4530
f 2373//4531 2374//4531 2375//4531
f 2375//4532 2374//4532 1353//4532
f 2375//4533 1353//4533 2376//4533
f 2373//4534 2377//4534 2374//4534
f 2376//4535 1353//4535 1356//4535
f 1353//4536 2374//4536 1352//4536
f 2377//4537 2378//4537 2379//4537
f 2372//4538 2379//4538 2378//4538
f 2380//4539 2378//4539 2377//4539
f 1352//4540 2374//4540 2377//4540
f 2377//4541 2379//4541 1352//4541
f 1352//4542 2379//4542 1348//4542
f 2379//4543 2372//4543 1348//4543
f 1348//4544 2372//4544 1349//4544
f 2381//4545 2382//4545 2383//4545
f 2381//4546 2383//4546 2384//4546
f 2384//4547 2383//4547 2385//4547
f 2385//4548 2383//4548 2378//4548
f 2385//4549 2378//4549 2380//4549
f 2383//4550 2369//4550 2372//4550
f 2383//4551 2372//4551 2378//4551
f 2369//4552 2383//4552 2382//4552
f 2370//4553 2369//4553 2382//4553
f 2386//4554 2381//4554 2387//4554
f 2384//4555 2388//4555 2387//4555
f 2385//4556 2380//4556 2388//4556
f 2389//4557 2388//4557 2373//4557
f 2389//4558 2373//4558 2390//4558
f 2390//4559 2373//4559 2375//4559
f 2384//4560 2385//4560 2388//4560
f 2384//4561 2387//4561 2381//4561
f 2380//4562 2373//4562 2388//4562
f 2373//4563 2380//4563 2377//4563
f 2391//4564 2392//4564 2393//4564
f 2389//4565 2394//4565 2388//4565
f 2394//4566 2392//4566 2391//4566
f 2394//4567 2391//4567 2388//4567
f 2386//4568 2387//4568 2395//4568
f 2395//4569 2387//4569 2391//4569
f 1356//4570 1707//4570 2396//4570
f 1356//4571 2396//4571 2376//4571
f 2376//4572 2396//4572 2397//4572
f 2398//4573 2386//4573 2395//4573
f 2398//4574 2395//4574 2399//4574
f 2399//4575 2395//4575 2393//4575
f 2393//4576 2395//4576 2391//4576
f 2391//4577 2387//4577 2388//4577
f 2376//4578 2397//4578 2400//4578
f 2376//4579 2400//4579 2375//4579
f 2375//4580 2400//4580 2390//4580
f 2390//4581 2400//4581 2389//4581
f 2389//4582 2400//4582 2392//4582
f 2389//4583 2392//4583 2394//4583
f 1714//4584 2401//4584 1711//4584
f 2402//4585 2392//4585 2403//4585
f 2393//4586 2392//4586 2404//4586
f 2405//4587 2406//4587 2407//4587
f 2407//4588 2406//4588 2404//4588
f 2406//4589 2408//4589 2399//4589
f 2406//4590 2399//4590 2404//4590
f 2404//4591 2399//4591 2393//4591
f 2409//4592 2405//4592 2407//4592
f 2410//4593 2411//4593 2412//4593
f 2341//4594 2345//4594 2413//4594
f 2410//4595 2414//4595 2415//4595
f 2415//4596 2414//4596 2416//4596
f 2415//4597 2416//4597 2417//4597
f 2348//4598 2417//4598 2347//4598
f 2418//4599 2415//4599 2417//4599
f 2347//4600 2417//4600 2416//4600
f 2347//4601 2416//4601 2345//4601
f 1718//4602 2419//4602 1717//4602
f 1720//4603 1722//4603 2420//4603
f 1719//4604 1720//4604 2421//4604
f 1719//4605 2421//4605 2422//4605
f 2422//4606 2421//4606 2423//4606
f 1717//4607 2419//4607 2424//4607
f 2424//4608 2419//4608 2425//4608
f 2425//4609 2419//4609 2422//4609
f 1718//4610 1719//4610 2422//4610
f 2419//4611 1718//4611 2422//4611
f 1722//4612 2426//4612 2427//4612
f 2427//4613 2426//4613 2428//4613
f 2429//4614 2430//4614 2427//4614
f 2427//4615 2430//4615 2423//4615
f 2427//4616 2423//4616 2420//4616
f 2430//4617 2412//4617 2425//4617
f 2430//4618 2425//4618 2423//4618
f 1724//4619 2431//4619 1723//4619
f 2431//4620 1724//4620 2432//4620
f 1723//4621 2431//4621 2433//4621
f 2433//4622 2431//4622 2432//4622
f 1724//4623 1725//4623 2432//4623
f 2426//4624 1721//4624 2428//4624
f 2428//4625 1721//4625 1723//4625
f 2428//4626 1723//4626 2433//4626
f 1722//4627 1721//4627 2426//4627
f 2433//4628 2432//4628 2434//4628
f 2434//4629 2432//4629 2435//4629
f 2435//4630 2432//4630 1725//4630
f 2435//4631 1725//4631 1726//4631
f 1726//4632 1706//4632 2349//4632
f 1726//4633 2349//4633 2435//4633
f 2435//4634 2349//4634 2350//4634
f 2435//4635 2350//4635 2413//4635
f 2436//4636 2434//4636 2416//4636
f 2350//4637 2341//4637 2413//4637
f 2435//4638 2413//4638 2434//4638
f 2433//4639 2434//4639 2436//4639
f 2433//4640 2436//4640 2428//4640
f 2428//4641 2436//4641 2414//4641
f 1709//4642 1710//4642 2437//4642
f 2396//4643 1707//4643 1708//4643
f 2396//4644 1708//4644 2397//4644
f 1709//4645 2397//4645 1708//4645
f 2397//4646 2438//4646 2400//4646
f 2438//4647 1709//4647 2439//4647
f 2438//4648 2397//4648 1709//4648
f 1709//4649 2437//4649 2439//4649
f 1710//4650 1712//4650 2437//4650
f 2400//4651 2438//4651 2403//4651
f 2400//4652 2403//4652 2392//4652
f 2404//4653 2392//4653 2402//4653
f 2404//4654 2402//4654 2440//4654
f 2440//4655 2402//4655 2439//4655
f 2402//4656 2403//4656 2439//4656
f 2439//4657 2403//4657 2438//4657
f 2437//4658 1712//4658 2441//4658
f 2437//4659 2441//4659 2440//4659
f 2437//4660 2440//4660 2439//4660
f 2442//4661 2401//4661 2443//4661
f 1713//4662 1715//4662 2444//4662
f 2444//4663 1715//4663 2445//4663
f 2444//4664 2445//4664 2446//4664
f 1716//4665 2447//4665 2448//4665
f 2424//4666 2425//4666 2449//4666
f 2449//4667 2425//4667 2412//4667
f 2449//4668 2412//4668 2411//4668
f 2412//4669 2430//4669 2410//4669
f 2410//4670 2430//4670 2429//4670
f 2410//4671 2429//4671 2414//4671
f 1713//4672 2444//4672 2450//4672
f 2450//4673 2444//4673 2446//4673
f 2445//4674 2448//4674 2451//4674
f 1712//4675 1711//4675 2442//4675
f 2442//4676 1711//4676 2401//4676
f 2452//4677 2409//4677 2407//4677
f 2452//4678 2407//4678 2453//4678
f 2452//4679 2453//4679 2443//4679
f 2443//4680 2453//4680 2442//4680
f 2442//4681 2453//4681 2441//4681
f 2454//4682 2409//4682 2452//4682
f 2454//4683 2452//4683 2455//4683
f 2455//4684 2452//4684 2443//4684
f 2455//4685 2443//4685 2446//4685
f 2446//4686 2443//4686 2450//4686
f 2450//4687 2443//4687 2401//4687
f 2442//4688 2441//4688 1712//4688
f 2407//4689 2404//4689 2440//4689
f 2407//4690 2440//4690 2453//4690
f 2453//4691 2440//4691 2441//4691
f 2421//4692 2420//4692 2423//4692
f 2422//4693 2423//4693 2425//4693
f 2424//4694 2447//4694 1717//4694
f 1717//4695 2447//4695 1716//4695
f 2348//4696 2456//4696 2417//4696
f 2457//4697 2454//4697 2455//4697
f 2457//4698 2455//4698 2451//4698
f 2451//4699 2455//4699 2446//4699
f 2451//4700 2446//4700 2445//4700
f 2450//4701 2401//4701 1713//4701
f 1713//4702 2401//4702 1714//4702
f 2434//4703 2413//4703 2416//4703
f 2416//4704 2413//4704 2345//4704
f 2436//4705 2416//4705 2414//4705
f 2414//4706 2429//4706 2428//4706
f 2428//4707 2429//4707 2427//4707
f 1722//4708 2427//4708 2420//4708
f 2420//4709 2421//4709 1720//4709
f 2415//4710 2458//4710 2410//4710
f 2410//4711 2458//4711 2459//4711
f 2410//4712 2459//4712 2411//4712
f 2411//4713 2459//4713 2454//4713
f 2411//4714 2454//4714 2457//4714
f 2411//4715 2457//4715 2451//4715
f 2411//4716 2451//4716 2449//4716
f 2449//4717 2451//4717 2424//4717
f 2424//4718 2451//4718 2448//4718
f 2424//4719 2448//4719 2447//4719
f 2448//4720 2445//4720 1716//4720
f 1716//4721 2445//4721 1715//4721
f 2161//4722 2460//4722 2162//4722
f 1671//4723 2120//4723 1670//4723
f 2461//4724 2118//4724 2120//4724
f 2462//4725 2118//4725 2461//4725
f 2118//4726 2462//4726 2117//4726
f 2161//4727 2115//4727 2463//4727
f 2463//4728 2115//4728 2117//4728
f 2464//4729 2463//4729 2462//4729
f 2462//4730 2463//4730 2117//4730
f 2463//4731 2464//4731 2465//4731
f 2463//4732 2465//4732 2161//4732
f 2161//4733 2465//4733 2460//4733
f 1672//4734 2466//4734 1671//4734
f 2461//4735 2120//4735 1671//4735
f 2461//4736 1671//4736 2466//4736
f 2465//4737 2467//4737 2468//4737
f 2465//4738 2468//4738 2460//4738
f 2467//4739 2465//4739 2469//4739
f 2469//4740 2465//4740 2464//4740
f 2470//4741 2471//4741 2472//4741
f 2472//4742 2471//4742 2473//4742
f 2472//4743 2473//4743 2474//4743
f 2474//4744 2473//4744 2475//4744
f 2474//4745 2475//4745 2476//4745
f 2476//4746 2475//4746 1727//4746
f 1728//4747 2476//4747 1727//4747
f 2469//4748 2464//4748 2462//4748
f 2469//4749 2462//4749 2477//4749
f 2477//4750 2462//4750 2461//4750
f 2477//4751 2461//4751 2466//4751
f 2470//4752 2478//4752 2479//4752
f 2470//4753 2479//4753 2471//4753
f 2480//4754 2481//4754 2472//4754
f 2472//4755 2481//4755 2470//4755
f 2470//4756 2481//4756 2478//4756
f 1728//4757 2482//4757 2476//4757
f 2476//4758 2482//4758 2483//4758
f 2476//4759 2483//4759 2474//4759
f 2474//4760 2483//4760 2484//4760
f 2474//4761 2484//4761 2480//4761
f 2474//4762 2480//4762 2472//4762
f 2471//4763 2479//4763 2468//4763
f 2471//4764 2468//4764 2467//4764
f 2471//4765 2467//4765 2473//4765
f 2473//4766 2467//4766 2469//4766
f 2473//4767 2469//4767 2475//4767
f 2475//4768 2469//4768 2477//4768
f 2475//4769 2477//4769 1727//4769
f 1727//4770 2477//4770 2466//4770
f 1727//4771 2466//4771 1672//4771
f 2485//4772 2486//4772 2487//4772
f 2488//4773 1732//4773 2489//4773
f 1731//4774 2488//4774 2490//4774
f 2490//4775 2488//4775 2491//4775
f 2491//4776 2492//4776 2490//4776
f 2490//4777 2493//4777 1731//4777
f 1731//4778 2493//4778 1730//4778
f 2486//4779 2485//4779 2494//4779
f 2494//4780 2485//4780 2483//4780
f 2494//4781 2483//4781 2482//4781
f 1729//4782 1730//4782 2493//4782
f 2494//4783 1729//4783 2493//4783
f 2482//4784 1729//4784 2494//4784
f 2494//4785 2493//4785 2486//4785
f 2482//4786 1728//4786 1729//4786
f 2481//4787 2495//4787 2496//4787
f 2481//4788 2496//4788 2478//4788
f 2487//4789 2486//4789 2492//4789
f 2492//4790 2497//4790 2481//4790
f 2481//4791 2497//4791 2495//4791
f 2487//4792 2484//4792 2485//4792
f 2480//4793 2487//4793 2481//4793
f 2487//4794 2492//4794 2481//4794
f 2495//4795 2497//4795 2498//4795
f 1731//4796 1732//4796 2488//4796
f 2491//4797 2488//4797 2489//4797
f 2491//4798 2489//4798 2499//4798
f 2491//4799 2499//4799 2497//4799
f 2497//4800 2499//4800 2498//4800
f 2487//4801 2480//4801 2484//4801
f 2485//4802 2484//4802 2483//4802
f 2493//4803 2490//4803 2486//4803
f 2486//4804 2490//4804 2492//4804
f 2492//4805 2491//4805 2497//4805
f 2495//4806 2498//4806 2500//4806
f 2501//4807 2498//4807 2499//4807
f 2502//4808 2503//4808 2504//4808
f 2505//4809 2501//4809 2506//4809
f 2506//4810 2501//4810 2499//4810
f 2506//4811 2507//4811 2505//4811
f 2505//4812 2507//4812 2508//4812
f 2505//4813 2508//4813 2502//4813
f 2502//4814 2508//4814 2503//4814
f 1733//4815 1476//4815 2509//4815
f 1733//4816 2489//4816 1732//4816
f 2502//4817 2504//4817 2510//4817
f 2510//4818 2504//4818 2511//4818
f 2502//4819 2510//4819 2505//4819
f 2503//4820 2508//4820 2512//4820
f 2512//4821 2508//4821 2507//4821
f 2512//4822 2507//4822 1733//4822
f 2512//4823 1733//4823 2509//4823
f 2507//4824 2506//4824 2499//4824
f 2507//4825 2499//4825 1733//4825
f 1733//4826 2499//4826 2489//4826
f 1479//4827 2513//4827 2514//4827
f 2514//4828 2513//4828 2515//4828
f 2515//4829 2516//4829 2517//4829
f 1477//4830 1479//4830 2514//4830
f 2518//4831 2514//4831 2515//4831
f 2518//4832 2515//4832 2517//4832
f 2513//4833 1479//4833 1478//4833
f 2519//4834 2517//4834 2520//4834
f 2521//4835 2512//4835 2509//4835
f 2522//4836 1477//4836 2514//4836
f 2522//4837 2514//4837 2518//4837
f 1475//4838 1477//4838 2522//4838
f 2519//4839 2522//4839 2518//4839
f 1475//4840 2522//4840 2509//4840
f 2509//4841 2522//4841 2519//4841
f 2519//4842 2520//4842 2521//4842
f 1476//4843 1475//4843 2509//4843
f 2521//4844 2509//4844 2519//4844
f 2519//4845 2518//4845 2517//4845
f 2520//4846 2523//4846 2524//4846
f 2523//4847 2525//4847 2524//4847
f 2524//4848 2503//4848 2512//4848
f 2524//4849 2504//4849 2503//4849
f 2524//4850 2521//4850 2520//4850
f 2525//4851 2523//4851 2526//4851
f 2527//4852 2526//4852 2528//4852
f 2528//4853 2526//4853 2523//4853
f 2528//4854 2523//4854 2529//4854
f 2523//4855 2520//4855 2529//4855
f 2511//4856 2504//4856 2525//4856
f 2525//4857 2504//4857 2524//4857
f 2524//4858 2512//4858 2521//4858
f 2515//4859 2513//4859 2530//4859
f 2515//4860 2530//4860 2516//4860
f 2516//4861 2529//4861 2517//4861
f 2517//4862 2529//4862 2520//4862
f 2516//4863 2530//4863 2531//4863
f 1734//4864 1735//4864 2532//4864
f 2533//4865 2534//4865 2535//4865
f 2536//4866 2528//4866 2531//4866
f 2531//4867 2528//4867 2529//4867
f 2537//4868 2527//4868 2536//4868
f 2536//4869 2527//4869 2528//4869
f 2533//4870 2535//4870 2538//4870
f 2538//4871 2535//4871 2539//4871
f 2540//4872 2541//4872 2538//4872
f 2540//4873 2538//4873 2542//4873
f 2542//4874 2538//4874 2539//4874
f 2533//4875 2538//4875 2543//4875
f 2543//4876 2538//4876 2541//4876
f 2535//4877 2537//4877 2539//4877
f 2539//4878 2537//4878 2542//4878
f 2542//4879 2537//4879 2536//4879
f 2542//4880 2536//4880 2540//4880
f 2540//4881 2536//4881 2531//4881
f 1741//4882 1739//4882 2544//4882
f 2544//4883 1739//4883 2545//4883
f 2546//4884 2547//4884 2548//4884
f 2548//4885 2547//4885 2549//4885
f 2548//4886 2549//4886 2550//4886
f 2543//4887 2546//4887 2548//4887
f 2543//4888 2548//4888 2533//4888
f 2533//4889 2548//4889 2550//4889
f 2549//4890 2551//4890 2550//4890
f 1737//4891 2552//4891 1738//4891
f 2550//4892 2551//4892 2534//4892
f 2545//4893 1739//4893 2552//4893
f 2552//4894 1739//4894 1738//4894
f 2553//4895 2554//4895 1735//4895
f 1735//4896 2554//4896 2532//4896
f 1735//4897 1656//4897 1743//4897
f 1743//4898 2553//4898 1735//4898
f 1741//4899 2544//4899 1742//4899
f 1742//4900 2544//4900 2553//4900
f 1742//4901 2553//4901 1743//4901
f 2541//4902 2540//4902 2555//4902
f 2555//4903 2540//4903 2531//4903
f 2555//4904 2531//4904 2530//4904
f 1478//4905 1734//4905 2513//4905
f 2513//4906 1734//4906 2555//4906
f 2513//4907 2555//4907 2530//4907
f 2554//4908 2541//4908 2555//4908
f 2554//4909 2555//4909 2532//4909
f 2532//4910 2555//4910 1734//4910
f 2533//4911 2550//4911 2534//4911
f 2552//4912 2551//4912 2549//4912
f 2552//4913 2549//4913 2545//4913
f 2545//4914 2549//4914 2547//4914
f 2545//4915 2547//4915 2544//4915
f 2544//4916 2547//4916 2553//4916
f 2553//4917 2547//4917 2546//4917
f 2553//4918 2546//4918 2554//4918
f 2554//4919 2546//4919 2543//4919
f 2554//4920 2543//4920 2541//4920
f 2516//4921 2531//4921 2529//4921
f 2073//4922 2078//4922 2556//4922
f 2556//4923 2078//4923 2557//4923
f 2556//4924 2065//4924 2073//4924
f 2558//4925 1736//4925 2112//4925
f 2558//4926 2112//4926 2089//4926
f 2559//4927 1864//4927 1859//4927
f 2088//4928 2166//4928 2077//4928
f 2166//4929 2165//4929 2077//4929
f 1927//4930 1930//4930 2024//4930
f 2024//4931 1930//4931 2027//4931
f 1861//4932 1864//4932 2560//4932
f 2560//4933 1864//4933 2559//4933
f 2089//4934 2112//4934 2114//4934
f 1861//4935 2560//4935 1853//4935
f 2556//4936 2561//4936 2065//4936
f 2065//4937 2561//4937 2062//4937
f 2561//4938 2562//4938 2062//4938
f 2562//4939 2563//4939 2062//4939
f 2557//4940 2078//4940 2069//4940
f 2557//4941 2069//4941 2164//4941
f 2164//4942 2069//4942 2165//4942
f 2165//4943 2069//4943 2077//4943
f 1928//4944 2027//4944 1930//4944
f 2054//4945 1858//4945 1882//4945
f 2563//4946 2058//4946 2062//4946
f 2089//4947 2114//4947 2149//4947
f 2089//4948 2149//4948 2088//4948
f 2088//4949 2149//4949 2166//4949
f 2164//4950 2564//4950 2557//4950
f 2164//4951 2162//4951 2564//4951
f 2564//4952 2162//4952 2565//4952
f 2559//4953 1859//4953 1858//4953
f 2559//4954 1858//4954 2058//4954
f 2058//4955 1858//4955 2054//4955
f 2559//4956 2058//4956 2563//4956
f 1928//4957 1931//4957 2027//4957
f 2027//4958 1931//4958 1934//4958
f 2027//4959 1934//4959 2015//4959
f 1746//4960 1748//4960 1999//4960
f 1999//4961 1748//4961 1997//4961
f 1997//4962 1748//4962 1751//4962
f 1997//4963 1751//4963 1990//4963
f 1990//4964 1751//4964 1756//4964
f 1990//4965 1756//4965 1988//4965
f 1756//4966 1759//4966 1988//4966
f 1988//4967 1759//4967 1977//4967
f 1977//4968 1759//4968 1760//4968
f 1977//4969 1760//4969 1984//4969
f 1984//4970 1760//4970 1769//4970
f 1984//4971 1769//4971 1981//4971
f 1981//4972 1769//4972 1956//4972
f 2054//4973 1882//4973 1886//4973
f 2566//4974 2564//4974 2565//4974
f 1999//4975 2003//4975 1746//4975
f 1746//4976 2003//4976 1945//4976
f 1845//4977 2226//4977 2238//4977
f 1927//4978 2024//4978 2023//4978
f 1927//4979 2023//4979 1913//4979
f 1913//4980 2023//4980 1909//4980
f 1909//4981 2023//4981 2019//4981
f 1909//4982 2019//4982 1910//4982
f 1910//4983 2019//4983 2021//4983
f 1910//4984 2021//4984 1922//4984
f 1922//4985 2021//4985 2034//4985
f 1922//4986 2034//4986 2033//4986
f 1922//4987 2033//4987 1902//4987
f 1902//4988 2033//4988 1898//4988
f 1898//4989 2033//4989 2041//4989
f 1898//4990 2041//4990 2046//4990
f 1898//4991 2046//4991 1900//4991
f 2567//4992 2568//4992 2185//4992
f 1801//4993 2102//4993 1790//4993
f 2003//4994 2002//4994 1945//4994
f 1945//4995 2002//4995 2013//4995
f 1945//4996 2013//4996 1943//4996
f 1943//4997 2013//4997 1942//4997
f 1942//4998 2013//4998 2015//4998
f 1942//4999 2015//4999 1940//4999
f 2227//5000 1853//5000 2560//5000
f 2227//5001 2560//5001 2567//5001
f 2567//5002 2185//5002 2227//5002
f 2227//5003 2226//5003 1853//5003
f 1853//5004 2226//5004 1845//5004
f 1839//5005 1841//5005 2238//5005
f 1801//5006 1809//5006 2102//5006
f 2102//5007 1809//5007 2099//5007
f 2099//5008 1809//5008 1796//5008
f 1817//5009 1820//5009 2558//5009
f 1770//5010 1971//5010 1958//5010
f 2569//5011 2188//5011 2187//5011
f 2015//5012 1934//5012 1940//5012
f 2185//5013 2568//5013 2570//5013
f 2238//5014 1841//5014 1845//5014
f 1813//5015 1817//5015 2089//5015
f 2089//5016 1817//5016 2558//5016
f 1770//5017 1958//5017 1769//5017
f 1769//5018 1958//5018 1957//5018
f 1769//5019 1957//5019 1956//5019
f 2235//5020 2571//5020 2572//5020
f 2573//5021 2235//5021 2188//5021
f 2573//5022 2574//5022 2235//5022
f 2235//5023 2574//5023 2571//5023
f 1900//5024 2046//5024 1901//5024
f 1901//5025 2046//5025 2050//5025
f 1901//5026 2050//5026 2040//5026
f 1901//5027 2040//5027 1887//5027
f 2238//5028 1835//5028 1839//5028
f 1790//5029 2102//5029 1785//5029
f 1785//5030 2102//5030 2095//5030
f 2095//5031 1948//5031 1785//5031
f 1785//5032 1948//5032 1781//5032
f 2558//5033 1825//5033 1827//5033
f 2572//5034 2558//5034 2235//5034
f 2235//5035 2558//5035 2238//5035
f 2238//5036 2558//5036 1827//5036
f 2188//5037 2569//5037 2573//5037
f 2238//5038 1827//5038 1835//5038
f 1820//5039 1825//5039 2558//5039
f 2569//5040 2187//5040 2575//5040
f 1781//5041 1948//5041 1950//5041
f 1781//5042 1950//5042 1784//5042
f 2569//5043 2575//5043 2576//5043
f 2054//5044 1886//5044 2040//5044
f 2040//5045 1886//5045 1887//5045
f 1971//5046 1770//5046 1773//5046
f 1971//5047 1773//5047 1972//5047
f 1972//5048 1773//5048 1775//5048
f 1972//5049 1775//5049 1950//5049
f 1950//5050 1775//5050 1784//5050
f 1810//5051 2093//5051 1796//5051
f 1796//5052 2093//5052 2099//5052
f 2093//5053 1810//5053 2089//5053
f 2089//5054 1810//5054 1813//5054
f 2577//5055 2578//5055 2579//5055
f 2579//5056 2578//5056 2580//5056
f 2579//5057 2580//5057 2581//5057
f 2581//5058 2580//5058 2582//5058
f 2583//5059 2584//5059 2585//5059
f 2580//5060 2586//5060 2582//5060
f 2582//5061 2586//5061 2584//5061
f 2582//5062 2584//5062 2587//5062
f 2587//5063 2584//5063 2583//5063
f 2588//5064 2589//5064 2590//5064
f 2584//5065 2591//5065 2585//5065
f 2585//5066 2591//5066 2588//5066
f 2585//5067 2588//5067 2592//5067
f 2592//5068 2588//5068 2590//5068
f 2593//5069 2594//5069 2595//5069
f 2595//5070 2594//5070 2596//5070
f 2595//5071 2596//5071 2597//5071
f 2595//5072 2597//5072 2598//5072
f 2598//5073 2597//5073 2599//5073
f 2598//5074 2599//5074 2600//5074
f 2598//5075 2600//5075 2601//5075
f 2598//5076 2601//5076 2602//5076
f 2602//5077 2601//5077 2603//5077
f 2602//5078 2603//5078 2604//5078
f 2602//5079 2604//5079 2605//5079
f 2605//5080 2604//5080 2606//5080
f 2606//5081 2604//5081 2590//5081
f 2606//5082 2590//5082 2607//5082
f 2607//5083 2590//5083 2589//5083
f 2594//5084 2593//5084 2608//5084
f 2608//5085 2593//5085 2609//5085
f 2593//5086 2610//5086 2609//5086
f 2609//5087 2610//5087 2611//5087
f 2609//5088 2611//5088 2612//5088
f 2609//5089 2612//5089 2613//5089
f 2612//5090 2614//5090 2613//5090
f 2613//5091 2614//5091 2615//5091
f 2613//5092 2615//5092 2616//5092
f 2616//5093 2615//5093 2617//5093
f 2617//5094 2615//5094 2618//5094
f 2617//5095 2618//5095 2619//5095
f 2619//5096 2618//5096 2620//5096
f 2619//5097 2620//5097 2621//5097
f 2621//5098 2620//5098 2622//5098
f 2621//5099 2622//5099 2623//5099
f 2623//5100 2622//5100 2624//5100
f 2624//5101 2622//5101 2625//5101
f 2625//5102 2626//5102 2624//5102
f 2624//5103 2626//5103 2627//5103
f 2627//5104 2626//5104 2628//5104
f 2627//5105 2628//5105 2629//5105
f 2629//5106 2628//5106 2630//5106
f 2629//5107 2630//5107 2631//5107
f 2629//5108 2631//5108 2632//5108
f 2632//5109 2631//5109 2633//5109
f 2631//5110 2634//5110 2633//5110
f 2633//5111 2634//5111 2635//5111
f 2633//5112 2635//5112 2636//5112
f 2636//5113 2635//5113 2637//5113
f 2636//5114 2637//5114 2638//5114
f 2638//5115 2637//5115 2639//5115
f 2639//5116 2637//5116 2640//5116
f 2639//5117 2640//5117 2641//5117
f 2641//5118 2640//5118 2642//5118
f 2641//5119 2642//5119 2643//5119
f 2643//5120 2642//5120 2644//5120
f 2644//5121 2642//5121 2645//5121
f 2644//5122 2645//5122 2646//5122
f 2647//5123 2648//5123 2649//5123
f 2649//5124 2648//5124 2650//5124
f 2650//5125 2648//5125 2651//5125
f 2650//5126 2651//5126 2652//5126
f 2652//5127 2651//5127 2653//5127
f 2653//5128 2651//5128 2654//5128
f 2653//5129 2654//5129 2655//5129
f 2653//5130 2655//5130 2656//5130
f 2656//5131 2655//5131 2657//5131
f 2657//5132 2655//5132 2658//5132
f 2657//5133 2658//5133 2659//5133
f 2659//5134 2658//5134 2660//5134
f 2659//5135 2660//5135 2661//5135
f 2661//5136 2660//5136 2662//5136
f 2661//5137 2662//5137 2577//5137
f 2577//5138 2662//5138 2578//5138
f 2649//5139 2663//5139 2647//5139
f 2647//5140 2663//5140 2664//5140
f 2664//5141 2663//5141 2665//5141
f 2666//5142 2667//5142 2668//5142
f 2668//5143 2667//5143 2669//5143
f 2668//5144 2669//5144 2670//5144
f 2663//5145 2671//5145 2665//5145
f 2665//5146 2671//5146 2672//5146
f 2672//5147 2671//5147 2673//5147
f 2672//5148 2673//5148 2674//5148
f 2674//5149 2673//5149 2675//5149
f 2674//5150 2675//5150 2666//5150
f 2666//5151 2675//5151 2667//5151
f 2670//5152 2676//5152 2677//5152
f 2677//5153 2676//5153 2678//5153
f 2670//5154 2669//5154 2676//5154
f 2679//5155 2680//5155 2681//5155
f 2681//5156 2680//5156 2682//5156
f 2681//5157 2682//5157 2678//5157
f 2678//5158 2682//5158 2677//5158
f 2683//5159 2684//5159 2685//5159
f 2685//5160 2684//5160 2686//5160
f 2686//5161 2684//5161 2687//5161
f 2686//5162 2687//5162 2679//5162
f 2679//5163 2687//5163 2688//5163
f 2679//5164 2688//5164 2689//5164
f 2679//5165 2689//5165 2680//5165
f 2690//5166 2691//5166 2692//5166
f 2692//5167 2691//5167 2693//5167
f 2693//5168 2691//5168 2683//5168
f 2693//5169 2683//5169 2685//5169
f 2690//5170 2692//5170 2694//5170
f 2690//5171 2694//5171 2695//5171
f 2695//5172 2694//5172 2696//5172
f 2695//5173 2696//5173 2697//5173
f 2697//5174 2696//5174 2698//5174
f 2697//5175 2698//5175 2699//5175
f 2699//5176 2698//5176 2700//5176
f 2699//5177 2700//5177 2701//5177
f 2701//5178 2700//5178 2702//5178
f 2701//5179 2702//5179 2703//5179
f 2704//5180 2705//5180 2706//5180
f 2706//5181 2705//5181 2703//5181
f 2703//5182 2702//5182 2706//5182
f 2707//5183 2708//5183 2709//5183
f 2709//5184 2708//5184 2710//5184
f 2710//5185 2708//5185 2711//5185
f 2710//5186 2711//5186 2712//5186
f 2712//5187 2711//5187 2713//5187
f 2713//5188 2711//5188 2714//5188
f 2714//5189 2711//5189 2715//5189
f 2714//5190 2715//5190 2704//5190
f 2704//5191 2715//5191 2705//5191
f 2707//5192 2709//5192 2716//5192
f 2707//5193 2716//5193 2717//5193
f 2717//5194 2716//5194 2718//5194
f 2717//5195 2718//5195 2719//5195
f 2719//5196 2718//5196 2720//5196
f 2721//5197 2722//5197 2720//5197
f 2721//5198 2720//5198 2718//5198
f 2723//5199 2724//5199 2725//5199
f 2723//5200 2725//5200 2726//5200
f 2726//5201 2725//5201 2727//5201
f 2726//5202 2727//5202 2728//5202
f 2728//5203 2727//5203 2722//5203
f 2728//5204 2722//5204 2721//5204
f 2729//5205 2730//5205 2731//5205
f 2534//5206 2551//5206 2732//5206
f 2682//5207 2680//5207 2733//5207
f 2646//5208 2734//5208 2735//5208
f 2736//5209 2737//5209 2738//5209
f 2738//5210 2737//5210 2739//5210
f 2740//5211 2738//5211 2739//5211
f 2741//5212 2742//5212 2740//5212
f 2743//5213 2744//5213 2742//5213
f 2742//5214 2744//5214 2740//5214
f 2745//5215 2746//5215 2747//5215
f 2746//5216 2745//5216 2748//5216
f 2748//5217 2745//5217 2749//5217
f 2750//5218 2751//5218 2749//5218
f 2749//5219 2751//5219 2748//5219
f 2752//5220 2751//5220 2750//5220
f 2753//5221 2752//5221 2754//5221
f 2753//5222 2754//5222 2755//5222
f 2755//5223 2754//5223 2756//5223
f 2755//5224 2756//5224 2757//5224
f 2758//5225 2759//5225 2760//5225
f 2758//5226 2760//5226 2756//5226
f 2756//5227 2760//5227 2757//5227
f 2761//5228 2762//5228 2758//5228
f 2758//5229 2762//5229 2759//5229
f 2763//5230 2764//5230 2762//5230
f 2764//5231 2763//5231 2765//5231
f 2766//5232 2767//5232 2768//5232
f 2724//5233 2769//5233 2770//5233
f 2770//5234 2769//5234 2768//5234
f 2771//5235 2724//5235 2770//5235
f 2727//5236 2725//5236 2771//5236
f 2771//5237 2725//5237 2724//5237
f 2722//5238 2727//5238 2772//5238
f 2719//5239 2720//5239 2773//5239
f 2773//5240 2720//5240 2772//5240
f 2772//5241 2720//5241 2722//5241
f 2719//5242 2773//5242 2717//5242
f 2707//5243 2717//5243 2708//5243
f 2774//5244 2711//5244 2708//5244
f 2775//5245 2715//5245 2774//5245
f 2774//5246 2715//5246 2711//5246
f 2715//5247 2775//5247 2705//5247
f 2705//5248 2775//5248 2776//5248
f 2705//5249 2776//5249 2703//5249
f 2703//5250 2776//5250 2701//5250
f 2697//5251 2699//5251 2701//5251
f 2690//5252 2695//5252 2691//5252
f 2688//5253 2687//5253 2683//5253
f 2683//5254 2687//5254 2684//5254
f 2733//5255 2680//5255 2688//5255
f 2688//5256 2680//5256 2689//5256
f 2668//5257 2670//5257 2777//5257
f 2777//5258 2670//5258 2677//5258
f 2777//5259 2677//5259 2733//5259
f 2733//5260 2677//5260 2682//5260
f 2778//5261 2674//5261 2668//5261
f 2668//5262 2674//5262 2666//5262
f 2665//5263 2672//5263 2778//5263
f 2778//5264 2672//5264 2674//5264
f 2664//5265 2665//5265 2647//5265
f 2779//5266 2648//5266 2647//5266
f 2648//5267 2779//5267 2651//5267
f 2651//5268 2779//5268 2780//5268
f 2780//5269 2654//5269 2651//5269
f 2662//5270 2660//5270 2781//5270
f 2781//5271 2660//5271 2658//5271
f 2781//5272 2658//5272 2654//5272
f 2654//5273 2658//5273 2655//5273
f 2578//5274 2662//5274 2580//5274
f 2584//5275 2586//5275 2580//5275
f 2591//5276 2584//5276 2588//5276
f 2607//5277 2589//5277 2588//5277
f 2606//5278 2607//5278 2605//5278
f 2598//5279 2602//5279 2782//5279
f 2782//5280 2602//5280 2605//5280
f 2598//5281 2783//5281 2595//5281
f 2595//5282 2783//5282 2784//5282
f 2785//5283 2593//5283 2784//5283
f 2784//5284 2593//5284 2595//5284
f 2593//5285 2785//5285 2610//5285
f 2610//5286 2785//5286 2611//5286
f 2611//5287 2614//5287 2612//5287
f 2620//5288 2618//5288 2615//5288
f 2786//5289 2626//5289 2625//5289
f 2786//5290 2625//5290 2620//5290
f 2620//5291 2625//5291 2622//5291
f 2626//5292 2786//5292 2628//5292
f 2628//5293 2786//5293 2787//5293
f 2628//5294 2787//5294 2630//5294
f 2630//5295 2787//5295 2631//5295
f 2635//5296 2634//5296 2631//5296
f 2637//5297 2635//5297 2788//5297
f 2637//5298 2788//5298 2640//5298
f 2640//5299 2788//5299 2789//5299
f 2640//5300 2789//5300 2790//5300
f 2640//5301 2790//5301 2642//5301
f 2646//5302 2645//5302 2734//5302
f 2734//5303 2645//5303 2790//5303
f 2790//5304 2645//5304 2642//5304
f 2791//5305 2336//5305 2339//5305
f 2313//5306 2319//5306 2792//5306
f 2311//5307 2314//5307 2793//5307
f 2794//5308 2310//5308 2311//5308
f 2795//5309 2296//5309 2310//5309
f 2310//5310 2796//5310 2795//5310
f 2296//5311 2797//5311 2295//5311
f 2295//5312 2797//5312 2798//5312
f 2798//5313 2290//5313 2295//5313
f 2799//5314 2285//5314 2800//5314
f 2800//5315 2285//5315 2287//5315
f 2801//5316 2284//5316 2285//5316
f 2272//5317 2284//5317 2802//5317
f 2803//5318 2576//5318 2575//5318
f 2804//5319 2569//5319 2576//5319
f 2805//5320 2573//5320 2569//5320
f 2806//5321 2571//5321 2574//5321
f 2807//5322 2574//5322 2573//5322
f 2572//5323 2571//5323 2808//5323
f 2558//5324 1737//5324 1736//5324
f 2551//5325 2552//5325 2809//5325
f 2537//5326 2535//5326 2810//5326
f 2811//5327 2525//5327 2526//5327
f 2812//5328 2511//5328 2525//5328
f 2505//5329 2510//5329 2813//5329
f 2505//5330 2813//5330 2501//5330
f 2501//5331 2813//5331 2814//5331
f 2815//5332 2495//5332 2500//5332
f 2478//5333 2496//5333 2816//5333
f 2565//5334 2162//5334 2817//5334
f 2818//5335 2565//5335 2817//5335
f 2819//5336 2566//5336 2818//5336
f 2818//5337 2566//5337 2565//5337
f 2820//5338 2566//5338 2819//5338
f 2566//5339 2820//5339 2564//5339
f 2564//5340 2820//5340 2821//5340
f 2564//5341 2821//5341 2557//5341
f 2557//5342 2821//5342 2822//5342
f 2557//5343 2822//5343 2823//5343
f 2557//5344 2823//5344 2556//5344
f 2556//5345 2823//5345 2824//5345
f 2825//5346 2561//5346 2824//5346
f 2824//5347 2561//5347 2556//5347
f 2826//5348 2562//5348 2561//5348
f 2459//5349 2562//5349 2826//5349
f 2562//5350 2459//5350 2563//5350
f 2827//5351 2563//5351 2828//5351
f 2563//5352 2827//5352 2559//5352
f 2559//5353 2827//5353 2829//5353
f 2559//5354 2829//5354 2830//5354
f 2559//5355 2830//5355 2560//5355
f 2560//5356 2830//5356 2831//5356
f 2560//5357 2831//5357 2567//5357
f 2567//5358 2831//5358 2832//5358
f 2833//5359 2568//5359 2832//5359
f 2832//5360 2568//5360 2567//5360
f 2834//5361 2568//5361 2833//5361
f 2570//5362 2835//5362 2185//5362
f 2185//5363 2835//5363 2791//5363
f 2185//5364 2791//5364 2339//5364
f 2836//5365 2837//5365 2365//5365
f 2366//5366 2837//5366 2838//5366
f 2366//5367 2365//5367 2837//5367
f 2839//5368 2363//5368 2366//5368
f 2840//5369 2354//5369 2363//5369
f 2456//5370 2348//5370 2841//5370
f 2417//5371 2456//5371 2842//5371
f 2730//5372 2458//5372 2415//5372
f 2730//5373 2415//5373 2731//5373
f 2731//5374 2415//5374 2418//5374
f 2563//5375 2459//5375 2828//5375
f 2828//5376 2459//5376 2458//5376
f 2409//5377 2454//5377 2826//5377
f 2826//5378 2454//5378 2459//5378
f 2409//5379 2826//5379 2843//5379
f 2405//5380 2844//5380 2406//5380
f 2406//5381 2844//5381 2845//5381
f 2844//5382 2405//5382 2843//5382
f 2843//5383 2405//5383 2409//5383
f 2406//5384 2845//5384 2408//5384
f 2408//5385 2845//5385 2846//5385
f 2408//5386 2846//5386 2399//5386
f 2399//5387 2846//5387 2847//5387
f 2386//5388 2398//5388 2848//5388
f 2848//5389 2398//5389 2847//5389
f 2847//5390 2398//5390 2399//5390
f 2849//5391 2382//5391 2381//5391
f 2381//5392 2386//5392 2849//5392
f 2849//5393 2386//5393 2848//5393
f 2370//5394 2382//5394 2850//5394
f 2382//5395 2849//5395 2851//5395
f 2382//5396 2851//5396 2852//5396
f 2382//5397 2852//5397 2850//5397
f 2365//5398 2368//5398 2836//5398
f 2836//5399 2368//5399 2850//5399
f 2850//5400 2368//5400 2370//5400
f 2737//5401 2736//5401 2853//5401
f 2853//5402 2736//5402 2735//5402
f 2853//5403 2735//5403 2812//5403
f 2812//5404 2735//5404 2734//5404
f 2812//5405 2734//5405 2790//5405
f 2854//5406 2790//5406 2789//5406
f 2854//5407 2789//5407 2855//5407
f 2855//5408 2789//5408 2788//5408
f 2855//5409 2788//5409 2856//5409
f 2856//5410 2788//5410 2635//5410
f 2856//5411 2635//5411 2857//5411
f 2857//5412 2635//5412 2631//5412
f 2857//5413 2631//5413 2858//5413
f 2858//5414 2631//5414 2787//5414
f 2858//5415 2787//5415 2859//5415
f 2859//5416 2787//5416 2786//5416
f 2859//5417 2786//5417 2860//5417
f 2860//5418 2786//5418 2620//5418
f 2860//5419 2620//5419 2861//5419
f 2861//5420 2620//5420 2615//5420
f 2861//5421 2615//5421 2862//5421
f 2862//5422 2615//5422 2614//5422
f 2862//5423 2614//5423 2863//5423
f 2863//5424 2614//5424 2611//5424
f 2863//5425 2611//5425 2864//5425
f 2864//5426 2611//5426 2785//5426
f 2864//5427 2785//5427 2865//5427
f 2865//5428 2785//5428 2784//5428
f 2865//5429 2784//5429 2866//5429
f 2866//5430 2784//5430 2783//5430
f 2866//5431 2783//5431 2867//5431
f 2747//5432 2746//5432 2743//5432
f 2747//5433 2743//5433 2868//5433
f 2868//5434 2743//5434 2742//5434
f 2868//5435 2742//5435 2869//5435
f 2869//5436 2742//5436 2741//5436
f 2869//5437 2741//5437 2870//5437
f 2871//5438 2870//5438 2853//5438
f 2871//5439 2853//5439 2811//5439
f 2811//5440 2853//5440 2812//5440
f 2811//5441 2812//5441 2525//5441
f 2815//5442 2500//5442 2872//5442
f 2815//5443 2872//5443 2873//5443
f 2873//5444 2872//5444 2874//5444
f 2873//5445 2874//5445 2875//5445
f 2875//5446 2874//5446 2876//5446
f 2875//5447 2876//5447 2877//5447
f 2877//5448 2876//5448 2878//5448
f 2877//5449 2878//5449 2879//5449
f 2879//5450 2878//5450 2880//5450
f 2879//5451 2880//5451 2881//5451
f 2881//5452 2880//5452 2882//5452
f 2881//5453 2882//5453 2883//5453
f 2883//5454 2882//5454 2884//5454
f 2883//5455 2884//5455 2885//5455
f 2885//5456 2884//5456 2886//5456
f 2885//5457 2886//5457 2887//5457
f 2887//5458 2886//5458 2888//5458
f 2887//5459 2888//5459 2889//5459
f 2889//5460 2888//5460 2890//5460
f 2889//5461 2890//5461 2891//5461
f 2891//5462 2890//5462 2892//5462
f 2891//5463 2892//5463 2893//5463
f 2893//5464 2892//5464 2894//5464
f 2893//5465 2894//5465 2895//5465
f 2895//5466 2894//5466 2896//5466
f 2895//5467 2896//5467 2897//5467
f 2897//5468 2896//5468 2898//5468
f 2897//5469 2898//5469 2899//5469
f 2899//5470 2898//5470 2900//5470
f 2496//5471 2495//5471 2816//5471
f 2816//5472 2495//5472 2815//5472
f 2816//5473 2815//5473 2901//5473
f 2901//5474 2815//5474 2873//5474
f 2901//5475 2873//5475 2902//5475
f 2902//5476 2873//5476 2875//5476
f 2902//5477 2875//5477 2903//5477
f 2903//5478 2875//5478 2877//5478
f 2903//5479 2877//5479 2904//5479
f 2904//5480 2877//5480 2879//5480
f 2904//5481 2879//5481 2905//5481
f 2905//5482 2879//5482 2881//5482
f 2905//5483 2881//5483 2906//5483
f 2906//5484 2881//5484 2883//5484
f 2906//5485 2883//5485 2907//5485
f 2907//5486 2883//5486 2885//5486
f 2907//5487 2885//5487 2908//5487
f 2908//5488 2885//5488 2887//5488
f 2908//5489 2887//5489 2909//5489
f 2909//5490 2887//5490 2889//5490
f 2909//5491 2889//5491 2910//5491
f 2910//5492 2889//5492 2891//5492
f 2910//5493 2891//5493 2911//5493
f 2911//5494 2891//5494 2893//5494
f 2911//5495 2893//5495 2912//5495
f 2912//5496 2893//5496 2895//5496
f 2912//5497 2895//5497 2913//5497
f 2913//5498 2895//5498 2897//5498
f 2913//5499 2897//5499 2914//5499
f 2914//5500 2897//5500 2899//5500
f 2915//5501 2478//5501 2816//5501
f 2915//5502 2816//5502 2916//5502
f 2916//5503 2816//5503 2901//5503
f 2916//5504 2901//5504 2917//5504
f 2917//5505 2901//5505 2902//5505
f 2917//5506 2902//5506 2918//5506
f 2918//5507 2902//5507 2903//5507
f 2918//5508 2903//5508 2919//5508
f 2919//5509 2903//5509 2904//5509
f 2919//5510 2904//5510 2920//5510
f 2920//5511 2904//5511 2905//5511
f 2920//5512 2905//5512 2921//5512
f 2921//5513 2905//5513 2906//5513
f 2921//5514 2906//5514 2922//5514
f 2922//5515 2906//5515 2907//5515
f 2922//5516 2907//5516 2923//5516
f 2923//5517 2907//5517 2908//5517
f 2923//5518 2908//5518 2924//5518
f 2924//5519 2908//5519 2909//5519
f 2924//5520 2909//5520 2925//5520
f 2925//5521 2909//5521 2910//5521
f 2925//5522 2910//5522 2926//5522
f 2926//5523 2910//5523 2911//5523
f 2926//5524 2911//5524 2927//5524
f 2927//5525 2911//5525 2912//5525
f 2927//5526 2912//5526 2928//5526
f 2928//5527 2912//5527 2913//5527
f 2928//5528 2913//5528 2929//5528
f 2929//5529 2913//5529 2914//5529
f 2930//5530 2931//5530 2932//5530
f 2932//5531 2931//5531 2933//5531
f 2932//5532 2933//5532 2934//5532
f 2934//5533 2933//5533 2935//5533
f 2934//5534 2935//5534 2936//5534
f 2936//5535 2935//5535 2937//5535
f 2936//5536 2937//5536 2938//5536
f 2938//5537 2937//5537 2939//5537
f 2938//5538 2939//5538 2940//5538
f 2940//5539 2939//5539 2941//5539
f 2940//5540 2941//5540 2942//5540
f 2942//5541 2941//5541 2943//5541
f 2942//5542 2943//5542 2944//5542
f 2944//5543 2943//5543 2945//5543
f 2944//5544 2945//5544 2946//5544
f 2561//5545 2825//5545 2826//5545
f 2826//5546 2825//5546 2930//5546
f 2826//5547 2930//5547 2843//5547
f 2843//5548 2930//5548 2932//5548
f 2843//5549 2932//5549 2844//5549
f 2844//5550 2932//5550 2934//5550
f 2844//5551 2934//5551 2845//5551
f 2845//5552 2934//5552 2936//5552
f 2845//5553 2936//5553 2846//5553
f 2846//5554 2936//5554 2938//5554
f 2846//5555 2938//5555 2847//5555
f 2847//5556 2938//5556 2940//5556
f 2847//5557 2940//5557 2848//5557
f 2848//5558 2940//5558 2942//5558
f 2848//5559 2942//5559 2849//5559
f 2849//5560 2942//5560 2944//5560
f 2849//5561 2944//5561 2851//5561
f 2851//5562 2944//5562 2946//5562
f 2851//5563 2946//5563 2852//5563
f 2947//5564 2478//5564 2915//5564
f 2947//5565 2915//5565 2948//5565
f 2948//5566 2915//5566 2916//5566
f 2948//5567 2916//5567 2949//5567
f 2949//5568 2916//5568 2917//5568
f 2949//5569 2917//5569 2950//5569
f 2950//5570 2917//5570 2918//5570
f 2950//5571 2918//5571 2951//5571
f 2951//5572 2918//5572 2919//5572
f 2951//5573 2919//5573 2952//5573
f 2952//5574 2919//5574 2920//5574
f 2952//5575 2920//5575 2953//5575
f 2953//5576 2920//5576 2921//5576
f 2953//5577 2921//5577 2954//5577
f 2954//5578 2921//5578 2922//5578
f 2954//5579 2922//5579 2955//5579
f 2955//5580 2922//5580 2923//5580
f 2955//5581 2923//5581 2956//5581
f 2956//5582 2923//5582 2924//5582
f 2956//5583 2924//5583 2957//5583
f 2957//5584 2924//5584 2925//5584
f 2957//5585 2925//5585 2958//5585
f 2958//5586 2925//5586 2926//5586
f 2958//5587 2926//5587 2959//5587
f 2959//5588 2926//5588 2927//5588
f 2959//5589 2927//5589 2960//5589
f 2960//5590 2927//5590 2928//5590
f 2960//5591 2928//5591 2961//5591
f 2961//5592 2928//5592 2929//5592
f 2479//5593 2478//5593 2962//5593
f 2962//5594 2478//5594 2947//5594
f 2962//5595 2947//5595 2963//5595
f 2963//5596 2947//5596 2948//5596
f 2963//5597 2948//5597 2964//5597
f 2964//5598 2948//5598 2949//5598
f 2964//5599 2949//5599 2965//5599
f 2965//5600 2949//5600 2950//5600
f 2965//5601 2950//5601 2966//5601
f 2966//5602 2950//5602 2951//5602
f 2966//5603 2951//5603 2967//5603
f 2967//5604 2951//5604 2952//5604
f 2967//5605 2952//5605 2968//5605
f 2968//5606 2952//5606 2953//5606
f 2968//5607 2953//5607 2969//5607
f 2969//5608 2953//5608 2954//5608
f 2969//5609 2954//5609 2970//5609
f 2970//5610 2954//5610 2955//5610
f 2970//5611 2955//5611 2971//5611
f 2971//5612 2955//5612 2956//5612
f 2971//5613 2956//5613 2972//5613
f 2972//5614 2956//5614 2957//5614
f 2972//5615 2957//5615 2973//5615
f 2973//5616 2957//5616 2958//5616
f 2973//5617 2958//5617 2974//5617
f 2974//5618 2958//5618 2959//5618
f 2974//5619 2959//5619 2975//5619
f 2975//5620 2959//5620 2960//5620
f 2975//5621 2960//5621 2976//5621
f 2976//5622 2960//5622 2961//5622
f 2976//5623 2977//5623 2975//5623
f 2975//5624 2977//5624 2978//5624
f 2975//5625 2978//5625 2974//5625
f 2974//5626 2978//5626 2979//5626
f 2974//5627 2979//5627 2973//5627
f 2973//5628 2979//5628 2980//5628
f 2973//5629 2980//5629 2972//5629
f 2972//5630 2980//5630 2981//5630
f 2972//5631 2981//5631 2971//5631
f 2971//5632 2981//5632 2982//5632
f 2971//5633 2982//5633 2970//5633
f 2970//5634 2982//5634 2983//5634
f 2970//5635 2983//5635 2969//5635
f 2969//5636 2983//5636 2984//5636
f 2969//5637 2984//5637 2968//5637
f 2968//5638 2984//5638 2985//5638
f 2968//5639 2985//5639 2967//5639
f 2967//5640 2985//5640 2986//5640
f 2967//5641 2986//5641 2966//5641
f 2966//5642 2986//5642 2987//5642
f 2966//5643 2987//5643 2965//5643
f 2965//5644 2987//5644 2988//5644
f 2965//5645 2988//5645 2964//5645
f 2964//5646 2988//5646 2989//5646
f 2964//5647 2989//5647 2963//5647
f 2963//5648 2989//5648 2990//5648
f 2963//5649 2990//5649 2962//5649
f 2962//5650 2990//5650 2991//5650
f 2962//5651 2991//5651 2479//5651
f 2468//5652 2479//5652 2992//5652
f 2992//5653 2479//5653 2991//5653
f 2992//5654 2991//5654 2993//5654
f 2993//5655 2991//5655 2990//5655
f 2993//5656 2990//5656 2994//5656
f 2994//5657 2990//5657 2989//5657
f 2994//5658 2989//5658 2995//5658
f 2995//5659 2989//5659 2988//5659
f 2995//5660 2988//5660 2996//5660
f 2996//5661 2988//5661 2987//5661
f 2996//5662 2987//5662 2997//5662
f 2997//5663 2987//5663 2986//5663
f 2997//5664 2986//5664 2998//5664
f 2998//5665 2986//5665 2985//5665
f 2998//5666 2985//5666 2999//5666
f 2999//5667 2985//5667 2984//5667
f 2999//5668 2984//5668 3000//5668
f 3000//5669 2984//5669 2983//5669
f 3000//5670 2983//5670 3001//5670
f 3001//5671 2983//5671 2982//5671
f 3001//5672 2982//5672 3002//5672
f 3002//5673 2982//5673 2981//5673
f 3002//5674 2981//5674 3003//5674
f 3003//5675 2981//5675 2980//5675
f 3003//5676 2980//5676 3004//5676
f 3004//5677 2980//5677 2979//5677
f 3004//5678 2979//5678 3005//5678
f 3005//5679 2979//5679 2978//5679
f 3005//5680 2978//5680 3006//5680
f 3006//5681 2978//5681 2977//5681
f 2460//5682 2468//5682 3007//5682
f 3007//5683 2468//5683 2992//5683
f 3007//5684 2992//5684 3008//5684
f 3008//5685 2992//5685 2993//5685
f 3008//5686 2993//5686 3009//5686
f 3009//5687 2993//5687 2994//5687
f 3009//5688 2994//5688 3010//5688
f 3010//5689 2994//5689 2995//5689
f 3010//5690 2995//5690 3011//5690
f 3011//5691 2995//5691 2996//5691
f 3011//5692 2996//5692 3012//5692
f 3012//5693 2996//5693 2997//5693
f 3012//5694 2997//5694 3013//5694
f 3013//5695 2997//5695 2998//5695
f 3013//5696 2998//5696 3014//5696
f 3014//5697 2998//5697 2999//5697
f 3014//5698 2999//5698 3015//5698
f 3015//5699 2999//5699 3000//5699
f 3015//5700 3000//5700 3016//5700
f 3016//5701 3000//5701 3001//5701
f 3016//5702 3001//5702 3017//5702
f 3017//5703 3001//5703 3002//5703
f 3017//5704 3002//5704 3018//5704
f 3018//5705 3002//5705 3003//5705
f 3018//5706 3003//5706 3019//5706
f 3019//5707 3003//5707 3004//5707
f 3019//5708 3004//5708 3020//5708
f 3020//5709 3004//5709 3005//5709
f 3020//5710 3005//5710 3021//5710
f 3021//5711 3005//5711 3006//5711
f 2162//5712 2460//5712 2817//5712
f 2817//5713 2460//5713 3007//5713
f 2817//5714 3007//5714 2818//5714
f 2818//5715 3007//5715 3008//5715
f 2818//5716 3008//5716 3009//5716
f 2818//5717 3009//5717 2819//5717
f 2819//5718 3009//5718 3010//5718
f 2819//5719 3010//5719 3011//5719
f 2819//5720 3011//5720 2820//5720
f 2820//5721 3011//5721 3012//5721
f 2820//5722 3012//5722 3013//5722
f 2820//5723 3013//5723 2821//5723
f 2821//5724 3013//5724 3014//5724
f 2821//5725 3014//5725 3015//5725
f 2821//5726 3015//5726 2822//5726
f 2822//5727 3015//5727 3016//5727
f 2822//5728 3016//5728 3017//5728
f 2822//5729 3017//5729 2823//5729
f 2823//5730 3017//5730 3018//5730
f 2823//5731 3018//5731 3019//5731
f 2823//5732 3019//5732 2824//5732
f 2824//5733 3019//5733 3020//5733
f 2824//5734 3020//5734 2825//5734
f 2825//5735 3020//5735 3021//5735
f 2825//5736 3021//5736 2930//5736
f 2930//5737 3021//5737 3006//5737
f 2930//5738 3006//5738 2931//5738
f 2931//5739 3006//5739 2977//5739
f 2931//5740 2977//5740 2933//5740
f 2933//5741 2977//5741 2976//5741
f 2933//5742 2976//5742 2935//5742
f 2935//5743 2976//5743 2961//5743
f 2935//5744 2961//5744 2937//5744
f 2937//5745 2961//5745 2929//5745
f 2937//5746 2929//5746 2939//5746
f 2939//5747 2929//5747 2914//5747
f 2939//5748 2914//5748 2941//5748
f 2941//5749 2914//5749 2899//5749
f 2941//5750 2899//5750 2943//5750
f 2943//5751 2899//5751 2900//5751
f 2943//5752 2900//5752 2945//5752
f 2810//5753 2535//5753 3022//5753
f 2810//5754 3022//5754 3023//5754
f 3023//5755 3022//5755 3024//5755
f 3023//5756 3024//5756 3025//5756
f 3025//5757 3024//5757 3026//5757
f 3025//5758 3026//5758 3027//5758
f 3027//5759 3026//5759 3028//5759
f 3027//5760 3028//5760 3029//5760
f 3030//5761 3029//5761 3031//5761
f 3030//5762 3031//5762 3032//5762
f 3033//5763 3032//5763 3034//5763
f 3033//5764 3034//5764 3035//5764
f 3036//5765 3035//5765 3037//5765
f 3036//5766 3037//5766 3038//5766
f 3038//5767 3037//5767 3039//5767
f 3038//5768 3039//5768 3040//5768
f 3040//5769 3039//5769 3041//5769
f 3040//5770 3041//5770 3042//5770
f 3042//5771 3041//5771 3043//5771
f 3042//5772 3043//5772 3044//5772
f 3045//5773 3044//5773 3046//5773
f 3045//5774 3046//5774 3047//5774
f 3047//5775 3046//5775 3048//5775
f 3047//5776 3048//5776 3049//5776
f 3049//5777 3048//5777 3050//5777
f 3049//5778 3050//5778 3051//5778
f 3051//5779 3050//5779 3052//5779
f 3051//5780 3052//5780 3053//5780
f 3053//5781 3052//5781 3054//5781
f 3053//5782 3054//5782 2259//5782
f 2258//5783 2259//5783 3054//5783
f 3055//5784 3046//5784 3044//5784
f 3055//5785 3044//5785 3043//5785
f 3056//5786 3043//5786 3041//5786
f 3056//5787 3041//5787 3039//5787
f 3057//5788 3037//5788 3035//5788
f 3057//5789 3035//5789 3034//5789
f 3058//5790 3034//5790 3032//5790
f 3058//5791 3032//5791 3031//5791
f 3059//5792 3031//5792 3029//5792
f 3059//5793 3029//5793 3028//5793
f 2534//5794 3022//5794 2535//5794
f 3022//5795 2534//5795 3060//5795
f 3022//5796 3060//5796 3024//5796
f 3024//5797 3060//5797 3061//5797
f 3024//5798 3061//5798 3026//5798
f 3026//5799 3061//5799 3062//5799
f 3026//5800 3062//5800 3028//5800
f 3028//5801 3062//5801 3063//5801
f 3028//5802 3063//5802 3059//5802
f 3031//5803 3059//5803 3064//5803
f 3031//5804 3064//5804 3058//5804
f 3034//5805 3058//5805 3065//5805
f 3034//5806 3065//5806 3057//5806
f 3037//5807 3057//5807 3066//5807
f 3037//5808 3066//5808 3039//5808
f 3039//5809 3066//5809 3067//5809
f 3039//5810 3067//5810 3056//5810
f 3043//5811 3056//5811 3068//5811
f 3043//5812 3068//5812 3055//5812
f 3046//5813 3055//5813 3069//5813
f 3046//5814 3069//5814 3048//5814
f 3048//5815 3069//5815 3070//5815
f 3048//5816 3070//5816 3050//5816
f 3050//5817 3070//5817 3071//5817
f 3050//5818 3071//5818 3052//5818
f 3052//5819 3071//5819 3072//5819
f 3052//5820 3072//5820 3054//5820
f 3054//5821 3072//5821 3073//5821
f 3054//5822 3073//5822 2258//5822
f 2258//5823 3073//5823 2251//5823
f 3074//5824 2251//5824 3073//5824
f 3074//5825 3073//5825 3072//5825
f 3075//5826 3069//5826 3055//5826
f 3075//5827 3055//5827 3068//5827
f 3076//5828 3068//5828 3056//5828
f 3076//5829 3056//5829 3067//5829
f 3077//5830 3066//5830 3057//5830
f 3077//5831 3057//5831 3065//5831
f 3078//5832 3065//5832 3058//5832
f 3078//5833 3058//5833 3064//5833
f 3079//5834 3064//5834 3059//5834
f 3079//5835 3059//5835 3063//5835
f 2732//5836 3061//5836 3060//5836
f 2732//5837 3060//5837 2534//5837
f 2841//5838 2348//5838 3080//5838
f 2841//5839 3080//5839 3081//5839
f 3081//5840 3080//5840 3082//5840
f 3081//5841 3082//5841 3083//5841
f 3083//5842 3082//5842 3084//5842
f 3083//5843 3084//5843 3085//5843
f 3085//5844 3084//5844 3086//5844
f 3085//5845 3086//5845 3087//5845
f 3087//5846 3086//5846 3088//5846
f 3087//5847 3088//5847 3089//5847
f 3089//5848 3088//5848 3090//5848
f 3089//5849 3090//5849 3091//5849
f 3091//5850 3090//5850 3092//5850
f 3091//5851 3092//5851 3093//5851
f 3093//5852 3092//5852 3094//5852
f 3093//5853 3094//5853 3095//5853
f 3095//5854 3094//5854 3096//5854
f 3095//5855 3096//5855 3097//5855
f 3097//5856 3096//5856 3098//5856
f 3097//5857 3098//5857 3099//5857
f 3099//5858 3098//5858 3100//5858
f 3099//5859 3100//5859 3101//5859
f 3101//5860 3100//5860 3102//5860
f 3101//5861 3102//5861 3103//5861
f 3103//5862 3102//5862 3104//5862
f 3103//5863 3104//5863 3105//5863
f 3105//5864 3104//5864 3106//5864
f 3105//5865 3106//5865 3107//5865
f 3107//5866 3106//5866 3108//5866
f 3107//5867 3108//5867 3109//5867
f 3109//5868 3108//5868 3110//5868
f 3109//5869 3110//5869 3111//5869
f 3111//5870 3110//5870 3112//5870
f 3111//5871 3112//5871 2792//5871
f 2842//5872 2456//5872 2841//5872
f 2842//5873 2841//5873 3113//5873
f 3113//5874 2841//5874 3081//5874
f 3113//5875 3081//5875 3114//5875
f 3114//5876 3081//5876 3083//5876
f 3114//5877 3083//5877 3115//5877
f 3115//5878 3083//5878 3085//5878
f 3115//5879 3085//5879 3116//5879
f 3116//5880 3085//5880 3087//5880
f 3116//5881 3087//5881 3117//5881
f 3117//5882 3087//5882 3089//5882
f 3117//5883 3089//5883 3118//5883
f 3118//5884 3089//5884 3091//5884
f 3118//5885 3091//5885 3119//5885
f 3119//5886 3091//5886 3093//5886
f 3119//5887 3093//5887 3120//5887
f 3120//5888 3093//5888 3095//5888
f 3120//5889 3095//5889 3121//5889
f 3121//5890 3095//5890 3097//5890
f 3121//5891 3097//5891 3122//5891
f 3122//5892 3097//5892 3099//5892
f 3122//5893 3099//5893 3123//5893
f 3123//5894 3099//5894 3101//5894
f 3123//5895 3101//5895 3124//5895
f 3124//5896 3101//5896 3103//5896
f 3124//5897 3103//5897 3125//5897
f 3125//5898 3103//5898 3105//5898
f 3125//5899 3105//5899 3126//5899
f 3126//5900 3105//5900 3107//5900
f 3126//5901 3107//5901 3127//5901
f 3127//5902 3107//5902 3109//5902
f 3127//5903 3109//5903 3128//5903
f 3128//5904 3109//5904 3111//5904
f 3128//5905 3111//5905 3129//5905
f 3129//5906 3111//5906 2792//5906
f 3129//5907 2792//5907 2319//5907
f 3130//5908 2417//5908 2842//5908
f 3130//5909 2842//5909 3131//5909
f 3131//5910 2842//5910 3113//5910
f 3131//5911 3113//5911 3132//5911
f 3132//5912 3113//5912 3114//5912
f 3132//5913 3114//5913 3133//5913
f 3133//5914 3114//5914 3115//5914
f 3133//5915 3115//5915 3134//5915
f 3134//5916 3115//5916 3116//5916
f 3134//5917 3116//5917 3135//5917
f 3135//5918 3116//5918 3117//5918
f 3135//5919 3117//5919 3136//5919
f 3136//5920 3117//5920 3118//5920
f 3136//5921 3118//5921 3137//5921
f 3137//5922 3118//5922 3119//5922
f 3137//5923 3119//5923 3138//5923
f 3138//5924 3119//5924 3120//5924
f 3138//5925 3120//5925 3139//5925
f 3139//5926 3120//5926 3121//5926
f 3139//5927 3121//5927 3140//5927
f 3140//5928 3121//5928 3122//5928
f 3140//5929 3122//5929 3141//5929
f 3141//5930 3122//5930 3123//5930
f 3141//5931 3123//5931 3142//5931
f 3142//5932 3123//5932 3124//5932
f 3142//5933 3124//5933 3143//5933
f 3143//5934 3124//5934 3125//5934
f 3143//5935 3125//5935 3144//5935
f 3144//5936 3125//5936 3126//5936
f 3144//5937 3126//5937 3145//5937
f 3145//5938 3126//5938 3127//5938
f 3145//5939 3127//5939 3146//5939
f 3146//5940 3127//5940 3128//5940
f 3146//5941 3128//5941 3147//5941
f 3147//5942 3128//5942 3129//5942
f 3147//5943 3129//5943 2333//5943
f 2333//5944 3129//5944 2319//5944
f 2333//5945 2335//5945 3147//5945
f 3147//5946 2335//5946 3148//5946
f 3147//5947 3148//5947 3146//5947
f 3146//5948 3148//5948 3149//5948
f 3146//5949 3149//5949 3145//5949
f 3145//5950 3149//5950 3150//5950
f 3145//5951 3150//5951 3144//5951
f 3144//5952 3150//5952 3151//5952
f 3144//5953 3151//5953 3143//5953
f 3143//5954 3151//5954 3152//5954
f 3143//5955 3152//5955 3142//5955
f 3142//5956 3152//5956 3153//5956
f 3142//5957 3153//5957 3141//5957
f 3141//5958 3153//5958 3154//5958
f 3141//5959 3154//5959 3140//5959
f 3140//5960 3154//5960 3155//5960
f 3140//5961 3155//5961 3139//5961
f 3139//5962 3155//5962 3156//5962
f 3139//5963 3156//5963 3138//5963
f 3138//5964 3156//5964 3157//5964
f 3138//5965 3157//5965 3137//5965
f 3137//5966 3157//5966 3158//5966
f 3137//5967 3158//5967 3136//5967
f 3136//5968 3158//5968 3159//5968
f 3136//5969 3159//5969 3135//5969
f 3135//5970 3159//5970 3160//5970
f 3135//5971 3160//5971 3134//5971
f 3134//5972 3160//5972 3161//5972
f 3134//5973 3161//5973 3133//5973
f 3133//5974 3161//5974 3162//5974
f 3133//5975 3162//5975 3132//5975
f 3132//5976 3162//5976 3163//5976
f 3132//5977 3163//5977 3131//5977
f 3131//5978 3163//5978 3164//5978
f 3131//5979 3164//5979 3130//5979
f 3061//5980 2732//5980 3165//5980
f 3061//5981 3165//5981 3062//5981
f 3062//5982 3165//5982 3166//5982
f 3062//5983 3166//5983 3063//5983
f 3063//5984 3166//5984 3167//5984
f 3063//5985 3167//5985 3079//5985
f 3064//5986 3079//5986 3168//5986
f 3064//5987 3168//5987 3078//5987
f 3065//5988 3078//5988 3169//5988
f 3065//5989 3169//5989 3077//5989
f 3066//5990 3077//5990 3170//5990
f 3066//5991 3170//5991 3067//5991
f 3067//5992 3170//5992 3171//5992
f 3067//5993 3171//5993 3076//5993
f 3068//5994 3076//5994 3172//5994
f 3068//5995 3172//5995 3075//5995
f 3069//5996 3075//5996 3173//5996
f 3069//5997 3173//5997 3070//5997
f 3070//5998 3173//5998 3174//5998
f 3070//5999 3174//5999 3071//5999
f 3071//6000 3174//6000 3175//6000
f 3071//6001 3175//6001 3072//6001
f 3072//6002 3175//6002 3176//6002
f 3072//6003 3176//6003 3074//6003
f 3074//6004 3176//6004 3177//6004
f 3074//6005 3177//6005 2251//6005
f 2251//6006 3177//6006 2248//6006
f 2804//6007 3173//6007 3075//6007
f 2804//6008 3075//6008 3172//6008
f 2805//6009 3172//6009 3076//6009
f 2805//6010 3076//6010 3171//6010
f 2807//6011 3170//6011 3077//6011
f 2807//6012 3077//6012 3169//6012
f 2806//6013 3169//6013 3078//6013
f 2806//6014 3078//6014 3168//6014
f 2808//6015 3168//6015 3079//6015
f 2808//6016 3079//6016 3167//6016
f 2809//6017 3165//6017 2732//6017
f 2809//6018 2732//6018 2551//6018
f 2809//6019 2552//6019 1737//6019
f 2809//6020 1737//6020 3165//6020
f 3165//6021 1737//6021 2558//6021
f 3165//6022 2558//6022 3166//6022
f 3166//6023 2558//6023 3167//6023
f 3167//6024 2558//6024 2572//6024
f 3167//6025 2572//6025 2808//6025
f 3168//6026 2808//6026 2571//6026
f 3168//6027 2571//6027 2806//6027
f 3169//6028 2806//6028 2574//6028
f 3169//6029 2574//6029 2807//6029
f 3170//6030 2807//6030 2573//6030
f 3170//6031 2573//6031 3171//6031
f 3171//6032 2573//6032 2805//6032
f 3172//6033 2805//6033 2569//6033
f 3172//6034 2569//6034 2804//6034
f 3173//6035 2804//6035 2576//6035
f 3173//6036 2576//6036 3174//6036
f 3174//6037 2576//6037 2803//6037
f 3174//6038 2803//6038 3175//6038
f 3175//6039 2803//6039 3176//6039
f 3176//6040 2803//6040 2575//6040
f 3176//6041 2575//6041 3177//6041
f 3177//6042 2575//6042 2187//6042
f 3177//6043 2187//6043 2248//6043
f 3178//6044 2791//6044 2835//6044
f 3178//6045 2835//6045 2834//6045
f 2834//6046 2835//6046 2570//6046
f 2834//6047 2570//6047 2568//6047
f 3148//6048 2335//6048 3179//6048
f 3148//6049 3179//6049 3149//6049
f 3149//6050 3179//6050 3180//6050
f 3149//6051 3180//6051 3150//6051
f 3150//6052 3180//6052 3181//6052
f 3150//6053 3181//6053 3151//6053
f 3151//6054 3181//6054 3182//6054
f 3151//6055 3182//6055 3152//6055
f 3152//6056 3182//6056 3183//6056
f 3152//6057 3183//6057 3153//6057
f 3153//6058 3183//6058 3184//6058
f 3153//6059 3184//6059 3154//6059
f 3154//6060 3184//6060 3185//6060
f 3154//6061 3185//6061 3155//6061
f 3155//6062 3185//6062 3186//6062
f 3155//6063 3186//6063 3156//6063
f 3156//6064 3186//6064 3187//6064
f 3156//6065 3187//6065 3157//6065
f 3157//6066 3187//6066 3188//6066
f 3157//6067 3188//6067 3158//6067
f 3158//6068 3188//6068 3159//6068
f 3159//6069 3188//6069 3189//6069
f 3159//6070 3189//6070 3160//6070
f 3160//6071 3189//6071 3161//6071
f 3161//6072 3189//6072 3190//6072
f 3161//6073 3190//6073 3162//6073
f 3162//6074 3190//6074 3163//6074
f 3163//6075 3190//6075 2729//6075
f 3163//6076 2729//6076 3164//6076
f 2729//6077 2827//6077 2730//6077
f 2730//6078 2827//6078 2828//6078
f 2730//6079 2828//6079 2458//6079
f 2335//6080 2336//6080 3179//6080
f 3179//6081 2336//6081 2791//6081
f 3179//6082 2791//6082 3180//6082
f 3180//6083 2791//6083 3178//6083
f 3180//6084 3178//6084 3181//6084
f 3181//6085 3178//6085 3182//6085
f 3182//6086 3178//6086 2834//6086
f 3182//6087 2834//6087 3183//6087
f 3183//6088 2834//6088 3184//6088
f 3184//6089 2834//6089 2833//6089
f 3184//6090 2833//6090 3185//6090
f 3185//6091 2833//6091 3186//6091
f 3186//6092 2833//6092 2832//6092
f 3186//6093 2832//6093 3187//6093
f 3187//6094 2832//6094 3188//6094
f 3188//6095 2832//6095 2831//6095
f 3188//6096 2831//6096 3189//6096
f 3189//6097 2831//6097 2830//6097
f 3189//6098 2830//6098 3190//6098
f 3190//6099 2830//6099 2829//6099
f 3190//6100 2829//6100 2827//6100
f 3190//6101 2827//6101 2729//6101
f 3164//6102 2729//6102 2731//6102
f 3164//6103 2731//6103 3130//6103
f 3130//6104 2731//6104 2418//6104
f 3130//6105 2418//6105 2417//6105
f 2801//6106 2285//6106 2799//6106
f 2801//6107 2799//6107 3191//6107
f 3191//6108 2799//6108 3192//6108
f 3191//6109 3192//6109 3193//6109
f 3194//6110 3193//6110 2765//6110
f 3194//6111 2765//6111 3195//6111
f 3195//6112 2765//6112 2763//6112
f 3195//6113 2763//6113 2761//6113
f 2761//6114 2763//6114 2762//6114
f 2870//6115 2871//6115 3196//6115
f 2870//6116 3196//6116 2869//6116
f 2868//6117 2869//6117 3197//6117
f 2868//6118 3197//6118 2747//6118
f 2747//6119 3197//6119 3198//6119
f 2747//6120 3198//6120 2745//6120
f 2745//6121 3198//6121 3199//6121
f 2745//6122 3199//6122 2749//6122
f 2749//6123 3199//6123 3200//6123
f 2749//6124 3200//6124 2750//6124
f 2750//6125 3200//6125 3201//6125
f 2750//6126 3201//6126 2752//6126
f 2752//6127 3201//6127 3202//6127
f 2752//6128 3202//6128 2754//6128
f 2754//6129 3202//6129 3203//6129
f 2754//6130 3203//6130 2756//6130
f 2756//6131 3203//6131 3204//6131
f 2756//6132 3204//6132 2758//6132
f 2758//6133 3204//6133 3205//6133
f 2758//6134 3205//6134 2761//6134
f 3193//6135 3194//6135 3206//6135
f 3193//6136 3206//6136 3191//6136
f 2801//6137 3191//6137 2802//6137
f 2801//6138 2802//6138 2284//6138
f 2526//6139 2527//6139 2811//6139
f 2811//6140 2527//6140 3207//6140
f 2811//6141 3207//6141 2871//6141
f 2871//6142 3207//6142 3208//6142
f 2871//6143 3208//6143 3196//6143
f 2869//6144 3196//6144 3209//6144
f 2869//6145 3209//6145 3197//6145
f 3200//6146 3199//6146 3210//6146
f 3200//6147 3210//6147 3201//6147
f 3201//6148 3210//6148 3211//6148
f 3201//6149 3211//6149 3202//6149
f 2761//6150 3205//6150 3212//6150
f 2761//6151 3212//6151 3195//6151
f 3195//6152 3212//6152 3213//6152
f 3195//6153 3213//6153 3194//6153
f 3194//6154 3213//6154 3214//6154
f 3194//6155 3214//6155 3206//6155
f 3191//6156 3206//6156 3215//6156
f 3191//6157 3215//6157 2802//6157
f 2802//6158 3215//6158 3216//6158
f 2802//6159 3216//6159 2272//6159
f 2527//6160 2537//6160 3207//6160
f 3207//6161 2537//6161 2810//6161
f 3207//6162 2810//6162 3208//6162
f 3196//6163 3208//6163 3025//6163
f 3196//6164 3025//6164 3209//6164
f 3197//6165 3209//6165 3217//6165
f 3197//6166 3217//6166 3198//6166
f 3198//6167 3217//6167 3030//6167
f 3198//6168 3030//6168 3199//6168
f 3199//6169 3030//6169 3218//6169
f 3199//6170 3218//6170 3210//6170
f 3202//6171 3211//6171 3036//6171
f 3202//6172 3036//6172 3203//6172
f 3203//6173 3036//6173 3038//6173
f 3203//6174 3038//6174 3204//6174
f 3204//6175 3038//6175 3040//6175
f 3204//6176 3040//6176 3205//6176
f 3205//6177 3040//6177 3042//6177
f 3205//6178 3042//6178 3212//6178
f 3206//6179 3214//6179 3049//6179
f 3206//6180 3049//6180 3215//6180
f 2272//6181 3216//6181 2262//6181
f 2766//6182 2764//6182 2765//6182
f 2766//6183 2765//6183 2767//6183
f 2767//6184 2765//6184 3193//6184
f 2767//6185 3193//6185 3192//6185
f 3219//6186 3220//6186 3221//6186
f 3219//6187 3221//6187 3222//6187
f 3222//6188 3221//6188 3223//6188
f 3222//6189 3223//6189 3224//6189
f 3224//6190 3223//6190 3225//6190
f 3224//6191 3225//6191 3226//6191
f 3226//6192 3225//6192 3227//6192
f 3226//6193 3227//6193 3228//6193
f 3228//6194 3227//6194 3229//6194
f 3228//6195 3229//6195 3230//6195
f 3230//6196 3229//6196 3231//6196
f 3230//6197 3231//6197 3232//6197
f 3232//6198 3231//6198 3233//6198
f 3232//6199 3233//6199 3234//6199
f 2768//6200 2767//6200 2770//6200
f 2770//6201 2767//6201 3192//6201
f 2770//6202 3192//6202 2771//6202
f 2771//6203 3192//6203 2799//6203
f 2771//6204 2799//6204 2727//6204
f 2727//6205 2799//6205 2800//6205
f 2727//6206 2800//6206 2772//6206
f 2772//6207 2800//6207 3235//6207
f 2772//6208 3235//6208 2773//6208
f 2773//6209 3235//6209 3236//6209
f 2773//6210 3236//6210 2717//6210
f 2717//6211 3236//6211 3237//6211
f 2717//6212 3237//6212 2708//6212
f 2708//6213 3237//6213 3238//6213
f 2708//6214 3238//6214 2774//6214
f 2774//6215 3238//6215 3220//6215
f 2774//6216 3220//6216 2775//6216
f 2775//6217 3220//6217 3219//6217
f 2775//6218 3219//6218 2776//6218
f 2776//6219 3219//6219 3222//6219
f 2776//6220 3222//6220 2701//6220
f 2701//6221 3222//6221 3224//6221
f 2701//6222 3224//6222 2697//6222
f 2697//6223 3224//6223 3226//6223
f 2697//6224 3226//6224 2695//6224
f 2695//6225 3226//6225 3228//6225
f 2695//6226 3228//6226 2691//6226
f 2691//6227 3228//6227 3230//6227
f 2691//6228 3230//6228 2683//6228
f 2683//6229 3230//6229 3232//6229
f 2683//6230 3232//6230 2688//6230
f 2688//6231 3232//6231 3234//6231
f 2688//6232 3234//6232 2733//6232
f 2741//6233 2740//6233 2739//6233
f 2741//6234 2739//6234 2870//6234
f 2870//6235 2739//6235 2737//6235
f 2870//6236 2737//6236 2853//6236
f 2511//6237 2812//6237 2790//6237
f 2511//6238 2790//6238 2854//6238
f 3239//6239 2855//6239 2856//6239
f 3239//6240 2856//6240 3240//6240
f 3240//6241 2856//6241 2857//6241
f 3240//6242 2857//6242 3241//6242
f 3241//6243 2857//6243 2858//6243
f 3241//6244 2858//6244 3242//6244
f 3242//6245 2858//6245 2859//6245
f 3242//6246 2859//6246 3243//6246
f 3243//6247 2859//6247 2860//6247
f 3243//6248 2860//6248 3244//6248
f 3244//6249 2860//6249 2861//6249
f 3244//6250 2861//6250 3245//6250
f 3245//6251 2861//6251 2862//6251
f 3245//6252 2862//6252 3246//6252
f 3246//6253 2862//6253 2863//6253
f 3246//6254 2863//6254 3247//6254
f 3247//6255 2863//6255 2864//6255
f 3247//6256 2864//6256 3248//6256
f 3248//6257 2864//6257 2865//6257
f 3248//6258 2865//6258 3249//6258
f 3249//6259 2865//6259 2866//6259
f 3249//6260 2866//6260 3250//6260
f 3250//6261 2866//6261 2867//6261
f 3250//6262 2867//6262 3251//6262
f 3251//6263 2867//6263 3252//6263
f 3251//6264 3252//6264 3253//6264
f 3253//6265 3252//6265 3254//6265
f 3253//6266 3254//6266 3255//6266
f 3255//6267 3254//6267 3256//6267
f 3255//6268 3256//6268 3257//6268
f 3257//6269 3256//6269 3258//6269
f 3257//6270 3258//6270 3259//6270
f 3259//6271 3258//6271 3260//6271
f 3259//6272 3260//6272 3261//6272
f 3261//6273 3260//6273 3262//6273
f 3261//6274 3262//6274 3263//6274
f 3263//6275 3262//6275 3264//6275
f 3263//6276 3264//6276 3265//6276
f 3265//6277 3264//6277 3266//6277
f 3265//6278 3266//6278 3267//6278
f 3267//6279 3266//6279 3268//6279
f 3267//6280 3268//6280 3269//6280
f 3269//6281 3268//6281 3270//6281
f 3269//6282 3270//6282 3271//6282
f 3271//6283 3270//6283 3272//6283
f 3271//6284 3272//6284 3273//6284
f 3273//6285 3272//6285 3274//6285
f 3273//6286 3274//6286 3275//6286
f 3275//6287 3274//6287 3276//6287
f 3275//6288 3276//6288 3277//6288
f 3277//6289 3276//6289 3278//6289
f 3277//6290 3278//6290 3279//6290
f 3279//6291 3278//6291 3280//6291
f 3279//6292 3280//6292 3281//6292
f 3281//6293 3280//6293 3282//6293
f 3281//6294 3282//6294 3283//6294
f 2783//6295 2598//6295 2782//6295
f 2783//6296 2782//6296 2867//6296
f 2867//6297 2782//6297 2605//6297
f 2867//6298 2605//6298 3252//6298
f 3252//6299 2605//6299 2607//6299
f 3252//6300 2607//6300 3254//6300
f 3254//6301 2607//6301 2588//6301
f 3254//6302 2588//6302 3256//6302
f 3256//6303 2588//6303 2584//6303
f 3256//6304 2584//6304 3258//6304
f 3258//6305 2584//6305 2580//6305
f 3258//6306 2580//6306 3260//6306
f 3260//6307 2580//6307 2662//6307
f 3260//6308 2662//6308 3262//6308
f 3262//6309 2662//6309 2781//6309
f 3262//6310 2781//6310 3264//6310
f 3264//6311 2781//6311 2654//6311
f 3264//6312 2654//6312 3266//6312
f 3266//6313 2654//6313 2780//6313
f 3266//6314 2780//6314 3268//6314
f 3268//6315 2780//6315 2779//6315
f 3268//6316 2779//6316 3270//6316
f 3270//6317 2779//6317 2647//6317
f 3270//6318 2647//6318 3272//6318
f 3272//6319 2647//6319 2665//6319
f 3272//6320 2665//6320 3274//6320
f 3274//6321 2665//6321 2778//6321
f 3274//6322 2778//6322 3276//6322
f 3276//6323 2778//6323 2668//6323
f 3276//6324 2668//6324 3278//6324
f 3278//6325 2668//6325 2777//6325
f 3278//6326 2777//6326 3280//6326
f 3280//6327 2777//6327 2733//6327
f 3280//6328 2733//6328 3282//6328
f 3282//6329 2733//6329 3234//6329
f 3282//6330 3234//6330 3283//6330
f 3283//6331 3234//6331 3233//6331
f 2498//6332 2501//6332 2500//6332
f 2500//6333 2501//6333 2814//6333
f 2500//6334 2814//6334 2872//6334
f 2872//6335 2814//6335 3284//6335
f 2872//6336 3284//6336 2874//6336
f 2874//6337 3284//6337 3285//6337
f 2874//6338 3285//6338 2876//6338
f 2876//6339 3285//6339 3286//6339
f 2876//6340 3286//6340 2878//6340
f 2878//6341 3286//6341 3287//6341
f 2878//6342 3287//6342 2880//6342
f 2880//6343 3287//6343 3288//6343
f 2880//6344 3288//6344 2882//6344
f 2882//6345 3288//6345 3289//6345
f 2882//6346 3289//6346 2884//6346
f 2884//6347 3289//6347 3290//6347
f 2884//6348 3290//6348 2886//6348
f 2886//6349 3290//6349 3291//6349
f 2886//6350 3291//6350 2888//6350
f 2888//6351 3291//6351 3292//6351
f 2888//6352 3292//6352 2890//6352
f 2890//6353 3292//6353 3293//6353
f 2890//6354 3293//6354 2892//6354
f 2892//6355 3293//6355 3294//6355
f 2892//6356 3294//6356 2894//6356
f 2894//6357 3294//6357 3295//6357
f 2894//6358 3295//6358 2896//6358
f 2896//6359 3295//6359 3296//6359
f 2896//6360 3296//6360 2898//6360
f 2898//6361 3296//6361 3297//6361
f 2898//6362 3297//6362 2900//6362
f 2900//6363 3297//6363 3298//6363
f 2900//6364 3298//6364 2945//6364
f 2945//6365 3298//6365 3299//6365
f 2945//6366 3299//6366 2946//6366
f 2946//6367 3299//6367 3300//6367
f 2946//6368 3300//6368 2852//6368
f 2852//6369 3300//6369 3301//6369
f 2852//6370 3301//6370 2850//6370
f 2850//6371 3301//6371 3302//6371
f 2850//6372 3302//6372 2836//6372
f 2836//6373 3302//6373 3303//6373
f 2836//6374 3303//6374 2837//6374
f 2837//6375 3303//6375 3304//6375
f 2837//6376 3304//6376 2838//6376
f 2838//6377 3304//6377 3305//6377
f 2838//6378 3305//6378 3306//6378
f 3306//6379 3305//6379 3307//6379
f 3306//6380 3307//6380 3308//6380
f 3308//6381 3307//6381 3309//6381
f 3308//6382 3309//6382 3310//6382
f 3310//6383 3309//6383 3311//6383
f 3310//6384 3311//6384 3312//6384
f 3312//6385 3311//6385 3313//6385
f 3312//6386 3313//6386 3314//6386
f 3314//6387 3313//6387 3315//6387
f 3314//6388 3315//6388 3316//6388
f 3316//6389 3315//6389 3317//6389
f 3316//6390 3317//6390 3318//6390
f 3318//6391 3317//6391 3319//6391
f 3318//6392 3319//6392 3320//6392
f 3320//6393 3319//6393 3321//6393
f 3320//6394 3321//6394 3322//6394
f 3322//6395 3321//6395 3323//6395
f 3322//6396 3323//6396 3324//6396
f 3324//6397 3323//6397 3325//6397
f 3324//6398 3325//6398 3326//6398
f 3326//6399 3325//6399 3327//6399
f 3326//6400 3327//6400 3328//6400
f 3328//6401 3327//6401 3329//6401
f 3328//6402 3329//6402 3330//6402
f 3330//6403 3329//6403 3331//6403
f 3330//6404 3331//6404 3332//6404
f 3332//6405 3331//6405 3333//6405
f 3332//6406 3333//6406 3334//6406
f 3334//6407 3333//6407 3335//6407
f 3334//6408 3335//6408 3336//6408
f 3336//6409 3335//6409 3337//6409
f 3336//6410 3337//6410 2796//6410
f 2796//6411 3337//6411 3338//6411
f 2796//6412 3338//6412 2795//6412
f 2795//6413 3338//6413 2797//6413
f 2795//6414 2797//6414 2296//6414
f 2839//6415 2366//6415 2838//6415
f 2839//6416 2838//6416 3339//6416
f 3339//6417 2838//6417 3306//6417
f 3339//6418 3306//6418 3340//6418
f 3340//6419 3306//6419 3308//6419
f 3340//6420 3308//6420 3341//6420
f 3341//6421 3308//6421 3310//6421
f 3341//6422 3310//6422 3342//6422
f 3342//6423 3310//6423 3312//6423
f 3342//6424 3312//6424 3343//6424
f 3343//6425 3312//6425 3314//6425
f 3343//6426 3314//6426 3344//6426
f 3344//6427 3314//6427 3316//6427
f 3344//6428 3316//6428 3345//6428
f 3345//6429 3316//6429 3318//6429
f 3345//6430 3318//6430 3346//6430
f 3346//6431 3318//6431 3320//6431
f 3346//6432 3320//6432 3347//6432
f 3347//6433 3320//6433 3322//6433
f 3347//6434 3322//6434 3348//6434
f 3348//6435 3322//6435 3324//6435
f 3348//6436 3324//6436 3349//6436
f 3349//6437 3324//6437 3326//6437
f 3349//6438 3326//6438 3350//6438
f 3350//6439 3326//6439 3328//6439
f 3350//6440 3328//6440 3351//6440
f 3351//6441 3328//6441 3330//6441
f 3351//6442 3330//6442 3352//6442
f 3352//6443 3330//6443 3332//6443
f 3352//6444 3332//6444 3353//6444
f 3353//6445 3332//6445 3334//6445
f 3353//6446 3334//6446 3354//6446
f 3354//6447 3334//6447 3336//6447
f 3354//6448 3336//6448 2794//6448
f 2794//6449 3336//6449 2796//6449
f 2794//6450 2796//6450 2310//6450
f 2840//6451 2363//6451 2839//6451
f 2840//6452 2839//6452 3355//6452
f 3355//6453 2839//6453 3339//6453
f 3355//6454 3339//6454 3356//6454
f 3356//6455 3339//6455 3340//6455
f 3356//6456 3340//6456 3357//6456
f 3357//6457 3340//6457 3341//6457
f 3357//6458 3341//6458 3358//6458
f 3358//6459 3341//6459 3342//6459
f 3358//6460 3342//6460 3359//6460
f 3359//6461 3342//6461 3343//6461
f 3359//6462 3343//6462 3360//6462
f 3360//6463 3343//6463 3344//6463
f 3360//6464 3344//6464 3361//6464
f 3361//6465 3344//6465 3345//6465
f 3361//6466 3345//6466 3362//6466
f 3362//6467 3345//6467 3346//6467
f 3362//6468 3346//6468 3363//6468
f 3363//6469 3346//6469 3347//6469
f 3363//6470 3347//6470 3364//6470
f 3364//6471 3347//6471 3348//6471
f 3364//6472 3348//6472 3365//6472
f 3365//6473 3348//6473 3349//6473
f 3365//6474 3349//6474 3366//6474
f 3366//6475 3349//6475 3350//6475
f 3366//6476 3350//6476 3367//6476
f 3367//6477 3350//6477 3351//6477
f 3367//6478 3351//6478 3368//6478
f 3368//6479 3351//6479 3352//6479
f 3368//6480 3352//6480 3369//6480
f 3369//6481 3352//6481 3353//6481
f 3369//6482 3353//6482 3370//6482
f 3370//6483 3353//6483 3354//6483
f 3370//6484 3354//6484 2793//6484
f 2793//6485 3354//6485 2794//6485
f 2793//6486 2794//6486 2311//6486
f 2800//6487 2287//6487 2290//6487
f 2800//6488 2290//6488 3235//6488
f 3235//6489 2290//6489 2798//6489
f 3235//6490 2798//6490 3236//6490
f 3236//6491 2798//6491 2797//6491
f 3236//6492 2797//6492 3237//6492
f 3237//6493 2797//6493 3338//6493
f 3237//6494 3338//6494 3238//6494
f 3238//6495 3338//6495 3337//6495
f 3238//6496 3337//6496 3220//6496
f 3220//6497 3337//6497 3335//6497
f 3220//6498 3335//6498 3221//6498
f 3221//6499 3335//6499 3333//6499
f 3221//6500 3333//6500 3223//6500
f 3223//6501 3333//6501 3331//6501
f 3223//6502 3331//6502 3225//6502
f 3225//6503 3331//6503 3329//6503
f 3225//6504 3329//6504 3227//6504
f 3227//6505 3329//6505 3327//6505
f 3227//6506 3327//6506 3229//6506
f 3229//6507 3327//6507 3325//6507
f 3229//6508 3325//6508 3231//6508
f 3231//6509 3325//6509 3323//6509
f 3231//6510 3323//6510 3233//6510
f 3233//6511 3323//6511 3321//6511
f 3233//6512 3321//6512 3283//6512
f 3283//6513 3321//6513 3319//6513
f 3283//6514 3319//6514 3281//6514
f 3281//6515 3319//6515 3317//6515
f 3281//6516 3317//6516 3279//6516
f 3279//6517 3317//6517 3315//6517
f 3279//6518 3315//6518 3277//6518
f 3277//6519 3315//6519 3313//6519
f 3277//6520 3313//6520 3275//6520
f 3275//6521 3313//6521 3311//6521
f 3275//6522 3311//6522 3273//6522
f 3273//6523 3311//6523 3309//6523
f 3273//6524 3309//6524 3271//6524
f 3271//6525 3309//6525 3307//6525
f 3271//6526 3307//6526 3269//6526
f 3269//6527 3307//6527 3305//6527
f 3269//6528 3305//6528 3267//6528
f 3267//6529 3305//6529 3304//6529
f 3267//6530 3304//6530 3265//6530
f 3265//6531 3304//6531 3303//6531
f 3265//6532 3303//6532 3263//6532
f 3263//6533 3303//6533 3302//6533
f 3263//6534 3302//6534 3261//6534
f 3261//6535 3302//6535 3301//6535
f 3261//6536 3301//6536 3259//6536
f 3259//6537 3301//6537 3300//6537
f 3259//6538 3300//6538 3257//6538
f 3257//6539 3300//6539 3299//6539
f 3257//6540 3299//6540 3255//6540
f 3255//6541 3299//6541 3298//6541
f 3255//6542 3298//6542 3253//6542
f 3253//6543 3298//6543 3297//6543
f 3253//6544 3297//6544 3251//6544
f 3251//6545 3297//6545 3296//6545
f 3251//6546 3296//6546 3250//6546
f 3250//6547 3296//6547 3295//6547
f 3250//6548 3295//6548 3249//6548
f 3249//6549 3295//6549 3294//6549
f 3249//6550 3294//6550 3248//6550
f 3248//6551 3294//6551 3293//6551
f 3248//6552 3293//6552 3247//6552
f 3247//6553 3293//6553 3292//6553
f 3247//6554 3292//6554 3246//6554
f 3246//6555 3292//6555 3291//6555
f 3246//6556 3291//6556 3245//6556
f 3245//6557 3291//6557 3290//6557
f 3245//6558 3290//6558 3244//6558
f 3244//6559 3290//6559 3289//6559
f 3244//6560 3289//6560 3243//6560
f 3243//6561 3289//6561 3288//6561
f 3243//6562 3288//6562 3242//6562
f 3242//6563 3288//6563 3287//6563
f 3242//6564 3287//6564 3241//6564
f 3241//6565 3287//6565 3286//6565
f 3241//6566 3286//6566 3240//6566
f 3240//6567 3286//6567 3285//6567
f 3240//6568 3285//6568 3239//6568
f 3239//6569 3285//6569 3284//6569
f 3239//6570 3284//6570 2855//6570
f 2855//6571 3284//6571 2814//6571
f 2855//6572 2814//6572 2854//6572
f 2854//6573 2814//6573 2813//6573
f 2854//6574 2813//6574 2511//6574
f 2511//6575 2813//6575 2510//6575
f 2348//6576 2354//6576 3080//6576
f 3080//6577 2354//6577 2840//6577
f 3080//6578 2840//6578 3082//6578
f 3082//6579 2840//6579 3355//6579
f 3082//6580 3355//6580 3084//6580
f 3084//6581 3355//6581 3356//6581
f 3084//6582 3356//6582 3086//6582
f 3086//6583 3356//6583 3357//6583
f 3086//6584 3357//6584 3088//6584
f 3088//6585 3357//6585 3358//6585
f 3088//6586 3358//6586 3090//6586
f 3090//6587 3358//6587 3359//6587
f 3090//6588 3359//6588 3092//6588
f 3092//6589 3359//6589 3360//6589
f 3092//6590 3360//6590 3094//6590
f 3094//6591 3360//6591 3361//6591
f 3094//6592 3361//6592 3096//6592
f 3096//6593 3361//6593 3362//6593
f 3096//6594 3362//6594 3098//6594
f 3098//6595 3362//6595 3363//6595
f 3098//6596 3363//6596 3100//6596
f 3100//6597 3363//6597 3364//6597
f 3100//6598 3364//6598 3102//6598
f 3102//6599 3364//6599 3365//6599
f 3102//6600 3365//6600 3104//6600
f 3104//6601 3365//6601 3366//6601
f 3104//6602 3366//6602 3106//6602
f 3106//6603 3366//6603 3367//6603
f 3106//6604 3367//6604 3108//6604
f 3108//6605 3367//6605 3368//6605
f 3108//6606 3368//6606 3110//6606
f 3110//6607 3368//6607 3369//6607
f 3110//6608 3369//6608 3112//6608
f 3112//6609 3369//6609 3370//6609
f 3112//6610 3370//6610 2792//6610
f 2792//6611 3370//6611 2793//6611
f 2792//6612 2793//6612 2313//6612
f 2313//6613 2793//6613 2314//6613
f 2259//6614 2262//6614 3053//6614
f 3053//6615 2262//6615 3216//6615
f 3053//6616 3216//6616 3051//6616
f 3051//6617 3216//6617 3215//6617
f 3051//6618 3215//6618 3049//6618
f 3047//6619 3049//6619 3214//6619
f 3047//6620 3214//6620 3045//6620
f 3045//6621 3214//6621 3213//6621
f 3045//6622 3213//6622 3044//6622
f 3044//6623 3213//6623 3212//6623
f 3044//6624 3212//6624 3042//6624
f 3035//6625 3036//6625 3211//6625
f 3035//6626 3211//6626 3033//6626
f 3033//6627 3211//6627 3210//6627
f 3033//6628 3210//6628 3032//6628
f 3032//6629 3210//6629 3218//6629
f 3032//6630 3218//6630 3030//6630
f 3029//6631 3030//6631 3217//6631
f 3029//6632 3217//6632 3027//6632
f 3027//6633 3217//6633 3209//6633
f 3027//6634 3209//6634 3025//6634
f 3023//6635 3025//6635 3208//6635
f 3023//6636 3208//6636 2810//6636
f 3371//6637 3372//6637 3373//6637
f 3374//6638 3375//6638 3376//6638
f 3377//6639 3378//6639 3379//6639
f 3380//6640 3381//6640 3382//6640
f 3383//6641 3384//6641 3381//6641
f 3385//6642 3386//6642 3384//6642
f 2644//6643 2646//6643 3386//6643
f 2639//6644 2641//6644 3387//6644
f 3387//6645 2641//6645 2643//6645
f 3387//6646 2643//6646 2644//6646
f 2636//6647 2638//6647 3387//6647
f 3387//6648 2638//6648 2639//6648
f 2629//6649 2632//6649 2636//6649
f 2636//6650 2632//6650 2633//6650
f 3388//6651 2627//6651 2629//6651
f 2623//6652 2624//6652 3388//6652
f 3388//6653 2624//6653 2627//6653
f 2623//6654 3388//6654 2621//6654
f 2621//6655 3388//6655 2619//6655
f 2617//6656 2619//6656 2613//6656
f 2617//6657 2613//6657 2616//6657
f 2596//6658 2594//6658 3389//6658
f 3389//6659 2594//6659 2608//6659
f 3389//6660 2608//6660 2609//6660
f 2599//6661 2597//6661 2600//6661
f 2600//6662 2597//6662 2596//6662
f 3390//6663 2601//6663 2600//6663
f 3390//6664 2604//6664 2603//6664
f 3390//6665 2603//6665 2601//6665
f 3391//6666 2590//6666 3390//6666
f 3390//6667 2590//6667 2604//6667
f 2590//6668 3391//6668 2592//6668
f 2592//6669 3391//6669 2583//6669
f 2592//6670 2583//6670 2585//6670
f 2579//6671 2581//6671 2583//6671
f 2583//6672 2581//6672 2582//6672
f 2582//6673 2587//6673 2583//6673
f 2659//6674 2661//6674 2577//6674
f 2659//6675 2577//6675 2579//6675
f 2657//6676 2659//6676 3392//6676
f 2652//6677 2653//6677 3393//6677
f 2649//6678 2650//6678 3394//6678
f 2649//6679 3394//6679 2663//6679
f 2673//6680 2671//6680 2663//6680
f 2673//6681 2663//6681 3394//6681
f 3395//6682 2675//6682 2673//6682
f 3395//6683 2676//6683 2669//6683
f 2669//6684 2667//6684 3395//6684
f 3395//6685 2667//6685 2675//6685
f 2679//6686 2681//6686 3396//6686
f 3396//6687 2681//6687 2678//6687
f 3396//6688 2678//6688 2676//6688
f 2693//6689 2685//6689 3396//6689
f 3396//6690 2685//6690 2686//6690
f 3396//6691 2686//6691 2679//6691
f 2694//6692 2692//6692 2693//6692
f 2696//6693 2694//6693 3397//6693
f 2696//6694 3397//6694 2698//6694
f 2706//6695 2702//6695 3397//6695
f 3397//6696 2702//6696 2700//6696
f 3397//6697 2700//6697 2698//6697
f 2714//6698 2704//6698 3398//6698
f 3398//6699 2704//6699 2706//6699
f 2714//6700 3398//6700 2713//6700
f 2713//6701 3398//6701 3399//6701
f 2713//6702 3399//6702 2712//6702
f 2716//6703 2709//6703 3399//6703
f 3399//6704 2709//6704 2710//6704
f 3399//6705 2710//6705 2712//6705
f 2718//6706 2716//6706 3400//6706
f 3400//6707 2721//6707 2718//6707
f 2723//6708 2726//6708 3372//6708
f 3372//6709 2726//6709 3400//6709
f 3400//6710 2726//6710 2728//6710
f 3400//6711 2728//6711 2721//6711
f 3372//6712 3401//6712 3402//6712
f 3401//6713 3372//6713 3371//6713
f 3403//6714 3374//6714 3404//6714
f 3405//6715 3406//6715 3407//6715
f 3408//6716 3409//6716 3405//6716
f 3410//6717 3411//6717 3412//6717
f 3410//6718 3412//6718 3413//6718
f 3414//6719 3415//6719 3416//6719
f 3417//6720 3418//6720 3419//6720
f 3419//6721 3418//6721 3414//6721
f 3414//6722 3418//6722 3415//6722
f 3417//6723 3419//6723 3420//6723
f 3417//6724 3420//6724 3421//6724
f 3422//6725 3423//6725 3421//6725
f 3422//6726 3421//6726 3420//6726
f 3423//6727 3422//6727 3424//6727
f 3424//6728 3422//6728 3425//6728
f 3426//6729 3427//6729 3425//6729
f 3425//6730 3427//6730 3424//6730
f 3428//6731 3429//6731 3426//6731
f 3429//6732 3428//6732 3430//6732
f 3430//6733 3428//6733 3431//6733
f 3430//6734 3431//6734 3432//6734
f 3433//6735 3434//6735 3432//6735
f 3433//6736 3432//6736 3431//6736
f 3434//6737 3433//6737 3435//6737
f 3435//6738 3433//6738 3436//6738
f 3435//6739 3436//6739 3437//6739
f 3438//6740 3437//6740 3436//6740
f 3439//6741 3438//6741 3440//6741
f 3441//6742 3442//6742 3440//6742
f 3440//6743 3442//6743 3439//6743
f 3443//6744 3441//6744 3444//6744
f 3445//6745 3446//6745 3447//6745
f 3445//6746 3447//6746 3444//6746
f 3444//6747 3447//6747 3443//6747
f 3446//6748 3445//6748 3448//6748
f 3449//6749 3450//6749 3451//6749
f 3449//6750 3451//6750 3448//6750
f 3450//6751 3449//6751 3452//6751
f 3450//6752 3452//6752 3453//6752
f 3453//6753 3454//6753 3455//6753
f 3456//6754 3454//6754 3457//6754
f 3454//6755 3456//6755 3455//6755
f 3458//6756 3457//6756 3459//6756
f 3458//6757 3460//6757 3457//6757
f 3457//6758 3460//6758 3456//6758
f 3461//6759 3462//6759 3463//6759
f 3463//6760 3462//6760 3459//6760
f 3459//6761 3462//6761 3458//6761
f 3461//6762 3463//6762 3464//6762
f 3379//6763 3378//6763 3464//6763
f 3465//6764 3466//6764 3467//6764
f 3467//6765 3466//6765 3468//6765
f 3469//6766 3470//6766 3471//6766
f 3471//6767 3470//6767 3465//6767
f 3467//6768 3468//6768 3472//6768
f 3472//6769 3468//6769 3383//6769
f 3471//6770 3465//6770 3473//6770
f 3473//6771 3465//6771 3467//6771
f 3472//6772 3383//6772 3380//6772
f 3380//6773 3383//6773 3381//6773
f 3474//6774 3475//6774 3452//6774
f 3452//6775 3475//6775 3469//6775
f 3472//6776 3463//6776 3467//6776
f 3467//6777 3463//6777 3473//6777
f 3382//6778 3377//6778 3379//6778
f 3382//6779 3379//6779 3380//6779
f 3380//6780 3379//6780 3464//6780
f 3380//6781 3464//6781 3472//6781
f 3472//6782 3464//6782 3463//6782
f 3463//6783 3459//6783 3473//6783
f 3473//6784 3459//6784 3457//6784
f 3473//6785 3457//6785 3471//6785
f 3471//6786 3457//6786 3454//6786
f 3454//6787 3453//6787 3452//6787
f 3476//6788 3477//6788 3478//6788
f 3478//6789 3477//6789 3479//6789
f 3469//6790 3475//6790 3480//6790
f 3469//6791 3480//6791 3470//6791
f 3474//6792 3481//6792 3482//6792
f 3474//6793 3482//6793 3475//6793
f 3482//6794 3481//6794 3483//6794
f 3483//6795 3481//6795 3479//6795
f 3471//6796 3454//6796 3469//6796
f 3469//6797 3454//6797 3452//6797
f 3452//6798 3449//6798 3474//6798
f 3474//6799 3449//6799 3448//6799
f 3484//6800 3485//6800 3486//6800
f 3484//6801 3486//6801 3487//6801
f 3488//6802 3487//6802 3489//6802
f 3488//6803 3489//6803 3490//6803
f 3490//6804 3489//6804 3491//6804
f 3490//6805 3491//6805 3492//6805
f 3493//6806 3492//6806 3494//6806
f 3493//6807 3494//6807 3495//6807
f 3496//6808 3495//6808 3497//6808
f 3496//6809 3497//6809 3476//6809
f 3476//6810 3497//6810 3498//6810
f 3476//6811 3498//6811 3477//6811
f 3419//6812 3414//6812 3499//6812
f 3419//6813 3499//6813 3420//6813
f 3425//6814 3422//6814 3484//6814
f 3425//6815 3484//6815 3426//6815
f 3428//6816 3426//6816 3488//6816
f 3428//6817 3488//6817 3431//6817
f 3431//6818 3488//6818 3490//6818
f 3431//6819 3490//6819 3433//6819
f 3436//6820 3433//6820 3493//6820
f 3436//6821 3493//6821 3438//6821
f 3440//6822 3438//6822 3496//6822
f 3440//6823 3496//6823 3441//6823
f 3441//6824 3496//6824 3476//6824
f 3441//6825 3476//6825 3444//6825
f 3444//6826 3476//6826 3478//6826
f 3444//6827 3478//6827 3445//6827
f 3448//6828 3445//6828 3481//6828
f 3448//6829 3481//6829 3474//6829
f 3411//6830 3410//6830 3416//6830
f 3416//6831 3410//6831 3500//6831
f 3416//6832 3500//6832 3414//6832
f 3420//6833 3499//6833 3501//6833
f 3420//6834 3501//6834 3422//6834
f 3422//6835 3501//6835 3485//6835
f 3422//6836 3485//6836 3484//6836
f 3426//6837 3484//6837 3487//6837
f 3426//6838 3487//6838 3488//6838
f 3433//6839 3490//6839 3492//6839
f 3433//6840 3492//6840 3493//6840
f 3438//6841 3493//6841 3495//6841
f 3438//6842 3495//6842 3496//6842
f 3445//6843 3478//6843 3479//6843
f 3445//6844 3479//6844 3481//6844
f 3502//6845 3410//6845 3413//6845
f 3502//6846 3413//6846 3503//6846
f 3393//6847 3504//6847 3491//6847
f 3393//6848 3491//6848 3394//6848
f 3394//6849 3491//6849 3489//6849
f 3394//6850 3489//6850 3487//6850
f 3505//6851 3486//6851 3485//6851
f 3505//6852 3485//6852 3501//6852
f 3506//6853 3501//6853 3499//6853
f 3506//6854 3499//6854 3507//6854
f 3508//6855 3509//6855 3510//6855
f 3508//6856 3510//6856 3408//6856
f 3408//6857 3510//6857 3409//6857
f 3511//6858 3505//6858 3501//6858
f 3511//6859 3501//6859 3506//6859
f 3512//6860 3513//6860 3407//6860
f 3512//6861 3407//6861 3404//6861
f 3404//6862 3407//6862 3406//6862
f 2673//6863 3394//6863 3487//6863
f 2673//6864 3487//6864 3486//6864
f 3514//6865 3507//6865 3500//6865
f 3514//6866 3500//6866 3515//6866
f 3513//6867 3508//6867 3408//6867
f 3513//6868 3408//6868 3407//6868
f 3407//6869 3408//6869 3405//6869
f 2724//6870 2723//6870 3402//6870
f 3402//6871 2723//6871 3372//6871
f 2716//6872 3399//6872 3516//6872
f 3516//6873 3399//6873 3398//6873
f 3516//6874 3398//6874 3517//6874
f 3517//6875 3398//6875 2706//6875
f 3517//6876 2706//6876 3518//6876
f 3518//6877 2706//6877 3397//6877
f 3397//6878 2694//6878 3519//6878
f 3519//6879 2694//6879 2693//6879
f 3394//6880 2650//6880 3393//6880
f 3393//6881 2650//6881 2652//6881
f 3512//6882 3376//6882 3520//6882
f 3512//6883 3520//6883 3521//6883
f 3522//6884 3523//6884 3519//6884
f 3522//6885 3519//6885 2693//6885
f 3513//6886 3512//6886 3521//6886
f 3513//6887 3521//6887 3508//6887
f 3508//6888 3521//6888 3524//6888
f 3508//6889 3524//6889 3525//6889
f 3514//6890 3526//6890 3523//6890
f 3514//6891 3523//6891 3522//6891
f 3506//6892 3522//6892 2693//6892
f 3506//6893 2693//6893 3511//6893
f 3511//6894 2693//6894 3396//6894
f 3511//6895 3396//6895 3505//6895
f 3527//6896 3401//6896 3371//6896
f 3375//6897 3527//6897 3376//6897
f 3376//6898 3527//6898 3371//6898
f 3376//6899 3371//6899 3520//6899
f 3525//6900 3524//6900 3517//6900
f 3525//6901 3517//6901 3518//6901
f 3520//6902 3371//6902 3373//6902
f 3520//6903 3373//6903 3528//6903
f 3521//6904 3520//6904 3528//6904
f 3521//6905 3528//6905 3524//6905
f 3524//6906 3528//6906 3516//6906
f 3524//6907 3516//6907 3517//6907
f 3526//6908 3525//6908 3518//6908
f 3526//6909 3518//6909 3523//6909
f 3404//6910 3374//6910 3376//6910
f 3404//6911 3376//6911 3512//6911
f 3509//6912 3508//6912 3525//6912
f 3509//6913 3525//6913 3515//6913
f 3515//6914 3525//6914 3526//6914
f 3515//6915 3526//6915 3514//6915
f 3507//6916 3514//6916 3522//6916
f 3507//6917 3522//6917 3506//6917
f 2613//6918 2619//6918 3529//6918
f 3529//6919 2619//6919 3388//6919
f 3529//6920 3388//6920 3530//6920
f 3530//6921 3388//6921 2629//6921
f 2629//6922 2636//6922 3531//6922
f 3531//6923 2636//6923 3387//6923
f 3531//6924 3387//6924 3532//6924
f 3532//6925 3387//6925 2644//6925
f 3532//6926 2644//6926 3385//6926
f 3385//6927 2644//6927 3386//6927
f 3389//6928 3533//6928 2596//6928
f 2596//6929 3533//6929 3534//6929
f 2596//6930 3534//6930 2600//6930
f 2600//6931 3534//6931 3390//6931
f 2579//6932 3392//6932 2659//6932
f 3535//6933 2613//6933 3536//6933
f 3536//6934 2613//6934 3529//6934
f 3530//6935 2629//6935 3537//6935
f 3537//6936 2629//6936 3531//6936
f 3391//6937 3497//6937 2583//6937
f 2583//6938 3497//6938 2579//6938
f 3538//6939 3534//6939 3539//6939
f 3539//6940 3534//6940 3533//6940
f 3539//6941 3533//6941 3483//6941
f 3483//6942 3533//6942 3535//6942
f 3536//6943 3529//6943 3480//6943
f 3480//6944 3529//6944 3530//6944
f 3537//6945 3531//6945 3466//6945
f 3466//6946 3531//6946 3532//6946
f 3483//6947 3535//6947 3482//6947
f 3482//6948 3535//6948 3536//6948
f 3480//6949 3530//6949 3470//6949
f 3470//6950 3530//6950 3537//6950
f 3466//6951 3532//6951 3468//6951
f 3468//6952 3532//6952 3385//6952
f 3468//6953 3385//6953 3383//6953
f 3383//6954 3385//6954 3384//6954
f 3538//6955 3498//6955 3391//6955
f 3391//6956 3498//6956 3497//6956
f 3497//6957 3495//6957 2579//6957
f 2579//6958 3495//6958 3392//6958
f 3498//6959 3538//6959 3477//6959
f 3477//6960 3538//6960 3539//6960
f 3477//6961 3539//6961 3479//6961
f 3479//6962 3539//6962 3483//6962
f 3482//6963 3536//6963 3475//6963
f 3475//6964 3536//6964 3480//6964
f 3470//6965 3537//6965 3465//6965
f 3465//6966 3537//6966 3466//6966
f 3495//6967 3494//6967 3392//6967
f 3392//6968 3494//6968 3504//6968
f 3392//6969 3504//6969 2653//6969
f 2653//6970 3504//6970 3393//6970
f 2673//6971 3486//6971 3395//6971
f 3395//6972 3486//6972 3505//6972
f 3395//6973 3505//6973 2676//6973
f 2676//6974 3505//6974 3396//6974
f 3519//6975 3523//6975 3397//6975
f 3397//6976 3523//6976 3518//6976
f 3516//6977 3528//6977 2716//6977
f 2716//6978 3528//6978 3373//6978
f 2716//6979 3373//6979 3400//6979
f 3400//6980 3373//6980 3372//6980
f 3534//6981 3538//6981 3390//6981
f 3390//6982 3538//6982 3391//6982
f 3392//6983 2653//6983 2657//6983
f 2657//6984 2653//6984 2656//6984
f 3503//6985 3510//6985 3502//6985
f 3502//6986 3510//6986 3509//6986
f 3502//6987 3509//6987 3410//6987
f 3410//6988 3509//6988 3515//6988
f 3410//6989 3515//6989 3500//6989
f 3414//6990 3500//6990 3507//6990
f 3414//6991 3507//6991 3499//6991
f 3492//6992 3491//6992 3504//6992
f 3492//6993 3504//6993 3494//6993
f 3535//6994 3533//6994 3389//6994
f 3535//6995 3389//6995 2613//6995
f 2613//6996 3389//6996 2609//6996
f 3540//6997 3375//6997 3374//6997
f 3541//6998 3527//6998 3375//6998
f 3542//6999 3401//6999 3527//6999
f 2724//7000 3402//7000 2769//7000
f 3543//7001 2766//7001 2768//7001
f 3543//7002 2768//7002 2769//7002
f 3544//7003 2764//7003 2766//7003
f 3544//7004 2766//7004 3543//7004
f 3545//7005 2759//7005 2762//7005
f 3545//7006 2762//7006 3546//7006
f 2759//7007 3545//7007 3547//7007
f 2759//7008 3547//7008 2760//7008
f 3548//7009 2755//7009 2757//7009
f 3548//7010 2757//7010 3547//7010
f 3547//7011 2757//7011 2760//7011
f 2755//7012 3548//7012 2753//7012
f 2753//7013 3548//7013 3549//7013
f 2753//7014 3549//7014 2752//7014
f 3550//7015 3551//7015 2751//7015
f 2751//7016 3551//7016 2748//7016
f 3550//7017 2751//7017 3549//7017
f 3549//7018 2751//7018 2752//7018
f 3552//7019 2748//7019 3551//7019
f 3552//7020 2746//7020 2748//7020
f 2744//7021 2743//7021 3553//7021
f 3553//7022 2743//7022 3552//7022
f 3552//7023 2743//7023 2746//7023
f 2736//7024 3554//7024 2735//7024
f 2735//7025 3554//7025 3386//7025
f 2735//7026 3386//7026 2646//7026
f 3555//7027 3386//7027 3554//7027
f 3555//7028 3384//7028 3386//7028
f 3556//7029 3381//7029 3557//7029
f 3557//7030 3381//7030 3384//7030
f 3558//7031 3382//7031 3556//7031
f 3556//7032 3382//7032 3381//7032
f 3559//7033 3560//7033 3561//7033
f 3560//7034 3559//7034 3562//7034
f 3562//7035 3559//7035 3563//7035
f 3564//7036 3565//7036 3563//7036
f 3563//7037 3565//7037 3562//7037
f 3566//7038 3567//7038 3564//7038
f 3568//7039 3569//7039 3570//7039
f 3568//7040 3571//7040 3569//7040
f 3572//7041 3571//7041 3573//7041
f 3573//7042 3574//7042 3572//7042
f 3374//7043 3575//7043 3540//7043
f 3576//7044 3555//7044 3577//7044
f 3577//7045 3555//7045 3554//7045
f 3577//7046 3554//7046 3578//7046
f 3578//7047 3554//7047 2736//7047
f 3578//7048 2736//7048 2738//7048
f 3579//7049 3580//7049 3581//7049
f 3581//7050 3580//7050 3582//7050
f 3581//7051 3582//7051 3583//7051
f 3583//7052 3582//7052 3584//7052
f 3584//7053 3566//7053 3549//7053
f 3549//7054 3566//7054 3585//7054
f 3549//7055 3585//7055 3550//7055
f 3550//7056 3585//7056 3586//7056
f 3587//7057 3588//7057 3589//7057
f 3589//7058 3588//7058 3579//7058
f 3589//7059 3579//7059 3546//7059
f 3546//7060 3579//7060 3581//7060
f 3550//7061 3586//7061 3551//7061
f 3551//7062 3586//7062 3590//7062
f 3402//7063 3401//7063 2769//7063
f 2769//7064 3401//7064 3542//7064
f 2769//7065 3542//7065 3543//7065
f 3543//7066 3542//7066 3591//7066
f 3543//7067 3591//7067 3544//7067
f 2762//7068 2764//7068 3546//7068
f 3546//7069 2764//7069 3544//7069
f 3546//7070 3544//7070 3589//7070
f 3589//7071 3544//7071 3591//7071
f 3591//7072 3542//7072 3541//7072
f 3541//7073 3542//7073 3527//7073
f 3575//7074 3574//7074 3540//7074
f 3540//7075 3574//7075 3573//7075
f 3541//7076 3587//7076 3591//7076
f 3591//7077 3587//7077 3589//7077
f 3546//7078 3581//7078 3545//7078
f 3545//7079 3581//7079 3583//7079
f 3545//7080 3583//7080 3547//7080
f 3547//7081 3583//7081 3584//7081
f 3547//7082 3584//7082 3548//7082
f 3548//7083 3584//7083 3549//7083
f 3551//7084 3590//7084 3552//7084
f 3552//7085 3590//7085 3592//7085
f 3552//7086 3592//7086 3553//7086
f 3576//7087 3593//7087 3594//7087
f 3594//7088 3593//7088 3595//7088
f 3594//7089 3595//7089 3596//7089
f 3557//7090 3576//7090 3594//7090
f 3557//7091 3594//7091 3556//7091
f 3556//7092 3594//7092 3596//7092
f 3556//7093 3596//7093 3558//7093
f 3560//7094 3595//7094 3561//7094
f 3561//7095 3595//7095 3593//7095
f 3561//7096 3593//7096 3597//7096
f 3597//7097 3593//7097 3576//7097
f 3576//7098 3557//7098 3555//7098
f 3555//7099 3557//7099 3384//7099
f 2738//7100 2740//7100 3578//7100
f 3578//7101 2740//7101 3598//7101
f 3578//7102 3598//7102 3577//7102
f 3577//7103 3598//7103 3599//7103
f 3577//7104 3599//7104 3576//7104
f 3576//7105 3599//7105 3597//7105
f 3597//7106 3592//7106 3561//7106
f 3561//7107 3592//7107 3590//7107
f 3561//7108 3590//7108 3559//7108
f 3559//7109 3590//7109 3563//7109
f 3563//7110 3585//7110 3564//7110
f 3564//7111 3585//7111 3566//7111
f 3566//7112 3584//7112 3600//7112
f 3600//7113 3584//7113 3582//7113
f 3600//7114 3582//7114 3601//7114
f 3601//7115 3582//7115 3580//7115
f 3601//7116 3580//7116 3570//7116
f 3570//7117 3580//7117 3568//7117
f 3568//7118 3588//7118 3571//7118
f 3571//7119 3588//7119 3587//7119
f 3571//7120 3587//7120 3573//7120
f 3573//7121 3587//7121 3540//7121
f 2740//7122 2744//7122 3598//7122
f 3598//7123 2744//7123 3553//7123
f 3598//7124 3553//7124 3599//7124
f 3599//7125 3553//7125 3592//7125
f 3599//7126 3592//7126 3597//7126
f 3590//7127 3586//7127 3563//7127
f 3563//7128 3586//7128 3585//7128
f 3580//7129 3579//7129 3568//7129
f 3568//7130 3579//7130 3588//7130
f 3587//7131 3541//7131 3540//7131
f 3540//7132 3541//7132 3375//7132
f 3602//7133 3603//7133 3604//7133
f 3605//7134 3606//7134 3607//7134
f 3608//7135 3609//7135 3610//7135
f 3611//7136 3612//7136 3613//7136
f 3614//7137 3615//7137 3616//7137
f 3617//7138 3618//7138 3619//7138
f 3503//7139 3413//7139 3620//7139
f 3621//7140 3622//7140 3623//7140
f 3377//7141 3624//7141 3622//7141
f 3377//7142 3622//7142 3621//7142
f 3377//7143 3382//7143 3624//7143
f 3625//7144 3461//7144 3464//7144
f 3450//7145 3453//7145 3616//7145
f 3451//7146 3450//7146 3626//7146
f 3448//7147 3627//7147 3446//7147
f 3446//7148 3627//7148 3628//7148
f 3443//7149 3447//7149 3629//7149
f 3629//7150 3447//7150 3628//7150
f 3628//7151 3447//7151 3446//7151
f 3630//7152 3441//7152 3629//7152
f 3629//7153 3441//7153 3443//7153
f 3441//7154 3630//7154 3442//7154
f 3442//7155 3630//7155 3631//7155
f 3442//7156 3631//7156 3439//7156
f 3632//7157 3438//7157 3439//7157
f 3632//7158 3439//7158 3631//7158
f 3438//7159 3632//7159 3437//7159
f 3437//7160 3632//7160 3633//7160
f 3634//7161 3434//7161 3435//7161
f 3634//7162 3435//7162 3633//7162
f 3633//7163 3435//7163 3437//7163
f 3635//7164 3432//7164 3634//7164
f 3634//7165 3432//7165 3434//7165
f 3432//7166 3635//7166 3430//7166
f 3430//7167 3635//7167 3636//7167
f 3430//7168 3636//7168 3429//7168
f 3637//7169 3426//7169 3429//7169
f 3637//7170 3429//7170 3636//7170
f 3426//7171 3637//7171 3427//7171
f 3427//7172 3637//7172 3638//7172
f 3639//7173 3423//7173 3424//7173
f 3639//7174 3424//7174 3638//7174
f 3638//7175 3424//7175 3427//7175
f 3640//7176 3421//7176 3423//7176
f 3640//7177 3423//7177 3639//7177
f 3418//7178 3417//7178 3641//7178
f 3642//7179 3415//7179 3418//7179
f 3411//7180 3416//7180 3643//7180
f 3510//7181 3503//7181 3644//7181
f 3510//7182 3644//7182 3409//7182
f 3409//7183 3644//7183 3645//7183
f 3409//7184 3645//7184 3646//7184
f 3647//7185 3648//7185 3406//7185
f 3406//7186 3405//7186 3647//7186
f 3647//7187 3405//7187 3646//7187
f 3646//7188 3405//7188 3409//7188
f 3649//7189 3406//7189 3650//7189
f 3650//7190 3406//7190 3648//7190
f 3651//7191 3403//7191 3649//7191
f 3649//7192 3403//7192 3404//7192
f 3649//7193 3404//7193 3406//7193
f 3374//7194 3403//7194 3652//7194
f 3652//7195 3403//7195 3651//7195
f 3653//7196 3654//7196 3651//7196
f 3655//7197 3656//7197 3657//7197
f 3658//7198 3659//7198 3660//7198
f 3660//7199 3659//7199 3661//7199
f 3662//7200 3663//7200 3664//7200
f 3663//7201 3659//7201 3658//7201
f 3665//7202 3666//7202 3667//7202
f 3668//7203 3669//7203 3670//7203
f 3670//7204 3669//7204 3671//7204
f 3672//7205 3673//7205 3668//7205
f 3674//7206 3675//7206 3672//7206
f 3672//7207 3675//7207 3673//7207
f 3613//7208 3676//7208 3674//7208
f 3674//7209 3676//7209 3675//7209
f 3677//7210 3678//7210 3613//7210
f 3679//7211 3680//7211 3681//7211
f 3681//7212 3680//7212 3682//7212
f 3683//7213 3684//7213 3685//7213
f 3685//7214 3684//7214 3686//7214
f 3687//7215 3688//7215 3686//7215
f 3686//7216 3688//7216 3685//7216
f 3689//7217 3690//7217 3691//7217
f 3691//7218 3690//7218 3692//7218
f 3693//7219 3689//7219 3694//7219
f 3693//7220 3694//7220 3695//7220
f 3695//7221 3696//7221 3697//7221
f 3698//7222 3697//7222 3696//7222
f 3699//7223 3700//7223 3698//7223
f 3698//7224 3700//7224 3697//7224
f 3700//7225 3699//7225 3701//7225
f 3702//7226 3703//7226 3704//7226
f 3703//7227 3702//7227 3705//7227
f 3703//7228 3705//7228 3706//7228
f 3706//7229 3705//7229 3707//7229
f 3708//7230 3709//7230 3707//7230
f 3707//7231 3709//7231 3706//7231
f 3710//7232 3711//7232 3708//7232
f 3708//7233 3711//7233 3712//7233
f 3618//7234 3713//7234 3710//7234
f 3710//7235 3713//7235 3711//7235
f 3617//7236 3714//7236 3715//7236
f 3716//7237 3717//7237 3715//7237
f 3718//7238 3719//7238 3716//7238
f 3716//7239 3719//7239 3720//7239
f 3716//7240 3720//7240 3717//7240
f 3721//7241 3722//7241 3604//7241
f 3723//7242 3724//7242 3722//7242
f 3725//7243 3726//7243 3727//7243
f 3727//7244 3726//7244 3728//7244
f 3729//7245 3730//7245 3731//7245
f 3731//7246 3730//7246 3732//7246
f 3725//7247 3732//7247 3726//7247
f 3733//7248 3734//7248 3735//7248
f 3736//7249 3737//7249 3734//7249
f 3738//7250 3739//7250 3740//7250
f 3741//7251 3742//7251 3739//7251
f 3608//7252 3743//7252 3609//7252
f 3621//7253 3623//7253 3744//7253
f 3621//7254 3744//7254 3377//7254
f 3377//7255 3744//7255 3378//7255
f 3745//7256 3746//7256 3747//7256
f 3745//7257 3747//7257 3748//7257
f 3748//7258 3747//7258 3464//7258
f 3748//7259 3464//7259 3378//7259
f 3749//7260 3750//7260 3751//7260
f 3749//7261 3751//7261 3625//7261
f 3625//7262 3751//7262 3461//7262
f 3752//7263 3753//7263 3754//7263
f 3752//7264 3754//7264 3462//7264
f 3462//7265 3754//7265 3458//7265
f 3755//7266 3756//7266 3456//7266
f 3755//7267 3456//7267 3757//7267
f 3757//7268 3456//7268 3460//7268
f 3758//7269 3759//7269 3760//7269
f 3758//7270 3760//7270 3455//7270
f 3758//7271 3455//7271 3456//7271
f 3450//7272 3616//7272 3626//7272
f 3626//7273 3616//7273 3615//7273
f 3626//7274 3615//7274 3761//7274
f 3653//7275 3762//7275 3763//7275
f 3656//7276 3654//7276 3657//7276
f 3657//7277 3654//7277 3653//7277
f 3657//7278 3653//7278 3764//7278
f 3764//7279 3653//7279 3763//7279
f 3764//7280 3763//7280 3765//7280
f 3765//7281 3763//7281 3766//7281
f 3765//7282 3767//7282 3768//7282
f 3640//7283 3639//7283 3769//7283
f 3769//7284 3639//7284 3638//7284
f 3635//7285 3634//7285 3770//7285
f 3770//7286 3634//7286 3633//7286
f 3770//7287 3633//7287 3771//7287
f 3771//7288 3633//7288 3632//7288
f 3771//7289 3632//7289 3772//7289
f 3772//7290 3632//7290 3631//7290
f 3772//7291 3631//7291 3773//7291
f 3773//7292 3631//7292 3630//7292
f 3773//7293 3630//7293 3774//7293
f 3774//7294 3630//7294 3629//7294
f 3774//7295 3629//7295 3775//7295
f 3775//7296 3629//7296 3628//7296
f 3416//7297 3415//7297 3643//7297
f 3643//7298 3415//7298 3642//7298
f 3643//7299 3642//7299 3776//7299
f 3777//7300 3411//7300 3643//7300
f 3777//7301 3643//7301 3778//7301
f 3778//7302 3643//7302 3776//7302
f 3779//7303 3780//7303 3620//7303
f 3779//7304 3620//7304 3413//7304
f 3779//7305 3413//7305 3412//7305
f 3503//7306 3781//7306 3644//7306
f 3644//7307 3781//7307 3768//7307
f 3644//7308 3768//7308 3645//7308
f 3645//7309 3768//7309 3767//7309
f 3645//7310 3767//7310 3646//7310
f 3646//7311 3767//7311 3765//7311
f 3646//7312 3765//7312 3647//7312
f 3647//7313 3765//7313 3766//7313
f 3647//7314 3766//7314 3648//7314
f 3648//7315 3766//7315 3763//7315
f 3648//7316 3763//7316 3650//7316
f 3650//7317 3763//7317 3762//7317
f 3650//7318 3762//7318 3649//7318
f 3649//7319 3762//7319 3653//7319
f 3649//7320 3653//7320 3651//7320
f 3652//7321 3651//7321 3654//7321
f 3701//7322 3782//7322 3783//7322
f 3783//7323 3782//7323 3784//7323
f 3785//7324 3786//7324 3787//7324
f 3787//7325 3788//7325 3789//7325
f 3701//7326 3790//7326 3782//7326
f 3782//7327 3790//7327 3785//7327
f 3785//7328 3787//7328 3791//7328
f 3791//7329 3787//7329 3789//7329
f 3684//7330 3792//7330 3686//7330
f 3686//7331 3792//7331 3793//7331
f 3686//7332 3793//7332 3687//7332
f 3687//7333 3793//7333 3794//7333
f 3670//7334 3795//7334 3668//7334
f 3668//7335 3795//7335 3796//7335
f 3668//7336 3796//7336 3672//7336
f 3672//7337 3796//7337 3797//7337
f 3672//7338 3797//7338 3674//7338
f 3683//7339 3679//7339 3684//7339
f 3684//7340 3679//7340 3798//7340
f 3684//7341 3798//7341 3792//7341
f 3793//7342 3792//7342 3794//7342
f 3799//7343 3800//7343 3681//7343
f 3799//7344 3681//7344 3677//7344
f 3677//7345 3681//7345 3682//7345
f 3677//7346 3682//7346 3678//7346
f 3679//7347 3681//7347 3800//7347
f 3679//7348 3800//7348 3798//7348
f 3798//7349 3800//7349 3792//7349
f 3789//7350 3794//7350 3801//7350
f 3789//7351 3801//7351 3791//7351
f 3611//7352 3797//7352 3612//7352
f 3802//7353 3803//7353 3804//7353
f 3802//7354 3804//7354 3805//7354
f 3613//7355 3674//7355 3611//7355
f 3611//7356 3674//7356 3797//7356
f 3797//7357 3796//7357 3795//7357
f 3806//7358 3795//7358 3670//7358
f 3806//7359 3670//7359 3807//7359
f 3807//7360 3670//7360 3671//7360
f 3808//7361 3809//7361 3810//7361
f 3808//7362 3810//7362 3665//7362
f 3665//7363 3810//7363 3666//7363
f 3671//7364 3810//7364 3807//7364
f 3807//7365 3810//7365 3809//7365
f 3807//7366 3809//7366 3806//7366
f 3806//7367 3809//7367 3795//7367
f 3612//7368 3797//7368 3811//7368
f 3612//7369 3811//7369 3805//7369
f 3812//7370 3813//7370 3814//7370
f 3812//7371 3814//7371 3815//7371
f 3815//7372 3814//7372 3667//7372
f 3663//7373 3658//7373 3664//7373
f 3664//7374 3658//7374 3660//7374
f 3664//7375 3660//7375 3816//7375
f 3662//7376 3664//7376 3815//7376
f 3815//7377 3664//7377 3816//7377
f 3815//7378 3816//7378 3812//7378
f 3812//7379 3816//7379 3813//7379
f 3795//7380 3817//7380 3818//7380
f 3795//7381 3818//7381 3819//7381
f 3802//7382 3776//7382 3642//7382
f 3802//7383 3642//7383 3641//7383
f 3640//7384 3641//7384 3417//7384
f 3640//7385 3417//7385 3421//7385
f 3661//7386 3656//7386 3655//7386
f 3817//7387 3764//7387 3765//7387
f 3817//7388 3765//7388 3818//7388
f 3818//7389 3765//7389 3768//7389
f 3818//7390 3768//7390 3780//7390
f 3780//7391 3768//7391 3781//7391
f 3780//7392 3781//7392 3503//7392
f 3780//7393 3503//7393 3620//7393
f 3816//7394 3655//7394 3657//7394
f 3816//7395 3657//7395 3764//7395
f 3819//7396 3818//7396 3780//7396
f 3819//7397 3780//7397 3778//7397
f 3778//7398 3780//7398 3779//7398
f 3778//7399 3779//7399 3777//7399
f 3777//7400 3779//7400 3412//7400
f 3777//7401 3412//7401 3411//7401
f 3660//7402 3661//7402 3655//7402
f 3660//7403 3655//7403 3816//7403
f 3813//7404 3816//7404 3764//7404
f 3813//7405 3764//7405 3817//7405
f 3811//7406 3819//7406 3778//7406
f 3811//7407 3778//7407 3776//7407
f 3641//7408 3642//7408 3418//7408
f 3628//7409 3820//7409 3775//7409
f 3635//7410 3770//7410 3821//7410
f 3635//7411 3821//7411 3636//7411
f 3636//7412 3821//7412 3822//7412
f 3636//7413 3822//7413 3637//7413
f 3637//7414 3822//7414 3823//7414
f 3637//7415 3823//7415 3638//7415
f 3638//7416 3823//7416 3824//7416
f 3638//7417 3824//7417 3769//7417
f 3640//7418 3769//7418 3801//7418
f 3640//7419 3801//7419 3641//7419
f 3641//7420 3801//7420 3803//7420
f 3641//7421 3803//7421 3802//7421
f 3776//7422 3802//7422 3805//7422
f 3776//7423 3805//7423 3811//7423
f 3819//7424 3811//7424 3797//7424
f 3819//7425 3797//7425 3795//7425
f 3817//7426 3795//7426 3809//7426
f 3817//7427 3809//7427 3813//7427
f 3813//7428 3809//7428 3808//7428
f 3813//7429 3808//7429 3665//7429
f 3813//7430 3665//7430 3814//7430
f 3814//7431 3665//7431 3667//7431
f 3677//7432 3613//7432 3612//7432
f 3677//7433 3612//7433 3799//7433
f 3799//7434 3612//7434 3800//7434
f 3800//7435 3612//7435 3805//7435
f 3800//7436 3805//7436 3792//7436
f 3792//7437 3805//7437 3804//7437
f 3792//7438 3804//7438 3794//7438
f 3794//7439 3804//7439 3803//7439
f 3794//7440 3803//7440 3801//7440
f 3791//7441 3801//7441 3769//7441
f 3791//7442 3769//7442 3824//7442
f 3825//7443 3821//7443 3770//7443
f 3825//7444 3770//7444 3826//7444
f 3826//7445 3770//7445 3771//7445
f 3826//7446 3771//7446 3827//7446
f 3827//7447 3771//7447 3772//7447
f 3827//7448 3772//7448 3828//7448
f 3828//7449 3772//7449 3773//7449
f 3828//7450 3773//7450 3774//7450
f 3829//7451 3774//7451 3775//7451
f 3829//7452 3775//7452 3820//7452
f 3761//7453 3820//7453 3628//7453
f 3761//7454 3628//7454 3627//7454
f 3761//7455 3627//7455 3626//7455
f 3626//7456 3627//7456 3448//7456
f 3626//7457 3448//7457 3451//7457
f 3610//7458 3830//7458 3608//7458
f 3608//7459 3830//7459 3831//7459
f 3608//7460 3831//7460 3832//7460
f 3619//7461 3833//7461 3714//7461
f 3617//7462 3619//7462 3714//7462
f 3715//7463 3714//7463 3834//7463
f 3715//7464 3834//7464 3716//7464
f 3727//7465 3835//7465 3725//7465
f 3725//7466 3835//7466 3836//7466
f 3725//7467 3836//7467 3732//7467
f 3732//7468 3836//7468 3837//7468
f 3732//7469 3837//7469 3731//7469
f 3838//7470 3831//7470 3830//7470
f 3839//7471 3610//7471 3609//7471
f 3839//7472 3609//7472 3840//7472
f 3840//7473 3609//7473 3841//7473
f 3840//7474 3841//7474 3842//7474
f 3843//7475 3844//7475 3845//7475
f 3843//7476 3845//7476 3846//7476
f 3846//7477 3845//7477 3847//7477
f 3848//7478 3849//7478 3741//7478
f 3848//7479 3741//7479 3738//7479
f 3738//7480 3741//7480 3739//7480
f 3844//7481 3610//7481 3839//7481
f 3844//7482 3839//7482 3840//7482
f 3844//7483 3840//7483 3845//7483
f 3845//7484 3840//7484 3842//7484
f 3850//7485 3851//7485 3740//7485
f 3850//7486 3740//7486 3736//7486
f 3736//7487 3740//7487 3852//7487
f 3736//7488 3852//7488 3737//7488
f 3853//7489 3854//7489 3733//7489
f 3853//7490 3733//7490 3855//7490
f 3855//7491 3733//7491 3735//7491
f 3856//7492 3838//7492 3830//7492
f 3856//7493 3830//7493 3857//7493
f 3857//7494 3830//7494 3610//7494
f 3857//7495 3610//7495 3844//7495
f 3849//7496 3844//7496 3843//7496
f 3849//7497 3843//7497 3846//7497
f 3849//7498 3846//7498 3741//7498
f 3741//7499 3846//7499 3847//7499
f 3741//7500 3847//7500 3742//7500
f 3734//7501 3733//7501 3736//7501
f 3736//7502 3733//7502 3854//7502
f 3736//7503 3854//7503 3850//7503
f 3850//7504 3854//7504 3851//7504
f 3844//7505 3849//7505 3858//7505
f 3844//7506 3858//7506 3857//7506
f 3856//7507 3857//7507 3859//7507
f 3856//7508 3859//7508 3838//7508
f 3851//7509 3849//7509 3848//7509
f 3851//7510 3848//7510 3738//7510
f 3851//7511 3738//7511 3740//7511
f 3605//7512 3837//7512 3606//7512
f 3854//7513 3606//7513 3860//7513
f 3854//7514 3860//7514 3861//7514
f 3857//7515 3858//7515 3623//7515
f 3857//7516 3623//7516 3622//7516
f 3622//7517 3859//7517 3857//7517
f 3862//7518 3858//7518 3849//7518
f 3862//7519 3849//7519 3861//7519
f 3861//7520 3849//7520 3851//7520
f 3861//7521 3851//7521 3854//7521
f 3606//7522 3854//7522 3853//7522
f 3606//7523 3853//7523 3855//7523
f 3606//7524 3855//7524 3607//7524
f 3378//7525 3744//7525 3748//7525
f 3748//7526 3744//7526 3623//7526
f 3748//7527 3623//7527 3745//7527
f 3745//7528 3623//7528 3746//7528
f 3746//7529 3623//7529 3858//7529
f 3746//7530 3858//7530 3862//7530
f 3863//7531 3860//7531 3606//7531
f 3863//7532 3606//7532 3864//7532
f 3864//7533 3606//7533 3837//7533
f 3864//7534 3837//7534 3835//7534
f 3607//7535 3729//7535 3731//7535
f 3607//7536 3731//7536 3605//7536
f 3605//7537 3731//7537 3837//7537
f 3837//7538 3836//7538 3835//7538
f 3865//7539 3835//7539 3727//7539
f 3865//7540 3727//7540 3866//7540
f 3866//7541 3727//7541 3728//7541
f 3866//7542 3728//7542 3867//7542
f 3868//7543 3869//7543 3870//7543
f 3868//7544 3870//7544 3871//7544
f 3866//7545 3870//7545 3869//7545
f 3866//7546 3869//7546 3865//7546
f 3865//7547 3869//7547 3835//7547
f 3862//7548 3861//7548 3750//7548
f 3862//7549 3750//7549 3746//7549
f 3746//7550 3750//7550 3749//7550
f 3746//7551 3749//7551 3625//7551
f 3746//7552 3625//7552 3747//7552
f 3747//7553 3625//7553 3464//7553
f 3872//7554 3873//7554 3874//7554
f 3872//7555 3874//7555 3875//7555
f 3875//7556 3874//7556 3724//7556
f 3876//7557 3877//7557 3723//7557
f 3876//7558 3723//7558 3721//7558
f 3721//7559 3723//7559 3722//7559
f 3724//7560 3723//7560 3875//7560
f 3875//7561 3723//7561 3877//7561
f 3875//7562 3877//7562 3872//7562
f 3872//7563 3877//7563 3873//7563
f 3869//7564 3873//7564 3878//7564
f 3869//7565 3878//7565 3835//7565
f 3835//7566 3878//7566 3615//7566
f 3835//7567 3615//7567 3864//7567
f 3860//7568 3863//7568 3756//7568
f 3860//7569 3756//7569 3753//7569
f 3753//7570 3756//7570 3755//7570
f 3753//7571 3755//7571 3757//7571
f 3753//7572 3757//7572 3754//7572
f 3754//7573 3757//7573 3460//7573
f 3754//7574 3460//7574 3458//7574
f 3602//7575 3828//7575 3603//7575
f 3873//7576 3829//7576 3820//7576
f 3873//7577 3820//7577 3878//7577
f 3878//7578 3820//7578 3761//7578
f 3878//7579 3761//7579 3615//7579
f 3759//7580 3614//7580 3879//7580
f 3759//7581 3879//7581 3760//7581
f 3760//7582 3879//7582 3453//7582
f 3760//7583 3453//7583 3455//7583
f 3721//7584 3604//7584 3603//7584
f 3721//7585 3603//7585 3876//7585
f 3876//7586 3603//7586 3877//7586
f 3877//7587 3603//7587 3829//7587
f 3877//7588 3829//7588 3873//7588
f 3864//7589 3615//7589 3614//7589
f 3864//7590 3614//7590 3863//7590
f 3863//7591 3614//7591 3759//7591
f 3863//7592 3759//7592 3756//7592
f 3756//7593 3759//7593 3758//7593
f 3756//7594 3758//7594 3456//7594
f 3604//7595 3719//7595 3718//7595
f 3604//7596 3718//7596 3602//7596
f 3602//7597 3718//7597 3716//7597
f 3602//7598 3716//7598 3828//7598
f 3828//7599 3716//7599 3834//7599
f 3828//7600 3834//7600 3827//7600
f 3827//7601 3834//7601 3714//7601
f 3827//7602 3714//7602 3826//7602
f 3826//7603 3714//7603 3833//7603
f 3826//7604 3833//7604 3825//7604
f 3880//7605 3874//7605 3871//7605
f 3871//7606 3874//7606 3873//7606
f 3871//7607 3873//7607 3868//7607
f 3868//7608 3873//7608 3869//7608
f 3861//7609 3860//7609 3753//7609
f 3861//7610 3753//7610 3750//7610
f 3750//7611 3753//7611 3752//7611
f 3750//7612 3752//7612 3462//7612
f 3750//7613 3462//7613 3751//7613
f 3751//7614 3462//7614 3461//7614
f 3619//7615 3618//7615 3710//7615
f 3619//7616 3710//7616 3833//7616
f 3833//7617 3710//7617 3708//7617
f 3833//7618 3708//7618 3825//7618
f 3825//7619 3708//7619 3707//7619
f 3825//7620 3707//7620 3881//7620
f 3881//7621 3707//7621 3705//7621
f 3881//7622 3705//7622 3784//7622
f 3784//7623 3705//7623 3702//7623
f 3784//7624 3702//7624 3783//7624
f 3783//7625 3702//7625 3704//7625
f 3783//7626 3704//7626 3701//7626
f 3790//7627 3701//7627 3699//7627
f 3790//7628 3699//7628 3785//7628
f 3785//7629 3699//7629 3698//7629
f 3785//7630 3698//7630 3786//7630
f 3786//7631 3698//7631 3696//7631
f 3786//7632 3696//7632 3787//7632
f 3787//7633 3696//7633 3695//7633
f 3787//7634 3695//7634 3788//7634
f 3788//7635 3695//7635 3694//7635
f 3788//7636 3694//7636 3789//7636
f 3789//7637 3694//7637 3689//7637
f 3789//7638 3689//7638 3882//7638
f 3882//7639 3689//7639 3691//7639
f 3692//7640 3687//7640 3691//7640
f 3691//7641 3687//7641 3794//7641
f 3691//7642 3794//7642 3882//7642
f 3882//7643 3794//7643 3789//7643
f 3785//7644 3791//7644 3824//7644
f 3785//7645 3824//7645 3782//7645
f 3782//7646 3824//7646 3823//7646
f 3782//7647 3823//7647 3784//7647
f 3784//7648 3823//7648 3822//7648
f 3784//7649 3822//7649 3881//7649
f 3881//7650 3822//7650 3821//7650
f 3881//7651 3821//7651 3825//7651
f 3603//7652 3828//7652 3774//7652
f 3603//7653 3774//7653 3829//7653
f 3879//7654 3614//7654 3616//7654
f 3879//7655 3616//7655 3453//7655
f 3661//7656 3659//7656 3883//7656
f 3884//7657 3654//7657 3656//7657
f 3374//7658 3652//7658 3575//7658
f 3575//7659 3652//7659 3885//7659
f 3575//7660 3885//7660 3574//7660
f 3574//7661 3885//7661 3886//7661
f 3887//7662 3571//7662 3572//7662
f 3887//7663 3572//7663 3886//7663
f 3886//7664 3572//7664 3574//7664
f 3571//7665 3887//7665 3569//7665
f 3569//7666 3887//7666 3888//7666
f 3889//7667 3570//7667 3888//7667
f 3888//7668 3570//7668 3569//7668
f 3570//7669 3889//7669 3601//7669
f 3601//7670 3889//7670 3890//7670
f 3601//7671 3890//7671 3600//7671
f 3600//7672 3890//7672 3891//7672
f 3567//7673 3566//7673 3892//7673
f 3892//7674 3566//7674 3891//7674
f 3891//7675 3566//7675 3600//7675
f 3567//7676 3892//7676 3564//7676
f 3564//7677 3892//7677 3893//7677
f 3564//7678 3893//7678 3565//7678
f 3565//7679 3893//7679 3894//7679
f 3565//7680 3894//7680 3562//7680
f 3895//7681 3560//7681 3562//7681
f 3895//7682 3562//7682 3894//7682
f 3560//7683 3895//7683 3896//7683
f 3897//7684 3595//7684 3896//7684
f 3896//7685 3595//7685 3560//7685
f 3595//7686 3897//7686 3596//7686
f 3596//7687 3897//7687 3898//7687
f 3899//7688 3558//7688 3898//7688
f 3898//7689 3558//7689 3596//7689
f 3382//7690 3558//7690 3624//7690
f 3624//7691 3558//7691 3899//7691
f 3899//7692 3859//7692 3622//7692
f 3838//7693 3859//7693 3900//7693
f 3901//7694 3902//7694 3903//7694
f 3902//7695 3901//7695 3904//7695
f 3904//7696 3901//7696 3905//7696
f 3904//7697 3905//7697 3906//7697
f 3904//7698 3906//7698 3907//7698
f 3908//7699 3909//7699 3906//7699
f 3906//7700 3909//7700 3907//7700
f 3910//7701 3911//7701 3908//7701
f 3912//7702 3913//7702 3914//7702
f 3914//7703 3913//7703 3910//7703
f 3910//7704 3913//7704 3911//7704
f 3912//7705 3914//7705 3915//7705
f 3915//7706 3914//7706 3916//7706
f 3915//7707 3916//7707 3917//7707
f 3918//7708 3919//7708 3920//7708
f 3918//7709 3920//7709 3916//7709
f 3916//7710 3920//7710 3917//7710
f 3919//7711 3918//7711 3921//7711
f 3921//7712 3918//7712 3922//7712
f 3923//7713 3924//7713 3925//7713
f 3925//7714 3924//7714 3926//7714
f 3925//7715 3926//7715 3922//7715
f 3922//7716 3926//7716 3921//7716
f 3927//7717 3928//7717 3924//7717
f 3927//7718 3924//7718 3923//7718
f 3928//7719 3927//7719 3929//7719
f 3929//7720 3927//7720 3930//7720
f 3929//7721 3930//7721 3931//7721
f 3931//7722 3930//7722 3932//7722
f 3931//7723 3932//7723 3933//7723
f 3883//7724 3934//7724 3935//7724
f 3883//7725 3935//7725 3932//7725
f 3932//7726 3935//7726 3933//7726
f 3934//7727 3883//7727 3936//7727
f 3936//7728 3883//7728 3659//7728
f 3937//7729 3900//7729 3938//7729
f 3937//7730 3938//7730 3939//7730
f 3939//7731 3938//7731 3940//7731
f 3939//7732 3940//7732 3941//7732
f 3941//7733 3940//7733 3942//7733
f 3941//7734 3942//7734 3943//7734
f 3943//7735 3942//7735 3944//7735
f 3943//7736 3944//7736 3945//7736
f 3945//7737 3944//7737 3946//7737
f 3945//7738 3946//7738 3947//7738
f 3947//7739 3946//7739 3948//7739
f 3947//7740 3948//7740 3949//7740
f 3949//7741 3948//7741 3950//7741
f 3949//7742 3950//7742 3951//7742
f 3951//7743 3950//7743 3952//7743
f 3951//7744 3952//7744 3953//7744
f 3900//7745 3859//7745 3899//7745
f 3900//7746 3899//7746 3938//7746
f 3953//7747 3952//7747 3890//7747
f 3953//7748 3890//7748 3954//7748
f 3954//7749 3890//7749 3889//7749
f 3954//7750 3889//7750 3955//7750
f 3955//7751 3889//7751 3888//7751
f 3955//7752 3888//7752 3956//7752
f 3956//7753 3888//7753 3887//7753
f 3956//7754 3887//7754 3957//7754
f 3957//7755 3887//7755 3886//7755
f 3957//7756 3886//7756 3884//7756
f 3884//7757 3886//7757 3885//7757
f 3884//7758 3885//7758 3654//7758
f 3622//7759 3624//7759 3899//7759
f 3938//7760 3899//7760 3898//7760
f 3938//7761 3898//7761 3940//7761
f 3940//7762 3898//7762 3897//7762
f 3940//7763 3897//7763 3942//7763
f 3942//7764 3897//7764 3896//7764
f 3942//7765 3896//7765 3944//7765
f 3944//7766 3896//7766 3895//7766
f 3944//7767 3895//7767 3946//7767
f 3946//7768 3895//7768 3894//7768
f 3946//7769 3894//7769 3948//7769
f 3948//7770 3894//7770 3893//7770
f 3948//7771 3893//7771 3950//7771
f 3950//7772 3893//7772 3892//7772
f 3950//7773 3892//7773 3952//7773
f 3952//7774 3892//7774 3891//7774
f 3952//7775 3891//7775 3890//7775
f 3654//7776 3885//7776 3652//7776
f 3831//7777 3838//7777 3958//7777
f 3905//7778 3958//7778 3937//7778
f 3905//7779 3937//7779 3906//7779
f 3906//7780 3937//7780 3939//7780
f 3906//7781 3939//7781 3908//7781
f 3908//7782 3939//7782 3941//7782
f 3908//7783 3941//7783 3910//7783
f 3910//7784 3941//7784 3943//7784
f 3910//7785 3943//7785 3959//7785
f 3960//7786 3661//7786 3883//7786
f 3960//7787 3883//7787 3961//7787
f 3961//7788 3883//7788 3932//7788
f 3961//7789 3932//7789 3962//7789
f 3962//7790 3932//7790 3930//7790
f 3962//7791 3930//7791 3963//7791
f 3963//7792 3930//7792 3927//7792
f 3963//7793 3927//7793 3964//7793
f 3964//7794 3927//7794 3923//7794
f 3964//7795 3923//7795 3965//7795
f 3965//7796 3923//7796 3925//7796
f 3965//7797 3925//7797 3966//7797
f 3966//7798 3925//7798 3922//7798
f 3966//7799 3922//7799 3967//7799
f 3967//7800 3922//7800 3918//7800
f 3967//7801 3918//7801 3968//7801
f 3968//7802 3918//7802 3916//7802
f 3968//7803 3916//7803 3959//7803
f 3959//7804 3916//7804 3914//7804
f 3959//7805 3914//7805 3910//7805
f 3958//7806 3905//7806 3901//7806
f 3958//7807 3901//7807 3831//7807
f 3831//7808 3901//7808 3903//7808
f 3831//7809 3903//7809 3832//7809
f 3958//7810 3838//7810 3900//7810
f 3958//7811 3900//7811 3937//7811
f 3959//7812 3943//7812 3945//7812
f 3959//7813 3945//7813 3968//7813
f 3968//7814 3945//7814 3947//7814
f 3968//7815 3947//7815 3967//7815
f 3967//7816 3947//7816 3949//7816
f 3967//7817 3949//7817 3966//7817
f 3966//7818 3949//7818 3951//7818
f 3966//7819 3951//7819 3965//7819
f 3965//7820 3951//7820 3953//7820
f 3965//7821 3953//7821 3964//7821
f 3964//7822 3953//7822 3954//7822
f 3964//7823 3954//7823 3963//7823
f 3963//7824 3954//7824 3955//7824
f 3963//7825 3955//7825 3962//7825
f 3962//7826 3955//7826 3956//7826
f 3962//7827 3956//7827 3961//7827
f 3961//7828 3956//7828 3957//7828
f 3961//7829 3957//7829 3960//7829
f 3960//7830 3957//7830 3884//7830
f 3960//7831 3884//7831 3661//7831
f 3661//7832 3884//7832 3656//7832
f 3921//7833 3969//7833 3970//7833
f 3712//7834 3711//7834 3971//7834
f 3711//7835 3713//7835 3971//7835
f 3971//7836 3713//7836 3972//7836
f 3972//7837 3713//7837 3618//7837
f 3972//7838 3618//7838 3973//7838
f 3973//7839 3618//7839 3617//7839
f 3973//7840 3617//7840 3974//7840
f 3974//7841 3617//7841 3975//7841
f 3617//7842 3715//7842 3975//7842
f 3975//7843 3715//7843 3976//7843
f 3976//7844 3715//7844 3717//7844
f 3976//7845 3717//7845 3977//7845
f 3977//7846 3717//7846 3720//7846
f 3977//7847 3720//7847 3978//7847
f 3720//7848 3719//7848 3978//7848
f 3978//7849 3719//7849 3979//7849
f 3719//7850 3604//7850 3979//7850
f 3979//7851 3604//7851 3980//7851
f 3980//7852 3604//7852 3722//7852
f 3980//7853 3722//7853 3981//7853
f 3981//7854 3722//7854 3982//7854
f 3722//7855 3724//7855 3982//7855
f 3982//7856 3724//7856 3983//7856
f 3983//7857 3724//7857 3874//7857
f 3983//7858 3874//7858 3984//7858
f 3874//7859 3880//7859 3984//7859
f 3984//7860 3880//7860 3871//7860
f 3984//7861 3871//7861 3985//7861
f 3871//7862 3870//7862 3985//7862
f 3985//7863 3870//7863 3986//7863
f 3986//7864 3870//7864 3866//7864
f 3986//7865 3866//7865 3867//7865
f 3986//7866 3867//7866 3987//7866
f 3987//7867 3867//7867 3728//7867
f 3728//7868 3726//7868 3987//7868
f 3987//7869 3726//7869 3988//7869
f 3989//7870 3732//7870 3730//7870
f 3989//7871 3730//7871 3990//7871
f 3726//7872 3732//7872 3988//7872
f 3988//7873 3732//7873 3989//7873
f 3730//7874 3729//7874 3990//7874
f 3990//7875 3729//7875 3607//7875
f 3990//7876 3607//7876 3991//7876
f 3991//7877 3607//7877 3855//7877
f 3991//7878 3855//7878 3992//7878
f 3992//7879 3855//7879 3735//7879
f 3992//7880 3735//7880 3993//7880
f 3993//7881 3735//7881 3734//7881
f 3993//7882 3734//7882 3737//7882
f 3993//7883 3737//7883 3994//7883
f 3994//7884 3737//7884 3852//7884
f 3994//7885 3852//7885 3995//7885
f 3852//7886 3740//7886 3995//7886
f 3995//7887 3740//7887 3996//7887
f 3740//7888 3739//7888 3996//7888
f 3996//7889 3739//7889 3997//7889
f 3997//7890 3739//7890 3742//7890
f 3997//7891 3742//7891 3998//7891
f 3998//7892 3742//7892 3847//7892
f 3998//7893 3847//7893 3999//7893
f 3999//7894 3847//7894 3845//7894
f 3999//7895 3845//7895 4000//7895
f 4000//7896 3845//7896 4001//7896
f 4001//7897 3845//7897 3842//7897
f 4001//7898 3842//7898 3841//7898
f 4001//7899 3841//7899 4002//7899
f 4002//7900 3841//7900 3609//7900
f 4002//7901 3609//7901 3743//7901
f 3743//7902 3608//7902 4002//7902
f 4002//7903 3608//7903 4003//7903
f 4003//7904 3608//7904 3832//7904
f 4003//7905 3832//7905 3903//7905
f 4003//7906 3903//7906 4004//7906
f 3903//7907 3902//7907 4004//7907
f 4004//7908 3902//7908 4005//7908
f 4005//7909 3902//7909 3904//7909
f 4005//7910 3904//7910 3907//7910
f 4005//7911 3907//7911 4006//7911
f 4006//7912 3907//7912 3909//7912
f 4006//7913 3909//7913 4007//7913
f 4007//7914 3909//7914 3908//7914
f 4007//7915 3908//7915 3911//7915
f 3913//7916 4008//7916 3911//7916
f 3911//7917 4008//7917 4007//7917
f 3917//7918 4009//7918 3915//7918
f 3915//7919 4009//7919 3912//7919
f 3912//7920 4009//7920 4008//7920
f 3912//7921 4008//7921 3913//7921
f 4010//7922 3919//7922 3921//7922
f 4010//7923 3921//7923 3970//7923
f 3924//7924 4011//7924 4012//7924
f 3924//7925 4012//7925 3926//7925
f 3969//7926 3921//7926 3926//7926
f 3969//7927 3926//7927 4012//7927
f 3928//7928 3929//7928 4013//7928
f 3928//7929 4013//7929 4014//7929
f 3928//7930 4014//7930 3924//7930
f 3924//7931 4014//7931 4011//7931
f 3931//7932 3933//7932 4015//7932
f 3931//7933 4015//7933 4013//7933
f 3931//7934 4013//7934 3929//7934
f 4016//7935 4017//7935 3934//7935
f 4015//7936 3933//7936 4017//7936
f 4017//7937 3933//7937 3935//7937
f 4017//7938 3935//7938 3934//7938
f 3934//7939 3936//7939 4016//7939
f 4016//7940 3936//7940 3659//7940
f 4016//7941 3659//7941 4018//7941
f 4018//7942 3659//7942 3663//7942
f 4018//7943 3663//7943 4019//7943
f 4019//7944 3663//7944 3662//7944
f 3662//7945 3815//7945 4020//7945
f 4020//7946 3815//7946 4021//7946
f 4021//7947 3815//7947 3667//7947
f 3666//7948 3810//7948 4022//7948
f 4022//7949 4023//7949 3666//7949
f 3666//7950 4023//7950 3667//7950
f 3667//7951 4023//7951 4021//7951
f 4022//7952 3810//7952 4024//7952
f 3810//7953 3671//7953 4024//7953
f 4024//7954 3671//7954 4025//7954
f 4025//7955 3671//7955 3669//7955
f 4025//7956 3669//7956 4026//7956
f 4026//7957 3669//7957 3668//7957
f 4026//7958 3668//7958 3673//7958
f 4026//7959 3673//7959 4027//7959
f 4027//7960 3673//7960 3675//7960
f 4027//7961 3675//7961 4028//7961
f 4028//7962 3675//7962 3676//7962
f 4028//7963 3676//7963 4029//7963
f 3676//7964 3613//7964 4029//7964
f 4029//7965 3613//7965 4030//7965
f 4030//7966 3613//7966 3678//7966
f 4030//7967 3678//7967 4031//7967
f 3680//7968 3679//7968 4032//7968
f 4031//7969 3678//7969 3682//7969
f 4031//7970 3682//7970 4033//7970
f 4033//7971 3682//7971 3680//7971
f 4033//7972 3680//7972 4032//7972
f 4032//7973 3679//7973 4034//7973
f 4034//7974 3679//7974 3683//7974
f 4034//7975 3683//7975 4035//7975
f 3683//7976 3685//7976 4035//7976
f 4035//7977 3685//7977 3688//7977
f 4035//7978 3688//7978 4036//7978
f 4036//7979 3688//7979 4037//7979
f 4037//7980 3688//7980 3687//7980
f 4037//7981 3687//7981 3692//7981
f 4037//7982 3692//7982 4038//7982
f 4038//7983 3692//7983 3690//7983
f 4038//7984 3690//7984 4039//7984
f 4039//7985 3690//7985 3689//7985
f 3689//7986 3693//7986 4039//7986
f 4039//7987 3693//7987 4040//7987
f 4040//7988 3693//7988 3695//7988
f 4040//7989 3695//7989 4041//7989
f 3695//7990 3697//7990 4041//7990
f 4041//7991 3697//7991 4042//7991
f 4042//7992 3697//7992 3700//7992
f 4042//7993 3700//7993 4043//7993
f 4043//7994 3700//7994 3701//7994
f 4043//7995 3701//7995 4044//7995
f 3701//7996 3704//7996 4044//7996
f 4044//7997 3704//7997 4045//7997
f 3971//7998 4046//7998 3712//7998
f 3712//7999 4046//7999 3708//7999
f 3708//8000 4046//8000 4047//8000
f 3708//8001 4047//8001 4048//8001
f 3708//8002 4048//8002 3709//8002
f 3709//8003 4048//8003 3706//8003
f 3706//8004 4048//8004 4049//8004
f 3706//8005 4049//8005 4050//8005
f 3706//8006 4050//8006 3703//8006
f 3703//8007 4050//8007 4045//8007
f 3703//8008 4045//8008 3704//8008
f 4051//8009 4052//8009 4053//8009
f 4054//8010 4055//8010 4056//8010
f 4057//8011 4058//8011 4059//8011
f 4060//8012 4061//8012 4062//8012
f 4063//8013 4064//8013 4062//8013
f 4062//8014 4064//8014 4060//8014
f 4065//8015 4064//8015 4063//8015
f 4066//8016 4067//8016 4068//8016
f 4056//8017 4055//8017 4069//8017
f 4069//8018 4055//8018 4070//8018
f 4069//8019 4070//8019 4066//8019
f 4071//8020 4072//8020 4073//8020
f 4073//8021 4072//8021 4023//8021
f 4023//8022 4072//8022 4054//8022
f 4074//8023 4075//8023 4076//8023
f 4074//8024 4076//8024 4077//8024
f 4077//8025 4076//8025 4078//8025
f 4079//8026 4080//8026 4074//8026
f 4074//8027 4080//8027 4075//8027
f 4081//8028 4082//8028 4083//8028
f 4083//8029 4082//8029 4079//8029
f 4079//8030 4082//8030 4080//8030
f 4084//8031 4085//8031 4081//8031
f 4086//8032 4087//8032 4084//8032
f 4084//8033 4087//8033 4085//8033
f 4088//8034 4089//8034 4090//8034
f 4088//8035 4090//8035 4086//8035
f 4086//8036 4090//8036 4087//8036
f 4089//8037 4088//8037 4091//8037
f 4091//8038 4088//8038 4092//8038
f 4093//8039 4094//8039 4092//8039
f 4092//8040 4094//8040 4091//8040
f 4095//8041 4096//8041 4093//8041
f 4093//8042 4096//8042 4094//8042
f 4097//8043 4098//8043 4099//8043
f 4099//8044 4098//8044 4095//8044
f 4100//8045 4101//8045 4102//8045
f 4102//8046 4101//8046 4103//8046
f 4101//8047 4100//8047 4104//8047
f 4104//8048 4100//8048 4042//8048
f 4104//8049 4042//8049 4105//8049
f 4105//8050 4042//8050 4043//8050
f 4105//8051 4043//8051 4106//8051
f 4044//8052 4107//8052 4106//8052
f 4044//8053 4106//8053 4043//8053
f 4045//8054 4108//8054 4044//8054
f 4044//8055 4108//8055 4107//8055
f 4108//8056 4045//8056 4109//8056
f 4109//8057 4045//8057 4050//8057
f 4053//8058 4052//8058 4050//8058
f 4050//8059 4052//8059 4109//8059
f 4110//8060 4051//8060 4046//8060
f 4046//8061 4051//8061 4053//8061
f 4046//8062 4053//8062 4047//8062
f 4047//8063 4053//8063 4048//8063
f 4048//8064 4053//8064 4049//8064
f 4049//8065 4053//8065 4050//8065
f 4041//8066 4042//8066 4100//8066
f 4103//8067 4097//8067 4102//8067
f 4102//8068 4097//8068 4099//8068
f 4102//8069 4099//8069 4040//8069
f 4040//8070 4099//8070 4039//8070
f 4102//8071 4040//8071 4100//8071
f 4100//8072 4040//8072 4041//8072
f 4095//8073 4093//8073 4099//8073
f 4099//8074 4093//8074 4039//8074
f 4092//8075 4037//8075 4093//8075
f 4093//8076 4037//8076 4038//8076
f 4093//8077 4038//8077 4039//8077
f 4037//8078 4092//8078 4036//8078
f 4036//8079 4092//8079 4088//8079
f 4036//8080 4088//8080 4035//8080
f 4084//8081 4033//8081 4032//8081
f 4084//8082 4032//8082 4086//8082
f 4086//8083 4032//8083 4034//8083
f 4086//8084 4034//8084 4088//8084
f 4088//8085 4034//8085 4035//8085
f 4081//8086 4083//8086 4084//8086
f 4084//8087 4083//8087 4031//8087
f 4084//8088 4031//8088 4033//8088
f 4028//8089 4029//8089 4079//8089
f 4079//8090 4029//8090 4030//8090
f 4079//8091 4030//8091 4083//8091
f 4083//8092 4030//8092 4031//8092
f 4028//8093 4079//8093 4074//8093
f 4028//8094 4074//8094 4027//8094
f 4027//8095 4074//8095 4026//8095
f 4026//8096 4074//8096 4077//8096
f 4078//8097 4025//8097 4077//8097
f 4077//8098 4025//8098 4026//8098
f 4078//8099 4071//8099 4073//8099
f 4078//8100 4073//8100 4025//8100
f 4025//8101 4073//8101 4024//8101
f 4023//8102 4022//8102 4073//8102
f 4073//8103 4022//8103 4024//8103
f 4054//8104 4056//8104 4023//8104
f 4023//8105 4056//8105 4021//8105
f 4069//8106 3662//8106 4020//8106
f 4069//8107 4020//8107 4056//8107
f 4056//8108 4020//8108 4021//8108
f 4066//8109 4068//8109 4069//8109
f 4069//8110 4068//8110 4019//8110
f 4069//8111 4019//8111 3662//8111
f 4068//8112 4018//8112 4019//8112
f 4068//8113 4067//8113 4065//8113
f 4068//8114 4065//8114 4018//8114
f 4063//8115 4017//8115 4065//8115
f 4065//8116 4017//8116 4016//8116
f 4065//8117 4016//8117 4018//8117
f 4017//8118 4063//8118 4015//8118
f 4015//8119 4063//8119 4062//8119
f 4061//8120 4013//8120 4062//8120
f 4062//8121 4013//8121 4015//8121
f 4013//8122 4061//8122 4014//8122
f 4014//8123 4061//8123 4059//8123
f 3970//8124 3969//8124 4111//8124
f 4058//8125 4112//8125 4111//8125
f 4058//8126 4111//8126 4012//8126
f 4012//8127 4111//8127 3969//8127
f 4058//8128 4012//8128 4059//8128
f 4059//8129 4012//8129 4011//8129
f 4059//8130 4011//8130 4014//8130
f 4111//8131 4113//8131 3970//8131
f 3970//8132 4113//8132 4010//8132
f 4114//8133 4115//8133 4116//8133
f 4117//8134 4118//8134 4119//8134
f 4120//8135 4121//8135 4122//8135
f 4122//8136 4123//8136 4124//8136
f 4124//8137 4123//8137 4125//8137
f 4126//8138 4127//8138 4125//8138
f 4125//8139 4127//8139 4124//8139
f 4128//8140 4127//8140 4126//8140
f 4129//8141 4130//8141 4131//8141
f 4131//8142 4130//8142 4128//8142
f 4119//8143 4118//8143 4129//8143
f 4129//8144 4118//8144 4130//8144
f 4132//8145 4133//8145 4134//8145
f 4134//8146 4133//8146 4135//8146
f 4134//8147 4135//8147 4117//8147
f 4136//8148 4132//8148 4113//8148
f 3974//8149 4137//8149 4138//8149
f 4138//8150 4137//8150 4139//8150
f 4140//8151 4141//8151 3974//8151
f 3974//8152 4141//8152 4137//8152
f 4142//8153 4143//8153 4144//8153
f 4144//8154 4143//8154 4145//8154
f 4146//8155 4147//8155 4148//8155
f 4148//8156 4147//8156 4142//8156
f 4142//8157 4147//8157 4143//8157
f 4149//8158 4146//8158 4150//8158
f 4151//8159 4152//8159 4150//8159
f 4150//8160 4152//8160 4149//8160
f 4153//8161 4154//8161 4155//8161
f 4155//8162 4156//8162 4157//8162
f 4157//8163 4156//8163 4158//8163
f 4158//8164 4156//8164 4159//8164
f 4158//8165 4159//8165 4160//8165
f 4161//8166 4162//8166 4153//8166
f 4153//8167 4162//8167 4154//8167
f 4163//8168 4164//8168 4161//8168
f 4161//8169 4164//8169 4162//8169
f 4165//8170 4166//8170 4167//8170
f 4167//8171 4166//8171 4168//8171
f 4167//8172 4168//8172 4169//8172
f 4169//8173 4168//8173 4163//8173
f 4170//8174 4171//8174 4172//8174
f 4172//8175 4171//8175 4173//8175
f 4172//8176 4173//8176 4165//8176
f 4174//8177 4171//8177 4170//8177
f 4116//8178 4115//8178 4175//8178
f 4116//8179 4175//8179 4176//8179
f 4176//8180 4175//8180 4174//8180
f 4177//8181 4178//8181 4179//8181
f 4179//8182 4178//8182 4180//8182
f 4180//8183 4178//8183 4114//8183
f 4121//8184 4120//8184 4181//8184
f 4121//8185 4181//8185 4182//8185
f 4182//8186 4181//8186 4183//8186
f 4172//8187 4165//8187 4167//8187
f 4172//8188 4167//8188 3991//8188
f 4163//8189 4161//8189 4169//8189
f 4169//8190 4161//8190 3988//8190
f 4169//8191 3988//8191 3989//8191
f 4169//8192 3989//8192 3990//8192
f 4169//8193 3990//8193 4167//8193
f 4167//8194 3990//8194 3991//8194
f 4155//8195 4157//8195 4153//8195
f 4153//8196 4157//8196 3986//8196
f 4153//8197 3986//8197 3987//8197
f 3984//8198 4158//8198 4151//8198
f 4151//8199 4158//8199 4160//8199
f 4151//8200 4160//8200 4152//8200
f 3984//8201 3985//8201 4158//8201
f 4158//8202 3985//8202 4157//8202
f 4157//8203 3985//8203 3986//8203
f 4153//8204 3987//8204 4161//8204
f 4161//8205 3987//8205 3988//8205
f 4150//8206 4146//8206 4148//8206
f 4150//8207 4148//8207 3982//8207
f 3982//8208 4148//8208 3981//8208
f 3981//8209 4148//8209 3980//8209
f 3980//8210 4148//8210 4142//8210
f 4046//8211 3971//8211 4184//8211
f 3971//8212 3972//8212 4184//8212
f 4184//8213 3972//8213 4138//8213
f 4184//8214 4138//8214 4185//8214
f 4185//8215 4138//8215 4139//8215
f 3973//8216 3974//8216 4138//8216
f 3973//8217 4138//8217 3972//8217
f 4145//8218 4141//8218 4144//8218
f 4144//8219 4141//8219 4140//8219
f 4144//8220 4140//8220 3977//8220
f 3974//8221 3975//8221 4140//8221
f 4140//8222 3975//8222 3976//8222
f 4140//8223 3976//8223 3977//8223
f 3977//8224 3978//8224 4144//8224
f 4144//8225 3978//8225 4142//8225
f 4142//8226 3978//8226 3979//8226
f 4142//8227 3979//8227 3980//8227
f 4150//8228 3982//8228 3983//8228
f 4150//8229 3983//8229 4151//8229
f 4151//8230 3983//8230 3984//8230
f 3919//8231 4010//8231 4113//8231
f 3920//8232 3919//8232 4132//8232
f 4132//8233 3919//8233 4113//8233
f 4117//8234 4119//8234 4134//8234
f 4134//8235 4119//8235 4008//8235
f 4134//8236 4008//8236 4009//8236
f 4134//8237 4009//8237 3917//8237
f 4134//8238 3917//8238 4132//8238
f 4132//8239 3917//8239 3920//8239
f 4007//8240 4129//8240 4006//8240
f 4006//8241 4129//8241 4131//8241
f 4006//8242 4131//8242 4005//8242
f 4131//8243 4128//8243 4126//8243
f 4131//8244 4126//8244 4005//8244
f 4129//8245 4007//8245 4119//8245
f 4119//8246 4007//8246 4008//8246
f 4121//8247 4002//8247 4123//8247
f 4121//8248 4123//8248 4122//8248
f 4000//8249 4182//8249 4179//8249
f 4179//8250 4182//8250 4183//8250
f 4179//8251 4183//8251 4177//8251
f 4000//8252 4001//8252 4182//8252
f 4182//8253 4001//8253 4121//8253
f 4121//8254 4001//8254 4002//8254
f 4180//8255 4114//8255 4116//8255
f 4180//8256 4116//8256 3997//8256
f 3997//8257 4116//8257 3996//8257
f 4176//8258 4174//8258 4170//8258
f 4176//8259 4170//8259 3994//8259
f 4176//8260 3994//8260 3995//8260
f 4176//8261 3995//8261 4116//8261
f 4116//8262 3995//8262 3996//8262
f 3997//8263 3998//8263 4180//8263
f 4180//8264 3998//8264 3999//8264
f 4180//8265 3999//8265 4179//8265
f 4179//8266 3999//8266 4000//8266
f 4002//8267 4003//8267 4123//8267
f 4123//8268 4003//8268 4125//8268
f 4125//8269 4003//8269 4004//8269
f 4125//8270 4004//8270 4126//8270
f 4126//8271 4004//8271 4005//8271
f 4046//8272 4184//8272 4185//8272
f 4046//8273 4185//8273 4110//8273
f 4172//8274 3991//8274 3992//8274
f 4172//8275 3992//8275 4170//8275
f 4170//8276 3992//8276 3993//8276
f 4170//8277 3993//8277 3994//8277
f 4186//8278 4113//8278 4187//8278
f 4113//8279 4111//8279 4187//8279
f 4187//8280 4111//8280 4188//8280
f 4188//8281 4111//8281 4112//8281
f 4057//8282 4189//8282 4058//8282
f 4058//8283 4189//8283 4188//8283
f 4058//8284 4188//8284 4112//8284
f 4057//8285 4059//8285 4189//8285
f 4189//8286 4059//8286 4190//8286
f 4190//8287 4059//8287 4061//8287
f 4190//8288 4061//8288 4191//8288
f 4191//8289 4061//8289 4192//8289
f 4192//8290 4061//8290 4060//8290
f 4192//8291 4060//8291 4193//8291
f 4067//8292 4194//8292 4195//8292
f 4193//8293 4060//8293 4196//8293
f 4196//8294 4060//8294 4064//8294
f 4196//8295 4064//8295 4197//8295
f 4197//8296 4064//8296 4065//8296
f 4197//8297 4065//8297 4195//8297
f 4195//8298 4065//8298 4067//8298
f 4194//8299 4067//8299 4198//8299
f 4198//8300 4067//8300 4066//8300
f 4198//8301 4066//8301 4199//8301
f 4199//8302 4066//8302 4070//8302
f 4199//8303 4070//8303 4200//8303
f 4200//8304 4070//8304 4055//8304
f 4200//8305 4055//8305 4201//8305
f 4201//8306 4055//8306 4054//8306
f 4201//8307 4054//8307 4202//8307
f 4203//8308 4204//8308 4071//8308
f 4071//8309 4204//8309 4072//8309
f 4072//8310 4204//8310 4202//8310
f 4072//8311 4202//8311 4054//8311
f 4071//8312 4078//8312 4203//8312
f 4203//8313 4078//8313 4205//8313
f 4205//8314 4078//8314 4076//8314
f 4205//8315 4076//8315 4206//8315
f 4206//8316 4076//8316 4207//8316
f 4207//8317 4076//8317 4075//8317
f 4207//8318 4075//8318 4208//8318
f 4209//8319 4210//8319 4085//8319
f 4085//8320 4210//8320 4211//8320
f 4085//8321 4211//8321 4081//8321
f 4081//8322 4211//8322 4212//8322
f 4208//8323 4075//8323 4213//8323
f 4213//8324 4075//8324 4080//8324
f 4213//8325 4080//8325 4212//8325
f 4212//8326 4080//8326 4082//8326
f 4212//8327 4082//8327 4081//8327
f 4085//8328 4087//8328 4209//8328
f 4209//8329 4087//8329 4090//8329
f 4209//8330 4090//8330 4214//8330
f 4214//8331 4090//8331 4089//8331
f 4214//8332 4089//8332 4215//8332
f 4215//8333 4089//8333 4091//8333
f 4215//8334 4091//8334 4216//8334
f 4216//8335 4091//8335 4217//8335
f 4217//8336 4091//8336 4094//8336
f 4217//8337 4094//8337 4096//8337
f 4217//8338 4096//8338 4218//8338
f 4096//8339 4095//8339 4218//8339
f 4218//8340 4095//8340 4098//8340
f 4218//8341 4098//8341 4219//8341
f 4219//8342 4098//8342 4097//8342
f 4219//8343 4097//8343 4220//8343
f 4220//8344 4097//8344 4103//8344
f 4220//8345 4103//8345 4221//8345
f 4221//8346 4103//8346 4222//8346
f 4222//8347 4103//8347 4101//8347
f 4222//8348 4101//8348 4223//8348
f 4223//8349 4101//8349 4104//8349
f 4223//8350 4104//8350 4224//8350
f 4224//8351 4104//8351 4105//8351
f 4224//8352 4105//8352 4225//8352
f 4105//8353 4106//8353 4225//8353
f 4225//8354 4106//8354 4226//8354
f 4226//8355 4106//8355 4107//8355
f 4226//8356 4107//8356 4227//8356
f 4227//8357 4107//8357 4108//8357
f 4109//8358 4228//8358 4108//8358
f 4108//8359 4228//8359 4227//8359
f 4228//8360 4109//8360 4229//8360
f 4229//8361 4109//8361 4052//8361
f 4229//8362 4052//8362 4230//8362
f 4230//8363 4052//8363 4051//8363
f 4230//8364 4051//8364 4110//8364
f 4230//8365 4110//8365 4231//8365
f 4231//8366 4110//8366 4185//8366
f 4231//8367 4185//8367 4232//8367
f 4232//8368 4185//8368 4233//8368
f 4233//8369 4185//8369 4139//8369
f 4233//8370 4139//8370 4234//8370
f 4234//8371 4139//8371 4235//8371
f 4235//8372 4139//8372 4137//8372
f 4235//8373 4137//8373 4236//8373
f 4236//8374 4137//8374 4237//8374
f 4237//8375 4137//8375 4141//8375
f 4237//8376 4141//8376 4238//8376
f 4141//8377 4145//8377 4238//8377
f 4238//8378 4145//8378 4239//8378
f 4239//8379 4145//8379 4143//8379
f 4239//8380 4143//8380 4240//8380
f 4143//8381 4147//8381 4240//8381
f 4240//8382 4147//8382 4241//8382
f 4241//8383 4147//8383 4242//8383
f 4242//8384 4147//8384 4146//8384
f 4243//8385 4244//8385 4152//8385
f 4242//8386 4146//8386 4149//8386
f 4242//8387 4149//8387 4245//8387
f 4245//8388 4149//8388 4244//8388
f 4244//8389 4149//8389 4152//8389
f 4243//8390 4152//8390 4246//8390
f 4246//8391 4152//8391 4160//8391
f 4246//8392 4160//8392 4247//8392
f 4247//8393 4160//8393 4159//8393
f 4247//8394 4159//8394 4248//8394
f 4159//8395 4156//8395 4248//8395
f 4248//8396 4156//8396 4249//8396
f 4249//8397 4156//8397 4155//8397
f 4250//8398 4251//8398 4162//8398
f 4162//8399 4251//8399 4154//8399
f 4154//8400 4251//8400 4249//8400
f 4154//8401 4249//8401 4155//8401
f 4162//8402 4164//8402 4250//8402
f 4250//8403 4164//8403 4252//8403
f 4252//8404 4164//8404 4163//8404
f 4252//8405 4163//8405 4253//8405
f 4253//8406 4163//8406 4168//8406
f 4253//8407 4168//8407 4254//8407
f 4254//8408 4168//8408 4255//8408
f 4255//8409 4168//8409 4166//8409
f 4255//8410 4166//8410 4256//8410
f 4256//8411 4166//8411 4165//8411
f 4257//8412 4258//8412 4173//8412
f 4173//8413 4258//8413 4165//8413
f 4165//8414 4258//8414 4256//8414
f 4173//8415 4171//8415 4257//8415
f 4257//8416 4171//8416 4259//8416
f 4259//8417 4171//8417 4174//8417
f 4259//8418 4174//8418 4260//8418
f 4260//8419 4174//8419 4175//8419
f 4175//8420 4115//8420 4260//8420
f 4260//8421 4115//8421 4261//8421
f 4261//8422 4115//8422 4114//8422
f 4178//8423 4262//8423 4114//8423
f 4114//8424 4262//8424 4261//8424
f 4181//8425 4263//8425 4183//8425
f 4263//8426 4264//8426 4183//8426
f 4183//8427 4264//8427 4177//8427
f 4177//8428 4264//8428 4262//8428
f 4177//8429 4262//8429 4178//8429
f 4120//8430 4265//8430 4181//8430
f 4181//8431 4265//8431 4263//8431
f 4265//8432 4120//8432 4122//8432
f 4265//8433 4122//8433 4266//8433
f 4266//8434 4122//8434 4124//8434
f 4266//8435 4124//8435 4267//8435
f 4267//8436 4124//8436 4127//8436
f 4267//8437 4127//8437 4268//8437
f 4268//8438 4127//8438 4128//8438
f 4268//8439 4128//8439 4269//8439
f 4269//8440 4128//8440 4130//8440
f 4269//8441 4130//8441 4270//8441
f 4270//8442 4130//8442 4118//8442
f 4270//8443 4118//8443 4271//8443
f 4271//8444 4118//8444 4117//8444
f 4271//8445 4117//8445 4272//8445
f 4272//8446 4117//8446 4135//8446
f 4272//8447 4135//8447 4273//8447
f 4273//8448 4135//8448 4133//8448
f 4273//8449 4133//8449 4132//8449
f 4273//8450 4132//8450 4186//8450
f 4186//8451 4132//8451 4136//8451
f 4186//8452 4136//8452 4113//8452
f 4274//8453 4275//8453 4276//8453
f 4190//8454 4191//8454 4192//8454
f 4277//8455 4278//8455 4279//8455
f 4280//8456 4281//8456 4282//8456
f 4283//8457 4284//8457 4285//8457
f 4285//8458 4284//8458 4286//8458
f 4285//8459 4286//8459 4287//8459
f 4287//8460 4286//8460 4288//8460
f 4286//8461 4289//8461 4288//8461
f 4288//8462 4289//8462 4290//8462
f 4291//8463 4292//8463 4293//8463
f 4294//8464 4295//8464 4296//8464
f 4294//8465 4296//8465 4297//8465
f 4297//8466 4296//8466 4298//8466
f 4297//8467 4298//8467 4299//8467
f 4299//8468 4298//8468 4300//8468
f 4299//8469 4300//8469 4301//8469
f 4301//8470 4300//8470 4302//8470
f 4301//8471 4302//8471 4303//8471
f 4303//8472 4302//8472 4304//8472
f 4303//8473 4304//8473 4305//8473
f 4305//8474 4304//8474 4306//8474
f 4305//8475 4306//8475 4307//8475
f 4307//8476 4306//8476 4308//8476
f 4307//8477 4308//8477 4309//8477
f 4309//8478 4308//8478 4310//8478
f 4309//8479 4310//8479 4311//8479
f 4311//8480 4310//8480 4312//8480
f 4311//8481 4312//8481 4313//8481
f 4313//8482 4312//8482 4314//8482
f 4313//8483 4314//8483 4315//8483
f 4315//8484 4314//8484 4316//8484
f 4315//8485 4316//8485 4317//8485
f 4317//8486 4316//8486 4318//8486
f 4317//8487 4318//8487 4319//8487
f 4319//8488 4318//8488 4320//8488
f 4319//8489 4320//8489 4321//8489
f 4321//8490 4320//8490 4322//8490
f 4321//8491 4322//8491 4323//8491
f 4324//8492 4323//8492 4325//8492
f 4324//8493 4325//8493 4283//8493
f 4286//8494 4284//8494 4326//8494
f 4286//8495 4326//8495 4289//8495
f 4327//8496 4328//8496 4295//8496
f 4295//8497 4328//8497 4329//8497
f 4295//8498 4329//8498 4296//8498
f 4330//8499 4290//8499 4292//8499
f 4330//8500 4292//8500 4331//8500
f 4331//8501 4292//8501 4291//8501
f 4331//8502 4291//8502 4293//8502
f 4332//8503 4333//8503 4334//8503
f 4329//8504 4328//8504 4276//8504
f 4329//8505 4276//8505 4296//8505
f 4296//8506 4276//8506 4275//8506
f 4296//8507 4275//8507 4298//8507
f 4298//8508 4275//8508 4335//8508
f 4298//8509 4335//8509 4300//8509
f 4300//8510 4335//8510 4336//8510
f 4300//8511 4336//8511 4302//8511
f 4302//8512 4336//8512 4337//8512
f 4302//8513 4337//8513 4304//8513
f 4304//8514 4337//8514 4338//8514
f 4304//8515 4338//8515 4306//8515
f 4306//8516 4338//8516 4339//8516
f 4306//8517 4339//8517 4308//8517
f 4308//8518 4339//8518 4340//8518
f 4308//8519 4340//8519 4310//8519
f 4310//8520 4340//8520 4341//8520
f 4310//8521 4341//8521 4312//8521
f 4312//8522 4341//8522 4342//8522
f 4312//8523 4342//8523 4314//8523
f 4314//8524 4342//8524 4343//8524
f 4314//8525 4343//8525 4316//8525
f 4316//8526 4343//8526 4344//8526
f 4316//8527 4344//8527 4318//8527
f 4318//8528 4344//8528 4345//8528
f 4318//8529 4345//8529 4320//8529
f 4320//8530 4345//8530 4333//8530
f 4320//8531 4333//8531 4322//8531
f 4322//8532 4333//8532 4332//8532
f 4322//8533 4332//8533 4323//8533
f 4323//8534 4332//8534 4334//8534
f 4323//8535 4334//8535 4325//8535
f 4325//8536 4334//8536 4346//8536
f 4325//8537 4346//8537 4347//8537
f 4341//8538 4340//8538 4342//8538
f 4283//8539 4325//8539 4347//8539
f 4283//8540 4347//8540 4284//8540
f 4284//8541 4347//8541 4326//8541
f 4348//8542 4205//8542 4206//8542
f 4206//8543 4207//8543 4348//8543
f 4348//8544 4207//8544 4208//8544
f 4348//8545 4208//8545 4349//8545
f 4208//8546 4213//8546 4349//8546
f 4349//8547 4213//8547 4350//8547
f 4205//8548 4348//8548 4351//8548
f 4213//8549 4212//8549 4350//8549
f 4350//8550 4212//8550 4211//8550
f 4214//8551 4352//8551 4353//8551
f 4211//8552 4210//8552 4209//8552
f 4211//8553 4209//8553 4353//8553
f 4353//8554 4209//8554 4214//8554
f 4214//8555 4215//8555 4352//8555
f 4352//8556 4215//8556 4354//8556
f 4215//8557 4216//8557 4354//8557
f 4354//8558 4216//8558 4355//8558
f 4355//8559 4216//8559 4217//8559
f 4355//8560 4217//8560 4218//8560
f 4355//8561 4218//8561 4356//8561
f 4218//8562 4219//8562 4356//8562
f 4356//8563 4219//8563 4220//8563
f 4356//8564 4220//8564 4357//8564
f 4279//8565 4278//8565 4357//8565
f 4211//8566 4353//8566 4358//8566
f 4211//8567 4358//8567 4350//8567
f 4220//8568 4221//8568 4357//8568
f 4357//8569 4221//8569 4279//8569
f 4279//8570 4221//8570 4222//8570
f 4222//8571 4223//8571 4277//8571
f 4277//8572 4223//8572 4224//8572
f 4277//8573 4224//8573 4225//8573
f 4226//8574 4227//8574 4359//8574
f 4225//8575 4226//8575 4359//8575
f 4279//8576 4222//8576 4277//8576
f 4225//8577 4359//8577 4360//8577
f 4360//8578 4359//8578 4361//8578
f 4359//8579 4227//8579 4361//8579
f 4278//8580 4362//8580 4299//8580
f 4278//8581 4299//8581 4363//8581
f 4364//8582 4295//8582 4294//8582
f 4364//8583 4294//8583 4362//8583
f 4362//8584 4294//8584 4297//8584
f 4362//8585 4297//8585 4299//8585
f 4363//8586 4299//8586 4301//8586
f 4363//8587 4301//8587 4365//8587
f 4365//8588 4301//8588 4303//8588
f 4365//8589 4303//8589 4366//8589
f 4366//8590 4303//8590 4305//8590
f 4366//8591 4305//8591 4367//8591
f 4367//8592 4305//8592 4307//8592
f 4367//8593 4307//8593 4368//8593
f 4368//8594 4307//8594 4309//8594
f 4368//8595 4309//8595 4369//8595
f 4369//8596 4309//8596 4311//8596
f 4369//8597 4311//8597 4313//8597
f 4361//8598 4327//8598 4370//8598
f 4370//8599 4327//8599 4295//8599
f 4370//8600 4295//8600 4364//8600
f 4272//8601 4273//8601 4371//8601
f 4187//8602 4188//8602 4372//8602
f 4373//8603 4188//8603 4189//8603
f 4371//8604 4273//8604 4186//8604
f 4371//8605 4186//8605 4374//8605
f 4374//8606 4186//8606 4187//8606
f 4374//8607 4187//8607 4372//8607
f 4375//8608 4270//8608 4376//8608
f 4376//8609 4270//8609 4271//8609
f 4377//8610 4375//8610 4376//8610
f 4377//8611 4376//8611 4378//8611
f 4379//8612 4372//8612 4373//8612
f 4373//8613 4372//8613 4188//8613
f 4373//8614 4189//8614 4380//8614
f 4373//8615 4380//8615 4379//8615
f 4271//8616 4272//8616 4376//8616
f 4376//8617 4272//8617 4371//8617
f 4376//8618 4371//8618 4378//8618
f 4378//8619 4371//8619 4374//8619
f 4374//8620 4372//8620 4381//8620
f 4381//8621 4372//8621 4379//8621
f 4196//8622 4197//8622 4382//8622
f 4199//8623 4200//8623 4383//8623
f 4198//8624 4199//8624 4384//8624
f 4384//8625 4199//8625 4383//8625
f 4385//8626 4202//8626 4204//8626
f 4385//8627 4204//8627 4203//8627
f 4201//8628 4202//8628 4386//8628
f 4386//8629 4202//8629 4385//8629
f 4387//8630 4331//8630 4388//8630
f 4387//8631 4388//8631 4192//8631
f 4389//8632 4382//8632 4390//8632
f 4390//8633 4382//8633 4197//8633
f 4390//8634 4197//8634 4194//8634
f 4194//8635 4197//8635 4195//8635
f 4382//8636 4387//8636 4196//8636
f 4196//8637 4387//8637 4192//8637
f 4196//8638 4192//8638 4193//8638
f 4194//8639 4198//8639 4390//8639
f 4390//8640 4198//8640 4384//8640
f 4390//8641 4384//8641 4389//8641
f 4391//8642 4383//8642 4386//8642
f 4391//8643 4386//8643 4392//8643
f 4392//8644 4386//8644 4385//8644
f 4392//8645 4385//8645 4393//8645
f 4393//8646 4385//8646 4203//8646
f 4393//8647 4203//8647 4351//8647
f 4351//8648 4203//8648 4205//8648
f 4394//8649 4378//8649 4374//8649
f 4394//8650 4374//8650 4381//8650
f 4382//8651 4330//8651 4387//8651
f 4387//8652 4330//8652 4331//8652
f 4331//8653 4395//8653 4388//8653
f 4388//8654 4395//8654 4192//8654
f 4192//8655 4395//8655 4190//8655
f 4189//8656 4190//8656 4395//8656
f 4189//8657 4395//8657 4380//8657
f 4380//8658 4395//8658 4396//8658
f 4396//8659 4395//8659 4331//8659
f 4389//8660 4287//8660 4288//8660
f 4389//8661 4288//8661 4397//8661
f 4383//8662 4391//8662 4285//8662
f 4383//8663 4285//8663 4384//8663
f 4384//8664 4285//8664 4287//8664
f 4384//8665 4287//8665 4389//8665
f 4391//8666 4283//8666 4285//8666
f 4360//8667 4361//8667 4370//8667
f 4360//8668 4370//8668 4364//8668
f 4393//8669 4321//8669 4398//8669
f 4393//8670 4398//8670 4392//8670
f 4392//8671 4398//8671 4324//8671
f 4397//8672 4330//8672 4382//8672
f 4397//8673 4382//8673 4389//8673
f 4386//8674 4383//8674 4200//8674
f 4386//8675 4200//8675 4201//8675
f 4225//8676 4360//8676 4364//8676
f 4225//8677 4364//8677 4277//8677
f 4277//8678 4364//8678 4362//8678
f 4277//8679 4362//8679 4278//8679
f 4357//8680 4278//8680 4363//8680
f 4357//8681 4363//8681 4356//8681
f 4356//8682 4363//8682 4365//8682
f 4356//8683 4365//8683 4355//8683
f 4355//8684 4365//8684 4366//8684
f 4355//8685 4366//8685 4354//8685
f 4354//8686 4366//8686 4367//8686
f 4354//8687 4367//8687 4352//8687
f 4352//8688 4367//8688 4368//8688
f 4352//8689 4368//8689 4353//8689
f 4353//8690 4368//8690 4369//8690
f 4353//8691 4369//8691 4358//8691
f 4358//8692 4369//8692 4313//8692
f 4358//8693 4313//8693 4350//8693
f 4350//8694 4313//8694 4315//8694
f 4350//8695 4315//8695 4349//8695
f 4349//8696 4315//8696 4317//8696
f 4349//8697 4317//8697 4348//8697
f 4348//8698 4317//8698 4319//8698
f 4348//8699 4319//8699 4351//8699
f 4351//8700 4319//8700 4321//8700
f 4351//8701 4321//8701 4393//8701
f 4391//8702 4392//8702 4324//8702
f 4391//8703 4324//8703 4283//8703
f 4328//8704 4274//8704 4276//8704
f 4398//8705 4321//8705 4323//8705
f 4398//8706 4323//8706 4324//8706
f 4397//8707 4288//8707 4290//8707
f 4397//8708 4290//8708 4330//8708
f 4396//8709 4331//8709 4293//8709
f 4396//8710 4293//8710 4380//8710
f 4380//8711 4293//8711 4399//8711
f 4380//8712 4399//8712 4379//8712
f 4379//8713 4399//8713 4400//8713
f 4379//8714 4400//8714 4381//8714
f 4381//8715 4400//8715 4401//8715
f 4381//8716 4401//8716 4394//8716
f 4394//8717 4401//8717 4402//8717
f 4394//8718 4402//8718 4378//8718
f 4378//8719 4402//8719 4403//8719
f 4378//8720 4403//8720 4377//8720
f 4377//8721 4403//8721 4282//8721
f 4377//8722 4282//8722 4375//8722
f 4375//8723 4282//8723 4281//8723
f 4361//8724 4227//8724 4228//8724
f 4404//8725 4405//8725 4406//8725
f 4407//8726 4274//8726 4328//8726
f 4408//8727 4328//8727 4327//8727
f 4409//8728 4263//8728 4265//8728
f 4263//8729 4410//8729 4264//8729
f 4411//8730 4256//8730 4258//8730
f 4411//8731 4258//8731 4412//8731
f 4412//8732 4258//8732 4257//8732
f 4256//8733 4411//8733 4255//8733
f 4255//8734 4411//8734 4413//8734
f 4255//8735 4413//8735 4254//8735
f 4254//8736 4413//8736 4253//8736
f 4253//8737 4413//8737 4414//8737
f 4253//8738 4414//8738 4252//8738
f 4251//8739 4250//8739 4414//8739
f 4414//8740 4250//8740 4252//8740
f 4249//8741 4415//8741 4248//8741
f 4243//8742 4246//8742 4416//8742
f 4416//8743 4246//8743 4247//8743
f 4416//8744 4247//8744 4415//8744
f 4415//8745 4247//8745 4248//8745
f 4243//8746 4416//8746 4244//8746
f 4244//8747 4416//8747 4417//8747
f 4418//8748 4242//8748 4417//8748
f 4417//8749 4242//8749 4245//8749
f 4417//8750 4245//8750 4244//8750
f 4419//8751 4240//8751 4418//8751
f 4418//8752 4240//8752 4241//8752
f 4418//8753 4241//8753 4242//8753
f 4420//8754 4239//8754 4419//8754
f 4419//8755 4239//8755 4240//8755
f 4239//8756 4420//8756 4238//8756
f 4238//8757 4420//8757 4421//8757
f 4422//8758 4237//8758 4421//8758
f 4421//8759 4237//8759 4238//8759
f 4235//8760 4236//8760 4422//8760
f 4422//8761 4236//8761 4237//8761
f 4234//8762 4235//8762 4233//8762
f 4231//8763 4232//8763 4233//8763
f 4423//8764 4229//8764 4230//8764
f 4229//8765 4423//8765 4228//8765
f 4408//8766 4424//8766 4425//8766
f 4425//8767 4424//8767 4426//8767
f 4427//8768 4428//8768 4429//8768
f 4429//8769 4428//8769 4430//8769
f 4424//8770 4408//8770 4431//8770
f 4431//8771 4408//8771 4327//8771
f 4428//8772 4426//8772 4430//8772
f 4430//8773 4426//8773 4424//8773
f 4425//8774 4407//8774 4408//8774
f 4408//8775 4407//8775 4328//8775
f 4405//8776 4432//8776 4433//8776
f 4433//8777 4432//8777 4434//8777
f 4434//8778 4429//8778 4435//8778
f 4435//8779 4429//8779 4436//8779
f 4436//8780 4424//8780 4437//8780
f 4437//8781 4424//8781 4431//8781
f 4438//8782 4433//8782 4439//8782
f 4439//8783 4433//8783 4440//8783
f 4406//8784 4405//8784 4438//8784
f 4438//8785 4405//8785 4433//8785
f 4433//8786 4434//8786 4440//8786
f 4440//8787 4434//8787 4435//8787
f 4441//8788 4442//8788 4443//8788
f 4443//8789 4442//8789 4444//8789
f 4442//8790 4445//8790 4444//8790
f 4444//8791 4445//8791 4446//8791
f 4447//8792 4448//8792 4406//8792
f 4406//8793 4448//8793 4449//8793
f 4449//8794 4441//8794 4450//8794
f 4450//8795 4441//8795 4443//8795
f 4450//8796 4404//8796 4449//8796
f 4449//8797 4404//8797 4406//8797
f 4406//8798 4438//8798 4447//8798
f 4447//8799 4438//8799 4439//8799
f 4432//8800 4427//8800 4434//8800
f 4434//8801 4427//8801 4429//8801
f 4429//8802 4430//8802 4436//8802
f 4436//8803 4430//8803 4424//8803
f 4451//8804 4452//8804 4453//8804
f 4454//8805 4455//8805 4456//8805
f 4375//8806 4281//8806 4457//8806
f 4457//8807 4281//8807 4458//8807
f 4457//8808 4458//8808 4459//8808
f 4460//8809 4459//8809 4461//8809
f 4462//8810 4463//8810 4464//8810
f 4462//8811 4464//8811 4465//8811
f 4465//8812 4464//8812 4466//8812
f 4465//8813 4466//8813 4467//8813
f 4467//8814 4466//8814 4468//8814
f 4467//8815 4468//8815 4469//8815
f 4469//8816 4468//8816 4470//8816
f 4469//8817 4470//8817 4471//8817
f 4471//8818 4470//8818 4472//8818
f 4471//8819 4472//8819 4473//8819
f 4473//8820 4472//8820 4474//8820
f 4473//8821 4474//8821 4475//8821
f 4463//8822 4476//8822 4477//8822
f 4463//8823 4477//8823 4464//8823
f 4468//8824 4466//8824 4470//8824
f 4476//8825 4478//8825 4477//8825
f 4454//8826 4451//8826 4479//8826
f 4454//8827 4479//8827 4455//8827
f 4480//8828 4458//8828 4280//8828
f 4451//8829 4453//8829 4479//8829
f 4481//8830 4482//8830 4478//8830
f 4459//8831 4458//8831 4480//8831
f 4459//8832 4480//8832 4461//8832
f 4483//8833 4484//8833 4412//8833
f 4260//8834 4261//8834 4485//8834
f 4485//8835 4484//8835 4260//8835
f 4260//8836 4484//8836 4483//8836
f 4260//8837 4483//8837 4259//8837
f 4486//8838 4487//8838 4488//8838
f 4486//8839 4488//8839 4489//8839
f 4488//8840 4265//8840 4266//8840
f 4488//8841 4266//8841 4489//8841
f 4266//8842 4267//8842 4489//8842
f 4489//8843 4267//8843 4452//8843
f 4489//8844 4452//8844 4486//8844
f 4490//8845 4491//8845 4492//8845
f 4490//8846 4492//8846 4493//8846
f 4268//8847 4269//8847 4494//8847
f 4268//8848 4494//8848 4460//8848
f 4486//8849 4452//8849 4451//8849
f 4486//8850 4451//8850 4454//8850
f 4495//8851 4496//8851 4462//8851
f 4495//8852 4462//8852 4497//8852
f 4497//8853 4462//8853 4465//8853
f 4497//8854 4465//8854 4498//8854
f 4498//8855 4465//8855 4467//8855
f 4498//8856 4467//8856 4499//8856
f 4499//8857 4467//8857 4469//8857
f 4499//8858 4469//8858 4500//8858
f 4500//8859 4469//8859 4471//8859
f 4500//8860 4471//8860 4501//8860
f 4501//8861 4471//8861 4473//8861
f 4501//8862 4473//8862 4502//8862
f 4502//8863 4473//8863 4475//8863
f 4502//8864 4475//8864 4445//8864
f 4492//8865 4503//8865 4482//8865
f 4492//8866 4482//8866 4504//8866
f 4496//8867 4505//8867 4463//8867
f 4496//8868 4463//8868 4462//8868
f 4269//8869 4457//8869 4494//8869
f 4504//8870 4482//8870 4481//8870
f 4504//8871 4481//8871 4506//8871
f 4506//8872 4481//8872 4478//8872
f 4506//8873 4478//8873 4505//8873
f 4505//8874 4478//8874 4476//8874
f 4505//8875 4476//8875 4463//8875
f 4375//8876 4457//8876 4269//8876
f 4375//8877 4269//8877 4270//8877
f 4503//8878 4454//8878 4456//8878
f 4503//8879 4456//8879 4482//8879
f 4507//8880 4485//8880 4261//8880
f 4507//8881 4261//8881 4508//8881
f 4508//8882 4261//8882 4262//8882
f 4509//8883 4361//8883 4228//8883
f 4509//8884 4228//8884 4423//8884
f 4510//8885 4423//8885 4230//8885
f 4510//8886 4230//8886 4511//8886
f 4511//8887 4230//8887 4231//8887
f 4511//8888 4231//8888 4512//8888
f 4512//8889 4231//8889 4233//8889
f 4512//8890 4233//8890 4235//8890
f 4513//8891 4422//8891 4421//8891
f 4513//8892 4421//8892 4514//8892
f 4514//8893 4421//8893 4420//8893
f 4514//8894 4420//8894 4419//8894
f 4515//8895 4418//8895 4417//8895
f 4515//8896 4417//8896 4416//8896
f 4516//8897 4415//8897 4249//8897
f 4516//8898 4249//8898 4251//8898
f 4483//8899 4412//8899 4257//8899
f 4483//8900 4257//8900 4259//8900
f 4327//8901 4361//8901 4509//8901
f 4496//8902 4495//8902 4412//8902
f 4496//8903 4412//8903 4517//8903
f 4517//8904 4412//8904 4484//8904
f 4517//8905 4484//8905 4485//8905
f 4491//8906 4490//8906 4410//8906
f 4491//8907 4410//8907 4409//8907
f 4409//8908 4410//8908 4263//8908
f 4500//8909 4501//8909 4516//8909
f 4500//8910 4516//8910 4499//8910
f 4505//8911 4496//8911 4517//8911
f 4505//8912 4517//8912 4506//8912
f 4506//8913 4517//8913 4485//8913
f 4506//8914 4485//8914 4493//8914
f 4503//8915 4492//8915 4491//8915
f 4503//8916 4491//8916 4487//8916
f 4460//8917 4452//8917 4267//8917
f 4460//8918 4267//8918 4268//8918
f 4431//8919 4327//8919 4509//8919
f 4431//8920 4509//8920 4437//8920
f 4437//8921 4509//8921 4518//8921
f 4437//8922 4518//8922 4519//8922
f 4519//8923 4518//8923 4510//8923
f 4519//8924 4510//8924 4520//8924
f 4520//8925 4510//8925 4511//8925
f 4520//8926 4511//8926 4521//8926
f 4521//8927 4511//8927 4512//8927
f 4521//8928 4512//8928 4522//8928
f 4523//8929 4524//8929 4513//8929
f 4523//8930 4513//8930 4525//8930
f 4525//8931 4513//8931 4514//8931
f 4525//8932 4514//8932 4526//8932
f 4527//8933 4528//8933 4515//8933
f 4527//8934 4515//8934 4502//8934
f 4493//8935 4485//8935 4507//8935
f 4493//8936 4507//8936 4490//8936
f 4487//8937 4491//8937 4409//8937
f 4487//8938 4409//8938 4488//8938
f 4488//8939 4409//8939 4265//8939
f 4518//8940 4509//8940 4423//8940
f 4518//8941 4423//8941 4510//8941
f 4522//8942 4512//8942 4235//8942
f 4522//8943 4235//8943 4524//8943
f 4524//8944 4235//8944 4422//8944
f 4524//8945 4422//8945 4513//8945
f 4526//8946 4514//8946 4419//8946
f 4526//8947 4419//8947 4528//8947
f 4528//8948 4419//8948 4418//8948
f 4528//8949 4418//8949 4515//8949
f 4502//8950 4515//8950 4416//8950
f 4502//8951 4416//8951 4501//8951
f 4501//8952 4416//8952 4415//8952
f 4501//8953 4415//8953 4516//8953
f 4499//8954 4516//8954 4251//8954
f 4499//8955 4251//8955 4498//8955
f 4498//8956 4251//8956 4414//8956
f 4498//8957 4414//8957 4497//8957
f 4497//8958 4414//8958 4413//8958
f 4497//8959 4413//8959 4495//8959
f 4495//8960 4413//8960 4411//8960
f 4495//8961 4411//8961 4412//8961
f 4490//8962 4507//8962 4508//8962
f 4490//8963 4508//8963 4410//8963
f 4410//8964 4508//8964 4262//8964
f 4410//8965 4262//8965 4264//8965
f 4458//8966 4281//8966 4280//8966
f 4445//8967 4475//8967 4446//8967
f 4446//8968 4475//8968 4474//8968
f 4494//8969 4457//8969 4459//8969
f 4494//8970 4459//8970 4460//8970
f 4452//8971 4460//8971 4461//8971
f 4452//8972 4461//8972 4453//8972
f 4436//8973 4437//8973 4519//8973
f 4436//8974 4519//8974 4435//8974
f 4435//8975 4519//8975 4520//8975
f 4435//8976 4520//8976 4440//8976
f 4440//8977 4520//8977 4521//8977
f 4440//8978 4521//8978 4439//8978
f 4439//8979 4521//8979 4522//8979
f 4439//8980 4522//8980 4447//8980
f 4447//8981 4522//8981 4524//8981
f 4447//8982 4524//8982 4448//8982
f 4448//8983 4524//8983 4523//8983
f 4448//8984 4523//8984 4449//8984
f 4449//8985 4523//8985 4525//8985
f 4449//8986 4525//8986 4441//8986
f 4441//8987 4525//8987 4526//8987
f 4441//8988 4526//8988 4442//8988
f 4442//8989 4526//8989 4528//8989
f 4442//8990 4528//8990 4445//8990
f 4445//8991 4528//8991 4527//8991
f 4445//8992 4527//8992 4502//8992
f 4504//8993 4506//8993 4493//8993
f 4504//8994 4493//8994 4492//8994
f 4454//8995 4503//8995 4487//8995
f 4454//8996 4487//8996 4486//8996
f 4529//8997 4530//8997 4531//8997
f 4530//8998 4529//8998 4532//8998
f 4530//8999 4532//8999 4533//8999
f 4534//9000 4535//9000 4536//9000
f 4537//9001 4538//9001 4534//9001
f 4534//9002 4538//9002 4535//9002
f 4537//9003 4534//9003 4539//9003
f 4540//9004 4541//9004 4537//9004
f 4537//9005 4541//9005 4538//9005
f 4541//9006 4540//9006 4542//9006
f 4540//9007 4543//9007 4542//9007
f 4542//9008 4543//9008 4544//9008
f 4542//9009 4544//9009 4545//9009
f 4546//9010 4547//9010 4548//9010
f 4549//9011 4547//9011 4546//9011
f 4549//9012 4550//9012 4547//9012
f 4551//9013 4342//9013 4552//9013
f 4552//9014 4342//9014 4553//9014
f 4342//9015 4340//9015 4553//9015
f 4340//9016 4339//9016 4554//9016
f 4555//9017 4480//9017 4280//9017
f 4555//9018 4280//9018 4556//9018
f 4556//9019 4280//9019 4282//9019
f 4556//9020 4282//9020 4557//9020
f 4557//9021 4282//9021 4403//9021
f 4557//9022 4403//9022 4558//9022
f 4559//9023 4461//9023 4560//9023
f 4560//9024 4461//9024 4480//9024
f 4560//9025 4480//9025 4555//9025
f 4339//9026 4338//9026 4554//9026
f 4554//9027 4338//9027 4337//9027
f 4554//9028 4337//9028 4561//9028
f 4561//9029 4337//9029 4336//9029
f 4561//9030 4336//9030 4562//9030
f 4403//9031 4402//9031 4558//9031
f 4558//9032 4402//9032 4563//9032
f 4563//9033 4402//9033 4401//9033
f 4564//9034 4478//9034 4565//9034
f 4566//9035 4455//9035 4479//9035
f 4566//9036 4479//9036 4567//9036
f 4567//9037 4479//9037 4453//9037
f 4567//9038 4453//9038 4559//9038
f 4559//9039 4453//9039 4461//9039
f 4478//9040 4482//9040 4565//9040
f 4565//9041 4482//9041 4568//9041
f 4568//9042 4482//9042 4456//9042
f 4568//9043 4456//9043 4566//9043
f 4566//9044 4456//9044 4455//9044
f 4569//9045 4570//9045 4399//9045
f 4399//9046 4570//9046 4400//9046
f 4400//9047 4570//9047 4563//9047
f 4400//9048 4563//9048 4401//9048
f 4336//9049 4335//9049 4562//9049
f 4562//9050 4335//9050 4571//9050
f 4571//9051 4335//9051 4275//9051
f 4571//9052 4275//9052 4274//9052
f 4572//9053 4274//9053 4573//9053
f 4573//9054 4274//9054 4407//9054
f 4573//9055 4407//9055 4574//9055
f 4407//9056 4425//9056 4574//9056
f 4574//9057 4425//9057 4575//9057
f 4575//9058 4425//9058 4426//9058
f 4575//9059 4426//9059 4576//9059
f 4576//9060 4426//9060 4428//9060
f 4576//9061 4428//9061 4577//9061
f 4578//9062 4333//9062 4579//9062
f 4333//9063 4345//9063 4579//9063
f 4579//9064 4345//9064 4580//9064
f 4580//9065 4345//9065 4344//9065
f 4580//9066 4344//9066 4581//9066
f 4581//9067 4344//9067 4343//9067
f 4581//9068 4343//9068 4551//9068
f 4551//9069 4343//9069 4342//9069
f 4578//9070 4582//9070 4333//9070
f 4333//9071 4582//9071 4334//9071
f 4334//9072 4582//9072 4583//9072
f 4584//9073 4585//9073 4464//9073
f 4464//9074 4477//9074 4584//9074
f 4584//9075 4477//9075 4586//9075
f 4586//9076 4477//9076 4478//9076
f 4586//9077 4478//9077 4587//9077
f 4587//9078 4478//9078 4564//9078
f 4588//9079 4292//9079 4589//9079
f 4569//9080 4399//9080 4590//9080
f 4590//9081 4399//9081 4293//9081
f 4590//9082 4293//9082 4292//9082
f 4590//9083 4292//9083 4588//9083
f 4591//9084 4466//9084 4585//9084
f 4585//9085 4466//9085 4464//9085
f 4470//9086 4466//9086 4592//9086
f 4593//9087 4594//9087 4404//9087
f 4404//9088 4594//9088 4595//9088
f 4292//9089 4290//9089 4589//9089
f 4589//9090 4290//9090 4596//9090
f 4596//9091 4290//9091 4289//9091
f 4596//9092 4289//9092 4597//9092
f 4597//9093 4289//9093 4598//9093
f 4598//9094 4289//9094 4326//9094
f 4598//9095 4326//9095 4599//9095
f 4599//9096 4326//9096 4347//9096
f 4599//9097 4347//9097 4600//9097
f 4600//9098 4347//9098 4346//9098
f 4600//9099 4346//9099 4583//9099
f 4583//9100 4346//9100 4334//9100
f 4577//9101 4428//9101 4427//9101
f 4577//9102 4427//9102 4601//9102
f 4601//9103 4427//9103 4602//9103
f 4602//9104 4427//9104 4432//9104
f 4602//9105 4432//9105 4603//9105
f 4603//9106 4432//9106 4405//9106
f 4603//9107 4405//9107 4595//9107
f 4595//9108 4405//9108 4404//9108
f 4404//9109 4450//9109 4593//9109
f 4593//9110 4450//9110 4604//9110
f 4604//9111 4450//9111 4443//9111
f 4604//9112 4443//9112 4605//9112
f 4605//9113 4443//9113 4444//9113
f 4605//9114 4444//9114 4606//9114
f 4606//9115 4444//9115 4446//9115
f 4606//9116 4446//9116 4607//9116
f 4607//9117 4446//9117 4474//9117
f 4607//9118 4474//9118 4608//9118
f 4608//9119 4474//9119 4472//9119
f 4608//9120 4472//9120 4592//9120
f 4592//9121 4472//9121 4470//9121
f 4548//9122 4609//9122 4546//9122
f 4546//9123 4609//9123 4610//9123
f 4546//9124 4610//9124 4611//9124
f 4532//9125 4612//9125 4613//9125
f 4532//9126 4613//9126 4533//9126
f 4532//9127 4614//9127 4615//9127
f 4532//9128 4615//9128 4612//9128
f 4550//9129 4549//9129 4531//9129
f 4531//9130 4549//9130 4529//9130
f 4616//9131 4617//9131 4618//9131
f 4616//9132 4619//9132 4620//9132
f 4616//9133 4618//9133 4619//9133
f 4578//9134 4579//9134 4621//9134
f 4622//9135 4623//9135 4596//9135
f 4554//9136 4624//9136 4340//9136
f 4551//9137 4625//9137 4581//9137
f 4575//9138 4626//9138 4574//9138
f 4562//9139 4627//9139 4628//9139
f 4627//9140 4562//9140 4629//9140
f 4571//9141 4274//9141 4630//9141
f 4630//9142 4274//9142 4572//9142
f 4554//9143 4631//9143 4632//9143
f 4554//9144 4632//9144 4624//9144
f 4624//9145 4553//9145 4340//9145
f 4625//9146 4633//9146 4580//9146
f 4633//9147 4621//9147 4580//9147
f 4628//9148 4634//9148 4631//9148
f 4631//9149 4634//9149 4632//9149
f 4624//9150 4635//9150 4553//9150
f 4553//9151 4635//9151 4636//9151
f 4553//9152 4636//9152 4552//9152
f 4552//9153 4636//9153 4551//9153
f 4636//9154 4637//9154 4551//9154
f 4551//9155 4637//9155 4625//9155
f 4625//9156 4580//9156 4581//9156
f 4599//9157 4638//9157 4639//9157
f 4598//9158 4599//9158 4640//9158
f 4640//9159 4599//9159 4639//9159
f 4621//9160 4641//9160 4578//9160
f 4580//9161 4621//9161 4579//9161
f 4621//9162 4642//9162 4641//9162
f 4641//9163 4642//9163 4643//9163
f 4643//9164 4644//9164 4583//9164
f 4583//9165 4644//9165 4600//9165
f 4640//9166 4622//9166 4598//9166
f 4598//9167 4622//9167 4597//9167
f 4645//9168 4569//9168 4646//9168
f 4647//9169 4569//9169 4645//9169
f 4647//9170 4648//9170 4649//9170
f 4650//9171 4649//9171 4648//9171
f 4650//9172 4648//9172 4651//9172
f 4622//9173 4596//9173 4597//9173
f 4644//9174 4638//9174 4600//9174
f 4600//9175 4638//9175 4599//9175
f 4641//9176 4643//9176 4578//9176
f 4578//9177 4643//9177 4582//9177
f 4582//9178 4643//9178 4583//9178
f 4589//9179 4652//9179 4588//9179
f 4588//9180 4652//9180 4653//9180
f 4569//9181 4647//9181 4570//9181
f 4570//9182 4647//9182 4649//9182
f 4649//9183 4650//9183 4563//9183
f 4623//9184 4654//9184 4589//9184
f 4589//9185 4654//9185 4652//9185
f 4652//9186 4646//9186 4653//9186
f 4653//9187 4646//9187 4569//9187
f 4570//9188 4649//9188 4563//9188
f 4590//9189 4588//9189 4653//9189
f 4590//9190 4653//9190 4569//9190
f 4623//9191 4589//9191 4596//9191
f 4651//9192 4655//9192 4558//9192
f 4651//9193 4558//9193 4650//9193
f 4650//9194 4558//9194 4563//9194
f 4656//9195 4657//9195 4658//9195
f 4658//9196 4657//9196 4659//9196
f 4660//9197 4661//9197 4662//9197
f 4657//9198 4656//9198 4663//9198
f 4657//9199 4663//9199 4662//9199
f 4662//9200 4663//9200 4660//9200
f 4660//9201 4664//9201 4661//9201
f 4661//9202 4664//9202 4665//9202
f 4665//9203 4664//9203 4666//9203
f 4665//9204 4666//9204 4667//9204
f 4665//9205 4667//9205 4668//9205
f 4668//9206 4667//9206 4669//9206
f 4670//9207 4669//9207 4671//9207
f 4672//9208 4673//9208 4671//9208
f 4671//9209 4673//9209 4670//9209
f 4673//9210 4672//9210 4674//9210
f 4673//9211 4674//9211 4675//9211
f 4676//9212 4677//9212 4678//9212
f 4678//9213 4677//9213 4675//9213
f 4678//9214 4675//9214 4674//9214
f 4677//9215 4676//9215 4679//9215
f 4677//9216 4679//9216 4680//9216
f 4680//9217 4679//9217 4681//9217
f 4680//9218 4681//9218 4682//9218
f 4680//9219 4682//9219 4683//9219
f 4682//9220 4684//9220 4683//9220
f 4683//9221 4684//9221 4685//9221
f 4685//9222 4684//9222 4686//9222
f 4687//9223 4688//9223 4689//9223
f 4689//9224 4688//9224 4685//9224
f 4689//9225 4685//9225 4686//9225
f 4688//9226 4687//9226 4690//9226
f 4688//9227 4690//9227 4691//9227
f 4690//9228 4692//9228 4691//9228
f 4691//9229 4692//9229 4693//9229
f 4655//9230 4651//9230 4694//9230
f 4695//9231 4696//9231 4697//9231
f 4698//9232 4699//9232 4700//9232
f 4701//9233 4698//9233 4702//9233
f 4703//9234 4704//9234 4705//9234
f 4706//9235 4707//9235 4708//9235
f 4708//9236 4709//9236 4710//9236
f 4711//9237 4712//9237 4713//9237
f 4713//9238 4712//9238 4714//9238
f 4709//9239 4711//9239 4710//9239
f 4710//9240 4711//9240 4713//9240
f 4706//9241 4708//9241 4710//9241
f 4715//9242 4716//9242 4717//9242
f 4717//9243 4718//9243 4719//9243
f 4720//9244 4721//9244 4659//9244
f 4659//9245 4721//9245 4722//9245
f 4659//9246 4722//9246 4658//9246
f 4704//9247 4707//9247 4705//9247
f 4705//9248 4707//9248 4706//9248
f 4705//9249 4706//9249 4634//9249
f 4723//9250 4703//9250 4724//9250
f 4724//9251 4703//9251 4705//9251
f 4724//9252 4705//9252 4634//9252
f 4697//9253 4696//9253 4626//9253
f 4725//9254 4723//9254 4726//9254
f 4726//9255 4723//9255 4724//9255
f 4726//9256 4724//9256 4627//9256
f 4702//9257 4698//9257 4700//9257
f 4702//9258 4700//9258 4630//9258
f 4574//9259 4626//9259 4696//9259
f 4696//9260 4573//9260 4574//9260
f 4700//9261 4699//9261 4727//9261
f 4700//9262 4727//9262 4630//9262
f 4630//9263 4727//9263 4629//9263
f 4696//9264 4701//9264 4573//9264
f 4573//9265 4701//9265 4702//9265
f 4573//9266 4702//9266 4572//9266
f 4572//9267 4702//9267 4630//9267
f 4630//9268 4629//9268 4571//9268
f 4571//9269 4629//9269 4562//9269
f 4628//9270 4627//9270 4724//9270
f 4628//9271 4724//9271 4634//9271
f 4632//9272 4634//9272 4706//9272
f 4632//9273 4706//9273 4710//9273
f 4715//9274 4713//9274 4714//9274
f 4715//9275 4714//9275 4716//9275
f 4693//9276 4694//9276 4691//9276
f 4685//9277 4688//9277 4728//9277
f 4685//9278 4728//9278 4683//9278
f 4683//9279 4728//9279 4645//9279
f 4683//9280 4645//9280 4680//9280
f 4675//9281 4677//9281 4654//9281
f 4675//9282 4654//9282 4673//9282
f 4717//9283 4719//9283 4729//9283
f 4717//9284 4729//9284 4715//9284
f 4710//9285 4713//9285 4730//9285
f 4710//9286 4730//9286 4632//9286
f 4669//9287 4670//9287 4640//9287
f 4669//9288 4640//9288 4668//9288
f 4657//9289 4662//9289 4642//9289
f 4657//9290 4642//9290 4659//9290
f 4713//9291 4715//9291 4635//9291
f 4713//9292 4635//9292 4730//9292
f 4673//9293 4654//9293 4623//9293
f 4673//9294 4623//9294 4670//9294
f 4670//9295 4623//9295 4622//9295
f 4670//9296 4622//9296 4640//9296
f 4659//9297 4642//9297 4621//9297
f 4659//9298 4621//9298 4720//9298
f 4720//9299 4621//9299 4633//9299
f 4720//9300 4633//9300 4719//9300
f 4719//9301 4633//9301 4625//9301
f 4719//9302 4625//9302 4729//9302
f 4688//9303 4651//9303 4648//9303
f 4688//9304 4648//9304 4728//9304
f 4680//9305 4645//9305 4646//9305
f 4680//9306 4646//9306 4677//9306
f 4677//9307 4646//9307 4652//9307
f 4677//9308 4652//9308 4654//9308
f 4668//9309 4640//9309 4639//9309
f 4668//9310 4639//9310 4665//9310
f 4665//9311 4639//9311 4638//9311
f 4665//9312 4638//9312 4661//9312
f 4661//9313 4638//9313 4644//9313
f 4661//9314 4644//9314 4662//9314
f 4662//9315 4644//9315 4643//9315
f 4662//9316 4643//9316 4642//9316
f 4699//9317 4725//9317 4727//9317
f 4727//9318 4725//9318 4726//9318
f 4727//9319 4726//9319 4629//9319
f 4629//9320 4726//9320 4627//9320
f 4691//9321 4694//9321 4651//9321
f 4691//9322 4651//9322 4688//9322
f 4715//9323 4729//9323 4636//9323
f 4715//9324 4636//9324 4635//9324
f 4728//9325 4648//9325 4647//9325
f 4728//9326 4647//9326 4645//9326
f 4729//9327 4625//9327 4637//9327
f 4729//9328 4637//9328 4636//9328
f 4730//9329 4635//9329 4624//9329
f 4730//9330 4624//9330 4632//9330
f 4562//9331 4628//9331 4561//9331
f 4561//9332 4628//9332 4631//9332
f 4561//9333 4631//9333 4554//9333
f 4731//9334 4530//9334 4533//9334
f 4530//9335 4732//9335 4531//9335
f 4731//9336 4732//9336 4530//9336
f 4733//9337 4732//9337 4613//9337
f 4732//9338 4731//9338 4613//9338
f 4731//9339 4533//9339 4613//9339
f 4618//9340 4617//9340 4734//9340
f 4735//9341 4734//9341 4736//9341
f 4736//9342 4734//9342 4737//9342
f 4734//9343 4617//9343 4737//9343
f 4737//9344 4617//9344 4738//9344
f 4739//9345 4740//9345 4738//9345
f 4738//9346 4740//9346 4736//9346
f 4738//9347 4736//9347 4737//9347
f 4617//9348 4739//9348 4738//9348
f 4741//9349 4742//9349 4743//9349
f 4743//9350 4742//9350 4744//9350
f 4743//9351 4744//9351 4745//9351
f 4535//9352 4538//9352 4746//9352
f 4746//9353 4747//9353 4535//9353
f 4536//9354 4535//9354 4747//9354
f 4748//9355 4536//9355 4749//9355
f 4749//9356 4536//9356 4747//9356
f 4750//9357 4751//9357 4534//9357
f 4534//9358 4751//9358 4752//9358
f 4536//9359 4748//9359 4534//9359
f 4534//9360 4748//9360 4750//9360
f 4753//9361 4539//9361 4754//9361
f 4754//9362 4539//9362 4534//9362
f 4534//9363 4752//9363 4754//9363
f 4540//9364 4537//9364 4539//9364
f 4755//9365 4544//9365 4543//9365
f 4755//9366 4543//9366 4756//9366
f 4757//9367 4756//9367 4540//9367
f 4540//9368 4756//9368 4543//9368
f 4758//9369 4545//9369 4544//9369
f 4755//9370 4759//9370 4544//9370
f 4759//9371 4760//9371 4544//9371
f 4544//9372 4760//9372 4758//9372
f 4761//9373 4762//9373 4763//9373
f 4764//9374 4761//9374 4763//9374
f 4763//9375 4765//9375 4764//9375
f 4538//9376 4541//9376 4746//9376
f 4746//9377 4541//9377 4766//9377
f 4767//9378 4541//9378 4542//9378
f 4545//9379 4768//9379 4767//9379
f 4545//9380 4767//9380 4542//9380
f 4541//9381 4767//9381 4766//9381
f 4766//9382 4767//9382 4768//9382
f 4769//9383 4768//9383 4770//9383
f 4770//9384 4768//9384 4545//9384
f 4770//9385 4545//9385 4758//9385
f 4771//9386 4772//9386 4773//9386
f 4773//9387 4772//9387 4774//9387
f 4773//9388 4774//9388 4775//9388
f 4775//9389 4774//9389 4776//9389
f 4777//9390 4778//9390 4779//9390
f 4777//9391 4780//9391 4778//9391
f 4778//9392 4781//9392 4779//9392
f 4782//9393 4780//9393 4777//9393
f 4762//9394 4761//9394 4777//9394
f 4777//9395 4761//9395 4782//9395
f 4609//9396 4548//9396 4783//9396
f 4609//9397 4783//9397 4784//9397
f 4785//9398 4784//9398 4783//9398
f 4786//9399 4550//9399 4785//9399
f 4785//9400 4783//9400 4547//9400
f 4785//9401 4547//9401 4786//9401
f 4783//9402 4548//9402 4547//9402
f 4786//9403 4547//9403 4550//9403
f 4787//9404 4655//9404 4694//9404
f 4593//9405 4604//9405 4788//9405
f 4586//9406 4587//9406 4789//9406
f 4567//9407 4559//9407 4790//9407
f 4790//9408 4559//9408 4791//9408
f 4787//9409 4558//9409 4655//9409
f 4792//9410 4790//9410 4791//9410
f 4792//9411 4791//9411 4793//9411
f 4790//9412 4794//9412 4567//9412
f 4567//9413 4794//9413 4795//9413
f 4796//9414 4793//9414 4797//9414
f 4797//9415 4793//9415 4791//9415
f 4787//9416 4557//9416 4558//9416
f 4787//9417 4798//9417 4557//9417
f 4557//9418 4798//9418 4556//9418
f 4798//9419 4799//9419 4556//9419
f 4555//9420 4556//9420 4799//9420
f 4555//9421 4799//9421 4797//9421
f 4555//9422 4797//9422 4560//9422
f 4798//9423 4796//9423 4799//9423
f 4799//9424 4796//9424 4797//9424
f 4797//9425 4791//9425 4560//9425
f 4560//9426 4791//9426 4559//9426
f 4565//9427 4568//9427 4800//9427
f 4800//9428 4568//9428 4801//9428
f 4800//9429 4801//9429 4802//9429
f 4802//9430 4801//9430 4795//9430
f 4566//9431 4567//9431 4795//9431
f 4566//9432 4795//9432 4801//9432
f 4566//9433 4801//9433 4568//9433
f 4803//9434 4804//9434 4587//9434
f 4587//9435 4804//9435 4789//9435
f 4587//9436 4564//9436 4803//9436
f 4803//9437 4564//9437 4565//9437
f 4803//9438 4565//9438 4805//9438
f 4805//9439 4565//9439 4800//9439
f 4789//9440 4584//9440 4586//9440
f 4806//9441 4807//9441 4591//9441
f 4591//9442 4807//9442 4808//9442
f 4809//9443 4606//9443 4810//9443
f 4608//9444 4810//9444 4607//9444
f 4607//9445 4810//9445 4606//9445
f 4608//9446 4592//9446 4811//9446
f 4595//9447 4594//9447 4812//9447
f 4812//9448 4603//9448 4595//9448
f 4813//9449 4576//9449 4601//9449
f 4591//9450 4808//9450 4466//9450
f 4808//9451 4811//9451 4592//9451
f 4808//9452 4592//9452 4466//9452
f 4789//9453 4814//9453 4584//9453
f 4584//9454 4814//9454 4806//9454
f 4806//9455 4591//9455 4585//9455
f 4806//9456 4585//9456 4584//9456
f 4604//9457 4605//9457 4815//9457
f 4604//9458 4815//9458 4788//9458
f 4576//9459 4626//9459 4575//9459
f 4626//9460 4576//9460 4813//9460
f 4577//9461 4601//9461 4576//9461
f 4816//9462 4817//9462 4818//9462
f 4818//9463 4819//9463 4816//9463
f 4819//9464 4820//9464 4821//9464
f 4821//9465 4820//9465 4822//9465
f 4822//9466 4820//9466 4823//9466
f 4822//9467 4823//9467 4824//9467
f 4822//9468 4824//9468 4825//9468
f 4825//9469 4824//9469 4826//9469
f 4825//9470 4826//9470 4827//9470
f 4828//9471 4829//9471 4830//9471
f 4831//9472 4832//9472 4833//9472
f 4833//9473 4832//9473 4834//9473
f 4828//9474 4831//9474 4829//9474
f 4829//9475 4831//9475 4833//9475
f 4829//9476 4833//9476 4788//9476
f 4829//9477 4788//9477 4815//9477
f 4835//9478 4836//9478 4834//9478
f 4834//9479 4836//9479 4833//9479
f 4833//9480 4836//9480 4837//9480
f 4833//9481 4837//9481 4788//9481
f 4835//9482 4838//9482 4839//9482
f 4839//9483 4838//9483 4840//9483
f 4841//9484 4842//9484 4843//9484
f 4844//9485 4845//9485 4846//9485
f 4844//9486 4846//9486 4813//9486
f 4841//9487 4847//9487 4848//9487
f 4848//9488 4847//9488 4845//9488
f 4848//9489 4845//9489 4844//9489
f 4593//9490 4788//9490 4837//9490
f 4593//9491 4837//9491 4594//9491
f 4844//9492 4813//9492 4601//9492
f 4844//9493 4601//9493 4848//9493
f 4842//9494 4848//9494 4603//9494
f 4842//9495 4603//9495 4812//9495
f 4837//9496 4836//9496 4594//9496
f 4594//9497 4836//9497 4812//9497
f 4848//9498 4601//9498 4602//9498
f 4848//9499 4602//9499 4603//9499
f 4846//9500 4697//9500 4813//9500
f 4813//9501 4697//9501 4626//9501
f 4605//9502 4606//9502 4815//9502
f 4815//9503 4606//9503 4809//9503
f 4812//9504 4836//9504 4839//9504
f 4812//9505 4839//9505 4842//9505
f 4848//9506 4842//9506 4841//9506
f 4849//9507 4850//9507 4851//9507
f 4694//9508 4852//9508 4849//9508
f 4851//9509 4853//9509 4854//9509
f 4855//9510 4856//9510 4857//9510
f 4858//9511 4859//9511 4860//9511
f 4860//9512 4859//9512 4861//9512
f 4857//9513 4856//9513 4861//9513
f 4861//9514 4856//9514 4860//9514
f 4855//9515 4854//9515 4862//9515
f 4863//9516 4864//9516 4865//9516
f 4859//9517 4858//9517 4866//9517
f 4859//9518 4866//9518 4865//9518
f 4865//9519 4866//9519 4863//9519
f 4867//9520 4868//9520 4869//9520
f 4870//9521 4864//9521 4867//9521
f 4870//9522 4867//9522 4869//9522
f 4864//9523 4870//9523 4865//9523
f 4871//9524 4872//9524 4873//9524
f 4873//9525 4872//9525 4874//9525
f 4873//9526 4874//9526 4817//9526
f 4817//9527 4874//9527 4875//9527
f 4817//9528 4875//9528 4818//9528
f 4876//9529 4877//9529 4878//9529
f 4876//9530 4878//9530 4868//9530
f 4871//9531 4879//9531 4877//9531
f 4869//9532 4868//9532 4800//9532
f 4869//9533 4800//9533 4870//9533
f 4855//9534 4857//9534 4880//9534
f 4855//9535 4880//9535 4854//9535
f 4851//9536 4854//9536 4881//9536
f 4851//9537 4881//9537 4849//9537
f 4807//9538 4817//9538 4816//9538
f 4807//9539 4816//9539 4821//9539
f 4882//9540 4827//9540 4826//9540
f 4819//9541 4821//9541 4816//9541
f 4871//9542 4873//9542 4879//9542
f 4882//9543 4883//9543 4809//9543
f 4882//9544 4809//9544 4827//9544
f 4868//9545 4878//9545 4805//9545
f 4868//9546 4805//9546 4800//9546
f 4870//9547 4800//9547 4802//9547
f 4870//9548 4802//9548 4865//9548
f 4865//9549 4802//9549 4884//9549
f 4865//9550 4884//9550 4794//9550
f 4857//9551 4790//9551 4792//9551
f 4857//9552 4792//9552 4880//9552
f 4835//9553 4839//9553 4836//9553
f 4873//9554 4806//9554 4814//9554
f 4873//9555 4814//9555 4879//9555
f 4879//9556 4814//9556 4789//9556
f 4879//9557 4789//9557 4804//9557
f 4880//9558 4792//9558 4793//9558
f 4880//9559 4793//9559 4854//9559
f 4854//9560 4793//9560 4796//9560
f 4854//9561 4796//9561 4881//9561
f 4830//9562 4829//9562 4883//9562
f 4883//9563 4829//9563 4815//9563
f 4883//9564 4815//9564 4809//9564
f 4827//9565 4809//9565 4810//9565
f 4827//9566 4810//9566 4825//9566
f 4825//9567 4810//9567 4608//9567
f 4825//9568 4608//9568 4822//9568
f 4822//9569 4608//9569 4811//9569
f 4822//9570 4811//9570 4821//9570
f 4821//9571 4811//9571 4808//9571
f 4821//9572 4808//9572 4807//9572
f 4817//9573 4807//9573 4806//9573
f 4817//9574 4806//9574 4873//9574
f 4877//9575 4879//9575 4804//9575
f 4877//9576 4804//9576 4878//9576
f 4878//9577 4804//9577 4803//9577
f 4878//9578 4803//9578 4805//9578
f 4787//9579 4694//9579 4849//9579
f 4787//9580 4849//9580 4881//9580
f 4790//9581 4857//9581 4861//9581
f 4790//9582 4861//9582 4794//9582
f 4794//9583 4861//9583 4859//9583
f 4794//9584 4859//9584 4865//9584
f 4798//9585 4787//9585 4881//9585
f 4798//9586 4881//9586 4796//9586
f 4795//9587 4794//9587 4884//9587
f 4795//9588 4884//9588 4802//9588
f 4842//9589 4839//9589 4840//9589
f 4842//9590 4840//9590 4843//9590
f 4611//9591 4885//9591 4546//9591
f 4546//9592 4885//9592 4549//9592
f 4549//9593 4885//9593 4886//9593
f 4532//9594 4887//9594 4614//9594
f 4887//9595 4532//9595 4529//9595
f 4529//9596 4888//9596 4887//9596
f 4889//9597 4740//9597 4890//9597
f 4890//9598 4740//9598 4739//9598
f 4617//9599 4616//9599 4739//9599
f 4739//9600 4616//9600 4891//9600
f 4616//9601 4620//9601 4892//9601
f 4892//9602 4620//9602 4893//9602
f 4745//9603 4744//9603 4894//9603
f 4895//9604 4896//9604 4894//9604
f 4894//9605 4896//9605 4745//9605
f 4897//9606 4889//9606 4890//9606
f 4742//9607 4897//9607 4744//9607
f 4889//9608 4897//9608 4742//9608
f 4765//9609 4763//9609 4898//9609
f 4898//9610 4763//9610 4899//9610
f 4776//9611 4900//9611 4781//9611
f 4781//9612 4900//9612 4779//9612
f 4779//9613 4899//9613 4763//9613
f 4762//9614 4777//9614 4763//9614
f 4763//9615 4777//9615 4779//9615
f 4901//9616 4900//9616 4776//9616
f 4774//9617 4901//9617 4776//9617
f 4772//9618 4901//9618 4774//9618
f 4771//9619 4902//9619 4903//9619
f 4903//9620 4902//9620 4904//9620
f 4903//9621 4772//9621 4771//9621
f 4905//9622 4614//9622 4906//9622
f 4905//9623 4906//9623 4907//9623
f 4615//9624 4614//9624 4905//9624
f 4615//9625 4908//9625 4612//9625
f 4909//9626 4908//9626 4905//9626
f 4905//9627 4907//9627 4909//9627
f 4908//9628 4615//9628 4905//9628
f 4910//9629 4733//9629 4613//9629
f 4910//9630 4613//9630 4612//9630
f 4910//9631 4612//9631 4908//9631
f 4910//9632 4908//9632 4911//9632
f 4912//9633 4619//9633 4618//9633
f 4913//9634 4914//9634 4915//9634
f 4913//9635 4915//9635 4916//9635
f 4912//9636 4917//9636 4918//9636
f 4734//9637 4735//9637 4919//9637
f 4912//9638 4919//9638 4917//9638
f 4912//9639 4918//9639 4916//9639
f 4916//9640 4918//9640 4913//9640
f 4919//9641 4735//9641 4917//9641
f 4917//9642 4920//9642 4918//9642
f 4920//9643 4913//9643 4918//9643
f 4916//9644 4619//9644 4912//9644
f 4619//9645 4916//9645 4915//9645
f 4620//9646 4619//9646 4915//9646
f 4919//9647 4912//9647 4618//9647
f 4734//9648 4919//9648 4618//9648
f 4620//9649 4921//9649 4893//9649
f 4915//9650 4914//9650 4922//9650
f 4915//9651 4922//9651 4921//9651
f 4921//9652 4620//9652 4915//9652
f 4922//9653 4893//9653 4921//9653
f 4923//9654 4924//9654 4925//9654
f 4923//9655 4925//9655 4895//9655
f 4926//9656 4895//9656 4925//9656
f 4895//9657 4926//9657 4896//9657
f 4927//9658 4928//9658 4896//9658
f 4896//9659 4928//9659 4745//9659
f 4896//9660 4926//9660 4927//9660
f 4929//9661 4741//9661 4743//9661
f 4929//9662 4743//9662 4745//9662
f 4929//9663 4745//9663 4928//9663
f 4930//9664 4931//9664 4932//9664
f 4930//9665 4933//9665 4931//9665
f 4933//9666 4934//9666 4931//9666
f 4935//9667 4932//9667 4750//9667
f 4750//9668 4932//9668 4751//9668
f 4751//9669 4936//9669 4752//9669
f 4750//9670 4748//9670 4749//9670
f 4750//9671 4749//9671 4935//9671
f 4932//9672 4935//9672 4930//9672
f 4932//9673 4931//9673 4751//9673
f 4751//9674 4931//9674 4934//9674
f 4751//9675 4934//9675 4936//9675
f 4539//9676 4753//9676 4757//9676
f 4539//9677 4757//9677 4540//9677
f 4937//9678 4760//9678 4938//9678
f 4938//9679 4760//9679 4759//9679
f 4759//9680 4755//9680 4938//9680
f 4938//9681 4755//9681 4939//9681
f 4938//9682 4940//9682 4937//9682
f 4769//9683 4770//9683 4941//9683
f 4941//9684 4770//9684 4942//9684
f 4758//9685 4942//9685 4770//9685
f 4758//9686 4760//9686 4942//9686
f 4942//9687 4760//9687 4941//9687
f 4941//9688 4760//9688 4937//9688
f 4941//9689 4937//9689 4940//9689
f 4943//9690 4904//9690 4944//9690
f 4944//9691 4902//9691 4945//9691
f 4902//9692 4946//9692 4945//9692
f 4944//9693 4904//9693 4902//9693
f 4947//9694 4948//9694 4771//9694
f 4771//9695 4773//9695 4947//9695
f 4947//9696 4773//9696 4775//9696
f 4948//9697 4946//9697 4771//9697
f 4771//9698 4946//9698 4902//9698
f 4943//9699 4949//9699 4950//9699
f 4943//9700 4950//9700 4904//9700
f 4951//9701 4952//9701 4953//9701
f 4951//9702 4953//9702 4954//9702
f 4898//9703 4954//9703 4765//9703
f 4765//9704 4954//9704 4955//9704
f 4898//9705 4951//9705 4954//9705
f 4953//9706 4955//9706 4954//9706
f 4952//9707 4956//9707 4953//9707
f 4953//9708 4956//9708 4957//9708
f 4957//9709 4955//9709 4953//9709
f 4955//9710 4958//9710 4765//9710
f 4765//9711 4958//9711 4764//9711
f 4959//9712 4764//9712 4960//9712
f 4960//9713 4764//9713 4958//9713
f 4761//9714 4764//9714 4959//9714
f 4961//9715 4960//9715 4962//9715
f 4957//9716 4958//9716 4955//9716
f 4956//9717 4963//9717 4957//9717
f 4957//9718 4963//9718 4962//9718
f 4957//9719 4962//9719 4958//9719
f 4963//9720 4961//9720 4962//9720
f 4962//9721 4960//9721 4958//9721
f 4964//9722 4782//9722 4959//9722
f 4959//9723 4782//9723 4761//9723
f 4961//9724 4959//9724 4960//9724
f 4961//9725 4964//9725 4959//9725
f 4780//9726 4782//9726 4965//9726
f 4768//9727 4769//9727 4966//9727
f 4742//9728 4741//9728 4967//9728
f 4531//9729 4695//9729 4697//9729
f 4695//9730 4531//9730 4732//9730
f 4695//9731 4732//9731 4733//9731
f 4695//9732 4733//9732 4696//9732
f 4696//9733 4733//9733 4968//9733
f 4696//9734 4968//9734 4701//9734
f 4701//9735 4968//9735 4969//9735
f 4701//9736 4969//9736 4698//9736
f 4698//9737 4969//9737 4970//9737
f 4698//9738 4970//9738 4699//9738
f 4699//9739 4970//9739 4971//9739
f 4699//9740 4971//9740 4725//9740
f 4725//9741 4971//9741 4972//9741
f 4725//9742 4972//9742 4723//9742
f 4723//9743 4972//9743 4973//9743
f 4723//9744 4973//9744 4974//9744
f 4723//9745 4974//9745 4703//9745
f 4703//9746 4974//9746 4704//9746
f 4974//9747 4975//9747 4704//9747
f 4704//9748 4975//9748 4707//9748
f 4707//9749 4975//9749 4976//9749
f 4707//9750 4976//9750 4708//9750
f 4708//9751 4976//9751 4977//9751
f 4708//9752 4977//9752 4709//9752
f 4709//9753 4977//9753 4711//9753
f 4711//9754 4977//9754 4978//9754
f 4711//9755 4978//9755 4712//9755
f 4712//9756 4978//9756 4979//9756
f 4712//9757 4979//9757 4714//9757
f 4714//9758 4979//9758 4980//9758
f 4714//9759 4980//9759 4716//9759
f 4980//9760 4981//9760 4716//9760
f 4716//9761 4981//9761 4717//9761
f 4717//9762 4981//9762 4982//9762
f 4717//9763 4982//9763 4718//9763
f 4982//9764 4983//9764 4718//9764
f 4718//9765 4983//9765 4984//9765
f 4718//9766 4984//9766 4719//9766
f 4719//9767 4984//9767 4720//9767
f 4720//9768 4984//9768 4985//9768
f 4736//9769 4985//9769 4735//9769
f 4985//9770 4736//9770 4720//9770
f 4720//9771 4736//9771 4721//9771
f 4721//9772 4736//9772 4740//9772
f 4721//9773 4740//9773 4722//9773
f 4722//9774 4740//9774 4889//9774
f 4722//9775 4889//9775 4658//9775
f 4658//9776 4889//9776 4742//9776
f 4658//9777 4742//9777 4967//9777
f 4658//9778 4967//9778 4656//9778
f 4656//9779 4967//9779 4986//9779
f 4656//9780 4986//9780 4987//9780
f 4656//9781 4987//9781 4663//9781
f 4663//9782 4987//9782 4988//9782
f 4663//9783 4988//9783 4660//9783
f 4660//9784 4988//9784 4989//9784
f 4660//9785 4989//9785 4664//9785
f 4664//9786 4989//9786 4990//9786
f 4664//9787 4990//9787 4666//9787
f 4666//9788 4990//9788 4991//9788
f 4666//9789 4991//9789 4667//9789
f 4667//9790 4991//9790 4992//9790
f 4667//9791 4992//9791 4669//9791
f 4992//9792 4993//9792 4669//9792
f 4669//9793 4993//9793 4994//9793
f 4669//9794 4994//9794 4671//9794
f 4671//9795 4994//9795 4672//9795
f 4672//9796 4994//9796 4995//9796
f 4672//9797 4995//9797 4674//9797
f 4674//9798 4995//9798 4996//9798
f 4674//9799 4996//9799 4678//9799
f 4678//9800 4996//9800 4676//9800
f 4676//9801 4996//9801 4997//9801
f 4676//9802 4997//9802 4679//9802
f 4679//9803 4997//9803 4681//9803
f 4681//9804 4997//9804 4998//9804
f 4681//9805 4998//9805 4682//9805
f 4682//9806 4998//9806 4684//9806
f 4684//9807 4998//9807 4999//9807
f 4684//9808 4999//9808 4686//9808
f 4686//9809 4999//9809 4689//9809
f 4689//9810 4999//9810 5000//9810
f 5001//9811 4749//9811 4747//9811
f 4689//9812 5000//9812 4687//9812
f 4687//9813 5000//9813 5002//9813
f 4687//9814 5002//9814 5003//9814
f 4687//9815 5003//9815 4690//9815
f 4690//9816 5003//9816 4692//9816
f 4692//9817 5003//9817 5004//9817
f 4692//9818 5004//9818 5001//9818
f 4692//9819 5001//9819 4693//9819
f 5001//9820 4747//9820 4693//9820
f 4693//9821 4747//9821 4746//9821
f 4693//9822 4746//9822 4694//9822
f 4694//9823 4746//9823 4766//9823
f 4694//9824 4766//9824 4852//9824
f 4852//9825 4766//9825 4768//9825
f 4852//9826 4768//9826 4966//9826
f 4852//9827 4966//9827 4849//9827
f 4849//9828 4966//9828 5005//9828
f 4849//9829 5005//9829 4850//9829
f 4850//9830 5005//9830 5006//9830
f 4850//9831 5006//9831 4851//9831
f 4851//9832 5006//9832 5007//9832
f 4851//9833 5007//9833 4853//9833
f 4853//9834 5007//9834 5008//9834
f 4853//9835 5008//9835 4854//9835
f 5009//9836 4867//9836 5010//9836
f 5010//9837 4867//9837 4864//9837
f 5010//9838 4864//9838 4863//9838
f 5010//9839 4863//9839 5011//9839
f 5011//9840 4863//9840 4866//9840
f 5011//9841 4866//9841 4858//9841
f 5011//9842 4858//9842 5012//9842
f 5012//9843 4858//9843 4860//9843
f 5012//9844 4860//9844 5013//9844
f 5013//9845 4860//9845 5014//9845
f 5014//9846 4860//9846 4856//9846
f 5014//9847 4856//9847 5015//9847
f 5015//9848 4856//9848 5016//9848
f 5016//9849 4856//9849 4855//9849
f 5016//9850 4855//9850 5017//9850
f 5017//9851 4855//9851 4862//9851
f 5017//9852 4862//9852 5018//9852
f 5018//9853 4862//9853 4854//9853
f 5018//9854 4854//9854 5008//9854
f 5019//9855 5020//9855 4874//9855
f 4874//9856 4872//9856 5019//9856
f 5019//9857 4872//9857 5021//9857
f 5021//9858 4872//9858 4871//9858
f 5021//9859 4871//9859 5022//9859
f 5022//9860 4871//9860 5023//9860
f 5023//9861 4871//9861 4877//9861
f 5023//9862 4877//9862 5024//9862
f 5024//9863 4877//9863 5025//9863
f 5025//9864 4877//9864 4876//9864
f 5025//9865 4876//9865 5026//9865
f 5026//9866 4876//9866 5027//9866
f 5027//9867 4876//9867 4868//9867
f 5027//9868 4868//9868 5009//9868
f 5009//9869 4868//9869 4867//9869
f 4874//9870 5020//9870 4775//9870
f 4874//9871 4775//9871 4776//9871
f 4874//9872 4776//9872 4875//9872
f 4776//9873 4781//9873 4875//9873
f 4875//9874 4781//9874 4818//9874
f 4781//9875 4778//9875 4818//9875
f 4818//9876 4778//9876 4819//9876
f 4780//9877 4819//9877 4778//9877
f 4826//9878 4824//9878 5028//9878
f 5028//9879 4824//9879 5029//9879
f 5029//9880 4824//9880 4823//9880
f 5029//9881 4823//9881 5030//9881
f 5030//9882 4823//9882 4820//9882
f 5030//9883 4820//9883 4819//9883
f 5030//9884 4819//9884 5031//9884
f 5031//9885 4819//9885 4965//9885
f 4965//9886 4819//9886 4780//9886
f 5028//9887 5032//9887 4826//9887
f 4826//9888 5032//9888 5033//9888
f 4826//9889 5033//9889 5034//9889
f 4826//9890 5034//9890 4882//9890
f 4882//9891 5034//9891 4883//9891
f 5034//9892 5035//9892 4883//9892
f 4883//9893 5035//9893 4830//9893
f 4830//9894 5035//9894 5036//9894
f 4830//9895 5036//9895 4828//9895
f 5036//9896 5037//9896 4828//9896
f 4828//9897 5037//9897 5038//9897
f 4832//9898 4831//9898 5038//9898
f 5038//9899 4831//9899 4828//9899
f 5038//9900 5039//9900 4832//9900
f 4832//9901 5039//9901 5040//9901
f 4832//9902 5040//9902 4834//9902
f 4834//9903 5040//9903 5041//9903
f 4834//9904 5041//9904 5042//9904
f 4834//9905 5042//9905 4835//9905
f 5043//9906 4784//9906 4785//9906
f 4835//9907 5042//9907 5044//9907
f 4835//9908 5044//9908 5045//9908
f 4835//9909 5045//9909 4838//9909
f 4838//9910 5045//9910 4840//9910
f 4840//9911 5045//9911 5046//9911
f 4840//9912 5046//9912 5047//9912
f 4840//9913 5047//9913 4843//9913
f 4843//9914 5047//9914 4841//9914
f 4841//9915 5047//9915 5048//9915
f 4841//9916 5048//9916 4847//9916
f 4847//9917 5048//9917 5049//9917
f 4847//9918 5049//9918 4845//9918
f 4845//9919 5049//9919 5050//9919
f 4845//9920 5050//9920 5051//9920
f 4845//9921 5051//9921 4846//9921
f 4846//9922 5051//9922 5052//9922
f 4846//9923 5052//9923 5043//9923
f 5043//9924 4785//9924 4846//9924
f 4846//9925 4785//9925 4697//9925
f 4697//9926 4785//9926 4550//9926
f 4697//9927 4550//9927 4531//9927
f 4610//9928 5053//9928 4611//9928
f 4610//9929 5054//9929 5055//9929
f 4609//9930 5054//9930 4610//9930
f 5054//9931 5056//9931 5055//9931
f 5053//9932 4610//9932 5057//9932
f 5055//9933 5058//9933 4610//9933
f 5057//9934 4610//9934 5058//9934
f 5056//9935 5054//9935 4609//9935
f 5056//9936 4609//9936 4784//9936
f 5057//9937 5059//9937 5053//9937
f 4549//9938 4886//9938 4529//9938
f 4529//9939 4886//9939 4888//9939
f 4739//9940 4891//9940 5060//9940
f 4739//9941 5060//9941 4890//9941
f 4891//9942 4616//9942 4892//9942
f 5061//9943 4892//9943 4924//9943
f 4924//9944 4892//9944 4893//9944
f 4924//9945 4893//9945 4922//9945
f 5061//9946 4924//9946 5062//9946
f 5062//9947 4924//9947 4923//9947
f 5062//9948 4923//9948 4894//9948
f 4923//9949 4895//9949 4894//9949
f 4894//9950 4897//9950 5060//9950
f 5060//9951 4897//9951 4890//9951
f 4894//9952 4744//9952 4897//9952
f 4899//9953 5063//9953 4898//9953
f 4898//9954 5063//9954 4949//9954
f 4951//9955 4898//9955 4949//9955
f 4900//9956 5064//9956 4899//9956
f 4900//9957 4899//9957 4779//9957
f 4903//9958 4901//9958 4772//9958
f 5064//9959 4901//9959 4903//9959
f 4901//9960 5064//9960 4900//9960
f 4903//9961 4904//9961 4950//9961
f 4903//9962 4950//9962 5065//9962
f 5065//9963 4950//9963 4949//9963
f 5065//9964 4949//9964 5063//9964
f 4906//9965 4614//9965 4887//9965
f 4888//9966 5066//9966 4887//9966
f 4887//9967 5066//9967 4907//9967
f 4907//9968 4906//9968 4887//9968
f 5066//9969 5067//9969 4907//9969
f 4907//9970 5067//9970 4909//9970
f 5068//9971 5069//9971 5070//9971
f 5070//9972 5069//9972 5071//9972
f 5069//9973 5068//9973 5067//9973
f 5067//9974 5068//9974 5072//9974
f 5067//9975 5072//9975 4909//9975
f 5073//9976 5074//9976 5075//9976
f 5076//9977 5077//9977 5078//9977
f 5078//9978 5077//9978 5079//9978
f 5073//9979 5075//9979 5080//9979
f 5080//9980 5075//9980 5081//9980
f 5080//9981 5081//9981 5082//9981
f 5082//9982 5081//9982 5083//9982
f 5082//9983 5083//9983 5084//9983
f 5084//9984 5083//9984 5085//9984
f 5084//9985 5085//9985 5086//9985
f 5086//9986 5085//9986 5087//9986
f 5087//9987 5085//9987 5088//9987
f 5087//9988 5088//9988 5089//9988
f 5089//9989 5088//9989 5090//9989
f 5090//9990 5088//9990 5091//9990
f 5090//9991 5091//9991 5092//9991
f 5092//9992 5091//9992 5093//9992
f 5092//9993 5093//9993 5094//9993
f 5094//9994 5093//9994 5070//9994
f 5094//9995 5070//9995 5071//9995
f 5074//9996 5095//9996 5075//9996
f 5096//9997 5097//9997 5098//9997
f 5099//9998 5100//9998 5101//9998
f 4933//9999 4930//9999 5102//9999
f 4741//10000 4929//10000 5103//10000
f 5104//10001 5105//10001 5106//10001
f 5106//10002 5105//10002 5107//10002
f 5108//10003 5109//10003 5110//10003
f 5110//10004 5109//10004 5111//10004
f 5112//10005 5109//10005 5108//10005
f 5112//10006 5108//10006 5113//10006
f 5112//10007 5113//10007 5114//10007
f 5115//10008 5116//10008 5114//10008
f 5115//10009 5114//10009 5113//10009
f 5117//10010 5116//10010 5115//10010
f 5115//10011 5118//10011 5117//10011
f 5117//10012 5118//10012 5119//10012
f 5117//10013 5119//10013 5120//10013
f 5120//10014 5121//10014 5117//10014
f 5117//10015 5121//10015 5116//10015
f 5100//10016 5122//10016 5123//10016
f 5124//10017 5125//10017 5126//10017
f 5097//10018 5096//10018 5127//10018
f 5128//10019 5129//10019 5130//10019
f 5131//10020 5132//10020 5133//10020
f 5131//10021 4924//10021 4922//10021
f 5131//10022 4922//10022 5076//10022
f 5076//10023 4922//10023 4914//10023
f 5076//10024 4914//10024 5077//10024
f 5134//10025 5079//10025 5077//10025
f 5135//10026 5081//10026 5075//10026
f 5136//10027 5070//10027 5093//10027
f 4909//10028 5072//10028 4908//10028
f 5137//10029 4911//10029 4908//10029
f 5138//10030 4733//10030 5139//10030
f 5139//10031 4733//10031 4910//10031
f 5139//10032 4910//10032 4911//10032
f 5138//10033 4968//10033 4733//10033
f 5140//10034 4969//10034 5141//10034
f 4970//10035 5140//10035 5142//10035
f 5140//10036 4970//10036 4969//10036
f 4971//10037 5142//10037 5143//10037
f 5142//10038 4971//10038 4970//10038
f 5144//10039 4972//10039 5143//10039
f 5143//10040 4972//10040 4971//10040
f 4973//10041 4972//10041 5144//10041
f 4984//10042 4983//10042 5145//10042
f 5145//10043 4983//10043 4982//10043
f 5145//10044 4982//10044 4981//10044
f 4735//10045 4985//10045 5146//10045
f 4735//10046 5146//10046 5147//10046
f 4735//10047 5147//10047 4917//10047
f 4917//10048 5147//10048 5148//10048
f 5148//10049 4920//10049 4917//10049
f 5149//10050 4920//10050 5148//10050
f 5149//10051 4913//10051 4920//10051
f 5077//10052 4913//10052 5149//10052
f 5077//10053 4914//10053 4913//10053
f 4925//10054 4924//10054 5133//10054
f 5133//10055 5132//10055 5150//10055
f 5133//10056 4924//10056 5131//10056
f 4926//10057 4925//10057 5133//10057
f 5151//10058 4928//10058 4927//10058
f 4929//10059 4928//10059 5103//10059
f 4967//10060 4741//10060 4986//10060
f 5152//10061 4989//10061 5153//10061
f 5153//10062 4989//10062 4988//10062
f 5154//10063 4991//10063 4990//10063
f 5154//10064 4990//10064 5152//10064
f 5152//10065 4990//10065 4989//10065
f 4991//10066 5154//10066 4992//10066
f 4992//10067 5154//10067 5155//10067
f 5155//10068 4993//10068 4992//10068
f 4996//10069 4995//10069 5156//10069
f 4996//10070 5156//10070 5157//10070
f 4996//10071 5157//10071 4997//10071
f 5158//10072 4998//10072 4997//10072
f 5158//10073 4997//10073 5157//10073
f 4998//10074 5158//10074 5159//10074
f 4998//10075 5159//10075 4999//10075
f 5160//10076 5000//10076 4999//10076
f 5160//10077 4999//10077 5159//10077
f 5000//10078 5160//10078 5161//10078
f 5000//10079 5161//10079 5002//10079
f 5162//10080 5003//10080 5161//10080
f 5161//10081 5003//10081 5002//10081
f 4749//10082 5001//10082 5162//10082
f 5162//10083 5001//10083 5004//10083
f 5162//10084 5004//10084 5003//10084
f 4935//10085 4749//10085 5162//10085
f 4934//10086 4933//10086 5163//10086
f 5164//10087 5088//10087 5165//10087
f 5070//10088 5136//10088 5166//10088
f 5166//10089 5136//10089 5093//10089
f 5166//10090 5093//10090 5167//10090
f 5167//10091 5093//10091 5164//10091
f 5165//10092 5088//10092 5168//10092
f 5081//10093 5135//10093 5169//10093
f 5168//10094 5083//10094 5170//10094
f 5170//10095 5083//10095 5081//10095
f 5170//10096 5081//10096 5171//10096
f 5171//10097 5081//10097 5169//10097
f 5088//10098 5085//10098 5168//10098
f 5168//10099 5085//10099 5083//10099
f 5172//10100 5169//10100 5135//10100
f 5135//10101 5075//10101 5172//10101
f 5091//10102 5088//10102 5164//10102
f 5091//10103 5164//10103 5093//10103
f 5103//10104 4928//10104 5151//10104
f 5103//10105 5151//10105 5173//10105
f 5174//10106 5175//10106 5176//10106
f 5176//10107 5175//10107 5173//10107
f 5176//10108 5173//10108 5177//10108
f 5177//10109 5173//10109 5151//10109
f 5151//10110 4927//10110 4926//10110
f 5176//10111 5178//10111 5174//10111
f 5174//10112 5178//10112 5179//10112
f 5180//10113 5163//10113 5181//10113
f 5182//10114 5183//10114 5110//10114
f 5106//10115 5107//10115 4934//10115
f 5180//10116 5104//10116 5106//10116
f 5180//10117 5106//10117 5163//10117
f 5163//10118 5106//10118 4934//10118
f 5181//10119 5182//10119 5110//10119
f 5181//10120 5110//10120 5180//10120
f 5180//10121 5110//10121 5111//10121
f 5180//10122 5111//10122 5104//10122
f 5184//10123 5118//10123 5185//10123
f 5185//10124 5118//10124 5115//10124
f 5185//10125 5115//10125 5186//10125
f 5186//10126 5115//10126 5113//10126
f 5186//10127 5113//10127 5183//10127
f 5183//10128 5113//10128 5108//10128
f 5183//10129 5108//10129 5110//10129
f 5126//10130 5125//10130 5187//10130
f 5187//10131 5099//10131 5188//10131
f 5188//10132 5099//10132 5101//10132
f 5189//10133 5179//10133 5190//10133
f 5190//10134 5179//10134 5178//10134
f 5177//10135 5151//10135 5133//10135
f 5133//10136 5151//10136 4926//10136
f 5096//10137 5128//10137 5130//10137
f 5096//10138 5130//10138 5127//10138
f 5150//10139 5129//10139 5133//10139
f 5133//10140 5129//10140 5128//10140
f 5133//10141 5128//10141 5177//10141
f 5177//10142 5128//10142 5096//10142
f 5177//10143 5096//10143 5176//10143
f 5176//10144 5096//10144 5178//10144
f 5097//10145 5124//10145 5098//10145
f 5098//10146 5124//10146 5126//10146
f 5098//10147 5126//10147 5190//10147
f 5190//10148 5126//10148 5187//10148
f 5188//10149 5189//10149 5187//10149
f 5187//10150 5189//10150 5190//10150
f 5190//10151 5178//10151 5098//10151
f 5098//10152 5178//10152 5096//10152
f 5125//10153 5191//10153 5187//10153
f 5187//10154 5191//10154 5099//10154
f 5099//10155 5191//10155 5122//10155
f 5099//10156 5122//10156 5100//10156
f 5119//10157 5100//10157 5123//10157
f 5184//10158 5101//10158 5100//10158
f 5184//10159 5100//10159 5118//10159
f 5118//10160 5100//10160 5119//10160
f 5192//10161 5162//10161 5161//10161
f 5192//10162 5161//10162 5193//10162
f 5193//10163 5161//10163 5160//10163
f 5193//10164 5160//10164 5194//10164
f 5194//10165 5160//10165 5159//10165
f 5194//10166 5159//10166 5195//10166
f 5195//10167 5159//10167 5158//10167
f 5195//10168 5158//10168 5157//10168
f 5196//10169 4995//10169 4994//10169
f 5196//10170 4994//10170 5197//10170
f 5197//10171 4994//10171 4993//10171
f 5197//10172 4993//10172 5155//10172
f 4986//10173 5153//10173 4988//10173
f 4986//10174 4988//10174 4987//10174
f 4986//10175 4741//10175 5103//10175
f 4986//10176 5103//10176 5153//10176
f 4930//10177 4935//10177 5102//10177
f 5102//10178 4935//10178 5162//10178
f 5102//10179 5162//10179 5192//10179
f 5198//10180 5195//10180 5157//10180
f 5198//10181 5157//10181 5199//10181
f 5199//10182 5157//10182 5156//10182
f 5199//10183 5156//10183 5200//10183
f 5200//10184 5156//10184 4995//10184
f 5200//10185 4995//10185 5196//10185
f 5179//10186 5197//10186 5155//10186
f 5179//10187 5155//10187 5174//10187
f 5174//10188 5155//10188 5154//10188
f 5174//10189 5154//10189 5175//10189
f 5175//10190 5154//10190 5152//10190
f 5175//10191 5152//10191 5153//10191
f 5153//10192 5103//10192 5173//10192
f 5153//10193 5173//10193 5175//10193
f 5181//10194 5102//10194 5192//10194
f 5181//10195 5192//10195 5182//10195
f 5182//10196 5192//10196 5193//10196
f 5182//10197 5193//10197 5201//10197
f 5201//10198 5193//10198 5194//10198
f 5201//10199 5194//10199 5202//10199
f 5202//10200 5194//10200 5195//10200
f 5202//10201 5195//10201 5198//10201
f 5203//10202 5200//10202 5196//10202
f 5203//10203 5196//10203 5189//10203
f 5189//10204 5196//10204 5197//10204
f 5189//10205 5197//10205 5179//10205
f 5102//10206 5181//10206 5163//10206
f 5102//10207 5163//10207 4933//10207
f 5183//10208 5182//10208 5201//10208
f 5183//10209 5201//10209 5186//10209
f 5186//10210 5201//10210 5202//10210
f 5186//10211 5202//10211 5185//10211
f 5185//10212 5202//10212 5198//10212
f 5185//10213 5198//10213 5184//10213
f 5184//10214 5198//10214 5199//10214
f 5184//10215 5199//10215 5101//10215
f 5101//10216 5199//10216 5200//10216
f 5101//10217 5200//10217 5188//10217
f 5188//10218 5200//10218 5203//10218
f 5188//10219 5203//10219 5189//10219
f 5144//10220 5204//10220 4974//10220
f 4974//10221 4973//10221 5144//10221
f 5144//10222 5143//10222 5167//10222
f 5167//10223 5143//10223 5142//10223
f 5167//10224 5205//10224 5144//10224
f 5144//10225 5205//10225 5204//10225
f 5204//10226 5206//10226 4974//10226
f 4974//10227 5206//10227 4975//10227
f 5207//10228 4984//10228 5145//10228
f 5207//10229 5147//10229 5146//10229
f 5207//10230 5146//10230 4985//10230
f 5207//10231 4985//10231 4984//10231
f 4969//10232 4968//10232 5141//10232
f 5141//10233 4968//10233 5138//10233
f 5141//10234 5138//10234 5139//10234
f 5208//10235 5209//10235 5140//10235
f 5140//10236 5209//10236 5166//10236
f 5205//10237 5165//10237 5204//10237
f 5204//10238 5165//10238 5168//10238
f 4911//10239 5137//10239 5139//10239
f 5139//10240 5137//10240 5208//10240
f 5139//10241 5208//10241 5141//10241
f 5141//10242 5208//10242 5140//10242
f 5140//10243 5166//10243 5142//10243
f 5142//10244 5166//10244 5167//10244
f 5204//10245 5168//10245 5206//10245
f 4908//10246 5072//10246 5137//10246
f 5137//10247 5072//10247 5068//10247
f 5137//10248 5068//10248 5208//10248
f 5208//10249 5068//10249 5209//10249
f 4976//10250 4975//10250 5210//10250
f 5210//10251 4975//10251 5206//10251
f 5210//10252 5206//10252 5168//10252
f 5210//10253 5168//10253 5170//10253
f 5165//10254 5205//10254 5164//10254
f 5164//10255 5205//10255 5167//10255
f 5166//10256 5209//10256 5070//10256
f 5070//10257 5209//10257 5068//10257
f 5211//10258 5212//10258 5213//10258
f 5213//10259 5212//10259 5145//10259
f 5213//10260 5145//10260 4980//10260
f 5212//10261 5207//10261 5145//10261
f 4980//10262 5145//10262 4981//10262
f 5171//10263 5169//10263 4977//10263
f 4977//10264 5169//10264 5214//10264
f 4977//10265 5214//10265 4978//10265
f 5169//10266 5211//10266 5214//10266
f 5214//10267 5211//10267 5213//10267
f 5214//10268 5213//10268 4978//10268
f 4978//10269 5213//10269 4980//10269
f 4978//10270 4980//10270 4979//10270
f 5215//10271 5172//10271 5216//10271
f 5216//10272 5172//10272 5075//10272
f 5216//10273 5075//10273 5095//10273
f 5147//10274 5217//10274 5148//10274
f 5148//10275 5217//10275 5218//10275
f 5148//10276 5218//10276 5149//10276
f 5149//10277 5218//10277 5134//10277
f 5149//10278 5134//10278 5077//10278
f 5217//10279 5215//10279 5218//10279
f 5218//10280 5215//10280 5216//10280
f 5218//10281 5216//10281 5134//10281
f 5134//10282 5216//10282 5095//10282
f 5134//10283 5095//10283 5219//10283
f 5134//10284 5219//10284 5079//10284
f 5169//10285 5172//10285 5211//10285
f 5211//10286 5172//10286 5215//10286
f 5211//10287 5215//10287 5212//10287
f 5212//10288 5215//10288 5217//10288
f 5212//10289 5217//10289 5207//10289
f 5207//10290 5217//10290 5147//10290
f 4977//10291 4976//10291 5210//10291
f 4977//10292 5210//10292 5171//10292
f 5171//10293 5210//10293 5170//10293
f 4752//10294 4936//10294 4754//10294
f 4936//10295 4934//10295 5107//10295
f 5107//10296 5220//10296 4936//10296
f 4753//10297 4754//10297 5220//10297
f 5220//10298 4754//10298 4936//10298
f 5220//10299 5221//10299 4757//10299
f 5220//10300 4757//10300 4753//10300
f 4755//10301 4756//10301 4939//10301
f 4756//10302 4757//10302 5221//10302
f 4939//10303 4756//10303 5221//10303
f 4938//10304 4939//10304 5222//10304
f 5222//10305 4939//10305 5221//10305
f 5223//10306 5224//10306 5225//10306
f 4946//10307 4948//10307 5223//10307
f 5226//10308 4951//10308 4949//10308
f 5226//10309 4949//10309 5227//10309
f 5228//10310 5229//10310 5230//10310
f 5231//10311 5229//10311 5232//10311
f 5233//10312 5234//10312 5235//10312
f 5235//10313 5234//10313 5236//10313
f 5237//10314 5233//10314 5235//10314
f 5237//10315 5238//10315 5239//10315
f 5238//10316 5240//10316 5239//10316
f 5241//10317 5242//10317 5243//10317
f 5243//10318 5242//10318 5244//10318
f 5242//10319 5241//10319 5245//10319
f 5242//10320 5245//10320 5246//10320
f 5246//10321 5245//10321 5247//10321
f 5248//10322 5249//10322 5250//10322
f 5247//10323 5249//10323 5251//10323
f 5247//10324 5251//10324 5246//10324
f 5252//10325 5222//10325 5221//10325
f 5253//10326 5252//10326 5254//10326
f 5253//10327 5254//10327 5248//10327
f 5253//10328 5222//10328 5252//10328
f 4940//10329 4938//10329 5255//10329
f 4966//10330 4769//10330 5005//10330
f 5006//10331 5005//10331 5256//10331
f 5257//10332 5008//10332 5256//10332
f 5256//10333 5008//10333 5007//10333
f 5256//10334 5007//10334 5006//10334
f 5258//10335 5017//10335 5257//10335
f 5257//10336 5017//10336 5018//10336
f 5257//10337 5018//10337 5008//10337
f 5017//10338 5258//10338 5016//10338
f 5016//10339 5258//10339 5259//10339
f 5016//10340 5259//10340 5015//10340
f 5260//10341 5013//10341 5014//10341
f 5260//10342 5014//10342 5259//10342
f 5259//10343 5014//10343 5015//10343
f 5013//10344 5260//10344 5261//10344
f 5013//10345 5261//10345 5012//10345
f 5262//10346 5011//10346 5261//10346
f 5261//10347 5011//10347 5012//10347
f 5011//10348 5262//10348 5010//10348
f 5010//10349 5262//10349 5263//10349
f 5263//10350 5009//10350 5010//10350
f 5026//10351 5027//10351 5264//10351
f 5026//10352 5264//10352 5025//10352
f 5025//10353 5264//10353 5265//10353
f 5025//10354 5265//10354 5024//10354
f 5266//10355 5023//10355 5265//10355
f 5265//10356 5023//10356 5024//10356
f 5019//10357 5022//10357 5266//10357
f 5266//10358 5022//10358 5023//10358
f 5019//10359 5021//10359 5022//10359
f 4775//10360 5020//10360 5019//10360
f 4946//10361 5223//10361 4945//10361
f 4945//10362 5223//10362 5267//10362
f 5268//10363 4945//10363 5267//10363
f 4943//10364 4944//10364 5268//10364
f 5268//10365 4944//10365 4945//10365
f 5227//10366 4949//10366 5268//10366
f 5268//10367 4949//10367 4943//10367
f 4956//10368 4952//10368 5269//10368
f 5270//10369 4961//10369 4963//10369
f 5271//10370 4964//10370 4961//10370
f 4964//10371 5271//10371 4782//10371
f 4965//10372 5272//10372 5031//10372
f 5030//10373 5272//10373 5273//10373
f 5272//10374 5030//10374 5031//10374
f 5273//10375 5274//10375 5028//10375
f 5028//10376 5029//10376 5273//10376
f 5273//10377 5029//10377 5030//10377
f 5275//10378 5032//10378 5274//10378
f 5274//10379 5032//10379 5028//10379
f 5276//10380 5034//10380 5033//10380
f 5276//10381 5033//10381 5275//10381
f 5275//10382 5033//10382 5032//10382
f 5034//10383 5276//10383 5035//10383
f 5035//10384 5276//10384 5036//10384
f 5277//10385 5037//10385 5036//10385
f 5039//10386 5038//10386 5277//10386
f 5277//10387 5038//10387 5037//10387
f 5278//10388 5279//10388 5048//10388
f 5278//10389 5048//10389 5047//10389
f 5050//10390 5049//10390 5279//10390
f 5279//10391 5049//10391 5048//10391
f 5280//10392 5052//10392 5051//10392
f 5052//10393 5280//10393 5043//10393
f 5043//10394 5280//10394 4784//10394
f 5281//10395 5056//10395 4784//10395
f 5281//10396 4784//10396 5280//10396
f 5282//10397 5055//10397 5281//10397
f 5281//10398 5055//10398 5056//10398
f 5282//10399 5057//10399 5058//10399
f 5282//10400 5058//10400 5055//10400
f 5283//10401 5284//10401 5285//10401
f 5286//10402 5287//10402 5288//10402
f 5269//10403 5289//10403 5290//10403
f 5290//10404 5289//10404 5291//10404
f 4951//10405 5226//10405 4952//10405
f 4952//10406 5226//10406 5269//10406
f 5253//10407 5248//10407 5250//10407
f 5243//10408 5244//10408 5292//10408
f 5293//10409 5255//10409 5250//10409
f 5293//10410 5250//10410 5294//10410
f 5295//10411 5296//10411 5297//10411
f 5295//10412 5297//10412 5298//10412
f 5298//10413 5297//10413 5299//10413
f 5298//10414 5299//10414 5300//10414
f 5300//10415 5299//10415 5301//10415
f 5300//10416 5301//10416 5302//10416
f 5302//10417 5301//10417 5303//10417
f 5302//10418 5303//10418 5304//10418
f 5247//10419 5245//10419 5294//10419
f 5247//10420 5294//10420 5250//10420
f 5253//10421 5250//10421 5255//10421
f 5253//10422 5255//10422 5222//10422
f 5243//10423 5305//10423 5306//10423
f 5243//10424 5306//10424 5241//10424
f 5241//10425 5306//10425 5307//10425
f 5241//10426 5307//10426 5245//10426
f 5245//10427 5307//10427 5308//10427
f 5245//10428 5308//10428 5294//10428
f 5222//10429 5255//10429 4938//10429
f 5238//10430 5297//10430 5296//10430
f 5238//10431 5296//10431 5292//10431
f 5292//10432 5296//10432 5305//10432
f 5292//10433 5305//10433 5243//10433
f 5249//10434 5247//10434 5250//10434
f 5232//10435 5303//10435 5236//10435
f 5236//10436 5303//10436 5301//10436
f 5236//10437 5301//10437 5235//10437
f 5235//10438 5301//10438 5299//10438
f 5235//10439 5299//10439 5237//10439
f 5237//10440 5299//10440 5297//10440
f 5237//10441 5297//10441 5238//10441
f 5240//10442 5238//10442 5292//10442
f 5240//10443 5292//10443 5309//10443
f 5309//10444 5292//10444 5244//10444
f 5234//10445 5231//10445 5236//10445
f 5236//10446 5231//10446 5232//10446
f 5228//10447 5232//10447 5229//10447
f 5304//10448 5303//10448 5310//10448
f 5310//10449 5303//10449 5232//10449
f 5310//10450 5232//10450 5228//10450
f 5230//10451 5311//10451 5228//10451
f 5228//10452 5311//10452 5310//10452
f 5310//10453 5311//10453 5225//10453
f 5310//10454 5225//10454 5304//10454
f 5304//10455 5225//10455 5224//10455
f 5311//10456 5230//10456 5312//10456
f 5223//10457 5225//10457 5267//10457
f 5267//10458 5225//10458 5268//10458
f 5268//10459 5225//10459 5311//10459
f 5268//10460 5311//10460 5312//10460
f 5268//10461 5312//10461 5313//10461
f 5268//10462 5313//10462 5227//10462
f 5288//10463 5314//10463 5315//10463
f 5316//10464 5286//10464 5315//10464
f 5315//10465 5286//10465 5288//10465
f 5317//10466 5318//10466 5319//10466
f 5320//10467 5317//10467 5319//10467
f 5320//10468 5319//10468 5321//10468
f 5283//10469 5322//10469 5323//10469
f 5324//10470 5323//10470 5325//10470
f 5324//10471 5325//10471 5326//10471
f 5326//10472 5325//10472 5321//10472
f 5326//10473 5321//10473 5319//10473
f 5288//10474 5318//10474 5317//10474
f 5288//10475 5317//10475 5314//10475
f 5269//10476 5290//10476 5327//10476
f 5269//10477 5327//10477 4956//10477
f 5284//10478 5283//10478 5323//10478
f 5284//10479 5323//10479 5324//10479
f 5287//10480 5286//10480 5316//10480
f 5287//10481 5316//10481 5291//10481
f 5291//10482 5316//10482 5328//10482
f 5291//10483 5328//10483 5290//10483
f 5290//10484 5328//10484 5329//10484
f 5290//10485 5329//10485 5327//10485
f 5274//10486 5273//10486 5330//10486
f 5330//10487 5273//10487 5272//10487
f 5272//10488 5271//10488 5270//10488
f 5270//10489 5271//10489 4961//10489
f 5315//10490 5331//10490 5316//10490
f 5316//10491 5331//10491 5330//10491
f 5316//10492 5330//10492 5328//10492
f 5328//10493 5330//10493 5329//10493
f 5327//10494 4963//10494 4956//10494
f 5330//10495 5332//10495 5329//10495
f 5329//10496 5332//10496 5327//10496
f 5040//10497 5039//10497 5277//10497
f 5277//10498 5036//10498 5333//10498
f 5333//10499 5036//10499 5276//10499
f 5333//10500 5276//10500 5334//10500
f 5334//10501 5276//10501 5275//10501
f 5272//10502 4965//10502 5271//10502
f 5271//10503 4965//10503 4782//10503
f 5040//10504 5042//10504 5041//10504
f 5270//10505 5332//10505 5272//10505
f 5272//10506 5332//10506 5330//10506
f 5330//10507 5331//10507 5274//10507
f 5274//10508 5331//10508 5275//10508
f 5277//10509 5335//10509 5040//10509
f 5040//10510 5335//10510 5336//10510
f 5040//10511 5336//10511 5042//10511
f 5331//10512 5315//10512 5275//10512
f 5275//10513 5315//10513 5334//10513
f 5333//10514 5320//10514 5277//10514
f 5277//10515 5320//10515 5335//10515
f 5050//10516 5279//10516 5337//10516
f 4963//10517 5327//10517 5270//10517
f 5270//10518 5327//10518 5332//10518
f 5315//10519 5314//10519 5334//10519
f 5334//10520 5314//10520 5317//10520
f 5334//10521 5317//10521 5333//10521
f 5333//10522 5317//10522 5320//10522
f 5045//10523 5044//10523 5042//10523
f 5045//10524 5042//10524 5338//10524
f 5338//10525 5042//10525 5336//10525
f 5278//10526 5322//10526 5279//10526
f 5279//10527 5322//10527 5339//10527
f 5339//10528 5322//10528 5283//10528
f 5339//10529 5283//10529 5285//10529
f 5340//10530 5282//10530 5341//10530
f 5341//10531 5282//10531 5281//10531
f 5341//10532 5281//10532 5337//10532
f 5337//10533 5281//10533 5280//10533
f 5337//10534 5280//10534 5051//10534
f 5337//10535 5051//10535 5050//10535
f 5337//10536 5279//10536 5339//10536
f 5337//10537 5339//10537 5341//10537
f 5341//10538 5339//10538 5285//10538
f 5341//10539 5285//10539 5340//10539
f 5047//10540 5046//10540 5278//10540
f 5278//10541 5046//10541 5045//10541
f 5278//10542 5045//10542 5338//10542
f 5278//10543 5338//10543 5322//10543
f 5322//10544 5338//10544 5323//10544
f 5323//10545 5338//10545 5336//10545
f 5323//10546 5336//10546 5325//10546
f 5325//10547 5336//10547 5335//10547
f 5325//10548 5335//10548 5321//10548
f 5321//10549 5335//10549 5320//10549
f 5256//10550 5005//10550 5342//10550
f 5256//10551 5342//10551 5257//10551
f 5257//10552 5342//10552 5343//10552
f 5257//10553 5343//10553 5258//10553
f 5258//10554 5343//10554 5344//10554
f 5258//10555 5344//10555 5259//10555
f 5259//10556 5344//10556 5345//10556
f 5259//10557 5345//10557 5260//10557
f 5260//10558 5345//10558 5346//10558
f 5260//10559 5346//10559 5261//10559
f 5261//10560 5346//10560 5347//10560
f 5261//10561 5347//10561 5262//10561
f 5262//10562 5347//10562 5348//10562
f 5262//10563 5348//10563 5263//10563
f 5009//10564 5263//10564 5349//10564
f 5009//10565 5349//10565 5027//10565
f 5264//10566 5027//10566 5350//10566
f 5264//10567 5350//10567 5265//10567
f 5265//10568 5350//10568 5351//10568
f 5265//10569 5351//10569 5266//10569
f 5019//10570 5266//10570 5352//10570
f 5019//10571 5352//10571 4775//10571
f 4947//10572 4775//10572 5352//10572
f 5300//10573 5350//10573 5027//10573
f 5300//10574 5027//10574 5349//10574
f 5295//10575 5349//10575 5263//10575
f 5295//10576 5263//10576 5348//10576
f 5353//10577 5342//10577 5005//10577
f 5353//10578 5005//10578 4941//10578
f 4941//10579 5005//10579 4769//10579
f 5223//10580 4947//10580 5352//10580
f 5223//10581 5352//10581 5224//10581
f 5224//10582 5352//10582 5266//10582
f 5224//10583 5266//10583 5351//10583
f 4948//10584 4947//10584 5223//10584
f 5304//10585 5224//10585 5351//10585
f 5304//10586 5351//10586 5302//10586
f 5302//10587 5351//10587 5350//10587
f 5302//10588 5350//10588 5300//10588
f 5298//10589 5300//10589 5349//10589
f 5298//10590 5349//10590 5295//10590
f 5354//10591 5295//10591 5348//10591
f 5354//10592 5348//10592 5355//10592
f 5355//10593 5348//10593 5347//10593
f 5355//10594 5347//10594 5306//10594
f 5306//10595 5347//10595 5346//10595
f 5306//10596 5346//10596 5307//10596
f 5307//10597 5346//10597 5345//10597
f 5307//10598 5345//10598 5308//10598
f 5308//10599 5345//10599 5344//10599
f 5308//10600 5344//10600 5294//10600
f 5294//10601 5344//10601 5343//10601
f 5294//10602 5343//10602 5293//10602
f 5293//10603 5343//10603 5342//10603
f 5293//10604 5342//10604 5353//10604
f 4941//10605 4940//10605 5353//10605
f 5296//10606 5295//10606 5354//10606
f 5296//10607 5354//10607 5305//10607
f 5305//10608 5354//10608 5355//10608
f 5305//10609 5355//10609 5306//10609
f 5255//10610 5293//10610 5353//10610
f 5255//10611 5353//10611 4940//10611
f 5356//10612 5059//10612 5357//10612
f 5357//10613 5059//10613 5057//10613
f 5357//10614 5282//10614 5358//10614
f 5358//10615 5282//10615 5359//10615
f 5359//10616 5282//10616 5340//10616
f 5359//10617 5340//10617 5360//10617
f 5057//10618 5282//10618 5357//10618
f 5360//10619 5340//10619 5285//10619
f 5360//10620 5285//10620 5361//10620
f 5361//10621 5285//10621 5362//10621
f 5362//10622 5285//10622 5284//10622
f 5362//10623 5284//10623 5363//10623
f 5363//10624 5284//10624 5324//10624
f 5363//10625 5324//10625 5364//10625
f 5364//10626 5324//10626 5365//10626
f 5365//10627 5324//10627 5326//10627
f 5366//10628 5367//10628 5287//10628
f 5287//10629 5367//10629 5288//10629
f 5288//10630 5367//10630 5368//10630
f 5288//10631 5368//10631 5318//10631
f 5318//10632 5368//10632 5369//10632
f 5318//10633 5369//10633 5370//10633
f 5318//10634 5370//10634 5319//10634
f 5319//10635 5370//10635 5371//10635
f 5319//10636 5371//10636 5326//10636
f 5326//10637 5371//10637 5365//10637
f 5366//10638 5287//10638 5372//10638
f 5372//10639 5287//10639 5373//10639
f 5373//10640 5287//10640 5374//10640
f 5374//10641 5287//10641 5291//10641
f 5374//10642 5291//10642 5375//10642
f 5375//10643 5291//10643 5289//10643
f 4886//10644 4885//10644 5376//10644
f 5376//10645 5059//10645 5356//10645
f 5376//10646 4885//10646 5059//10646
f 4885//10647 5053//10647 5059//10647
f 4886//10648 5376//10648 5356//10648
f 4611//10649 5053//10649 4885//10649
f 5356//10650 5066//10650 4886//10650
f 4886//10651 5066//10651 4888//10651
f 4892//10652 5060//10652 4891//10652
f 4892//10653 5061//10653 5060//10653
f 5062//10654 4894//10654 5060//10654
f 5064//10655 5063//10655 4899//10655
f 5064//10656 4903//10656 5065//10656
f 5067//10657 5066//10657 5377//10657
f 5377//10658 5378//10658 5067//10658
f 5067//10659 5378//10659 5069//10659
f 5069//10660 5378//10660 5379//10660
f 5094//10661 5071//10661 5380//10661
f 5069//10662 5379//10662 5071//10662
f 5071//10663 5379//10663 5380//10663
f 5380//10664 5381//10664 5094//10664
f 5094//10665 5381//10665 5092//10665
f 5092//10666 5381//10666 5382//10666
f 5383//10667 5086//10667 5384//10667
f 5384//10668 5086//10668 5087//10668
f 5384//10669 5087//10669 5385//10669
f 5385//10670 5087//10670 5089//10670
f 5385//10671 5089//10671 5090//10671
f 5385//10672 5090//10672 5382//10672
f 5382//10673 5090//10673 5092//10673
f 5086//10674 5383//10674 5084//10674
f 5084//10675 5383//10675 5386//10675
f 5084//10676 5386//10676 5082//10676
f 5080//10677 5082//10677 5387//10677
f 5082//10678 5386//10678 5388//10678
f 5082//10679 5388//10679 5387//10679
f 5387//10680 5389//10680 5080//10680
f 5080//10681 5389//10681 5390//10681
f 5080//10682 5390//10682 5073//10682
f 5073//10683 5390//10683 5391//10683
f 5073//10684 5391//10684 5074//10684
f 5074//10685 5391//10685 5095//10685
f 5095//10686 5391//10686 5392//10686
f 5095//10687 5392//10687 5219//10687
f 5219//10688 5392//10688 5079//10688
f 5079//10689 5392//10689 5393//10689
f 5079//10690 5393//10690 5078//10690
f 5078//10691 5393//10691 5076//10691
f 5076//10692 5393//10692 5394//10692
f 5076//10693 5394//10693 5131//10693
f 5394//10694 5395//10694 5131//10694
f 5131//10695 5395//10695 5132//10695
f 5132//10696 5395//10696 5396//10696
f 5132//10697 5396//10697 5150//10697
f 5150//10698 5396//10698 5129//10698
f 5129//10699 5396//10699 5397//10699
f 5129//10700 5397//10700 5398//10700
f 5399//10701 5127//10701 5398//10701
f 5398//10702 5127//10702 5130//10702
f 5398//10703 5130//10703 5129//10703
f 5127//10704 5399//10704 5097//10704
f 5097//10705 5399//10705 5400//10705
f 5400//10706 5125//10706 5124//10706
f 5400//10707 5124//10707 5097//10707
f 5191//10708 5125//10708 5401//10708
f 5401//10709 5125//10709 5400//10709
f 5401//10710 5402//10710 5191//10710
f 5191//10711 5402//10711 5403//10711
f 5123//10712 5122//10712 5403//10712
f 5403//10713 5122//10713 5191//10713
f 5403//10714 5404//10714 5123//10714
f 5123//10715 5404//10715 5405//10715
f 5123//10716 5405//10716 5119//10716
f 5119//10717 5405//10717 5406//10717
f 5119//10718 5406//10718 5120//10718
f 5120//10719 5406//10719 5407//10719
f 5120//10720 5407//10720 5121//10720
f 5407//10721 5408//10721 5121//10721
f 5121//10722 5408//10722 5116//10722
f 5116//10723 5408//10723 5409//10723
f 5116//10724 5409//10724 5114//10724
f 5114//10725 5409//10725 5410//10725
f 5114//10726 5410//10726 5112//10726
f 5112//10727 5410//10727 5411//10727
f 5112//10728 5411//10728 5109//10728
f 5109//10729 5411//10729 5111//10729
f 5111//10730 5411//10730 5412//10730
f 5111//10731 5412//10731 5104//10731
f 5104//10732 5412//10732 5413//10732
f 5221//10733 5414//10733 5415//10733
f 5414//10734 5221//10734 5220//10734
f 5104//10735 5413//10735 5105//10735
f 5105//10736 5413//10736 5416//10736
f 5414//10737 5220//10737 5107//10737
f 5414//10738 5107//10738 5416//10738
f 5416//10739 5107//10739 5105//10739
f 5249//10740 5248//10740 5417//10740
f 5417//10741 5248//10741 5418//10741
f 5418//10742 5248//10742 5254//10742
f 5418//10743 5254//10743 5415//10743
f 5415//10744 5254//10744 5252//10744
f 5415//10745 5252//10745 5221//10745
f 5417//10746 5419//10746 5249//10746
f 5249//10747 5419//10747 5251//10747
f 5251//10748 5419//10748 5420//10748
f 5251//10749 5420//10749 5246//10749
f 5246//10750 5420//10750 5421//10750
f 5246//10751 5421//10751 5422//10751
f 5246//10752 5422//10752 5242//10752
f 5242//10753 5422//10753 5423//10753
f 5424//10754 5244//10754 5423//10754
f 5423//10755 5244//10755 5242//10755
f 5244//10756 5424//10756 5309//10756
f 5309//10757 5424//10757 5425//10757
f 5239//10758 5240//10758 5426//10758
f 5426//10759 5240//10759 5425//10759
f 5425//10760 5240//10760 5309//10760
f 5233//10761 5237//10761 5427//10761
f 5426//10762 5427//10762 5239//10762
f 5239//10763 5427//10763 5237//10763
f 5427//10764 5428//10764 5233//10764
f 5233//10765 5428//10765 5429//10765
f 5233//10766 5429//10766 5234//10766
f 5234//10767 5429//10767 5430//10767
f 5234//10768 5430//10768 5431//10768
f 5234//10769 5431//10769 5231//10769
f 5231//10770 5431//10770 5229//10770
f 5431//10771 5432//10771 5229//10771
f 5229//10772 5432//10772 5433//10772
f 5229//10773 5433//10773 5230//10773
f 5230//10774 5433//10774 5434//10774
f 5313//10775 5312//10775 5434//10775
f 5434//10776 5312//10776 5230//10776
f 5434//10777 5435//10777 5313//10777
f 5313//10778 5435//10778 5227//10778
f 5436//10779 5269//10779 5437//10779
f 5437//10780 5269//10780 5226//10780
f 5435//10781 5438//10781 5227//10781
f 5227//10782 5438//10782 5226//10782
f 5226//10783 5438//10783 5437//10783
f 5439//10784 5289//10784 5440//10784
f 5440//10785 5289//10785 5269//10785
f 5440//10786 5269//10786 5436//10786
f 5289//10787 5439//10787 5441//10787
f 5289//10788 5441//10788 5375//10788
f 5441//10789 5442//10789 5375//10789
f 5375//10790 5442//10790 5374//10790
f 5374//10791 5442//10791 5443//10791
f 5374//10792 5443//10792 5373//10792
f 5373//10793 5443//10793 5372//10793
f 5443//10794 5444//10794 5372//10794
f 5372//10795 5444//10795 5366//10795
f 5366//10796 5444//10796 5367//10796
f 5367//10797 5444//10797 5445//10797
f 5367//10798 5445//10798 5368//10798
f 5445//10799 5446//10799 5368//10799
f 5368//10800 5446//10800 5369//10800
f 5369//10801 5446//10801 5447//10801
f 5369//10802 5447//10802 5370//10802
f 5447//10803 5448//10803 5370//10803
f 5370//10804 5448//10804 5449//10804
f 5370//10805 5449//10805 5371//10805
f 5449//10806 5450//10806 5371//10806
f 5371//10807 5450//10807 5365//10807
f 5365//10808 5450//10808 5451//10808
f 5365//10809 5451//10809 5364//10809
f 5451//10810 5452//10810 5364//10810
f 5364//10811 5452//10811 5363//10811
f 5360//10812 5361//10812 5453//10812
f 5452//10813 5454//10813 5363//10813
f 5363//10814 5454//10814 5362//10814
f 5362//10815 5454//10815 5455//10815
f 5362//10816 5455//10816 5361//10816
f 5361//10817 5455//10817 5453//10817
f 5453//10818 5456//10818 5360//10818
f 5360//10819 5456//10819 5359//10819
f 5359//10820 5456//10820 5358//10820
f 5456//10821 5457//10821 5358//10821
f 5358//10822 5457//10822 5357//10822
f 5377//10823 5066//10823 5356//10823
f 5377//10824 5356//10824 5458//10824
f 5458//10825 5356//10825 5357//10825
f 5458//10826 5357//10826 5457//10826
f 5451//10827 5459//10827 5460//10827
f 5461//10828 5462//10828 5463//10828
f 5460//10829 5459//10829 5464//10829
f 5464//10830 5459//10830 5465//10830
f 5466//10831 5467//10831 5468//10831
f 5453//10832 5466//10832 5468//10832
f 5453//10833 5468//10833 5469//10833
f 5468//10834 5470//10834 5469//10834
f 5471//10835 5472//10835 5473//10835
f 5470//10836 5471//10836 5469//10836
f 5471//10837 5473//10837 5474//10837
f 5474//10838 5475//10838 5471//10838
f 5471//10839 5475//10839 5469//10839
f 5476//10840 5477//10840 5478//10840
f 5479//10841 5480//10841 5481//10841
f 5480//10842 5482//10842 5481//10842
f 5481//10843 5482//10843 5483//10843
f 5484//10844 5483//10844 5477//10844
f 5477//10845 5483//10845 5482//10845
f 5477//10846 5482//10846 5478//10846
f 5479//10847 5485//10847 5486//10847
f 5486//10848 5485//10848 5487//10848
f 5488//10849 5486//10849 5487//10849
f 5479//10850 5481//10850 5485//10850
f 5489//10851 5461//10851 5463//10851
f 5378//10852 5490//10852 5491//10852
f 5378//10853 5491//10853 5379//10853
f 5379//10854 5491//10854 5480//10854
f 5492//10855 5381//10855 5380//10855
f 5486//10856 5492//10856 5380//10856
f 5480//10857 5380//10857 5379//10857
f 5385//10858 5382//10858 5493//10858
f 5382//10859 5381//10859 5494//10859
f 5494//10860 5381//10860 5492//10860
f 5494//10861 5492//10861 5486//10861
f 5494//10862 5486//10862 5488//10862
f 5493//10863 5382//10863 5494//10863
f 5493//10864 5494//10864 5463//10864
f 5463//10865 5494//10865 5488//10865
f 5463//10866 5462//10866 5493//10866
f 5493//10867 5462//10867 5385//10867
f 5452//10868 5451//10868 5495//10868
f 5496//10869 5454//10869 5452//10869
f 5497//10870 5454//10870 5496//10870
f 5457//10871 5475//10871 5498//10871
f 5475//10872 5457//10872 5456//10872
f 5475//10873 5456//10873 5499//10873
f 5454//10874 5497//10874 5455//10874
f 5455//10875 5497//10875 5453//10875
f 5490//10876 5378//10876 5377//10876
f 5377//10877 5458//10877 5498//10877
f 5498//10878 5458//10878 5457//10878
f 5452//10879 5495//10879 5496//10879
f 5500//10880 5460//10880 5464//10880
f 5500//10881 5464//10881 5501//10881
f 5466//10882 5500//10882 5501//10882
f 5466//10883 5501//10883 5467//10883
f 5500//10884 5466//10884 5496//10884
f 5500//10885 5496//10885 5460//10885
f 5460//10886 5496//10886 5495//10886
f 5460//10887 5495//10887 5451//10887
f 5479//10888 5486//10888 5380//10888
f 5479//10889 5380//10889 5480//10889
f 5469//10890 5475//10890 5499//10890
f 5469//10891 5499//10891 5453//10891
f 5466//10892 5453//10892 5497//10892
f 5466//10893 5497//10893 5496//10893
f 5473//10894 5476//10894 5474//10894
f 5482//10895 5480//10895 5491//10895
f 5482//10896 5491//10896 5478//10896
f 5478//10897 5491//10897 5490//10897
f 5478//10898 5490//10898 5377//10898
f 5474//10899 5377//10899 5498//10899
f 5474//10900 5498//10900 5475//10900
f 5453//10901 5499//10901 5456//10901
f 5502//10902 5489//10902 5487//10902
f 5487//10903 5489//10903 5463//10903
f 5487//10904 5463//10904 5488//10904
f 5476//10905 5478//10905 5377//10905
f 5476//10906 5377//10906 5474//10906
f 5503//10907 5504//10907 5505//10907
f 5506//10908 5507//10908 5508//10908
f 5509//10909 5510//10909 5511//10909
f 5512//10910 5060//10910 5061//10910
f 5062//10911 5060//10911 5512//10911
f 5436//10912 5063//10912 5064//10912
f 5513//10913 5451//10913 5514//10913
f 5515//10914 5516//10914 5446//10914
f 5446//10915 5516//10915 5517//10915
f 5517//10916 5513//10916 5518//10916
f 5518//10917 5513//10917 5514//10917
f 5514//10918 5450//10918 5518//10918
f 5518//10919 5450//10919 5449//10919
f 5446//10920 5445//10920 5519//10920
f 5519//10921 5445//10921 5444//10921
f 5519//10922 5444//10922 5520//10922
f 5520//10923 5444//10923 5443//10923
f 5521//10924 5522//10924 5523//10924
f 5523//10925 5522//10925 5524//10925
f 5438//10926 5063//10926 5436//10926
f 5439//10927 5436//10927 5524//10927
f 5439//10928 5524//10928 5522//10928
f 5522//10929 5521//10929 5441//10929
f 5440//10930 5436//10930 5439//10930
f 5522//10931 5441//10931 5439//10931
f 5525//10932 5434//10932 5433//10932
f 5526//10933 5434//10933 5525//10933
f 5526//10934 5435//10934 5434//10934
f 5436//10935 5437//10935 5438//10935
f 5443//10936 5442//10936 5521//10936
f 5521//10937 5442//10937 5441//10937
f 5524//10938 5436//10938 5527//10938
f 5527//10939 5436//10939 5064//10939
f 5528//10940 5432//10940 5529//10940
f 5529//10941 5432//10941 5431//10941
f 5529//10942 5431//10942 5530//10942
f 5428//10943 5427//10943 5531//10943
f 5531//10944 5427//10944 5532//10944
f 5532//10945 5427//10945 5426//10945
f 5530//10946 5431//10946 5430//10946
f 5530//10947 5430//10947 5533//10947
f 5533//10948 5430//10948 5429//10948
f 5428//10949 5533//10949 5429//10949
f 5423//10950 5534//10950 5424//10950
f 5421//10951 5535//10951 5536//10951
f 5534//10952 5423//10952 5422//10952
f 5534//10953 5422//10953 5536//10953
f 5536//10954 5422//10954 5421//10954
f 5419//10955 5537//10955 5420//10955
f 5415//10956 5538//10956 5418//10956
f 5418//10957 5538//10957 5539//10957
f 5537//10958 5419//10958 5417//10958
f 5537//10959 5417//10959 5539//10959
f 5539//10960 5417//10960 5418//10960
f 5535//10961 5421//10961 5420//10961
f 5426//10962 5425//10962 5532//10962
f 5532//10963 5425//10963 5540//10963
f 5540//10964 5425//10964 5424//10964
f 5525//10965 5433//10965 5432//10965
f 5525//10966 5432//10966 5528//10966
f 5541//10967 5542//10967 5543//10967
f 5541//10968 5543//10968 5544//10968
f 5538//10969 5545//10969 5546//10969
f 5538//10970 5546//10970 5547//10970
f 5537//10971 5547//10971 5548//10971
f 5537//10972 5548//10972 5420//10972
f 5420//10973 5548//10973 5549//10973
f 5420//10974 5549//10974 5550//10974
f 5551//10975 5527//10975 5065//10975
f 5551//10976 5065//10976 5552//10976
f 5553//10977 5552//10977 5526//10977
f 5553//10978 5526//10978 5554//10978
f 5554//10979 5526//10979 5525//10979
f 5554//10980 5525//10980 5555//10980
f 5555//10981 5525//10981 5528//10981
f 5555//10982 5528//10982 5556//10982
f 5556//10983 5528//10983 5529//10983
f 5556//10984 5529//10984 5557//10984
f 5558//10985 5557//10985 5533//10985
f 5558//10986 5533//10986 5559//10986
f 5560//10987 5561//10987 5532//10987
f 5560//10988 5532//10988 5562//10988
f 5563//10989 5545//10989 5564//10989
f 5563//10990 5564//10990 5565//10990
f 5566//10991 5567//10991 5568//10991
f 5566//10992 5568//10992 5544//10992
f 5542//10993 5541//10993 5569//10993
f 5542//10994 5569//10994 5570//10994
f 5571//10995 5541//10995 5544//10995
f 5571//10996 5544//10996 5568//10996
f 5527//10997 5064//10997 5065//10997
f 5561//10998 5559//10998 5531//10998
f 5561//10999 5531//10999 5532//10999
f 5572//11000 5573//11000 5536//11000
f 5572//11001 5536//11001 5550//11001
f 5550//11002 5536//11002 5535//11002
f 5550//11003 5535//11003 5420//11003
f 5567//11004 5565//11004 5574//11004
f 5567//11005 5574//11005 5568//11005
f 5509//11006 5575//11006 5576//11006
f 5509//11007 5576//11007 5510//11007
f 5577//11008 5578//11008 5579//11008
f 5577//11009 5579//11009 5401//11009
f 5401//11010 5579//11010 5580//11010
f 5401//11011 5580//11011 5581//11011
f 5404//11012 5582//11012 5583//11012
f 5404//11013 5583//11013 5584//11013
f 5585//11014 5586//11014 5587//11014
f 5587//11015 5588//11015 5589//11015
f 5587//11016 5586//11016 5590//11016
f 5587//11017 5590//11017 5588//11017
f 5591//11018 5581//11018 5582//11018
f 5591//11019 5582//11019 5404//11019
f 5592//11020 5404//11020 5584//11020
f 5592//11021 5584//11021 5593//11021
f 5594//11022 5575//11022 5509//11022
f 5595//11023 5510//11023 5578//11023
f 5595//11024 5578//11024 5577//11024
f 5065//11025 5063//11025 5438//11025
f 5065//11026 5438//11026 5552//11026
f 5552//11027 5438//11027 5435//11027
f 5552//11028 5435//11028 5526//11028
f 5557//11029 5529//11029 5530//11029
f 5557//11030 5530//11030 5533//11030
f 5559//11031 5533//11031 5428//11031
f 5559//11032 5428//11032 5531//11032
f 5562//11033 5532//11033 5540//11033
f 5562//11034 5540//11034 5596//11034
f 5596//11035 5540//11035 5424//11035
f 5596//11036 5424//11036 5573//11036
f 5573//11037 5424//11037 5534//11037
f 5573//11038 5534//11038 5536//11038
f 5547//11039 5537//11039 5539//11039
f 5547//11040 5539//11040 5538//11040
f 5545//11041 5538//11041 5414//11041
f 5545//11042 5414//11042 5564//11042
f 5565//11043 5564//11043 5413//11043
f 5565//11044 5413//11044 5574//11044
f 5564//11045 5414//11045 5416//11045
f 5412//11046 5574//11046 5413//11046
f 5564//11047 5416//11047 5413//11047
f 5568//11048 5411//11048 5571//11048
f 5409//11049 5569//11049 5410//11049
f 5410//11050 5569//11050 5541//11050
f 5571//11051 5411//11051 5410//11051
f 5571//11052 5410//11052 5541//11052
f 5574//11053 5412//11053 5568//11053
f 5568//11054 5412//11054 5411//11054
f 5593//11055 5408//11055 5592//11055
f 5592//11056 5408//11056 5407//11056
f 5592//11057 5407//11057 5406//11057
f 5403//11058 5591//11058 5404//11058
f 5406//11059 5405//11059 5592//11059
f 5592//11060 5405//11060 5404//11060
f 5595//11061 5577//11061 5400//11061
f 5401//11062 5400//11062 5577//11062
f 5403//11063 5402//11063 5597//11063
f 5597//11064 5402//11064 5401//11064
f 5591//11065 5403//11065 5597//11065
f 5569//11066 5409//11066 5408//11066
f 5569//11067 5408//11067 5593//11067
f 5511//11068 5510//11068 5595//11068
f 5597//11069 5401//11069 5581//11069
f 5597//11070 5581//11070 5591//11070
f 5586//11071 5598//11071 5599//11071
f 5600//11072 5601//11072 5062//11072
f 5062//11073 5601//11073 5061//11073
f 5061//11074 5601//11074 5396//11074
f 5602//11075 5603//11075 5604//11075
f 5605//11076 5603//11076 5606//11076
f 5397//11077 5396//11077 5594//11077
f 5594//11078 5509//11078 5398//11078
f 5594//11079 5398//11079 5397//11079
f 5061//11080 5395//11080 5512//11080
f 5512//11081 5395//11081 5394//11081
f 5512//11082 5394//11082 5393//11082
f 5396//11083 5395//11083 5061//11083
f 5590//11084 5392//11084 5391//11084
f 5607//11085 5589//11085 5390//11085
f 5607//11086 5390//11086 5389//11086
f 5590//11087 5391//11087 5608//11087
f 5589//11088 5608//11088 5390//11088
f 5390//11089 5608//11089 5391//11089
f 5606//11090 5386//11090 5383//11090
f 5602//11091 5387//11091 5388//11091
f 5602//11092 5388//11092 5386//11092
f 5598//11093 5393//11093 5599//11093
f 5599//11094 5393//11094 5392//11094
f 5590//11095 5586//11095 5599//11095
f 5590//11096 5599//11096 5392//11096
f 5511//11097 5399//11097 5509//11097
f 5509//11098 5399//11098 5398//11098
f 5400//11099 5399//11099 5595//11099
f 5595//11100 5399//11100 5511//11100
f 5385//11101 5462//11101 5609//11101
f 5610//11102 5611//11102 5612//11102
f 5613//11103 5614//11103 5615//11103
f 5614//11104 5616//11104 5615//11104
f 5615//11105 5616//11105 5617//11105
f 5617//11106 5616//11106 5618//11106
f 5617//11107 5618//11107 5619//11107
f 5620//11108 5621//11108 5622//11108
f 5623//11109 5622//11109 5624//11109
f 5625//11110 5624//11110 5626//11110
f 5625//11111 5626//11111 5627//11111
f 5612//11112 5543//11112 5610//11112
f 5610//11113 5543//11113 5570//11113
f 5610//11114 5570//11114 5621//11114
f 5621//11115 5570//11115 5583//11115
f 5621//11116 5583//11116 5622//11116
f 5622//11117 5583//11117 5624//11117
f 5583//11118 5628//11118 5624//11118
f 5624//11119 5628//11119 5626//11119
f 5626//11120 5629//11120 5627//11120
f 5627//11121 5629//11121 5630//11121
f 5614//11122 5613//11122 5563//11122
f 5566//11123 5616//11123 5567//11123
f 5567//11124 5616//11124 5614//11124
f 5567//11125 5614//11125 5565//11125
f 5565//11126 5614//11126 5563//11126
f 5543//11127 5542//11127 5570//11127
f 5570//11128 5584//11128 5583//11128
f 5628//11129 5579//11129 5626//11129
f 5626//11130 5579//11130 5631//11130
f 5583//11131 5582//11131 5628//11131
f 5579//11132 5628//11132 5580//11132
f 5578//11133 5631//11133 5579//11133
f 5632//11134 5633//11134 5629//11134
f 5634//11135 5635//11135 5636//11135
f 5637//11136 5636//11136 5638//11136
f 5626//11137 5631//11137 5629//11137
f 5629//11138 5631//11138 5632//11138
f 5632//11139 5637//11139 5639//11139
f 5634//11140 5640//11140 5641//11140
f 5642//11141 5643//11141 5644//11141
f 5644//11142 5643//11142 5640//11142
f 5645//11143 5646//11143 5644//11143
f 5461//11144 5647//11144 5648//11144
f 5648//11145 5645//11145 5461//11145
f 5636//11146 5637//11146 5585//11146
f 5578//11147 5510//11147 5631//11147
f 5631//11148 5510//11148 5576//11148
f 5631//11149 5576//11149 5575//11149
f 5585//11150 5600//11150 5649//11150
f 5585//11151 5649//11151 5512//11151
f 5607//11152 5650//11152 5589//11152
f 5608//11153 5589//11153 5588//11153
f 5608//11154 5588//11154 5590//11154
f 5598//11155 5586//11155 5585//11155
f 5598//11156 5585//11156 5512//11156
f 5062//11157 5512//11157 5649//11157
f 5062//11158 5649//11158 5600//11158
f 5601//11159 5600//11159 5575//11159
f 5634//11160 5636//11160 5585//11160
f 5640//11161 5634//11161 5589//11161
f 5645//11162 5644//11162 5605//11162
f 5605//11163 5644//11163 5604//11163
f 5605//11164 5604//11164 5603//11164
f 5644//11165 5640//11165 5604//11165
f 5604//11166 5640//11166 5589//11166
f 5607//11167 5602//11167 5604//11167
f 5607//11168 5604//11168 5650//11168
f 5650//11169 5604//11169 5589//11169
f 5587//11170 5589//11170 5634//11170
f 5587//11171 5634//11171 5585//11171
f 5600//11172 5585//11172 5637//11172
f 5600//11173 5637//11173 5575//11173
f 5566//11174 5544//11174 5616//11174
f 5616//11175 5544//11175 5543//11175
f 5631//11176 5575//11176 5632//11176
f 5632//11177 5575//11177 5637//11177
f 5459//11178 5651//11178 5652//11178
f 5506//11179 5653//11179 5654//11179
f 5655//11180 5653//11180 5656//11180
f 5655//11181 5656//11181 5657//11181
f 5657//11182 5656//11182 5658//11182
f 5657//11183 5658//11183 5659//11183
f 5660//11184 5657//11184 5659//11184
f 5651//11185 5661//11185 5662//11185
f 5658//11186 5663//11186 5664//11186
f 5665//11187 5666//11187 5667//11187
f 5665//11188 5668//11188 5669//11188
f 5670//11189 5671//11189 5672//11189
f 5673//11190 5670//11190 5674//11190
f 5673//11191 5674//11191 5675//11191
f 5504//11192 5676//11192 5675//11192
f 5504//11193 5675//11193 5674//11193
f 5677//11194 5667//11194 5663//11194
f 5663//11195 5667//11195 5664//11195
f 5678//11196 5672//11196 5668//11196
f 5665//11197 5667//11197 5677//11197
f 5665//11198 5677//11198 5668//11198
f 5668//11199 5677//11199 5560//11199
f 5668//11200 5560//11200 5678//11200
f 5679//11201 5668//11201 5672//11201
f 5670//11202 5672//11202 5678//11202
f 5670//11203 5678//11203 5680//11203
f 5681//11204 5674//11204 5549//11204
f 5615//11205 5682//11205 5505//11205
f 5615//11206 5505//11206 5613//11206
f 5613//11207 5505//11207 5504//11207
f 5613//11208 5504//11208 5681//11208
f 5681//11209 5504//11209 5674//11209
f 5674//11210 5670//11210 5549//11210
f 5549//11211 5670//11211 5680//11211
f 5651//11212 5459//11212 5513//11212
f 5513//11213 5459//11213 5451//11213
f 5516//11214 5515//11214 5683//11214
f 5516//11215 5683//11215 5684//11215
f 5516//11216 5684//11216 5661//11216
f 5451//11217 5450//11217 5514//11217
f 5513//11218 5517//11218 5516//11218
f 5513//11219 5516//11219 5651//11219
f 5651//11220 5516//11220 5661//11220
f 5661//11221 5684//11221 5685//11221
f 5506//11222 5508//11222 5686//11222
f 5506//11223 5686//11223 5524//11223
f 5524//11224 5686//11224 5523//11224
f 5523//11225 5686//11225 5521//11225
f 5521//11226 5686//11226 5687//11226
f 5656//11227 5653//11227 5551//11227
f 5656//11228 5551//11228 5553//11228
f 5653//11229 5506//11229 5551//11229
f 5551//11230 5506//11230 5524//11230
f 5551//11231 5524//11231 5527//11231
f 5521//11232 5687//11232 5443//11232
f 5443//11233 5687//11233 5520//11233
f 5449//11234 5448//11234 5518//11234
f 5518//11235 5448//11235 5447//11235
f 5518//11236 5447//11236 5517//11236
f 5517//11237 5447//11237 5446//11237
f 5446//11238 5519//11238 5515//11238
f 5515//11239 5519//11239 5520//11239
f 5515//11240 5520//11240 5683//11240
f 5683//11241 5520//11241 5687//11241
f 5683//11242 5687//11242 5686//11242
f 5683//11243 5686//11243 5684//11243
f 5684//11244 5686//11244 5508//11244
f 5684//11245 5508//11245 5688//11245
f 5555//11246 5556//11246 5663//11246
f 5677//11247 5561//11247 5560//11247
f 5689//11248 5680//11248 5678//11248
f 5560//11249 5690//11249 5678//11249
f 5678//11250 5690//11250 5596//11250
f 5678//11251 5596//11251 5689//11251
f 5548//11252 5681//11252 5549//11252
f 5689//11253 5572//11253 5680//11253
f 5680//11254 5572//11254 5550//11254
f 5680//11255 5550//11255 5549//11255
f 5681//11256 5546//11256 5613//11256
f 5613//11257 5546//11257 5545//11257
f 5613//11258 5545//11258 5563//11258
f 5547//11259 5546//11259 5681//11259
f 5547//11260 5681//11260 5548//11260
f 5573//11261 5572//11261 5689//11261
f 5573//11262 5689//11262 5596//11262
f 5556//11263 5557//11263 5663//11263
f 5663//11264 5557//11264 5558//11264
f 5663//11265 5558//11265 5677//11265
f 5677//11266 5558//11266 5559//11266
f 5677//11267 5559//11267 5561//11267
f 5628//11268 5582//11268 5581//11268
f 5628//11269 5581//11269 5580//11269
f 5553//11270 5554//11270 5555//11270
f 5553//11271 5555//11271 5656//11271
f 5656//11272 5555//11272 5658//11272
f 5658//11273 5555//11273 5663//11273
f 5616//11274 5543//11274 5612//11274
f 5616//11275 5612//11275 5618//11275
f 5618//11276 5612//11276 5691//11276
f 5606//11277 5383//11277 5609//11277
f 5609//11278 5383//11278 5384//11278
f 5609//11279 5384//11279 5385//11279
f 5538//11280 5415//11280 5414//11280
f 5569//11281 5593//11281 5570//11281
f 5570//11282 5593//11282 5584//11282
f 5389//11283 5387//11283 5607//11283
f 5607//11284 5387//11284 5602//11284
f 5602//11285 5386//11285 5603//11285
f 5603//11286 5386//11286 5606//11286
f 5606//11287 5609//11287 5605//11287
f 5605//11288 5609//11288 5462//11288
f 5605//11289 5462//11289 5461//11289
f 5605//11290 5461//11290 5645//11290
f 5551//11291 5552//11291 5553//11291
f 5690//11292 5560//11292 5562//11292
f 5690//11293 5562//11293 5596//11293
f 5601//11294 5575//11294 5594//11294
f 5601//11295 5594//11295 5396//11295
f 5598//11296 5512//11296 5393//11296
f 5502//11297 5461//11297 5489//11297
f 5472//11298 5471//11298 5692//11298
f 5693//11299 5485//11299 5481//11299
f 5693//11300 5481//11300 5694//11300
f 5694//11301 5481//11301 5483//11301
f 5694//11302 5483//11302 5484//11302
f 5484//11303 5477//11303 5695//11303
f 5695//11304 5477//11304 5476//11304
f 5695//11305 5476//11305 5473//11305
f 5695//11306 5473//11306 5696//11306
f 5696//11307 5473//11307 5472//11307
f 5692//11308 5471//11308 5470//11308
f 5470//11309 5468//11309 5697//11309
f 5464//11310 5698//11310 5501//11310
f 5501//11311 5698//11311 5467//11311
f 5467//11312 5697//11312 5468//11312
f 5502//11313 5487//11313 5699//11313
f 5699//11314 5487//11314 5485//11314
f 5700//11315 5701//11315 5702//11315
f 5703//11316 5695//11316 5696//11316
f 5704//11317 5503//11317 5505//11317
f 5705//11318 5673//11318 5675//11318
f 5670//11319 5706//11319 5671//11319
f 5672//11320 5671//11320 5707//11320
f 5669//11321 5668//11321 5708//11321
f 5708//11322 5668//11322 5679//11322
f 5664//11323 5709//11323 5658//11323
f 5658//11324 5709//11324 5659//11324
f 5653//11325 5655//11325 5654//11325
f 5688//11326 5508//11326 5507//11326
f 5685//11327 5684//11327 5688//11327
f 5651//11328 5662//11328 5652//11328
f 5710//11329 5696//11329 5692//11329
f 5710//11330 5692//11330 5470//11330
f 5711//11331 5712//11331 5703//11331
f 5702//11332 5711//11332 5713//11332
f 5702//11333 5713//11333 5710//11333
f 5702//11334 5710//11334 5700//11334
f 5714//11335 5715//11335 5716//11335
f 5717//11336 5715//11336 5718//11336
f 5718//11337 5715//11337 5700//11337
f 5711//11338 5703//11338 5713//11338
f 5700//11339 5710//11339 5719//11339
f 5717//11340 5716//11340 5715//11340
f 5720//11341 5721//11341 5652//11341
f 5720//11342 5652//11342 5722//11342
f 5723//11343 5724//11343 5725//11343
f 5725//11344 5726//11344 5723//11344
f 5723//11345 5726//11345 5722//11345
f 5727//11346 5728//11346 5729//11346
f 5730//11347 5731//11347 5732//11347
f 5732//11348 5731//11348 5733//11348
f 5730//11349 5732//11349 5727//11349
f 5727//11350 5732//11350 5728//11350
f 5729//11351 5728//11351 5734//11351
f 5729//11352 5734//11352 5724//11352
f 5724//11353 5734//11353 5725//11353
f 5722//11354 5726//11354 5720//11354
f 5708//11355 5735//11355 5736//11355
f 5736//11356 5735//11356 5737//11356
f 5736//11357 5737//11357 5738//11357
f 5666//11358 5738//11358 5739//11358
f 5666//11359 5739//11359 5709//11359
f 5740//11360 5741//11360 5730//11360
f 5740//11361 5730//11361 5742//11361
f 5716//11362 5721//11362 5714//11362
f 5709//11363 5739//11363 5743//11363
f 5709//11364 5743//11364 5744//11364
f 5660//11365 5744//11365 5745//11365
f 5660//11366 5745//11366 5746//11366
f 5741//11367 5747//11367 5731//11367
f 5741//11368 5731//11368 5730//11368
f 5719//11369 5718//11369 5700//11369
f 5748//11370 5705//11370 5749//11370
f 5750//11371 5748//11371 5749//11371
f 5750//11372 5749//11372 5676//11372
f 5738//11373 5737//11373 5751//11373
f 5738//11374 5751//11374 5739//11374
f 5752//11375 5724//11375 5723//11375
f 5752//11376 5723//11376 5722//11376
f 5714//11377 5721//11377 5753//11377
f 5754//11378 5745//11378 5755//11378
f 5745//11379 5754//11379 5756//11379
f 5757//11380 5743//11380 5758//11380
f 5758//11381 5743//11381 5739//11381
f 5758//11382 5739//11382 5759//11382
f 5759//11383 5739//11383 5751//11383
f 5743//11384 5757//11384 5755//11384
f 5755//11385 5757//11385 5754//11385
f 5735//11386 5760//11386 5737//11386
f 5744//11387 5743//11387 5755//11387
f 5744//11388 5755//11388 5745//11388
f 5746//11389 5745//11389 5756//11389
f 5746//11390 5756//11390 5747//11390
f 5747//11391 5756//11391 5761//11391
f 5747//11392 5761//11392 5731//11392
f 5742//11393 5730//11393 5727//11393
f 5742//11394 5727//11394 5762//11394
f 5762//11395 5727//11395 5729//11395
f 5762//11396 5729//11396 5724//11396
f 5721//11397 5720//11397 5753//11397
f 5763//11398 5764//11398 5765//11398
f 5763//11399 5765//11399 5707//11399
f 5766//11400 5750//11400 5676//11400
f 5766//11401 5676//11401 5767//11401
f 5707//11402 5706//11402 5768//11402
f 5707//11403 5768//11403 5763//11403
f 5764//11404 5769//11404 5760//11404
f 5768//11405 5770//11405 5771//11405
f 5768//11406 5771//11406 5763//11406
f 5763//11407 5771//11407 5772//11407
f 5763//11408 5772//11408 5764//11408
f 5764//11409 5772//11409 5769//11409
f 5773//11410 5748//11410 5774//11410
f 5750//11411 5766//11411 5775//11411
f 5750//11412 5775//11412 5748//11412
f 5748//11413 5775//11413 5774//11413
f 5773//11414 5774//11414 5770//11414
f 5706//11415 5773//11415 5768//11415
f 5768//11416 5773//11416 5770//11416
f 5760//11417 5769//11417 5776//11417
f 5760//11418 5776//11418 5737//11418
f 5737//11419 5776//11419 5751//11419
f 5751//11420 5776//11420 5759//11420
f 5777//11421 5778//11421 5767//11421
f 5767//11422 5778//11422 5766//11422
f 5766//11423 5778//11423 5779//11423
f 5657//11424 5660//11424 5655//11424
f 5664//11425 5666//11425 5709//11425
f 5708//11426 5736//11426 5669//11426
f 5669//11427 5736//11427 5665//11427
f 5665//11428 5736//11428 5738//11428
f 5738//11429 5666//11429 5665//11429
f 5679//11430 5765//11430 5708//11430
f 5707//11431 5765//11431 5672//11431
f 5672//11432 5765//11432 5679//11432
f 5673//11433 5705//11433 5706//11433
f 5707//11434 5671//11434 5706//11434
f 5673//11435 5706//11435 5670//11435
f 5676//11436 5504//11436 5503//11436
f 5503//11437 5704//11437 5777//11437
f 5777//11438 5704//11438 5505//11438
f 5472//11439 5692//11439 5696//11439
f 5698//11440 5697//11440 5467//11440
f 5740//11441 5506//11441 5741//11441
f 5698//11442 5464//11442 5780//11442
f 5780//11443 5464//11443 5465//11443
f 5465//11444 5459//11444 5652//11444
f 5470//11445 5697//11445 5719//11445
f 5470//11446 5719//11446 5710//11446
f 5696//11447 5710//11447 5713//11447
f 5696//11448 5713//11448 5703//11448
f 5752//11449 5662//11449 5661//11449
f 5752//11450 5661//11450 5685//11450
f 5740//11451 5507//11451 5506//11451
f 5741//11452 5506//11452 5654//11452
f 5667//11453 5666//11453 5664//11453
f 5659//11454 5709//11454 5744//11454
f 5659//11455 5744//11455 5660//11455
f 5655//11456 5660//11456 5746//11456
f 5655//11457 5746//11457 5654//11457
f 5507//11458 5740//11458 5742//11458
f 5507//11459 5742//11459 5688//11459
f 5465//11460 5652//11460 5721//11460
f 5465//11461 5721//11461 5780//11461
f 5780//11462 5721//11462 5716//11462
f 5780//11463 5716//11463 5698//11463
f 5697//11464 5698//11464 5718//11464
f 5697//11465 5718//11465 5719//11465
f 5781//11466 5782//11466 5766//11466
f 5766//11467 5782//11467 5775//11467
f 5779//11468 5781//11468 5766//11468
f 5748//11469 5773//11469 5705//11469
f 5705//11470 5773//11470 5706//11470
f 5754//11471 5783//11471 5756//11471
f 5756//11472 5783//11472 5761//11472
f 5708//11473 5765//11473 5735//11473
f 5735//11474 5765//11474 5764//11474
f 5735//11475 5764//11475 5760//11475
f 5731//11476 5761//11476 5733//11476
f 5503//11477 5777//11477 5767//11477
f 5503//11478 5767//11478 5676//11478
f 5675//11479 5676//11479 5749//11479
f 5675//11480 5749//11480 5705//11480
f 5654//11481 5746//11481 5747//11481
f 5654//11482 5747//11482 5741//11482
f 5688//11483 5742//11483 5762//11483
f 5688//11484 5762//11484 5685//11484
f 5685//11485 5762//11485 5724//11485
f 5685//11486 5724//11486 5752//11486
f 5662//11487 5752//11487 5722//11487
f 5662//11488 5722//11488 5652//11488
f 5698//11489 5716//11489 5717//11489
f 5698//11490 5717//11490 5718//11490
f 5784//11491 5502//11491 5699//11491
f 5785//11492 5786//11492 5787//11492
f 5644//11493 5646//11493 5642//11493
f 5641//11494 5640//11494 5788//11494
f 5788//11495 5640//11495 5643//11495
f 5634//11496 5641//11496 5635//11496
f 5632//11497 5639//11497 5789//11497
f 5639//11498 5637//11498 5790//11498
f 5790//11499 5637//11499 5638//11499
f 5630//11500 5629//11500 5633//11500
f 5625//11501 5623//11501 5624//11501
f 5791//11502 5620//11502 5622//11502
f 5611//11503 5610//11503 5792//11503
f 5792//11504 5610//11504 5621//11504
f 5792//11505 5621//11505 5620//11505
f 5612//11506 5793//11506 5691//11506
f 5615//11507 5617//11507 5682//11507
f 5794//11508 5795//11508 5779//11508
f 5796//11509 5797//11509 5798//11509
f 5797//11510 5796//11510 5794//11510
f 5794//11511 5796//11511 5795//11511
f 5799//11512 5800//11512 5801//11512
f 5802//11513 5803//11513 5804//11513
f 5802//11514 5805//11514 5803//11514
f 5803//11515 5805//11515 5801//11515
f 5801//11516 5805//11516 5799//11516
f 5799//11517 5806//11517 5800//11517
f 5800//11518 5806//11518 5798//11518
f 5798//11519 5806//11519 5796//11519
f 5807//11520 5808//11520 5809//11520
f 5810//11521 5811//11521 5812//11521
f 5807//11522 5809//11522 5811//11522
f 5813//11523 5814//11523 5815//11523
f 5816//11524 5817//11524 5818//11524
f 5818//11525 5817//11525 5819//11525
f 5811//11526 5810//11526 5807//11526
f 5816//11527 5818//11527 5813//11527
f 5813//11528 5818//11528 5814//11528
f 5815//11529 5814//11529 5820//11529
f 5815//11530 5820//11530 5808//11530
f 5808//11531 5820//11531 5809//11531
f 5812//11532 5802//11532 5804//11532
f 5821//11533 5822//11533 5823//11533
f 5824//11534 5825//11534 5810//11534
f 5824//11535 5810//11535 5826//11535
f 5826//11536 5810//11536 5812//11536
f 5826//11537 5812//11537 5791//11537
f 5791//11538 5812//11538 5804//11538
f 5791//11539 5804//11539 5792//11539
f 5792//11540 5804//11540 5803//11540
f 5792//11541 5803//11541 5793//11541
f 5793//11542 5803//11542 5801//11542
f 5793//11543 5801//11543 5800//11543
f 5617//11544 5798//11544 5797//11544
f 5617//11545 5797//11545 5794//11545
f 5484//11546 5827//11546 5694//11546
f 5694//11547 5827//11547 5828//11547
f 5784//11548 5699//11548 5829//11548
f 5829//11549 5699//11549 5830//11549
f 5831//11550 5823//11550 5832//11550
f 5831//11551 5832//11551 5833//11551
f 5833//11552 5832//11552 5834//11552
f 5833//11553 5834//11553 5835//11553
f 5836//11554 5816//11554 5813//11554
f 5836//11555 5813//11555 5815//11555
f 5837//11556 5815//11556 5808//11556
f 5837//11557 5808//11557 5825//11557
f 5825//11558 5808//11558 5807//11558
f 5825//11559 5807//11559 5810//11559
f 5778//11560 5794//11560 5779//11560
f 5832//11561 5823//11561 5838//11561
f 5838//11562 5823//11562 5839//11562
f 5832//11563 5838//11563 5834//11563
f 5840//11564 5841//11564 5842//11564
f 5843//11565 5844//11565 5845//11565
f 5846//11566 5843//11566 5845//11566
f 5845//11567 5844//11567 5842//11567
f 5842//11568 5844//11568 5840//11568
f 5839//11569 5823//11569 5841//11569
f 5846//11570 5847//11570 5848//11570
f 5848//11571 5847//11571 5849//11571
f 5827//11572 5850//11572 5851//11572
f 5821//11573 5852//11573 5842//11573
f 5842//11574 5852//11574 5853//11574
f 5785//11575 5787//11575 5784//11575
f 5784//11576 5854//11576 5785//11576
f 5785//11577 5854//11577 5855//11577
f 5828//11578 5856//11578 5830//11578
f 5857//11579 5858//11579 5851//11579
f 5828//11580 5827//11580 5856//11580
f 5856//11581 5827//11581 5851//11581
f 5830//11582 5856//11582 5859//11582
f 5830//11583 5859//11583 5829//11583
f 5829//11584 5859//11584 5854//11584
f 5829//11585 5854//11585 5784//11585
f 5849//11586 5784//11586 5787//11586
f 5849//11587 5787//11587 5848//11587
f 5848//11588 5787//11588 5860//11588
f 5860//11589 5843//11589 5848//11589
f 5848//11590 5843//11590 5846//11590
f 5846//11591 5845//11591 5853//11591
f 5853//11592 5845//11592 5842//11592
f 5484//11593 5695//11593 5703//11593
f 5827//11594 5484//11594 5850//11594
f 5850//11595 5484//11595 5703//11595
f 5638//11596 5636//11596 5861//11596
f 5861//11597 5636//11597 5862//11597
f 5641//11598 5788//11598 5863//11598
f 5636//11599 5635//11599 5862//11599
f 5862//11600 5635//11600 5863//11600
f 5863//11601 5635//11601 5641//11601
f 5790//11602 5638//11602 5861//11602
f 5852//11603 5788//11603 5643//11603
f 5852//11604 5643//11604 5642//11604
f 5847//11605 5646//11605 5648//11605
f 5648//11606 5646//11606 5645//11606
f 5648//11607 5647//11607 5847//11607
f 5794//11608 5864//11608 5617//11608
f 5798//11609 5617//11609 5865//11609
f 5798//11610 5865//11610 5800//11610
f 5800//11611 5865//11611 5866//11611
f 5800//11612 5866//11612 5793//11612
f 5815//11613 5837//11613 5867//11613
f 5815//11614 5867//11614 5836//11614
f 5816//11615 5836//11615 5868//11615
f 5816//11616 5868//11616 5817//11616
f 5817//11617 5868//11617 5789//11617
f 5817//11618 5789//11618 5835//11618
f 5835//11619 5789//11619 5790//11619
f 5835//11620 5790//11620 5833//11620
f 5846//11621 5853//11621 5646//11621
f 5846//11622 5646//11622 5847//11622
f 5502//11623 5784//11623 5647//11623
f 5777//11624 5864//11624 5794//11624
f 5777//11625 5794//11625 5778//11625
f 5864//11626 5777//11626 5505//11626
f 5619//11627 5865//11627 5617//11627
f 5505//11628 5682//11628 5864//11628
f 5864//11629 5682//11629 5617//11629
f 5619//11630 5618//11630 5865//11630
f 5865//11631 5618//11631 5866//11631
f 5611//11632 5792//11632 5793//11632
f 5618//11633 5691//11633 5866//11633
f 5866//11634 5691//11634 5793//11634
f 5793//11635 5612//11635 5611//11635
f 5792//11636 5620//11636 5791//11636
f 5632//11637 5789//11637 5868//11637
f 5868//11638 5633//11638 5632//11638
f 5789//11639 5639//11639 5790//11639
f 5642//11640 5646//11640 5853//11640
f 5642//11641 5853//11641 5852//11641
f 5788//11642 5852//11642 5821//11642
f 5788//11643 5821//11643 5863//11643
f 5622//11644 5623//11644 5826//11644
f 5622//11645 5826//11645 5791//11645
f 5627//11646 5630//11646 5867//11646
f 5867//11647 5630//11647 5633//11647
f 5833//11648 5790//11648 5861//11648
f 5833//11649 5861//11649 5831//11649
f 5831//11650 5861//11650 5862//11650
f 5831//11651 5862//11651 5863//11651
f 5857//11652 5851//11652 5850//11652
f 5857//11653 5850//11653 5712//11653
f 5712//11654 5850//11654 5703//11654
f 5838//11655 5869//11655 5834//11655
f 5834//11656 5869//11656 5835//11656
f 5835//11657 5869//11657 5870//11657
f 5835//11658 5870//11658 5819//11658
f 5821//11659 5842//11659 5822//11659
f 5822//11660 5842//11660 5841//11660
f 5822//11661 5841//11661 5823//11661
f 5817//11662 5835//11662 5819//11662
f 5693//11663 5694//11663 5828//11663
f 5693//11664 5828//11664 5485//11664
f 5485//11665 5828//11665 5830//11665
f 5485//11666 5830//11666 5699//11666
f 5647//11667 5784//11667 5849//11667
f 5647//11668 5849//11668 5847//11668
f 5863//11669 5821//11669 5823//11669
f 5863//11670 5823//11670 5831//11670
f 5461//11671 5502//11671 5647//11671
f 5633//11672 5868//11672 5836//11672
f 5633//11673 5836//11673 5867//11673
f 5627//11674 5867//11674 5837//11674
f 5627//11675 5837//11675 5625//11675
f 5625//11676 5837//11676 5825//11676
f 5625//11677 5825//11677 5623//11677
f 5623//11678 5825//11678 5824//11678
f 5623//11679 5824//11679 5826//11679
