mtllib ../materials.mtl
v -0.043459 0.067947 0.124275
v -0.043724 0.067947 0.119465
v -0.043568 0.067749 0.123242
v -0.043732 0.067751 0.119822
v -0.043151 0.067751 0.126576
v -0.042666 0.067947 0.129027
v -0.041532 0.067751 0.133164
v -0.041355 0.067947 0.133662
v -0.042477 0.067749 0.129866
v -0.040343 0.067751 0.136349
v -0.039542 0.067947 0.138126
v -0.037249 0.067738 0.142368
v -0.037249 0.067947 0.142362
v -0.038931 0.06775 0.139387
v -0.035353 0.067749 0.145207
v -0.034504 0.067947 0.146321
v -0.030973 0.067731 0.150328
v -0.031341 0.067947 0.149954
v -0.03329 0.067765 0.147841
v -0.025824 0.067751 0.15476
v -0.023915 0.067947 0.156069
v -0.027796 0.067947 0.153217
v -0.028459 0.067749 0.152669
v -0.020117 0.06778 0.158319
v -0.019743 0.067947 0.158478
v -0.023042 0.067749 0.156634
v -0.016972 0.067749 0.159769
v -0.015331 0.067947 0.160413
v -0.01056 0.067751 0.161905
v -0.010734 0.067947 0.161851
v -0.013878 0.06778 0.160959
v -0.007212 0.067749 0.162598
v -0.006006 0.067947 0.162775
v -0.000504 0.067731 0.163187
v -0.001205 0.067947 0.163173
v -0.003883 0.067751 0.163026
v 0.006288 0.06778 0.162765
v 0.008382 0.067947 0.162378
v 0.003611 0.067947 0.16304
v 0.002933 0.067749 0.163098
v 0.012836 0.06778 0.161293
v 0.013052 0.067947 0.161196
v 0.009581 0.067777 0.162152
v 0.016107 0.06775 0.160123
v 0.017564 0.067947 0.159506
v 0.022175 0.067751 0.15716
v 0.021862 0.067947 0.157331
v 0.019178 0.067739 0.158763
v 0.025055 0.067749 0.155308
v 0.025895 0.067947 0.154697
v 0.027733 0.067751 0.15328
v 0.029613 0.067947 0.151634
v 0.032625 0.067765 0.148602
v 0.032972 0.067947 0.148181
v 0.030245 0.067749 0.151051
v 0.034793 0.067751 0.145961
v 0.035931 0.067947 0.14438
v 0.038454 0.06773 0.140276
v 0.038454 0.067947 0.140276
v 0.036718 0.06775 0.14322
v 0.039969 0.067749 0.137211
v 0.04051 0.067947 0.135919
v 0.042225 0.067751 0.130854
v 0.042074 0.067947 0.131363
v 0.041213 0.067751 0.134096
v 0.043478 0.067751 0.124182
v 0.043657 0.067947 0.121874
v 0.043127 0.067947 0.126662
v 0.042978 0.067738 0.12752
v 0.043679 0.067739 0.117405
v 0.043657 0.067947 0.117057
v 0.04371 0.067749 0.120836
v 0.043392 0.067751 0.114015
v 0.043127 0.067947 0.112269
v 0.042033 0.067751 0.107391
v 0.042074 0.067947 0.107568
v 0.042847 0.06775 0.110711
v 0.04096 0.067749 0.104145
v 0.04051 0.067947 0.103012
v 0.038122 0.067751 0.098033
v 0.038454 0.067947 0.098655
v 0.039666 0.067751 0.101048
v 0.03434 0.067751 0.092385
v 0.032972 0.067947 0.09075
v 0.035931 0.067947 0.094551
v 0.03632 0.067749 0.095109
v 0.029744 0.06773 0.087417
v 0.029613 0.067947 0.087297
v 0.032149 0.06773 0.08983
v 0.027171 0.067731 0.085208
v 0.025895 0.067947 0.084234
v 0.021562 0.067731 0.081427
v 0.021862 0.067947 0.081599
v 0.024453 0.067738 0.083215
v 0.018526 0.067777 0.079833
v 0.017564 0.067947 0.079424
v 0.015434 0.06778 0.078525
v 0.013052 0.067947 0.077735
v 0.008952 0.06778 0.076638
v 0.008382 0.067947 0.076553
v 0.012214 0.06773 0.077481
v 0.005545 0.067765 0.076076
v 0.003611 0.067947 0.075891
v -0.0012 0.06775 0.075749
v -0.001205 0.067947 0.075758
v 0.002213 0.06775 0.075789
v -0.004617 0.067749 0.075978
v -0.006006 0.067947 0.076156
v -0.011291 0.06778 0.077195
v -0.010734 0.067947 0.07708
v -0.007936 0.067751 0.076459
v -0.017659 0.06778 0.079434
v -0.019743 0.067947 0.080453
v -0.015331 0.067947 0.078518
v -0.014529 0.067777 0.0782
v -0.023617 0.06773 0.082668
v -0.023915 0.067947 0.082861
v -0.020679 0.06773 0.08094
v -0.026417 0.067751 0.084612
v -0.027796 0.067947 0.085714
v -0.031462 0.067739 0.089097
v -0.031341 0.067947 0.088977
v -0.029004 0.067738 0.086742
v -0.033748 0.067749 0.091653
v -0.034504 0.067947 0.09261
v -0.037622 0.067751 0.097167
v -0.037249 0.067947 0.096568
v -0.035783 0.067751 0.094323
v -0.040615 0.067739 0.103264
v -0.041355 0.067947 0.105268
v -0.039542 0.067947 0.100805
v -0.039253 0.067749 0.100189
v -0.042635 0.067751 0.109727
v -0.042666 0.067947 0.109904
v -0.041742 0.067749 0.106425
v -0.043265 0.067751 0.113084
v -0.043459 0.067947 0.114655
v -0.043625 0.06775 0.116412
v 0.024659 0.067692 0.082914
v 0.021705 0.067741 0.081101
v 0.02461 0.067805 0.082997
v 0.02171 0.067832 0.081367
v 0.024575 0.067827 0.083148
v 0.002225 0.067694 0.075431
v -0.001264 0.067744 0.075408
v 0.002329 0.067837 0.075592
v -0.001076 0.067832 0.075595
v -0.020807 0.067741 0.080607
v -0.023849 0.067745 0.082399
v -0.02359 0.067832 0.082502
v -0.020655 0.067832 0.080785
v -0.037927 0.06768 0.096977
v -0.039575 0.067694 0.100026
v -0.03785 0.067798 0.097008
v -0.039363 0.067837 0.09995
v -0.036904 0.067828 0.09569
v -0.044092 0.067688 0.1198
v -0.043924 0.067709 0.123269
v -0.043935 0.067837 0.119692
v -0.043768 0.067836 0.123085
v 0.02749 0.067742 0.085011
v 0.027336 0.067832 0.08518
v 0.005649 0.06773 0.075749
v 0.005711 0.067831 0.075921
v -0.017771 0.067701 0.079118
v -0.01768 0.067823 0.07921
v -0.036069 0.067687 0.094108
v -0.035996 0.067798 0.094142
v -0.043983 0.067684 0.116386
v -0.043903 0.067798 0.116383
v -0.043649 0.067828 0.114782
v -0.013945 0.067729 0.161282
v -0.010699 0.067726 0.162231
v -0.010745 0.067834 0.162031
v -0.015171 0.067831 0.160688
v 0.02999 0.067745 0.087167
v 0.02991 0.067832 0.087401
v 0.008982 0.06773 0.07631
v 0.009028 0.067827 0.07647
v -0.014605 0.06773 0.077875
v -0.012805 0.067827 0.077406
v -0.034 0.067698 0.091397
v -0.033802 0.067837 0.091399
v -0.043589 0.067762 0.112991
v -0.005529 0.067828 0.163016
v -0.007318 0.067798 0.162864
v -0.003933 0.067798 0.1633
v -0.007303 0.067679 0.16295
v -0.003914 0.06768 0.163384
v -0.000603 0.067832 0.163311
v 0.00278 0.067837 0.163313
v -0.000516 0.067745 0.163537
v 0.002896 0.067695 0.163461
v 0.006231 0.067825 0.162971
v 0.006336 0.06771 0.163095
v 0.009584 0.067825 0.162358
v 0.012887 0.067823 0.161501
v 0.009672 0.067713 0.162477
v 0.012966 0.067693 0.161608
v 0.016048 0.067828 0.160292
v 0.016159 0.067798 0.160403
v 0.016224 0.06768 0.160465
v 0.01912 0.06784 0.158984
v 0.022163 0.067837 0.157401
v 0.019351 0.067711 0.159079
v 0.022347 0.067698 0.157471
v 0.027759 0.067837 0.153521
v 0.031885 0.067831 0.149678
v 0.03048 0.067761 0.151291
v 0.027963 0.067695 0.153555
v 0.034864 0.067837 0.146202
v 0.036797 0.067828 0.143348
v 0.036951 0.067798 0.143374
v 0.035073 0.067693 0.146185
v 0.037031 0.067682 0.143398
v 0.038512 0.067832 0.140432
v 0.04009 0.067837 0.13744
v 0.038753 0.067745 0.140459
v 0.040262 0.067698 0.137432
v 0.041313 0.067828 0.134217
v 0.041468 0.067798 0.134208
v 0.041556 0.067678 0.134208
v 0.043101 0.067837 0.127716
v 0.042386 0.067837 0.13103
v 0.043313 0.067724 0.127677
v 0.042568 0.067697 0.130948
v 0.043798 0.067828 0.122453
v 0.04375 0.067798 0.124247
v 0.043836 0.067677 0.124226
v 0.043806 0.067827 0.11749
v 0.043989 0.067798 0.120843
v 0.04402 0.067761 0.117421
v 0.044071 0.067683 0.120817
v 0.043067 0.067837 0.110777
v 0.042265 0.067837 0.107465
v 0.043193 0.067693 0.11061
v 0.042377 0.067697 0.107298
v 0.039903 0.067837 0.101078
v 0.038279 0.067828 0.098039
v 0.038374 0.067798 0.097915
v 0.039997 0.067692 0.10091
v 0.038427 0.067683 0.097846
v 0.035472 0.067828 0.093601
v 0.036629 0.067761 0.094966
v 0.034583 0.067798 0.092245
v 0.034666 0.067683 0.092219
v 0.032305 0.067832 0.089815
v 0.03238 0.06774 0.089556
v 0.0187 0.067827 0.079711
v 0.015563 0.067825 0.078363
v 0.018689 0.067729 0.079543
v 0.015609 0.06771 0.078233
v 0.012338 0.067832 0.077388
v 0.012272 0.067741 0.077129
v -0.006352 0.067828 0.076027
v -0.004615 0.067762 0.075641
v -0.007967 0.067798 0.076182
v -0.00799 0.067686 0.076105
v -0.011376 0.067727 0.076876
v -0.02904 0.067827 0.086609
v -0.026418 0.067837 0.08436
v -0.029178 0.067805 0.086537
v -0.026611 0.067698 0.084313
v -0.029243 0.067698 0.08647
v -0.031499 0.067827 0.088958
v -0.031642 0.067805 0.088897
v -0.031739 0.067697 0.088863
v -0.040697 0.067827 0.103137
v -0.042401 0.067828 0.108093
v -0.040921 0.067762 0.103115
v -0.042009 0.067798 0.106342
v -0.04209 0.067683 0.106331
v -0.0429 0.067798 0.109637
v -0.042987 0.067684 0.109659
v -0.042995 0.067828 0.128332
v -0.043485 0.067762 0.126606
v -0.042747 0.067798 0.129935
v -0.042823 0.067682 0.129969
v -0.041691 0.067828 0.133113
v -0.041808 0.067798 0.133217
v -0.041871 0.067683 0.13328
v -0.040586 0.067837 0.136291
v -0.03916 0.067837 0.139385
v -0.040681 0.067698 0.136463
v -0.039246 0.067697 0.139557
v -0.034249 0.067831 0.146969
v -0.035613 0.067798 0.145325
v -0.033545 0.067729 0.148063
v -0.035659 0.067679 0.145402
v -0.028642 0.067828 0.152692
v -0.026055 0.067837 0.154841
v -0.02869 0.067798 0.15284
v -0.026048 0.067698 0.155038
v -0.02872 0.06768 0.152923
v -0.023234 0.067837 0.156754
v -0.02023 0.067825 0.158483
v -0.02026 0.06771 0.158622
v -0.023224 0.067695 0.156944
v -0.017129 0.067798 0.160006
v -0.017134 0.067679 0.160094
v 0.025032 0.067828 0.15549
v 0.025164 0.067798 0.155573
v 0.025219 0.067679 0.155635
v 0.032845 0.067725 0.14887
v 0.043539 0.067828 0.114107
v 0.043674 0.067798 0.114029
v 0.043757 0.067684 0.114047
v 0.04113 0.067828 0.104211
v 0.041243 0.067798 0.104104
v 0.041329 0.067674 0.104094
v -0.037434 0.067832 0.142334
v -0.037588 0.067742 0.142488
v -0.031131 0.067832 0.150346
v -0.031265 0.067742 0.150537
v 0.01579 0.066717 0.160662
v 0.018933 0.066711 0.159322
v 0.02198 0.066736 0.157712
v 0.024854 0.066715 0.155919
v 0.02747 0.066714 0.153992
v 0.030074 0.06673 0.151744
v 0.032505 0.066716 0.149297
v 0.034655 0.066785 0.146744
v 0.036635 0.06673 0.144046
v 0.038434 0.066736 0.141116
v 0.039953 0.066753 0.138155
v 0.041281 0.066765 0.135002
v 0.04234 0.066749 0.13184
v 0.043168 0.066753 0.128527
v 0.043733 0.06675 0.125226
v 0.044046 0.066749 0.121872
v 0.044096 0.066755 0.118455
v 0.043892 0.066753 0.115106
v 0.043433 0.066747 0.111749
v 0.042704 0.066741 0.108425
v 0.041737 0.066771 0.105208
v 0.040528 0.066737 0.102048
v 0.039094 0.066749 0.099033
v 0.037389 0.066794 0.096079
v 0.035481 0.066772 0.093269
v 0.033405 0.066709 0.090632
v 0.031077 0.066809 0.088184
v 0.028642 0.066733 0.085913
v 0.025952 0.066727 0.083785
v 0.023247 0.066796 0.08199
v 0.020196 0.066738 0.08025
v 0.0171 0.06677 0.07881
v 0.013967 0.066784 0.077631
v 0.01072 0.0668 0.076691
v 0.007442 0.066735 0.075984
v 0.004058 0.066731 0.075535
v 0.000659 0.066715 0.075349
v -0.002695 0.066792 0.075447
v -0.006047 0.066777 0.07578
v -0.009383 0.066769 0.076369
v -0.012661 0.066758 0.077217
v -0.01585 0.066792 0.078311
v -0.018956 0.066769 0.079641
v -0.021919 0.066786 0.081194
v -0.024841 0.066735 0.083011
v -0.027508 0.066757 0.084989
v -0.030088 0.066769 0.087215
v -0.032482 0.066738 0.089622
v -0.034642 0.066755 0.092163
v -0.036644 0.066787 0.094924
v -0.038426 0.066753 0.097808
v -0.039951 0.066734 0.100758
v -0.041278 0.066749 0.103911
v -0.042348 0.066752 0.107123
v -0.043164 0.066757 0.110398
v -0.043728 0.066755 0.113694
v -0.044047 0.06675 0.117087
v -0.044094 0.066757 0.120504
v -0.043894 0.066753 0.123811
v -0.043437 0.06673 0.127185
v -0.042705 0.066734 0.130526
v -0.041734 0.066774 0.133725
v -0.040551 0.066735 0.136831
v -0.039085 0.06673 0.139928
v -0.037366 0.066716 0.142925
v -0.035528 0.066734 0.145615
v -0.033388 0.066749 0.148293
v -0.031051 0.066735 0.150799
v -0.028591 0.066789 0.153044
v -0.02595 0.06673 0.155144
v -0.023096 0.066735 0.15705
v -0.020169 0.06679 0.158685
v -0.017206 0.066715 0.160093
v -0.013978 0.06673 0.16131
v -0.010702 0.06679 0.162249
v -0.007499 0.066715 0.162944
v -0.004081 0.066771 0.163381
v -0.000693 0.066768 0.163567
v 0.002704 0.06679 0.163484
v 0.005969 0.066715 0.16318
v 0.009376 0.066787 0.16256
v 0.012707 0.066734 0.16171
v -0.028601 0.066627 0.153212
v -0.031124 0.06662 0.150985
v -0.028803 0.066683 0.153391
v -0.026122 0.066683 0.155496
v -0.020242 0.066625 0.158977
v -0.023348 0.066697 0.157359
v -0.020387 0.066733 0.159052
v -0.017262 0.066717 0.160504
v -0.035569 0.066613 0.145933
v -0.033439 0.066621 0.148487
v -0.025948 0.06662 0.155367
v -0.023093 0.066616 0.15729
v -0.013865 0.066613 0.161578
v -0.017088 0.066617 0.160398
v -0.014097 0.066714 0.161693
v -0.010845 0.066716 0.162645
v -0.020191 0.066651 0.158787
v -0.010701 0.066651 0.162353
v -0.00059 0.066623 0.163718
v -0.003975 0.066623 0.163543
v -0.00071 0.06668 0.163957
v 0.002793 0.066625 0.163772
v 0.008737 0.066623 0.163
v 0.006146 0.0667 0.163552
v 0.009468 0.066731 0.162973
v 0.012694 0.066683 0.162119
v 0.012822 0.06662 0.161866
v 0.016065 0.066618 0.160832
v 0.027797 0.066617 0.154031
v 0.025069 0.066618 0.156083
v 0.027806 0.066717 0.154235
v 0.030362 0.066714 0.152023
v 0.00944 0.066651 0.162648
v 0.030373 0.066613 0.151764
v 0.038702 0.066613 0.141096
v 0.036959 0.06668 0.144246
v 0.038762 0.066716 0.141364
v 0.040345 0.066683 0.138249
v 0.036869 0.06662 0.144019
v 0.034935 0.066625 0.14686
v 0.040161 0.066621 0.138107
v 0.041664 0.066684 0.135106
v 0.041449 0.066623 0.134978
v 0.042713 0.06668 0.131939
v 0.043352 0.066621 0.128465
v 0.042536 0.066621 0.131757
v 0.043536 0.066683 0.12869
v 0.044132 0.066684 0.125201
v 0.044263 0.066621 0.118351
v 0.044218 0.066621 0.121742
v 0.044492 0.066683 0.118528
v 0.044278 0.066684 0.114995
v 0.043914 0.066621 0.12512
v 0.042861 0.06662 0.108277
v 0.043574 0.066621 0.111607
v 0.043089 0.06668 0.10836
v 0.041983 0.066625 0.105032
v 0.040664 0.066613 0.101799
v 0.040895 0.066717 0.101866
v 0.039426 0.06668 0.098834
v 0.044047 0.066621 0.114965
v 0.041834 0.066643 0.105132
v 0.039172 0.066621 0.098826
v 0.037765 0.066683 0.095923
v 0.0335 0.066618 0.090362
v 0.035672 0.066626 0.093038
v 0.033699 0.066731 0.090362
v 0.031387 0.066716 0.087891
v 0.031202 0.066623 0.087913
v 0.028825 0.0667 0.085546
v 0.03745 0.066627 0.095921
v 0.024159 0.06662 0.082239
v 0.026122 0.066683 0.083435
v 0.023348 0.066714 0.081561
v 0.020412 0.0667 0.07991
v 0.035559 0.066643 0.093177
v 0.031114 0.066651 0.088069
v 0.028597 0.066616 0.085611
v 0.017158 0.066625 0.07852
v 0.017272 0.066734 0.078423
v 0.014095 0.066731 0.077228
v 0.017132 0.066643 0.078698
v 0.020131 0.066616 0.079985
v 0.013972 0.066625 0.077327
v 0.023143 0.066651 0.081805
v 0.0107 0.066651 0.076577
v -0.012804 0.066621 0.07708
v -0.009509 0.066623 0.076242
v -0.012694 0.066683 0.076812
v -0.016044 0.066683 0.077955
v -0.022093 0.066627 0.081141
v -0.019108 0.066623 0.079546
v -0.022079 0.066683 0.080826
v -0.025068 0.066616 0.08292
v -0.024999 0.0667 0.082636
v -0.027821 0.066684 0.08473
v -0.030344 0.066625 0.08706
v -0.030372 0.066731 0.086905
v -0.032754 0.066716 0.089311
v -0.03693 0.066625 0.094826
v -0.035004 0.066684 0.091983
v -0.036992 0.066731 0.094682
v -0.038724 0.066683 0.097535
v -0.015984 0.066627 0.078218
v -0.02772 0.066621 0.084939
v -0.030193 0.066643 0.087156
v -0.032756 0.066613 0.089586
v -0.034858 0.066621 0.092164
v -0.036747 0.066651 0.094898
v -0.038617 0.066621 0.097805
v -0.040185 0.06662 0.100827
v -0.040345 0.066684 0.100681
v -0.041664 0.066683 0.103825
v -0.041471 0.066621 0.103953
v -0.042714 0.06668 0.106992
v -0.043353 0.066621 0.110465
v -0.042536 0.066621 0.107173
v -0.043536 0.066683 0.110241
v -0.044132 0.066683 0.11373
v -0.044263 0.066621 0.12058
v -0.044218 0.066621 0.117189
v -0.044493 0.066683 0.120403
v -0.044278 0.066683 0.123936
v -0.043914 0.066621 0.113811
v -0.043322 0.06662 0.12886
v -0.04309 0.06668 0.130571
v -0.041983 0.066625 0.133899
v -0.044048 0.066621 0.123965
v -0.041834 0.066643 0.133799
v -0.040651 0.06662 0.137066
v -0.038618 0.066619 0.141239
v -0.039426 0.06668 0.140097
v -0.037765 0.066683 0.143008
v -0.035809 0.066717 0.14592
v -0.033688 0.06668 0.148537
v -0.031408 0.066683 0.150993
v -0.010696 0.066623 0.162532
v -0.00733 0.066618 0.163232
v -0.007467 0.066734 0.163364
v -0.004042 0.066683 0.163785
v 0.002705 0.066733 0.163911
v 0.016015 0.066734 0.161015
v 0.019132 0.066731 0.159672
v 0.022107 0.0667 0.1581
v 0.019185 0.066618 0.159481
v 0.002738 0.066651 0.163583
v 0.025038 0.066733 0.156287
v 0.022196 0.066616 0.157823
v 0.032752 0.066618 0.149407
v 0.03277 0.066733 0.149614
v 0.034998 0.066734 0.146996
v 0.034758 0.066651 0.146774
v 0.044432 0.06668 0.121879
v 0.043806 0.066684 0.111618
v 0.04214 0.066733 0.105079
v 0.03582 0.066734 0.093013
v 0.010845 0.066716 0.076286
v 0.009593 0.066617 0.076154
v 0.007422 0.066683 0.075586
v 0.013952 0.066651 0.077522
v 0.003913 0.066616 0.075322
v 0.004062 0.0667 0.075138
v 0.000547 0.066617 0.075113
v 0.000699 0.066714 0.074953
v -0.002642 0.066683 0.075042
v -0.002794 0.066627 0.075317
v -0.006163 0.066684 0.075391
v -0.006173 0.066623 0.075641
v -0.009447 0.06668 0.075982
v -0.019106 0.06668 0.079278
v -0.044432 0.06668 0.117052
v -0.043806 0.066684 0.127312
v -0.04214 0.066733 0.133852
v -0.040866 0.066684 0.137087
v 0.038879 0.067057 0.141368
v 0.040433 0.067071 0.138362
v 0.04177 0.067074 0.135195
v 0.042847 0.067057 0.131934
v 0.043676 0.067057 0.128617
v 0.044245 0.067057 0.12527
v 0.04456 0.067057 0.121866
v 0.044614 0.067059 0.118438
v 0.044404 0.067057 0.115036
v 0.043934 0.067059 0.11164
v 0.043201 0.067057 0.108287
v 0.042225 0.067086 0.104989
v 0.040998 0.067057 0.101845
v 0.039526 0.067059 0.098749
v 0.037815 0.067057 0.095773
v 0.035933 0.067086 0.092982
v 0.033794 0.067103 0.090282
v 0.031422 0.067057 0.08778
v 0.028935 0.067071 0.085485
v 0.026249 0.067072 0.08337
v 0.023394 0.067074 0.081454
v 0.020393 0.067071 0.079766
v 0.017381 0.067101 0.078341
v 0.014124 0.067088 0.077117
v 0.010801 0.067086 0.076154
v 0.007508 0.067072 0.075471
v 0.004104 0.067088 0.075013
v 0.000669 0.067057 0.074846
v -0.002749 0.067057 0.074926
v -0.006116 0.067072 0.075255
v -0.009503 0.067074 0.075856
v -0.012825 0.067057 0.076724
v -0.016037 0.067057 0.077822
v -0.019188 0.067059 0.079175
v -0.022251 0.067086 0.080768
v -0.025123 0.067057 0.082585
v -0.027855 0.067057 0.084602
v -0.030456 0.067089 0.086826
v -0.032877 0.067071 0.089282
v -0.035049 0.067101 0.091808
v -0.037087 0.067074 0.094633
v -0.038879 0.067057 0.097562
v -0.040433 0.067072 0.100568
v -0.041759 0.067057 0.103732
v -0.042845 0.067059 0.106984
v -0.043693 0.067086 0.110331
v -0.044245 0.067057 0.113661
v -0.044562 0.067059 0.117074
v -0.044612 0.067057 0.120506
v -0.044421 0.067086 0.123867
v -0.043935 0.067057 0.127281
v -0.043206 0.067059 0.130631
v -0.042219 0.067057 0.133918
v -0.040998 0.067057 0.137086
v -0.039526 0.067059 0.140182
v -0.037815 0.067057 0.143157
v -0.035905 0.067057 0.145964
v -0.033773 0.067074 0.148646
v -0.031413 0.0671 0.151191
v -0.028936 0.067072 0.153446
v -0.026295 0.067101 0.155548
v -0.023389 0.067059 0.157471
v -0.020393 0.067071 0.159164
v -0.017321 0.067057 0.160591
v -0.014114 0.067059 0.161801
v -0.010811 0.067071 0.162767
v -0.007526 0.067086 0.163465
v -0.004162 0.067101 0.163918
v -0.000683 0.067059 0.164086
v 0.002748 0.067057 0.164005
v 0.006075 0.067101 0.163697
v 0.009494 0.067103 0.163095
v 0.012825 0.067057 0.162207
v 0.016037 0.067057 0.161108
v 0.019186 0.067103 0.159784
v 0.022237 0.067071 0.158162
v 0.025134 0.067071 0.156346
v 0.027825 0.067101 0.154381
v 0.030456 0.067089 0.152104
v 0.032865 0.067057 0.149651
v 0.035065 0.067057 0.147065
v 0.037082 0.067059 0.144292
v -0.014206 0.067151 0.161891
v -0.010925 0.067153 0.162869
v -0.014224 0.067129 0.162061
v -0.010921 0.067129 0.163025
v -0.014229 0.06701 0.162151
v -0.010928 0.067008 0.163114
v -0.007646 0.067159 0.163617
v -0.007504 0.067055 0.16382
v -0.000743 0.067151 0.1642
v -0.004196 0.067155 0.164112
v -0.000706 0.067135 0.164351
v -0.004099 0.067039 0.164268
v -0.000687 0.067027 0.164451
v 0.006097 0.067153 0.16391
v 0.009482 0.067153 0.163313
v 0.006208 0.067024 0.164028
v 0.009581 0.067027 0.163424
v 0.016033 0.067151 0.161234
v 0.019191 0.067155 0.159976
v 0.016124 0.067135 0.161361
v 0.019335 0.06706 0.160079
v 0.016198 0.067023 0.161441
v 0.030478 0.067159 0.152313
v 0.027952 0.067153 0.154553
v 0.030688 0.06706 0.152352
v 0.028108 0.067024 0.154598
v 0.035126 0.067151 0.147175
v 0.037145 0.067151 0.144405
v 0.035269 0.067135 0.147237
v 0.037304 0.067129 0.144468
v 0.035374 0.067023 0.147269
v 0.037389 0.06701 0.144496
v 0.04053 0.067153 0.138454
v 0.041865 0.067153 0.135296
v 0.040683 0.067129 0.13848
v 0.042019 0.067129 0.13531
v 0.040778 0.067008 0.138486
v 0.042114 0.067008 0.135309
v 0.042938 0.067151 0.132036
v 0.043775 0.067151 0.128712
v 0.043094 0.067135 0.13204
v 0.04393 0.067135 0.128704
v 0.043196 0.067027 0.132048
v 0.04403 0.067024 0.128721
v 0.044354 0.067151 0.125334
v 0.044524 0.067129 0.125319
v 0.044616 0.067008 0.125296
v 0.044673 0.067151 0.121921
v 0.04473 0.067151 0.118494
v 0.044842 0.067129 0.121894
v 0.044896 0.067129 0.118454
v 0.04493 0.06701 0.121875
v 0.044984 0.067008 0.118437
v 0.044524 0.067151 0.115073
v 0.04467 0.067135 0.115019
v 0.044768 0.067023 0.114969
v 0.044057 0.067151 0.111678
v 0.043332 0.067151 0.108328
v 0.044215 0.067129 0.111613
v 0.043468 0.067135 0.108252
v 0.043565 0.067024 0.108223
v 0.044297 0.06701 0.111574
v 0.041124 0.067151 0.101844
v 0.039654 0.067151 0.098748
v 0.041247 0.067135 0.101748
v 0.03977 0.067135 0.098642
v 0.041325 0.067023 0.101671
v 0.039849 0.067027 0.098579
v 0.035158 0.067159 0.091631
v 0.036164 0.067056 0.09271
v 0.034038 0.06706 0.090059
v 0.02905 0.067153 0.085416
v 0.026439 0.067162 0.083309
v 0.029115 0.067129 0.085275
v 0.026405 0.067056 0.083045
v 0.029146 0.067008 0.085186
v 0.023511 0.067153 0.08138
v 0.020527 0.067153 0.079692
v 0.023555 0.067129 0.081231
v 0.020559 0.067129 0.079541
v 0.02358 0.06701 0.081145
v 0.020586 0.067008 0.079455
v 0.017471 0.067153 0.078147
v 0.017436 0.067023 0.077988
v 0.014297 0.067159 0.076998
v 0.011004 0.067159 0.076029
v 0.014231 0.06706 0.076794
v 0.010962 0.067056 0.075837
v 0.007652 0.067162 0.075332
v 0.007504 0.067056 0.075111
v 0.000742 0.067151 0.074731
v 0.004244 0.067159 0.074858
v 0.000706 0.067135 0.07458
v 0.004134 0.06706 0.074674
v 0.000703 0.067024 0.074478
v -0.006093 0.067153 0.075124
v -0.009401 0.067162 0.075671
v -0.006153 0.067129 0.074981
v -0.009573 0.06706 0.075514
v -0.0062 0.067008 0.074899
v -0.016002 0.067157 0.077667
v -0.019184 0.067151 0.079047
v -0.019289 0.067129 0.078912
v -0.016228 0.067072 0.077515
v -0.019347 0.067011 0.078843
v -0.02789 0.067151 0.084481
v -0.030478 0.067159 0.086618
v -0.028022 0.067129 0.084373
v -0.030689 0.06706 0.086579
v -0.028104 0.067008 0.084326
v -0.037141 0.067162 0.094429
v -0.035194 0.067155 0.091675
v -0.037375 0.06706 0.094436
v -0.035378 0.067039 0.091672
v -0.04185 0.067151 0.103645
v -0.04053 0.067153 0.100476
v -0.040683 0.067129 0.100451
v -0.042019 0.067129 0.103621
v -0.040778 0.067008 0.100445
v -0.042109 0.06701 0.103612
v -0.042938 0.067151 0.106895
v -0.043827 0.067159 0.110133
v -0.043109 0.067129 0.106884
v -0.044017 0.067056 0.110182
v -0.043198 0.067008 0.106874
v -0.044354 0.067151 0.113597
v -0.044509 0.067135 0.113617
v -0.044615 0.067023 0.113643
v -0.044673 0.067151 0.11701
v -0.04473 0.067151 0.120437
v -0.044842 0.067129 0.117037
v -0.044896 0.067129 0.120477
v -0.04493 0.067005 0.117048
v -0.044995 0.066986 0.120384
v -0.0446 0.067159 0.123791
v -0.044758 0.067055 0.123983
v -0.044058 0.067151 0.127253
v -0.043332 0.067151 0.130603
v -0.044216 0.067129 0.127318
v -0.043485 0.067129 0.13068
v -0.044297 0.06701 0.127357
v -0.043566 0.067008 0.130717
v -0.041124 0.067151 0.137087
v -0.039655 0.067151 0.140183
v -0.041263 0.067129 0.137186
v -0.039786 0.067129 0.140293
v -0.04133 0.067008 0.137253
v -0.039852 0.067011 0.140354
v -0.036027 0.067151 0.145994
v -0.033907 0.067153 0.148682
v -0.036125 0.067135 0.146115
v -0.033993 0.067129 0.148811
v -0.036183 0.067023 0.146208
v -0.034044 0.06701 0.148885
v -0.02905 0.067153 0.153515
v -0.02642 0.067155 0.155678
v -0.029115 0.067129 0.153656
v -0.026406 0.067055 0.155886
v -0.029146 0.067008 0.153745
v -0.023541 0.067157 0.157531
v -0.020578 0.067158 0.159231
v -0.023581 0.067076 0.157763
v -0.020635 0.067072 0.159432
v -0.017411 0.067151 0.160679
v -0.017442 0.067129 0.160847
v -0.017445 0.067008 0.160942
v 0.002684 0.067151 0.164125
v 0.002733 0.067135 0.164273
v 0.002742 0.067024 0.164375
v 0.012788 0.067151 0.162339
v 0.012872 0.067129 0.162489
v 0.012912 0.067008 0.162568
v 0.022193 0.067158 0.158353
v 0.022331 0.067072 0.15851
v 0.02509 0.067162 0.156571
v 0.025277 0.067056 0.156677
v 0.032903 0.067151 0.149782
v 0.03304 0.067135 0.149856
v 0.033117 0.067024 0.149922
v 0.038945 0.067151 0.141489
v 0.039095 0.067135 0.141528
v 0.039186 0.067024 0.141575
v 0.042441 0.067159 0.105091
v 0.042579 0.067056 0.104952
v 0.037952 0.067151 0.095773
v 0.038059 0.067135 0.095659
v 0.038143 0.067024 0.095602
v 0.031595 0.067157 0.087765
v 0.031732 0.067072 0.087587
v -0.002684 0.067151 0.074805
v -0.002733 0.067135 0.074658
v -0.002742 0.067024 0.074556
v -0.012789 0.067151 0.076592
v -0.012872 0.067129 0.076442
v -0.012912 0.067008 0.076362
v -0.022192 0.067159 0.080538
v -0.022355 0.067056 0.080428
v -0.025129 0.067151 0.082449
v -0.025253 0.067129 0.082331
v -0.025315 0.067008 0.082267
v -0.032885 0.067162 0.089054
v -0.033092 0.067056 0.088992
v -0.038945 0.067151 0.097442
v -0.039096 0.067135 0.097403
v -0.039186 0.067024 0.097356
v -0.042353 0.067151 0.133887
v -0.042482 0.067135 0.133973
v -0.042577 0.067024 0.13401
v -0.037952 0.067151 0.143158
v -0.038059 0.067135 0.143272
v -0.038143 0.067024 0.143329
v -0.031644 0.067155 0.15124
v -0.031709 0.06704 0.151381
v -0.037382 0.058434 0.094448
v -0.039168 0.058439 0.097339
v -0.040783 0.058438 0.100482
v -0.0421 0.058434 0.103623
v -0.043179 0.058438 0.106846
v -0.04403 0.058471 0.110208
v -0.04461 0.058438 0.113672
v -0.044917 0.058434 0.117059
v -0.044977 0.058452 0.120481
v -0.044757 0.058438 0.123989
v -0.044297 0.058484 0.127357
v -0.043566 0.058471 0.130706
v -0.042578 0.058438 0.133985
v -0.041306 0.058438 0.137282
v -0.039851 0.058483 0.140355
v -0.038144 0.058471 0.143327
v -0.036184 0.05847 0.146206
v -0.03404 0.058467 0.148884
v -0.03172 0.058422 0.151356
v -0.029112 0.058438 0.15376
v -0.0264 0.058438 0.155889
v -0.023559 0.058418 0.157776
v -0.02061 0.058438 0.159452
v -0.017407 0.058438 0.160946
v -0.014218 0.058434 0.162141
v -0.010957 0.058438 0.163096
v -0.007498 0.058438 0.163821
v -0.00412 0.058434 0.164258
v -0.000706 0.058471 0.164453
v 0.002717 0.058438 0.164368
v 0.006206 0.05847 0.164028
v 0.009583 0.058467 0.163424
v 0.012878 0.058438 0.162568
v 0.016196 0.05847 0.161442
v 0.019386 0.058438 0.160059
v 0.022402 0.058418 0.158464
v 0.025282 0.058439 0.156674
v 0.028125 0.058438 0.154574
v 0.030699 0.058434 0.152343
v 0.033116 0.058471 0.149923
v 0.035373 0.05847 0.14727
v 0.037382 0.058434 0.144483
v 0.039185 0.058471 0.141576
v 0.040783 0.058438 0.138449
v 0.042099 0.058434 0.135308
v 0.043192 0.058471 0.132066
v 0.04403 0.058471 0.128723
v 0.04461 0.058438 0.125259
v 0.044917 0.058434 0.121867
v 0.044978 0.058455 0.118457
v 0.044771 0.058486 0.114979
v 0.044283 0.058434 0.111569
v 0.043563 0.058422 0.108263
v 0.042578 0.058486 0.104914
v 0.041325 0.05847 0.101673
v 0.039848 0.058467 0.098577
v 0.038147 0.058455 0.095614
v 0.03616 0.058438 0.092706
v 0.034029 0.058434 0.090048
v 0.03172 0.058422 0.087575
v 0.029112 0.058438 0.085171
v 0.0264 0.058438 0.083042
v 0.02358 0.058484 0.081145
v 0.02061 0.058439 0.079479
v 0.017447 0.058486 0.07799
v 0.014218 0.058434 0.07679
v 0.010957 0.058439 0.075835
v 0.007498 0.058438 0.07511
v 0.00412 0.058434 0.074673
v 0.000705 0.058471 0.074478
v -0.002718 0.058438 0.074562
v -0.006206 0.05847 0.074903
v -0.009583 0.058467 0.075507
v -0.012878 0.058438 0.076363
v -0.01619 0.058486 0.077484
v -0.019348 0.058434 0.078858
v -0.02236 0.058438 0.080431
v -0.025313 0.058486 0.082266
v -0.028125 0.058438 0.084357
v -0.030701 0.058467 0.086577
v -0.033096 0.058439 0.088996
v -0.035378 0.058454 0.091672
v 0.016202 0.058341 0.161298
v 0.009627 0.058341 0.163281
v 0.006244 0.058341 0.163889
v 0.002842 0.058339 0.164201
v -0.000622 0.058343 0.164202
v -0.000664 0.058359 0.164352
v -0.00403 0.058393 0.16393
v -0.005764 0.058337 0.163943
v -0.007479 0.058406 0.163476
v -0.01088 0.058394 0.162766
v -0.012404 0.058339 0.162575
v -0.014056 0.058393 0.161842
v -0.017279 0.058408 0.160624
v -0.01726 0.058335 0.160817
v -0.020409 0.05842 0.159159
v -0.020359 0.058332 0.159363
v 0.002754 0.058391 0.164031
v -0.000692 0.058437 0.164084
v 0.012995 0.058335 0.162349
v 0.009462 0.058394 0.163097
v 0.012787 0.058408 0.162233
v 0.019359 0.058339 0.159896
v 0.016072 0.058391 0.161123
v 0.019258 0.058393 0.159745
v 0.022389 0.058336 0.158241
v 0.022201 0.058423 0.158182
v 0.026767 0.058339 0.155463
v 0.025141 0.058391 0.156365
v 0.02793 0.058393 0.154298
v 0.030673 0.058335 0.152131
v 0.030436 0.058408 0.152118
v 0.033068 0.058359 0.149825
v 0.035295 0.058359 0.147205
v 0.032983 0.058343 0.149694
v 0.035201 0.058343 0.14708
v 0.03286 0.058435 0.14966
v 0.03508 0.058437 0.147047
v 0.039116 0.058359 0.141492
v 0.040648 0.058332 0.138281
v 0.039004 0.058343 0.141383
v 0.040446 0.05842 0.138339
v 0.038867 0.058437 0.141389
v 0.043106 0.058359 0.131999
v 0.04392 0.058341 0.128604
v 0.042972 0.058343 0.131919
v 0.043703 0.058391 0.128619
v 0.04284 0.058437 0.131956
v 0.044682 0.058365 0.114973
v 0.044829 0.05834 0.11835
v 0.044529 0.058341 0.114947
v 0.044635 0.058394 0.118483
v 0.044411 0.05842 0.11502
v 0.042483 0.058365 0.10491
v 0.043322 0.058336 0.108152
v 0.042313 0.058343 0.104929
v 0.043216 0.058423 0.108317
v 0.042224 0.058435 0.105022
v 0.039698 0.058341 0.098572
v 0.037964 0.058339 0.095598
v 0.039565 0.058394 0.098779
v 0.037865 0.058394 0.095811
v 0.035948 0.058332 0.092745
v 0.033854 0.058339 0.090085
v 0.033737 0.058393 0.090222
v 0.035903 0.05842 0.092949
v 0.031456 0.058336 0.087603
v 0.03145 0.058423 0.087799
v 0.028974 0.058339 0.085262
v 0.026211 0.058332 0.083144
v 0.028919 0.058391 0.085445
v 0.026212 0.058423 0.083343
v 0.023514 0.058365 0.081206
v 0.023401 0.058341 0.081312
v 0.023407 0.058423 0.081466
v 0.017345 0.058345 0.078074
v 0.020418 0.058339 0.07956
v 0.020407 0.058391 0.079751
v 0.017258 0.058393 0.078289
v 0.010733 0.058332 0.075979
v 0.007373 0.058332 0.075285
v 0.010851 0.058423 0.076174
v 0.007482 0.05842 0.075464
v 0.00061 0.058341 0.074609
v -0.002842 0.058339 0.07473
v 0.000728 0.058394 0.074825
v -0.002754 0.058391 0.074899
v -0.009683 0.058328 0.075696
v -0.012995 0.058335 0.076582
v -0.012787 0.058408 0.076698
v -0.009484 0.058423 0.075854
v -0.016205 0.058345 0.077615
v -0.019388 0.058332 0.079087
v -0.016073 0.058391 0.077807
v -0.019212 0.058423 0.079181
v -0.022424 0.058335 0.080671
v -0.022195 0.058408 0.080736
v -0.025292 0.058365 0.082358
v -0.028078 0.058332 0.084567
v -0.025229 0.058343 0.082516
v -0.027886 0.058423 0.084619
v -0.025115 0.058435 0.082578
v -0.030647 0.058359 0.086663
v -0.030574 0.058343 0.086801
v -0.030442 0.058437 0.086837
v -0.035295 0.058339 0.091804
v -0.033069 0.058339 0.089203
v -0.032888 0.058391 0.089264
v -0.035132 0.058393 0.091913
v -0.03996 0.058339 0.099081
v -0.03887 0.058394 0.0975
v -0.040467 0.058391 0.100595
v -0.04392 0.058341 0.110326
v -0.043058 0.058335 0.107062
v -0.043703 0.058391 0.110312
v -0.042848 0.058408 0.106951
v -0.044829 0.058339 0.120581
v -0.044594 0.058339 0.124018
v -0.044639 0.058391 0.12051
v -0.044419 0.058393 0.123975
v -0.043415 0.058341 0.130764
v -0.041804 0.058339 0.135736
v -0.043238 0.058394 0.130593
v -0.042243 0.058391 0.13393
v -0.039764 0.058365 0.140335
v -0.037983 0.058341 0.143336
v -0.039598 0.058343 0.14029
v -0.037865 0.058394 0.14312
v -0.039529 0.058437 0.140172
v -0.036044 0.058341 0.146174
v -0.033894 0.058341 0.148854
v -0.03591 0.058391 0.146002
v -0.033737 0.058393 0.148709
v -0.031457 0.058336 0.151328
v -0.03145 0.058423 0.151132
v -0.028915 0.058332 0.153674
v -0.02627 0.058339 0.155787
v -0.026187 0.058393 0.155626
v -0.028917 0.05842 0.153465
v -0.02337 0.058337 0.157636
v -0.023396 0.058437 0.157464
v 0.006207 0.058393 0.163679
v 0.037299 0.058332 0.144266
v 0.0371 0.058423 0.144275
v 0.041969 0.058332 0.135115
v 0.041777 0.058423 0.135169
v 0.044683 0.058339 0.123434
v 0.044278 0.058393 0.125196
v 0.044586 0.058393 0.121789
v 0.044114 0.058339 0.111512
v 0.043943 0.058393 0.111569
v 0.041181 0.058341 0.101672
v 0.040988 0.058393 0.101764
v 0.014043 0.058335 0.076914
v 0.014077 0.058408 0.077105
v 0.003978 0.058335 0.074833
v 0.004055 0.058408 0.075012
v -0.006304 0.058328 0.075083
v -0.006162 0.058422 0.075262
v -0.0373 0.058332 0.094666
v -0.0371 0.058422 0.094656
v -0.041982 0.058335 0.103803
v -0.04179 0.058408 0.103776
v -0.044683 0.058339 0.115497
v -0.044278 0.058393 0.113735
v -0.044587 0.058393 0.117141
v -0.044207 0.058365 0.127365
v -0.044053 0.058341 0.12738
v -0.043935 0.058423 0.127316
v -0.040988 0.058393 0.137167
v -0.022232 0.058811 0.080914
v -0.019098 0.058811 0.079269
v -0.016029 0.05878 0.077933
v -0.012864 0.058811 0.076863
v -0.009565 0.058811 0.076003
v -0.00608 0.058811 0.075379
v -0.00276 0.058814 0.075053
v 0.000637 0.058778 0.074949
v 0.004094 0.058777 0.075133
v 0.007432 0.058814 0.075593
v 0.010765 0.058778 0.076266
v 0.014083 0.05876 0.077222
v 0.017288 0.058794 0.078447
v 0.020323 0.058814 0.07988
v 0.023247 0.058811 0.081518
v 0.02619 0.058811 0.083485
v 0.028819 0.058797 0.085547
v 0.031282 0.058811 0.087813
v 0.033699 0.058811 0.090398
v 0.035822 0.05876 0.093016
v 0.037721 0.05878 0.095822
v 0.039374 0.058811 0.098726
v 0.040903 0.058777 0.101884
v 0.042126 0.058763 0.105041
v 0.043064 0.058811 0.108243
v 0.043821 0.058811 0.111701
v 0.044274 0.058814 0.115007
v 0.044488 0.058811 0.118351
v 0.044437 0.058811 0.121891
v 0.044121 0.058811 0.125285
v 0.043581 0.058763 0.128594
v 0.042751 0.058811 0.131826
v 0.041634 0.058811 0.135185
v 0.040354 0.058763 0.138284
v 0.038803 0.058778 0.141292
v 0.036977 0.058794 0.144247
v 0.035005 0.058763 0.146984
v 0.032804 0.058761 0.149576
v 0.030419 0.058794 0.151962
v 0.027802 0.05876 0.154248
v 0.025071 0.058764 0.156263
v 0.022214 0.058794 0.158038
v 0.019098 0.058811 0.159662
v 0.016031 0.058814 0.160975
v 0.012862 0.058811 0.162068
v 0.009508 0.058761 0.162966
v 0.006115 0.058777 0.163565
v 0.002746 0.058763 0.163907
v -0.00059 0.058811 0.163964
v -0.004087 0.058761 0.163806
v -0.007432 0.058814 0.163338
v -0.010715 0.058811 0.162659
v -0.014088 0.058777 0.161699
v -0.017275 0.05876 0.160507
v -0.020342 0.05878 0.159064
v -0.023274 0.058794 0.157408
v -0.02619 0.058811 0.155446
v -0.028808 0.058814 0.153379
v -0.031308 0.058794 0.151106
v -0.033699 0.058811 0.148532
v -0.035801 0.05878 0.145927
v -0.037672 0.058811 0.143158
v -0.039375 0.058811 0.140204
v -0.040903 0.058777 0.137047
v -0.042126 0.058763 0.133889
v -0.043064 0.058811 0.130687
v -0.043821 0.058811 0.127229
v -0.044286 0.058811 0.123852
v -0.044485 0.058814 0.120522
v -0.044437 0.058811 0.117041
v -0.044121 0.058811 0.113646
v -0.043556 0.058814 0.110358
v -0.042751 0.058811 0.107105
v -0.041635 0.058811 0.103746
v -0.040335 0.058814 0.100673
v -0.03881 0.058811 0.097689
v -0.036991 0.058777 0.09469
v -0.034971 0.058794 0.091926
v -0.03279 0.058797 0.089368
v -0.030403 0.058761 0.086932
v -0.027755 0.05881 0.084677
v -0.025068 0.058814 0.0827
v -0.042029 0.058869 0.133766
v -0.040794 0.058881 0.136833
v -0.037535 0.058867 0.142873
v -0.035763 0.058881 0.14567
v -0.02024 0.058843 0.158762
v -0.023058 0.05876 0.157074
v -0.020149 0.058705 0.158696
v -0.017158 0.058778 0.160112
v -0.024474 0.058876 0.156437
v -0.02874 0.058871 0.15312
v -0.025904 0.058764 0.155178
v -0.013017 0.058874 0.161892
v -0.014004 0.058843 0.161391
v -0.010635 0.05876 0.162278
v -0.007498 0.058867 0.163061
v -0.004082 0.058851 0.163498
v -0.00405 0.058723 0.163384
v -0.000648 0.058764 0.163578
v -0.020361 0.058871 0.158893
v -0.017321 0.058876 0.160322
v -0.000783 0.058874 0.163755
v 0.002684 0.058843 0.163587
v 0.009387 0.058843 0.16266
v 0.00602 0.058778 0.163172
v 0.009404 0.058707 0.162554
v 0.012697 0.058722 0.161703
v -0.004143 0.058869 0.163666
v 0.002653 0.058869 0.163781
v 0.021929 0.058878 0.157976
v 0.018954 0.058873 0.15948
v 0.021981 0.058764 0.157717
v 0.0249 0.058779 0.155887
v 0.009387 0.058869 0.162857
v 0.027619 0.058876 0.154199
v 0.024879 0.058876 0.156211
v 0.02751 0.058778 0.153958
v 0.030127 0.058878 0.151967
v 0.030118 0.058764 0.151703
v 0.032544 0.058778 0.149255
v 0.034741 0.058851 0.146826
v 0.034661 0.058722 0.146739
v 0.036671 0.058764 0.143992
v 0.032597 0.058876 0.149576
v 0.03674 0.058878 0.144247
v 0.03846 0.058758 0.14107
v 0.040061 0.058851 0.13819
v 0.039963 0.058722 0.138125
v 0.041279 0.05876 0.135024
v 0.043255 0.058843 0.128569
v 0.042355 0.058745 0.131788
v 0.043164 0.058703 0.128506
v 0.043736 0.058759 0.12522
v 0.041419 0.058874 0.135173
v 0.042484 0.058873 0.131938
v 0.034849 0.058869 0.146968
v 0.038542 0.058881 0.14138
v 0.043434 0.058869 0.12865
v 0.044242 0.058874 0.116699
v 0.044146 0.058874 0.123484
v 0.044099 0.058758 0.118389
v 0.043894 0.058758 0.115086
v 0.042007 0.058889 0.105282
v 0.042891 0.058873 0.108476
v 0.041721 0.05874 0.105154
v 0.04052 0.058754 0.102039
v 0.043629 0.058874 0.111801
v 0.038224 0.058877 0.096951
v 0.040793 0.058881 0.102098
v 0.039068 0.058763 0.098971
v 0.037479 0.058843 0.09603
v 0.035588 0.058851 0.093216
v 0.035472 0.058718 0.093259
v 0.033377 0.058782 0.090605
v 0.026064 0.058867 0.083723
v 0.028595 0.058757 0.085878
v 0.02589 0.058689 0.083771
v 0.023111 0.058763 0.081886
v 0.028831 0.058878 0.08581
v 0.032173 0.058875 0.088964
v 0.020303 0.058867 0.080164
v 0.020164 0.058699 0.080246
v 0.01713 0.058757 0.078816
v 0.014007 0.058851 0.077521
v 0.013939 0.058725 0.07762
v 0.010679 0.058717 0.076676
v 0.023306 0.058874 0.081795
v 0.000701 0.058843 0.075268
v 0.003975 0.058764 0.075527
v 0.000699 0.058714 0.075366
v -0.002766 0.05876 0.075438
v 0.017334 0.058878 0.078679
v 0.014105 0.058869 0.077371
v -0.006004 0.058871 0.075618
v -0.006081 0.058721 0.075783
v -0.009463 0.058764 0.076375
v -0.018953 0.058871 0.079472
v -0.015868 0.058759 0.078305
v -0.019004 0.058726 0.079663
v -0.021953 0.058867 0.081061
v -0.021952 0.058711 0.081212
v -0.024882 0.058761 0.083038
v -0.00933 0.058874 0.076162
v -0.012625 0.058867 0.077069
v -0.015793 0.058881 0.078037
v -0.036716 0.058843 0.094853
v -0.034669 0.058759 0.092187
v -0.036665 0.058708 0.094954
v -0.038466 0.058761 0.097866
v -0.02484 0.058874 0.082789
v -0.027573 0.058873 0.084822
v -0.030243 0.058869 0.086965
v -0.030157 0.058851 0.087122
v -0.032527 0.058878 0.089366
v -0.034736 0.058878 0.091945
v -0.040067 0.058871 0.10067
v -0.039969 0.058723 0.100819
v -0.041306 0.058764 0.103966
v -0.037461 0.058874 0.095671
v -0.041419 0.058874 0.103758
v -0.042373 0.058762 0.107188
v -0.043015 0.058874 0.108754
v -0.043181 0.058758 0.110447
v -0.043738 0.058759 0.113727
v -0.044288 0.058874 0.12038
v -0.044146 0.058874 0.115446
v -0.044101 0.058754 0.120476
v -0.043896 0.05876 0.123842
v -0.042914 0.058874 0.130447
v -0.043901 0.058874 0.125611
v -0.042694 0.058761 0.130573
v -0.04185 0.058851 0.133754
v -0.039283 0.058874 0.139936
v -0.039058 0.058764 0.139981
v -0.0355 0.058759 0.145653
v -0.033358 0.058764 0.148338
v -0.032254 0.058876 0.149889
v -0.031032 0.058759 0.150818
v -0.028587 0.058724 0.153052
v -0.013933 0.058708 0.16131
v -0.007397 0.058704 0.162942
v 0.002725 0.058705 0.163483
v 0.012626 0.058871 0.161883
v 0.015853 0.058722 0.160622
v 0.018961 0.058741 0.159291
v 0.015836 0.058871 0.160792
v 0.005972 0.058877 0.163418
v 0.040199 0.058869 0.138305
v 0.044055 0.058763 0.121811
v 0.043431 0.058761 0.111729
v 0.042705 0.058745 0.108416
v 0.037371 0.058699 0.096052
v 0.031033 0.058756 0.088118
v 0.035755 0.058869 0.09315
v 0.010905 0.058887 0.076534
v 0.007384 0.058759 0.075974
v 0.007534 0.058874 0.075814
v 0.004229 0.058881 0.075331
v -0.000392 0.058874 0.075088
v -0.012629 0.058702 0.077212
v -0.027549 0.058738 0.08502
v -0.030126 0.058726 0.08725
v -0.032505 0.058758 0.089644
v -0.04405 0.058756 0.117118
v -0.043427 0.058764 0.127243
v -0.041726 0.058721 0.133752
v -0.040532 0.058759 0.136875
v -0.037367 0.058706 0.14289
v -0.043932 0.057847 0.123277
v -0.043512 0.057847 0.126622
v -0.042823 0.057847 0.129982
v -0.041867 0.057847 0.133305
v -0.028728 0.057847 0.15292
v -0.040678 0.057847 0.13649
v -0.039248 0.057847 0.139567
v -0.037571 0.057847 0.14255
v -0.035664 0.057847 0.1454
v -0.033554 0.057847 0.148077
v -0.031234 0.057847 0.150593
v 0.012239 0.057847 0.077103
v 0.01558 0.057847 0.078216
v 0.018707 0.057847 0.079534
v 0.021743 0.057847 0.081102
v 0.024657 0.057847 0.082907
v 0.027411 0.057847 0.084924
v 0.030005 0.057847 0.087152
v 0.032411 0.057847 0.089568
v 0.034659 0.057847 0.092208
v 0.036648 0.057847 0.094942
v 0.038437 0.057847 0.097854
v 0.039999 0.057847 0.100904
v 0.041316 0.057847 0.104055
v 0.042385 0.057847 0.107302
v 0.043199 0.057847 0.11062
v 0.043759 0.057847 0.114049
v 0.044048 0.057847 0.117405
v 0.044073 0.057847 0.120825
v 0.043838 0.057847 0.124233
v 0.043325 0.057847 0.127679
v 0.042574 0.057847 0.130951
v 0.041554 0.057847 0.134218
v 0.040287 0.057847 0.137393
v 0.038777 0.057847 0.14046
v 0.037028 0.057847 0.143409
v 0.035069 0.057847 0.146199
v 0.032868 0.057847 0.148864
v 0.030516 0.057847 0.151297
v 0.027953 0.057847 0.153569
v 0.02522 0.057847 0.155638
v 0.022352 0.057847 0.157477
v 0.01933 0.057847 0.159098
v 0.016211 0.057847 0.160474
v 0.012968 0.057847 0.161612
v 0.009679 0.057847 0.162486
v 0.006311 0.057847 0.163107
v 0.002909 0.057847 0.163466
v -0.000503 0.057847 0.163559
v -0.003923 0.057847 0.163387
v -0.007311 0.057847 0.162951
v -0.010662 0.057847 0.162254
v -0.013943 0.057847 0.161299
v -0.017142 0.057847 0.160094
v -0.02024 0.057847 0.158642
v -0.023211 0.057847 0.156958
v -0.026051 0.057847 0.155044
v 0.009004 0.057847 0.076298
v 0.005653 0.057848 0.07574
v 0.002225 0.057847 0.075425
v -0.001363 0.057847 0.075393
v -0.004607 0.057847 0.07561
v -0.007988 0.057847 0.076102
v -0.011397 0.057847 0.076869
v -0.014598 0.057847 0.077855
v -0.017777 0.057847 0.079118
v -0.020854 0.057847 0.080612
v -0.023933 0.057847 0.082434
v -0.026606 0.057847 0.0843
v -0.029254 0.057847 0.086472
v -0.031762 0.057847 0.088879
v -0.034109 0.057848 0.091513
v -0.036074 0.057847 0.094105
v -0.037932 0.057847 0.096979
v -0.039598 0.057847 0.100059
v -0.04095 0.057847 0.103108
v -0.042097 0.057847 0.10634
v -0.042997 0.057847 0.109686
v -0.043619 0.057847 0.112993
v -0.043989 0.057847 0.116407
v -0.044095 0.057849 0.119773
v -0.002436 0.057847 0.164399
v -0.00728 0.057847 0.163872
v -0.012039 0.057847 0.162825
v 0.021078 0.057847 0.159223
v 0.016656 0.057847 0.161269
v 0.012039 0.057847 0.162825
v 0.00728 0.057847 0.163872
v 0.002436 0.057847 0.164399
v -0.016656 0.057847 0.161269
v -0.021078 0.057847 0.159223
v -0.025253 0.057847 0.156711
v -0.029132 0.057847 0.085169
v -0.025253 0.057847 0.08222
v -0.021078 0.057847 0.079708
v -0.016656 0.057847 0.077662
v 0.021078 0.057847 0.079708
v 0.025253 0.057847 0.08222
v 0.029132 0.057847 0.085169
v 0.032669 0.057847 0.088519
v 0.035824 0.057847 0.092233
v 0.038558 0.057847 0.096266
v 0.044999 0.057847 0.119465
v 0.044736 0.057847 0.124331
v 0.043947 0.057847 0.129139
v 0.038558 0.057847 0.142665
v 0.035824 0.057847 0.146698
v 0.032669 0.057847 0.150411
v -0.012039 0.057847 0.076106
v -0.00728 0.057847 0.075059
v -0.002436 0.057847 0.074532
v 0.04084 0.057847 0.100571
v 0.042644 0.057847 0.105097
v 0.043947 0.057847 0.109792
v 0.044736 0.057847 0.1146
v 0.042644 0.057847 0.133834
v 0.04084 0.057847 0.13836
v 0.029132 0.057847 0.153762
v 0.025253 0.057847 0.156711
v 0.002436 0.057847 0.074532
v 0.00728 0.057847 0.075059
v 0.012039 0.057847 0.076106
v 0.016656 0.057847 0.077662
v -0.029132 0.057847 0.153762
v -0.032669 0.057847 0.150411
v -0.04084 0.057847 0.13836
v -0.042644 0.057847 0.133834
v -0.043947 0.057847 0.129139
v -0.042644 0.057847 0.105097
v -0.04084 0.057847 0.100571
v -0.038558 0.057847 0.096266
v -0.035824 0.057847 0.092233
v -0.032669 0.057847 0.088519
v -0.035824 0.057847 0.146698
v -0.038558 0.057847 0.142665
v -0.044736 0.057847 0.1146
v -0.043947 0.057847 0.109792
v -0.044736 0.057847 0.124331
v -0.044999 0.057847 0.119465
v 0.043826 0.057573 0.109147
v 0.042644 0.057567 0.105097
v 0.04084 0.057567 0.100571
v 0.038558 0.057567 0.096266
v 0.035824 0.057567 0.092233
v 0.032669 0.057567 0.088519
v 0.029132 0.057567 0.085169
v 0.025253 0.057567 0.08222
v 0.021078 0.057567 0.079708
v 0.016656 0.057567 0.077662
v 0.012039 0.057567 0.076106
v 0.00728 0.057567 0.075059
v 0.002436 0.057567 0.074532
v -0.002436 0.057567 0.074532
v -0.00728 0.057567 0.075059
v -0.012039 0.057567 0.076106
v -0.016656 0.057567 0.077662
v -0.021078 0.057567 0.079708
v -0.025253 0.057567 0.08222
v -0.029132 0.057567 0.085169
v -0.032669 0.057567 0.088519
v -0.035824 0.057567 0.092233
v -0.038558 0.057567 0.096266
v -0.04084 0.057567 0.100571
v -0.042644 0.057567 0.105097
v -0.043947 0.057567 0.109792
v -0.044736 0.057567 0.1146
v -0.044999 0.057567 0.119465
v -0.044736 0.057567 0.124331
v -0.043947 0.057567 0.129139
v -0.042644 0.057567 0.133834
v -0.04084 0.057567 0.13836
v -0.038558 0.057567 0.142665
v -0.035824 0.057567 0.146698
v -0.032669 0.057567 0.150411
v -0.029132 0.057567 0.153762
v -0.025253 0.057567 0.156711
v -0.021078 0.057567 0.159223
v -0.016656 0.057567 0.161269
v -0.012039 0.057567 0.162825
v -0.00728 0.057567 0.163872
v -0.002436 0.057567 0.164399
v 0.002436 0.057567 0.164399
v 0.00728 0.057567 0.163872
v 0.012039 0.057567 0.162825
v 0.016656 0.057567 0.161269
v 0.021078 0.057567 0.159223
v 0.025253 0.057567 0.156711
v 0.029132 0.057567 0.153762
v 0.032669 0.057567 0.150411
v 0.035824 0.057567 0.146698
v 0.038558 0.057567 0.142665
v 0.04084 0.057567 0.13836
v 0.042644 0.057567 0.133834
v 0.043947 0.057567 0.129139
v 0.044736 0.057567 0.124331
v 0.044999 0.057567 0.119465
v 0.044736 0.057567 0.1146
v 0.043652 0.057038 0.109879
v 0.042359 0.057047 0.105193
v 0.040568 0.057047 0.100697
v 0.038301 0.057047 0.09642
v 0.035585 0.057042 0.092422
v 0.032451 0.057047 0.088726
v 0.028938 0.057047 0.085397
v 0.025114 0.05704 0.082496
v 0.020938 0.057047 0.079973
v 0.016545 0.057047 0.077941
v 0.012009 0.057037 0.076419
v 0.007231 0.057047 0.075355
v 0.002466 0.057039 0.074842
v -0.00242 0.057047 0.074832
v -0.007232 0.057047 0.075355
v -0.011958 0.057047 0.076395
v -0.016545 0.057047 0.077941
v -0.020938 0.057047 0.079973
v -0.025085 0.057047 0.082468
v -0.028906 0.05704 0.085379
v -0.032452 0.057047 0.088726
v -0.035585 0.057047 0.092414
v -0.038266 0.057037 0.096379
v -0.040568 0.057047 0.100697
v -0.042339 0.057039 0.105154
v -0.043654 0.057047 0.109856
v -0.044429 0.057041 0.114611
v -0.0447 0.057047 0.119465
v -0.044437 0.057047 0.124298
v -0.043656 0.057038 0.129028
v -0.04236 0.057047 0.133738
v -0.040576 0.05704 0.138203
v -0.038301 0.057047 0.14251
v -0.035585 0.057047 0.146516
v -0.032452 0.057047 0.150205
v -0.028938 0.057047 0.153534
v -0.025114 0.05704 0.156434
v -0.020938 0.057047 0.158958
v -0.016545 0.057047 0.16099
v -0.012009 0.057037 0.162511
v -0.007232 0.057047 0.163576
v -0.00242 0.057047 0.164099
v 0.00242 0.057047 0.164099
v 0.007204 0.057041 0.163574
v 0.011958 0.057047 0.162535
v 0.016545 0.057047 0.16099
v 0.020891 0.057038 0.158973
v 0.025085 0.057047 0.156463
v 0.028938 0.057047 0.153534
v 0.032451 0.057047 0.150205
v 0.035574 0.057042 0.146522
v 0.038301 0.057047 0.14251
v 0.040568 0.057047 0.138234
v 0.042338 0.05704 0.133777
v 0.043654 0.057047 0.129074
v 0.044429 0.057041 0.12432
v 0.044699 0.057047 0.119465
v 0.044437 0.057047 0.114633
v -0.015884 0.057059 0.16049
v -0.036199 0.057062 0.144476
v -0.031569 0.057059 0.150127
v -0.027537 0.057064 0.153749
v 0.017495 0.057052 0.159926
v -0.043629 0.057059 0.125109
v -0.040972 0.057062 0.135515
v -0.001482 0.05706 0.163446
v -0.008449 0.057058 0.076257
v 0.00393 0.057064 0.163262
v -0.018073 0.057058 0.079319
v -0.022964 0.057062 0.081955
v 0.029429 0.05706 0.152182
v 0.039425 0.057058 0.099868
v 0.015451 0.057052 0.078181
v 0.005413 0.057063 0.075801
v -0.02758 0.05706 0.085215
v 0.033203 0.057064 0.148296
v 0.040662 0.057052 0.136487
v 0.04327 0.057064 0.127302
v 0.04365 0.057052 0.113317
v 0.036611 0.057064 0.095106
v 0.027187 0.057052 0.084766
v -0.043425 0.057062 0.112383
v -0.035715 0.057052 0.093627
v -0.04067 0.057062 0.102675
v -0.043942 0.057076 0.119097
v -0.04208 0.057121 0.107534
v -0.038215 0.057121 0.098189
v -0.031419 0.057071 0.088714
v -0.012825 0.057121 0.077649
v -0.001174 0.057072 0.075528
v 0.010221 0.057121 0.076938
v 0.021196 0.057073 0.080962
v 0.031997 0.057068 0.089286
v 0.041972 0.057073 0.10642
v 0.043981 0.057068 0.119907
v 0.042074 0.057125 0.131409
v 0.03761 0.057069 0.142258
v 0.023537 0.057068 0.156622
v 0.011296 0.057069 0.161968
v -0.008806 0.057068 0.162558
v -0.021336 0.057071 0.157906
v -0.038615 0.057121 0.140006
v -0.042298 0.057125 0.130589
v -0.043446 0.057113 0.114451
v -0.04376 0.057143 0.119171
v -0.042728 0.057105 0.110141
v -0.041023 0.057149 0.104337
v -0.039616 0.057107 0.100937
v -0.032394 0.057149 0.090098
v -0.034524 0.057142 0.092633
v -0.024779 0.057142 0.083439
v -0.027531 0.057149 0.085498
v -0.030051 0.057149 0.087705
v -0.015935 0.057142 0.078747
v -0.019067 0.057149 0.080118
v -0.022024 0.057149 0.081693
v -0.006258 0.057142 0.07619
v -0.009601 0.057149 0.076809
v -0.002976 0.057149 0.075843
v 0.000372 0.057149 0.075743
v 0.003705 0.057114 0.075885
v 0.007042 0.057149 0.076312
v 0.016763 0.057142 0.079081
v 0.019733 0.057149 0.080448
v 0.022662 0.057149 0.082073
v 0.025509 0.057142 0.083952
v 0.030586 0.057149 0.088221
v 0.028145 0.057141 0.086001
v 0.03294 0.057105 0.090694
v 0.035043 0.057142 0.093314
v 0.040085 0.057142 0.102
v 0.03848 0.057115 0.098685
v 0.036381 0.057088 0.095178
v 0.043008 0.057142 0.111577
v 0.042258 0.057149 0.108238
v 0.041274 0.057149 0.105036
v 0.043675 0.057104 0.121748
v 0.043704 0.057149 0.118162
v 0.043483 0.057141 0.114859
v 0.043386 0.05714 0.124908
v 0.042852 0.057149 0.128154
v 0.038396 0.057114 0.140402
v 0.039745 0.057141 0.137695
v 0.03609 0.057104 0.144165
v 0.034532 0.057141 0.146289
v 0.032394 0.057149 0.148832
v 0.029753 0.057107 0.15152
v 0.027495 0.057141 0.153465
v 0.02485 0.057149 0.155441
v 0.021936 0.057105 0.157302
v 0.019007 0.05714 0.158844
v 0.012927 0.057113 0.161249
v 0.016031 0.057142 0.160147
v 0.006294 0.057141 0.162736
v 0.009601 0.057149 0.162122
v 0.003374 0.057112 0.16307
v -0.003753 0.057141 0.16303
v -0.000972 0.057105 0.163188
v -0.010599 0.057103 0.161896
v -0.007042 0.057149 0.162618
v -0.013601 0.05714 0.161023
v -0.016689 0.057149 0.159879
v -0.01974 0.05711 0.158494
v -0.022663 0.057149 0.156858
v -0.02546 0.057141 0.155014
v -0.027882 0.057114 0.153158
v -0.031154 0.057104 0.150157
v -0.032905 0.057141 0.148262
v -0.034997 0.057149 0.145675
v -0.037156 0.057106 0.142533
v -0.040049 0.057149 0.137012
v -0.041335 0.057104 0.133756
v -0.043485 0.057113 0.124164
v -0.042993 0.057141 0.127436
v 0.040998 0.057142 0.134667
v 0.013511 0.057142 0.07788
v -0.03652 0.057142 0.095419
v -0.043724 0.057047 0.119465
v -0.042666 0.057047 0.129027
v -0.039542 0.057047 0.138126
v -0.034504 0.057047 0.146321
v -0.023915 0.057047 0.156069
v -0.015331 0.057047 0.160413
v -0.006006 0.057047 0.162775
v 0.008382 0.057047 0.162378
v 0.017564 0.057047 0.159506
v 0.025895 0.057047 0.154697
v 0.032972 0.057047 0.148181
v 0.04051 0.057047 0.135919
v 0.042074 0.057047 0.131363
v 0.043127 0.057047 0.126662
v 0.043657 0.057047 0.117057
v 0.043127 0.057047 0.112269
v 0.042074 0.057047 0.107568
v 0.04051 0.057047 0.103012
v 0.029613 0.057047 0.087297
v 0.025895 0.057047 0.084234
v 0.021862 0.057047 0.081599
v 0.017564 0.057047 0.079424
v 0.013052 0.057047 0.077735
v 0.008382 0.057047 0.076553
v -0.001205 0.057047 0.075758
v -0.006006 0.057047 0.076156
v -0.010734 0.057047 0.07708
v -0.015331 0.057047 0.078518
v -0.019743 0.057047 0.080453
v -0.023915 0.057047 0.082861
v -0.027796 0.057047 0.085714
v -0.031341 0.057047 0.088977
v -0.034504 0.057047 0.09261
v -0.037249 0.057047 0.096568
v -0.041355 0.057047 0.105268
vn -0.000965 0.000256 0.000053
vn -0.000991 0.000128 0.000048
vn -0.000987 -0.000099 0.000124
vn -0.00092 0.00036 0.000154
vn -0.000948 0.000169 0.000271
vn -0.000937 0.000228 0.000265
vn -0.000976 -0.000084 0.0002
vn -0.000936 -0.000041 0.00035
vn -0.000868 0.00035 0.000353
vn -0.000871 0.000014 0.000491
vn -0.000838 0.000303 0.000454
vn -0.000901 -0.000115 0.000419
vn -0.000831 0.000016 0.000555
vn -0.000784 0.000302 0.000543
vn -0.000731 -0.000065 0.00068
vn -0.000687 0.000412 0.000598
vn -0.000783 -0.000099 0.000614
vn -0.000553 0.00036 0.000752
vn -0.000678 0.000107 0.000727
vn -0.00066 0.000227 0.000716
vn -0.000619 -0.000085 0.000781
vn -0.00048 0.000286 0.000829
vn -0.000483 0.000257 0.000837
vn -0.000556 -0.000098 0.000825
vn -0.000417 0.000072 0.000906
vn -0.000379 0.000332 0.000864
vn -0.000274 0.00002 0.000962
vn -0.000264 0.000464 0.000845
vn -0.000358 -0.000066 0.000932
vn -0.000202 0.000087 0.000976
vn -0.000184 0.000281 0.000942
vn -0.000048 -0.000089 0.000995
vn -0.000077 0.000356 0.000931
vn -0.000127 -0.000109 0.000986
vn 0.000119 0.000496 0.00086
vn 0.000025 0.000147 0.000989
vn 0.000027 0.000194 0.000981
vn 0.000099 -0.000048 0.000994
vn 0.000249 0.000224 0.000942
vn 0.000224 0.000406 0.000886
vn 0.000183 -0.000017 0.000983
vn 0.000336 0.000108 0.000936
vn 0.000332 0.000319 0.000887
vn 0.000471 -0.000017 0.000882
vn 0.000431 0.000299 0.000851
vn 0.000401 -0.000129 0.000907
vn 0.000536 0.000129 0.000834
vn 0.000529 0.000256 0.000809
vn 0.000601 -0.000099 0.000793
vn 0.000593 0.000359 0.00072
vn 0.000695 0.00024 0.000677
vn 0.000698 0.000228 0.000679
vn 0.000661 -0.000085 0.000745
vn 0.000773 -0.000007 0.000634
vn 0.000739 0.00035 0.000575
vn 0.000861 0.000002 0.000508
vn 0.000812 0.000304 0.000499
vn 0.000813 -0.000114 0.000571
vn 0.000896 0.000002 0.000443
vn 0.000862 0.000302 0.000407
vn 0.000954 -0.000039 0.000298
vn 0.000886 0.00035 0.000304
vn 0.000922 -0.000116 0.000368
vn 0.000927 0.00036 0.000103
vn 0.00096 0.000177 0.000216
vn 0.000957 0.000197 0.000214
vn 0.000984 -0.0001 0.000147
vn 0.000996 0.000086 -0.000009
vn 0.000966 0.000257 -0
vn 0.000993 -0.000098 0.000069
vn 0.000996 -0.000039 -0.000084
vn 0.000935 0.00034 -0.000103
vn 0.000971 0.000014 -0.000238
vn 0.000924 0.000321 -0.000207
vn 0.00098 -0.000118 -0.000162
vn 0.000946 0.000087 -0.000313
vn 0.000908 0.000281 -0.000312
vn 0.000888 -0.000061 -0.000455
vn 0.000845 0.000356 -0.000399
vn 0.000917 -0.000109 -0.000383
vn 0.000737 0.000356 -0.000574
vn 0.000831 0.000219 -0.000512
vn 0.000836 0.000194 -0.000514
vn 0.000807 -0.000068 -0.000587
vn 0.000708 0.000036 -0.000705
vn 0.000698 0.00023 -0.000679
vn 0.000754 -0.000125 -0.000645
vn 0.000651 -0.000027 -0.000758
vn 0.000613 0.000266 -0.000744
vn 0.000525 -0.000051 -0.000849
vn 0.000522 0.000297 -0.000799
vn 0.000585 -0.000142 -0.000798
vn 0.000465 0.00006 -0.000883
vn 0.000418 0.000379 -0.000826
vn 0.00039 -0.000009 -0.000921
vn 0.000304 0.000499 -0.000812
vn 0.000239 0.000353 -0.000905
vn 0.000241 0.000182 -0.000953
vn 0.000308 -0.000083 -0.000948
vn 0.000162 0.000049 -0.000986
vn 0.000125 0.000412 -0.000903
vn 0.000012 0.000046 -0.000999
vn 0.000026 0.000304 -0.000952
vn 0.000086 -0.000098 -0.000991
vn -0.000067 0.000044 -0.000997
vn -0.000079 0.000302 -0.00095
vn -0.000214 0.000042 -0.000976
vn -0.00018 0.00035 -0.000919
vn -0.000142 -0.000115 -0.000983
vn -0.000348 0.000499 -0.000793
vn -0.000282 0.000317 -0.000906
vn -0.00028 0.000348 -0.000895
vn -0.000367 0.000006 -0.00093
vn -0.000506 0.000073 -0.00086
vn -0.000489 0.000208 -0.000847
vn -0.000443 -0.00009 -0.000892
vn -0.00057 -0.000051 -0.00082
vn -0.000557 0.00034 -0.000758
vn -0.000692 -0.000012 -0.000722
vn -0.000649 0.000284 -0.000705
vn -0.00063 -0.000128 -0.000766
vn -0.000744 0.000051 -0.000666
vn -0.000724 0.000281 -0.00063
vn -0.000838 -0.000061 -0.000542
vn -0.000768 0.000356 -0.000532
vn -0.000791 -0.000109 -0.000603
vn -0.000879 0.000315 -0.000357
vn -0.000859 0.000218 -0.000463
vn -0.000863 0.000194 -0.000467
vn -0.000912 -0.000073 -0.000404
vn -0.000962 0.000084 -0.00026
vn -0.000923 0.000282 -0.000261
vn -0.000936 -0.000116 -0.000333
vn -0.000983 0.000013 -0.000184
vn -0.000932 0.000327 -0.000156
vn -0.000987 -0.000117 -0.000107
vn -0.000941 0.000334 -0.000052
vn -0.000999 -0.000015 -0.000031
vn 0.000405 0.000651 -0.000642
vn 0.000188 0.000929 -0.00032
vn 0.00008 0.000989 -0.000126
vn -0.000311 0.000807 0.000502
vn -0.000327 0.000786 0.000525
vn 0.000015 0.000744 -0.000668
vn -0.000002 0.000906 -0.000422
vn -0.000001 0.000885 0.000465
vn -0.000005 0.000915 0.000402
vn -0.000187 0.000929 -0.000319
vn -0.000185 0.000931 -0.000316
vn 0.000311 0.000787 0.000532
vn 0.000325 0.000767 0.000553
vn -0.00072 0.000573 -0.000392
vn -0.000608 0.000726 -0.000322
vn -0.000176 0.000979 -0.000103
vn 0.000332 0.000924 0.000189
vn 0.000645 0.00068 0.000349
vn -0.000678 0.000735 0.000028
vn -0.000611 0.000791 0.00003
vn 0.000412 0.000911 -0.00002
vn 0.000401 0.000916 -0.000019
vn 0.000445 0.00065 -0.000616
vn 0.000224 0.00093 -0.000291
vn 0.000089 0.000988 -0.000124
vn -0.000341 0.000819 0.000462
vn -0.000379 0.000766 0.000519
vn 0.000056 0.00073 -0.000682
vn 0.000052 0.000853 -0.00052
vn -0.000033 0.000933 0.00036
vn -0.000038 0.000922 0.000386
vn -0.000303 0.000709 -0.000637
vn -0.00017 0.000929 -0.000327
vn 0.000096 0.00098 0.000175
vn 0.000265 0.000787 0.000557
vn -0.000691 0.000569 -0.000446
vn -0.000681 0.000585 -0.00044
vn -0.000305 0.000932 -0.000197
vn 0.000302 0.000933 0.000195
vn -0.000816 0.000577 -0.000027
vn -0.000694 0.00072 -0.000015
vn -0.000203 0.000979 -0.000014
vn 0.00038 0.000925 0.00002
vn 0.000725 0.000688 0.000022
vn -0.000145 0.000855 0.000498
vn -0.000127 0.0009 0.000417
vn 0.000118 0.000913 -0.000391
vn 0.000126 0.000902 -0.000413
vn 0.000238 0.000931 -0.000277
vn 0.000232 0.000935 -0.000269
vn -0.000402 0.000788 0.000466
vn -0.000419 0.000765 0.000489
vn 0.000089 0.000845 -0.000528
vn 0.00009 0.000839 -0.000536
vn -0.000041 0.000967 0.000253
vn -0.000059 0.00094 0.000335
vn -0.000266 0.000701 -0.000662
vn -0.00016 0.000888 -0.000431
vn 0.000065 0.000982 0.000179
vn 0.000161 0.000899 0.000407
vn -0.000649 0.00058 -0.000493
vn -0.000523 0.000749 -0.000407
vn -0.000157 0.000981 -0.000111
vn 0.000482 0.000803 0.00035
vn 0.000324 0.000913 0.000247
vn -0.000814 0.000575 -0.000082
vn -0.00041 0.000911 -0.000048
vn 0.000361 0.000932 0.000039
vn 0.000046 0.000932 -0.00036
vn -0.000046 0.000932 0.00036
vn -0.000105 0.000575 0.000811
vn -0.000105 0.000567 0.000817
vn -0.000021 0.000765 -0.000644
vn -0.000001 0.000925 -0.000381
vn -0.000002 0.000934 0.000358
vn 0.000026 0.000731 0.000682
vn -0.000049 0.000911 -0.000409
vn -0.000018 0.000976 -0.000217
vn 0.000067 0.000758 0.000649
vn 0.000067 0.000745 0.000663
vn -0.00006 0.000972 -0.000226
vn -0.000048 0.000981 -0.00019
vn 0.000159 0.000776 0.000611
vn 0.000189 0.000689 0.000699
vn -0.000156 0.000874 -0.00046
vn -0.000072 0.00098 -0.000184
vn 0.000073 0.000978 0.000195
vn 0.000233 0.000698 0.000677
vn 0.000275 0.000564 0.000778
vn -0.000247 0.000855 -0.000456
vn -0.000175 0.000925 -0.000339
vn 0.00026 0.000827 0.000498
vn 0.000325 0.000732 0.000599
vn -0.000265 0.000917 -0.000299
vn -0.000408 0.0008 -0.00044
vn 0.00021 0.000952 0.000224
vn 0.000435 0.000745 0.000506
vn -0.000328 0.000916 -0.000231
vn -0.000409 0.000868 -0.00028
vn 0.000174 0.000978 0.000114
vn 0.000543 0.000744 0.00039
vn 0.000673 0.000571 0.000471
vn -0.000581 0.000764 -0.000282
vn -0.000337 0.000925 -0.000176
vn 0.000316 0.000934 0.000168
vn 0.000609 0.000738 0.000292
vn -0.000378 0.000913 -0.00015
vn -0.000457 0.000872 -0.000176
vn 0.000195 0.000978 0.000071
vn 0.000615 0.000747 0.000253
vn 0.000768 0.000563 0.000305
vn -0.000504 0.000856 -0.000117
vn -0.000394 0.000915 -0.000085
vn 0.000481 0.000871 0.000104
vn 0.000645 0.000748 0.000153
vn -0.000547 0.000833 -0.000079
vn -0.000656 0.00075 -0.000088
vn 0.000173 0.000985 0.000021
vn 0.000478 0.000875 0.00008
vn 0.000819 0.000562 0.000116
vn -0.00057 0.000822 0.000003
vn -0.000654 0.000757 -0.000001
vn 0.000157 0.000988 0
vn 0.000291 0.000957 -0.000008
vn 0.000815 0.000579 0.000001
vn -0.000391 0.000915 0.000096
vn -0.000373 0.000923 0.00009
vn 0.000647 0.000746 -0.000157
vn 0.000666 0.000728 -0.000163
vn -0.000356 0.000917 0.000182
vn -0.000435 0.000871 0.00023
vn 0.000182 0.000978 -0.0001
vn 0.000601 0.000741 -0.0003
vn 0.000732 0.000568 -0.000377
vn -0.000293 0.000932 0.000214
vn 0.000336 0.000911 -0.000241
vn 0.000654 0.000581 -0.000484
vn -0.000473 0.000786 0.000399
vn -0.000509 0.000748 0.000426
vn 0.000127 0.000986 -0.000105
vn 0.000279 0.000928 -0.000248
vn 0.000629 0.000571 -0.000527
vn -0.000103 0.000964 0.000246
vn -0.000087 0.000976 0.000202
vn 0.000215 0.000837 -0.000503
vn 0.000247 0.000766 -0.000593
vn -0.000201 0.000787 0.000583
vn -0.000064 0.000974 0.000219
vn 0.000109 0.000928 -0.000356
vn 0.000208 0.000767 -0.000607
vn 0.000052 0.000932 0.000359
vn -0.000056 0.000911 -0.000408
vn -0.000124 0.000579 -0.000806
vn 0.000165 0.000669 0.000725
vn 0.000083 0.000918 0.000388
vn -0.000033 0.000987 -0.000156
vn -0.000115 0.000872 -0.000475
vn -0.000174 0.000582 -0.000794
vn 0.000362 0.000819 0.000445
vn 0.000262 0.000914 0.000309
vn -0.000101 0.000989 -0.000113
vn -0.000415 0.00075 -0.000515
vn -0.000478 0.000657 -0.000583
vn 0.000408 0.000808 0.000426
vn 0.000395 0.00082 0.000414
vn -0.000103 0.000989 -0.000108
vn -0.000106 0.000988 -0.000111
vn -0.00052 0.000659 -0.000543
vn -0.000526 0.00065 -0.000548
vn 0.000557 0.000807 0.000196
vn 0.000657 0.000719 0.000226
vn -0.00027 0.000958 -0.000093
vn -0.000055 0.000998 -0.00003
vn -0.000774 0.000575 -0.000267
vn 0.000349 0.000932 0.000094
vn -0.00035 0.000932 -0.000095
vn -0.000787 0.000579 -0.000213
vn -0.000794 0.000569 -0.000214
vn 0.000356 0.000932 -0.000072
vn -0.000405 0.000911 0.00008
vn -0.000802 0.000573 0.000171
vn 0.000694 0.000692 -0.000199
vn 0.000467 0.000875 -0.000127
vn -0.000158 0.000987 0.000043
vn -0.000202 0.000978 0.000058
vn -0.000785 0.000577 0.000225
vn -0.000791 0.000568 0.000227
vn 0.000364 0.000916 -0.000168
vn 0.000353 0.000921 -0.000163
vn -0.0006 0.000751 0.000276
vn -0.000619 0.000731 0.000287
vn 0.000244 0.00095 -0.000197
vn -0.00048 0.000789 0.000382
vn -0.000646 0.000575 0.000502
vn 0.00032 0.000857 -0.000404
vn 0.000241 0.000925 -0.000293
vn -0.000134 0.000978 0.000157
vn -0.000418 0.000733 0.000536
vn -0.000509 0.000577 0.000639
vn 0.000195 0.000914 -0.000355
vn 0.000114 0.000975 -0.000192
vn -0.00032 0.000764 0.000561
vn -0.000331 0.000746 0.000577
vn 0.000331 0.000627 -0.000705
vn 0.00009 0.000974 -0.000209
vn -0.000079 0.000981 0.000178
vn -0.000276 0.00077 0.000575
vn -0.000346 0.000566 0.000748
vn -0.000163 0.000565 0.000809
vn -0.000111 0.000863 0.000494
vn -0.000031 0.000984 0.000173
vn 0.000119 0.000772 -0.000625
vn 0.000094 0.000888 -0.00045
vn -0.000048 0.000576 0.000816
vn -0.000011 0.000933 0.000361
vn -0.000011 0.000986 0.000165
vn 0.000039 0.00075 -0.000661
vn 0.000034 0.000786 -0.000617
vn 0.000117 0.000765 0.000633
vn 0.000114 0.000774 0.000623
vn -0.000041 0.000973 -0.000227
vn -0.00004 0.000974 -0.000223
vn 0.000326 0.000577 0.000749
vn 0.000241 0.000815 0.000527
vn 0.000077 0.000979 0.000191
vn -0.000203 0.00086 -0.000469
vn -0.000197 0.000871 -0.00045
vn -0.000216 0.000916 -0.000338
vn -0.000271 0.00087 -0.000411
vn 0.000117 0.000978 0.000171
vn 0.000352 0.000749 0.000562
vn 0.000446 0.000568 0.000691
vn 0.000494 0.000571 0.000655
vn 0.000418 0.000729 0.000543
vn 0.000119 0.000978 0.000169
vn -0.000224 0.000925 -0.000307
vn -0.000311 0.000857 -0.00041
vn -0.000228 0.00095 -0.000215
vn 0.000438 0.000797 0.000415
vn 0.000534 0.000726 0.000434
vn 0.000355 0.000884 0.000306
vn -0.000336 0.000897 -0.000286
vn -0.000292 0.000925 -0.000244
vn 0.000699 0.000578 0.000422
vn 0.000315 0.000932 0.000178
vn 0.000175 0.000979 0.000104
vn -0.000439 0.000861 -0.000257
vn -0.000529 0.000788 -0.000317
vn 0.000782 0.000573 0.000246
vn 0.000652 0.000732 0.000197
vn 0.000195 0.000978 0.000068
vn -0.000362 0.000924 -0.000119
vn -0.000482 0.000863 -0.00015
vn 0.00082 0.00057 0.000057
vn 0.000818 0.000572 0.000057
vn 0.000362 0.000932 0.000025
vn -0.000362 0.000932 -0.000026
vn -0.000592 0.000805 0.000053
vn -0.000481 0.000876 0.000038
vn 0.000287 0.000958 -0.000022
vn 0.000213 0.000977 -0.000011
vn 0.00081 0.000582 -0.000076
vn 0.000809 0.000573 -0.000131
vn 0.000677 0.000726 -0.000117
vn 0.000205 0.000978 -0.000026
vn -0.000382 0.000922 0.000057
vn -0.000501 0.000861 0.000082
vn -0.000382 0.000916 0.000126
vn -0.000466 0.00087 0.00016
vn 0.000195 0.000978 -0.000071
vn 0.000633 0.000748 -0.000201
vn 0.000781 0.000568 -0.00026
vn 0.000765 0.000561 -0.000317
vn 0.000631 0.000727 -0.00027
vn 0.000193 0.000978 -0.000073
vn -0.000353 0.000925 0.000141
vn -0.000475 0.000857 0.000199
vn 0.000699 0.000579 -0.00042
vn 0.000229 0.000962 -0.000148
vn 0.000171 0.000979 -0.000108
vn -0.000562 0.000746 0.000356
vn -0.000432 0.000862 0.000265
vn -0.000455 0.000767 0.000453
vn -0.000438 0.000787 0.000434
vn 0.000258 0.000932 -0.000256
vn 0.00026 0.00093 -0.000258
vn 0.000255 0.000828 -0.0005
vn 0.000175 0.000931 -0.00032
vn -0.000123 0.000968 0.00022
vn -0.000291 0.000764 0.000576
vn -0.00015 0.000765 0.000627
vn -0.000068 0.000968 0.000241
vn 0.000096 0.000931 -0.000353
vn 0.000132 0.000829 -0.000543
vn -0.000023 0.000914 -0.000404
vn -0.000023 0.000964 -0.000266
vn 0.000053 0.000758 0.00065
vn 0.000032 0.000873 0.000486
vn 0.000056 0.000981 0.000184
vn -0.000225 0.000646 -0.00073
vn -0.000395 0.000734 -0.000552
vn -0.000196 0.000933 -0.000301
vn 0.000208 0.000927 0.000314
vn 0.000372 0.000764 0.000528
vn 0.000443 0.000806 0.000392
vn 0.00028 0.000924 0.00026
vn -0.000108 0.000988 -0.000106
vn -0.000561 0.000665 -0.000493
vn -0.000509 0.000731 -0.000454
vn -0.000606 0.000745 -0.00028
vn -0.000268 0.000957 -0.000109
vn 0.00038 0.000911 0.000162
vn 0.000519 0.000823 0.000232
vn 0.000722 0.000679 0.000135
vn 0.000743 0.000655 0.000139
vn -0.000143 0.000989 -0.000027
vn -0.000268 0.000962 -0.000045
vn -0.000797 0.000582 -0.000158
vn -0.000584 0.000809 0.000064
vn -0.000282 0.000958 0.000043
vn 0.00061 0.000788 -0.000089
vn 0.000434 0.000899 -0.000055
vn -0.000762 0.000583 0.000282
vn -0.000635 0.000733 0.000243
vn -0.000196 0.000978 0.000065
vn 0.000357 0.000925 -0.000127
vn 0.000477 0.000861 -0.000178
vn 0.000475 0.000839 -0.000265
vn 0.000351 0.000914 -0.000204
vn -0.000341 0.000918 0.000201
vn -0.000583 0.000747 0.000319
vn -0.000682 0.000565 0.000464
vn -0.000331 0.00092 0.000212
vn -0.000142 0.000985 0.000098
vn 0.000562 0.000732 -0.000386
vn 0.000475 0.000819 -0.000321
vn 0.000457 0.000787 -0.000414
vn 0.000369 0.000865 -0.00034
vn -0.000271 0.00093 0.00025
vn -0.000318 0.000903 0.000288
vn -0.000556 0.000567 0.000608
vn -0.000255 0.000931 0.000262
vn -0.000144 0.000978 0.000154
vn 0.000334 0.000874 -0.000353
vn 0.000436 0.000765 -0.000474
vn -0.000382 0.000729 0.000567
vn -0.000371 0.000751 0.000547
vn 0.000219 0.000921 -0.000323
vn 0.000224 0.000917 -0.000331
vn 0.000094 0.000958 -0.00027
vn -0.000215 0.000787 0.000579
vn -0.000293 0.000576 0.000763
vn 0.000331 0.000044 0.000943
vn 0.000405 0.000004 0.000914
vn 0.000392 0.00006 0.000918
vn 0.000467 0.00002 0.000884
vn 0.000472 0.00004 0.00088
vn 0.000539 0.000005 0.000842
vn 0.000529 0.000049 0.000847
vn 0.000604 0.000006 0.000797
vn 0.000592 0.000061 0.000804
vn 0.000669 -0.000004 0.000744
vn 0.000651 0.000075 0.000755
vn 0.000715 0.000025 0.000698
vn 0.000708 0.000059 0.000703
vn 0.00077 0.000011 0.000638
vn 0.000764 0.000045 0.000644
vn 0.000818 -0.000023 0.000575
vn 0.000805 0.000067 0.00059
vn 0.000852 0.000002 0.000523
vn 0.000861 0.000057 0.000506
vn 0.000895 0.000007 0.000446
vn 0.000888 0.000059 0.000456
vn 0.000928 -0.000018 0.000373
vn 0.00092 0.00006 0.000388
vn 0.000955 -0.00003 0.000296
vn 0.000946 0.000071 0.000316
vn 0.000975 -0.000025 0.000222
vn 0.000968 0.000067 0.000242
vn 0.000989 -0.000017 0.00015
vn 0.000983 0.000073 0.000168
vn 0.000997 -0.000037 0.000069
vn 0.000993 0.000078 0.000093
vn 0.001 -0.00001 0.000015
vn 0.000998 0.000061 -0.000014
vn 0.000997 -0.000004 -0.000077
vn 0.000995 0.000076 -0.00006
vn 0.000986 -0.000041 -0.000162
vn 0.000987 0.000087 -0.000135
vn 0.000977 -0.00001 -0.000214
vn 0.00097 0.00005 -0.000239
vn 0.00095 -0.000042 -0.00031
vn 0.000955 0.000078 -0.000286
vn 0.000921 -0.00006 -0.000386
vn 0.00093 0.000091 -0.000357
vn 0.000889 -0.000049 -0.000455
vn 0.000899 0.000099 -0.000427
vn 0.000866 -0.000017 -0.0005
vn 0.000848 0.000058 -0.000528
vn 0.000814 -0.000029 -0.000581
vn 0.000824 0.000092 -0.00056
vn 0.000756 -0.000073 -0.000651
vn 0.000777 0.000131 -0.000615
vn 0.000725 0.000002 -0.000689
vn 0.000706 0.000053 -0.000706
vn 0.000652 -0.000064 -0.000756
vn 0.000675 0.00012 -0.000728
vn 0.000595 -0.000039 -0.000803
vn 0.000616 0.000122 -0.000779
vn 0.000553 -0.000012 -0.000833
vn 0.000523 0.000052 -0.000851
vn 0.000496 -0.000009 -0.000868
vn 0.000458 0.000064 -0.000887
vn 0.000391 -0.000061 -0.000918
vn 0.00042 0.000113 -0.000901
vn 0.000312 -0.000086 -0.000946
vn 0.00035 0.000133 -0.000927
vn 0.000278 -0.000011 -0.00096
vn 0.000241 0.000054 -0.000969
vn 0.000211 -0.000006 -0.000977
vn 0.000166 0.000066 -0.000984
vn 0.000132 0.000002 -0.000991
vn 0.000092 0.000066 -0.000994
vn 0.000055 -0.000004 -0.000998
vn 0.000008 0.000071 -0.000997
vn -0.000029 0.000002 -0.001
vn -0.000069 0.000062 -0.000996
vn -0.000099 0.000003 -0.000995
vn -0.000137 0.00006 -0.000989
vn -0.000174 -0.00002 -0.000985
vn -0.000221 0.000055 -0.000974
vn -0.00025 -0.000009 -0.000968
vn -0.000295 0.000056 -0.000954
vn -0.000325 -0.000009 -0.000946
vn -0.000365 0.000053 -0.000929
vn -0.000393 -0.000015 -0.000919
vn -0.000439 0.000056 -0.000897
vn -0.000465 -0.000004 -0.000886
vn -0.000507 0.000061 -0.00086
vn -0.000528 0.000004 -0.000849
vn -0.000569 0.000062 -0.00082
vn -0.000596 -0.000009 -0.000803
vn -0.000633 0.000049 -0.000773
vn -0.000653 -0.000013 -0.000757
vn -0.000691 0.00005 -0.000721
vn -0.000709 -0.000009 -0.000705
vn -0.000745 0.000051 -0.000665
vn -0.000762 -0.000007 -0.000647
vn -0.000794 0.000048 -0.000606
vn -0.00081 -0.000015 -0.000587
vn -0.000839 0.000043 -0.000543
vn -0.00085 -0.000014 -0.000526
vn -0.000879 0.000047 -0.000475
vn -0.000888 -0.000002 -0.000459
vn -0.000915 0.000053 -0.0004
vn -0.000921 0.00002 -0.000388
vn -0.000938 0.000064 -0.000339
vn -0.000949 -0.000006 -0.000316
vn -0.000965 0.000046 -0.00026
vn -0.00097 -0.000008 -0.000242
vn -0.000983 0.000045 -0.000178
vn -0.000985 0.000019 -0.000169
vn -0.000992 0.000058 -0.000114
vn -0.000996 -0.000002 -0.000093
vn -0.000999 0.000044 -0.000032
vn -0.001 -0.000009 -0.000014
vn -0.000998 0.000038 0.000048
vn -0.000998 0.000003 0.00006
vn -0.000991 0.000043 0.00013
vn -0.00099 0.00003 0.000134
vn -0.000979 0.000064 0.000194
vn -0.000977 0.000004 0.000214
vn -0.00096 0.000042 0.000276
vn -0.000957 -0.000002 0.00029
vn -0.000936 0.00003 0.00035
vn -0.000934 0.00001 0.000356
vn -0.000906 0.000039 0.00042
vn -0.000904 0.000014 0.000428
vn -0.00087 0.000044 0.000491
vn -0.000867 0.000024 0.000498
vn -0.000832 0.000055 0.000552
vn -0.000826 0.000013 0.000564
vn -0.000783 0.000032 0.000621
vn -0.000781 0.000022 0.000624
vn -0.000735 0.000042 0.000677
vn -0.000731 0.000023 0.000682
vn -0.000683 0.000046 0.000729
vn -0.000674 0.000003 0.000739
vn -0.000621 0.000017 0.000784
vn -0.000622 0.000023 0.000783
vn -0.000559 0.000035 0.000828
vn -0.000555 0.000018 0.000832
vn -0.000493 0.00003 0.00087
vn -0.000488 0.000011 0.000873
vn -0.000426 0.000019 0.000905
vn -0.000428 0.000031 0.000903
vn -0.000349 0.000025 0.000937
vn -0.000353 0.000038 0.000935
vn -0.00028 0.000036 0.000959
vn -0.000276 0.000019 0.000961
vn -0.000207 0.000019 0.000978
vn -0.000211 0.000037 0.000977
vn -0.000127 0.00002 0.000992
vn -0.000127 0.00002 0.000992
vn -0.000045 0.000005 0.000999
vn -0.000055 0.000041 0.000998
vn 0.000023 0.000027 0.000999
vn 0.000024 0.00002 0.000999
vn 0.000106 0.000003 0.000994
vn 0.000094 0.00005 0.000994
vn 0.000182 0.000017 0.000983
vn 0.000178 0.000032 0.000983
vn 0.000255 0.000006 0.000967
vn 0.000248 0.000036 0.000968
vn 0.000322 0.000014 0.000947
vn 0.000136 0.000978 -0.000157
vn 0.000129 0.000978 -0.000164
vn 0.0003 0.000785 -0.000542
vn 0.000272 0.000771 -0.000577
vn -0.000414 0.000867 0.000277
vn -0.000355 0.000888 0.000293
vn 0.000184 0.000957 -0.000223
vn 0.000167 0.000955 -0.000246
vn 0.000208 0.000925 -0.000317
vn 0.000199 0.000918 -0.000342
vn -0.00049 0.000781 0.000387
vn -0.000438 0.000798 0.000413
vn -0.000394 0.000843 0.000365
vn -0.000346 0.000853 0.00039
vn 0.000164 0.000881 -0.000444
vn 0.00014 0.000866 -0.00048
vn -0.000287 0.000857 0.000428
vn -0.000234 0.00087 0.000434
vn -0.000176 0.000873 0.000455
vn -0.000118 0.000891 0.000439
vn 0.000012 0.000974 -0.000225
vn 0.000003 0.000973 -0.000229
vn -0.000129 0.000701 -0.000702
vn -0.00014 0.000808 -0.000572
vn -0.000233 0.000584 0.000778
vn -0.000158 0.000593 0.000789
vn -0.000076 0.000958 -0.000277
vn -0.00009 0.000955 -0.000284
vn -0.000305 0.000862 -0.000406
vn -0.000344 0.00085 -0.000398
vn 0.000134 0.000583 0.000801
vn 0.000207 0.0006 0.000773
vn 0.000235 0.000919 0.000318
vn 0.000243 0.00093 0.000275
vn -0.000411 0.000878 -0.000246
vn -0.000443 0.000865 -0.000234
vn -0.000234 0.000959 -0.000161
vn -0.000245 0.000957 -0.000156
vn -0.00024 0.000964 -0.000114
vn -0.000248 0.000963 -0.000104
vn -0.000219 0.000972 -0.000089
vn -0.000227 0.000971 -0.000076
vn 0.000418 0.000871 0.000258
vn 0.00042 0.000883 0.000208
vn -0.000251 0.000966 -0.000062
vn -0.000269 0.000962 -0.000046
vn -0.000258 0.000966 -0.000003
vn -0.000273 0.000962 0.000017
vn 0.000616 0.000781 0.000105
vn 0.000599 0.000799 0.000054
vn -0.000273 0.00096 0.000058
vn -0.000279 0.000957 0.000077
vn -0.000448 0.000876 0.000179
vn -0.000452 0.000867 0.000209
vn 0.000628 0.000777 -0.000038
vn 0.000601 0.000795 -0.000085
vn 0.000101 0.000995 -0.000026
vn 0.00009 0.000995 -0.000041
vn -0.000229 0.000966 0.000117
vn -0.000229 0.000965 0.000131
vn -0.000459 0.000808 0.00037
vn -0.000449 0.000791 0.000416
vn -0.000386 0.000848 0.000364
vn -0.000374 0.000835 0.000403
vn 0.000469 0.000866 -0.000173
vn 0.00042 0.000883 -0.000208
vn 0.000569 0.000778 -0.000267
vn 0.000514 0.000802 -0.000303
vn -0.00034 0.000786 0.000516
vn -0.000226 0.000891 0.000394
vn 0.000283 0.000935 -0.000215
vn 0.000238 0.000943 -0.000234
vn 0.000119 0.000987 -0.00011
vn 0.000103 0.000988 -0.000119
vn -0.000162 0.000963 0.000214
vn -0.000259 0.000783 0.000566
vn -0.000224 0.000772 0.000595
vn 0.000685 0.000618 -0.000386
vn 0.000631 0.000643 -0.000433
vn 0.000614 0.000669 -0.000419
vn 0.000571 0.000676 -0.000466
vn 0.000614 0.000556 -0.000561
vn 0.000549 0.000574 -0.000608
vn 0.000049 0.000995 -0.000092
vn 0.000035 0.000995 -0.000094
vn 0.000473 0.000544 -0.000693
vn 0.000384 0.00061 -0.000693
vn 0.000232 0.000569 -0.000789
vn 0.00016 0.000584 -0.000796
vn 0.000063 0.000966 0.000249
vn 0.000088 0.000962 0.000259
vn 0.000097 0.000979 0.000179
vn 0.000103 0.000978 0.000179
vn 0.000205 0.000924 0.000323
vn 0.000238 0.000914 0.000328
vn 0.00041 0.000786 0.000463
vn 0.000448 0.000774 0.000448
vn 0.000504 0.000786 0.000358
vn 0.000534 0.000775 0.000337
vn -0.000248 0.000622 -0.000743
vn -0.000305 0.000644 -0.000701
vn -0.000277 0.000708 -0.000649
vn -0.000323 0.000728 -0.000605
vn -0.000269 0.000854 -0.000445
vn -0.000298 0.00087 -0.000394
vn -0.000064 0.000995 -0.000081
vn -0.000074 0.000995 -0.000066
vn 0.000208 0.000964 0.000166
vn 0.000211 0.000964 0.000163
vn -0.000349 0.000866 -0.000358
vn -0.000364 0.000882 -0.0003
vn -0.000104 0.000991 -0.000083
vn -0.000112 0.000992 -0.000062
vn 0.000258 0.000957 0.000134
vn 0.000275 0.000955 0.000115
vn -0.000483 0.00067 -0.000563
vn -0.000524 0.00068 -0.000513
vn 0.000245 0.000964 0.0001
vn 0.000255 0.000963 0.000085
vn 0.000251 0.000966 0.000062
vn 0.000269 0.000962 0.000046
vn -0.000574 0.000781 -0.000245
vn -0.000573 0.000797 -0.00019
vn 0.000258 0.000966 0.000003
vn 0.000273 0.000962 -0.000017
vn -0.000624 0.000774 -0.000106
vn -0.000605 0.000794 -0.000054
vn 0.000253 0.000965 -0.000068
vn -0.000629 0.000776 0.000039
vn -0.000599 0.000796 0.000087
vn -0.000633 0.000768 0.000094
vn -0.0001 0.000995 0.000026
vn -0.000091 0.000995 0.00004
vn 0.000233 0.000966 -0.000113
vn 0.000361 0.000909 -0.000207
vn 0.000395 0.000876 -0.000276
vn 0.000393 0.000867 -0.000306
vn -0.000515 0.000835 0.000193
vn -0.000463 0.000857 0.000225
vn 0.000196 0.000966 -0.000166
vn 0.000193 0.000965 -0.00018
vn 0.000186 0.00085 -0.000493
vn 0.000211 0.000861 -0.000463
vn 0.00015 0.000849 -0.000506
vn 0.000114 0.000834 -0.00054
vn 0.00012 0.000803 -0.000583
vn 0.000086 0.00079 -0.000607
vn -0.000051 0.000992 0.000118
vn -0.00007 0.000991 0.000113
vn -0.000286 0.000858 0.000427
vn -0.000339 0.000842 0.000419
vn -0.000535 0.000623 0.000571
vn -0.000464 0.00065 0.000601
vn -0.000178 0.000915 0.000362
vn -0.000126 0.000929 0.000347
vn -0.000021 0.000784 -0.000621
vn -0.000059 0.00077 -0.000635
vn 0.000013 0.000971 -0.000239
vn 0.00002 0.000971 -0.000237
vn -0.000031 0.000987 0.000155
vn -0.00005 0.000987 0.000155
vn -0.000404 0.000584 0.000704
vn -0.000333 0.000593 0.000733
vn -0.000086 0.000927 0.000364
vn -0.000033 0.000941 0.000338
vn -0.000043 0.000942 -0.000333
vn -0.000199 0.000802 -0.000563
vn -0.000243 0.000788 -0.000566
vn -0.000279 0.000792 -0.000544
vn -0.000234 0.000808 -0.000541
vn 0.000017 0.000992 0.000128
vn -0.000003 0.000991 0.000133
vn -0.000102 0.000702 0.000705
vn -0.000035 0.000727 0.000685
vn 0.000068 0.000744 0.000665
vn 0.000044 0.000985 0.000165
vn 0.00005 0.000983 0.000178
vn -0.000318 0.000805 -0.0005
vn -0.000364 0.000788 -0.000497
vn -0.000209 0.000915 -0.000344
vn -0.000186 0.000922 -0.000339
vn 0.000022 0.00073 0.000683
vn -0.000038 0.000709 0.000704
vn 0.000016 0.000584 0.000811
vn 0.000088 0.000594 0.000799
vn 0.000128 0.000844 0.00052
vn 0.000172 0.000853 0.000493
vn 0.000114 0.000928 0.000356
vn 0.000139 0.000937 0.000321
vn -0.000312 0.000881 -0.000356
vn -0.000351 0.000867 -0.000353
vn -0.000422 0.000806 -0.000415
vn -0.000471 0.000786 -0.000401
vn -0.000509 0.000774 -0.000378
vn -0.000473 0.000784 -0.000403
vn 0.000163 0.000941 0.000295
vn 0.000141 0.000935 0.000327
vn 0.000212 0.000936 0.000281
vn 0.000188 0.000932 0.000311
vn 0.000267 0.000868 0.000418
vn 0.000237 0.000855 0.000461
vn 0.000107 0.000992 0.000071
vn 0.000099 0.000991 0.000088
vn 0.000273 0.000936 0.00022
vn 0.000254 0.000932 0.000259
vn 0.000327 0.000889 0.00032
vn 0.000317 0.000872 0.000373
vn -0.000256 0.000965 -0.000064
vn -0.000239 0.000968 -0.000081
vn 0.000435 0.000859 0.000271
vn 0.000433 0.000841 0.000323
vn 0.000611 0.000587 0.000531
vn 0.00065 0.000601 0.000465
vn -0.000261 0.000964 -0.000044
vn -0.000267 0.000963 -0.000025
vn -0.000264 0.000965 -0.000004
vn -0.000252 0.000967 -0.000023
vn 0.000559 0.000797 0.00023
vn 0.00056 0.000776 0.000292
vn 0.000643 0.000715 0.000274
vn 0.000648 0.000731 0.000213
vn 0.000593 0.00078 0.0002
vn 0.000583 0.0008 0.000144
vn -0.000264 0.000964 0.000017
vn -0.000266 0.000963 0.000037
vn -0.000592 0.000784 0.000184
vn -0.000596 0.000771 0.000227
vn -0.000262 0.000963 0.000057
vn -0.000262 0.000964 0.000037
vn 0.000601 0.000793 0.000101
vn 0.000608 0.000779 0.000153
vn 0.000623 0.00078 0.000058
vn 0.0006 0.0008 0.000008
vn -0.000497 0.000771 0.000397
vn -0.000512 0.000782 0.000356
vn 0.00061 0.000791 -0.000039
vn 0.000629 0.000777 0.00001
vn -0.000175 0.000979 0.000107
vn -0.000175 0.000979 0.000106
vn 0.000506 0.000848 -0.000159
vn 0.000537 0.000836 -0.000115
vn 0.000585 0.000801 -0.00013
vn 0.000614 0.000784 -0.000086
vn -0.00025 0.000916 0.000313
vn -0.000259 0.000921 0.00029
vn 0.000076 0.000995 -0.000064
vn 0.000088 0.000995 -0.000055
vn 0.000683 0.000679 -0.000269
vn 0.000715 0.000667 -0.000209
vn -0.00018 0.000774 0.000607
vn -0.000216 0.000788 0.000576
vn -0.000176 0.000915 0.000363
vn -0.000187 0.000924 0.000332
vn 0.000362 0.00085 -0.000383
vn 0.000292 0.000876 -0.000383
vn 0.000127 0.000965 -0.000228
vn -0.000116 0.000897 0.000427
vn -0.000125 0.000811 0.000571
vn 0.000116 0.000973 -0.000202
vn 0.000444 0.000698 -0.000563
vn 0.000266 0.000849 -0.000457
vn 0.000201 0.00087 -0.00045
vn 0.000048 0.000991 -0.000123
vn 0.000032 0.000992 -0.000125
vn -0.000038 0.000965 0.000258
vn -0.000047 0.000922 0.000385
vn -0.000024 0.000916 0.000401
vn -0.000024 0.000867 0.000498
vn 0.000006 0.000854 0.000519
vn 0.00009 0.000946 -0.000312
vn 0.000318 0.000672 -0.000669
vn 0.000257 0.000676 -0.000691
vn 0.000015 0.000978 0.000208
vn 0.000021 0.000977 0.000211
vn 0.000074 0.00096 -0.000269
vn 0.000092 0.000773 -0.000627
vn 0.000022 0.000972 0.000235
vn 0.000041 0.000971 0.000236
vn 0.000059 0.000972 0.000226
vn 0.00004 0.000974 0.000222
vn -0.00002 0.000928 -0.000372
vn 0.000025 0.00092 -0.000391
vn 0.000022 0.000874 -0.000485
vn 0.000066 0.000859 -0.000507
vn 0.000223 0.000603 -0.000766
vn 0.000287 0.000588 -0.000756
vn 0.000071 0.000978 0.000194
vn 0.000082 0.000978 0.000192
vn 0.000109 0.000972 0.000207
vn 0.000087 0.000974 0.000207
vn -0.000009 0.000621 -0.000784
vn -0.000078 0.000644 -0.000761
vn -0.000069 0.000699 -0.000711
vn -0.000123 0.000719 -0.000684
vn 0.000378 0.000865 0.000329
vn 0.000345 0.000878 0.000333
vn 0.000169 0.000964 0.000207
vn 0.000162 0.000964 0.00021
vn -0.000206 0.000789 -0.000579
vn -0.000157 0.000773 -0.000614
vn -0.000174 0.000727 -0.000664
vn -0.000124 0.00071 -0.000693
vn 0.000243 0.000962 0.000125
vn 0.000229 0.000965 0.000131
vn -0.000403 0.000793 -0.000457
vn -0.000375 0.000771 -0.000515
vn -0.000406 0.000657 -0.000635
vn -0.00036 0.000625 -0.000693
vn 0.000256 0.000965 0.000064
vn 0.000241 0.000967 0.00008
vn -0.000494 0.000796 -0.00035
vn -0.000481 0.000773 -0.000413
vn -0.000532 0.000778 -0.000334
vn -0.000543 0.000793 -0.000276
vn -0.000483 0.000839 -0.000251
vn -0.000476 0.000857 -0.000196
vn 0.000261 0.000964 0.000044
vn 0.000267 0.000963 0.000025
vn 0.000264 0.000965 0.000004
vn 0.000252 0.000967 0.000023
vn -0.000686 0.000597 -0.000417
vn -0.000653 0.000585 -0.000481
vn -0.000593 0.00078 -0.000198
vn -0.000589 0.000794 -0.000146
vn 0.000264 0.000964 -0.000017
vn 0.000266 0.000963 -0.000037
vn 0.000592 0.000784 -0.000184
vn 0.000595 0.000772 -0.000223
vn 0.000394 0.000915 -0.000086
vn 0.000241 0.00097 -0.000036
vn -0.000605 0.00079 -0.000102
vn -0.000613 0.000775 -0.000154
vn -0.000622 0.000781 -0.000057
vn -0.000604 0.000797 -0.000008
vn 0.000269 0.000955 -0.000128
vn 0.000271 0.000956 -0.000112
vn -0.000615 0.000787 0.000039
vn -0.000629 0.000777 -0.00001
vn 0.000216 0.000966 -0.000139
vn -0.000666 0.00072 0.000197
vn -0.000406 0.00091 0.000088
vn -0.000718 0.000664 0.000209
vn -0.000687 0.000675 0.00027
vn -0.000557 0.000787 0.000265
vn -0.000338 0.00092 0.000198
vn -0.000503 0.0008 0.000328
vn 0.000208 0.000959 -0.000192
vn 0.000205 0.000953 -0.000224
vn -0.00085 0.000296 -0.000435
vn -0.000843 0.000318 -0.000434
vn -0.000878 0.000307 -0.000368
vn -0.000873 0.00032 -0.000368
vn -0.000902 0.000312 -0.000299
vn -0.000901 0.000314 -0.000299
vn -0.000918 0.000321 -0.000232
vn -0.000925 0.000301 -0.000231
vn -0.000934 0.000318 -0.00016
vn -0.000936 0.000313 -0.000159
vn -0.000949 0.000303 -0.000086
vn -0.000945 0.000316 -0.000087
vn -0.000947 0.00032 -0.000017
vn -0.000952 0.000304 -0.000015
vn -0.000946 0.000319 0.000057
vn -0.000948 0.000313 0.000058
vn -0.000944 0.000304 0.000132
vn -0.00094 0.000314 0.00013
vn -0.00093 0.000307 0.000203
vn -0.000927 0.000315 0.000203
vn -0.000908 0.000321 0.000268
vn -0.000917 0.000291 0.000274
vn -0.000889 0.000302 0.000343
vn -0.000892 0.000292 0.000345
vn -0.000863 0.000287 0.000415
vn -0.000856 0.000318 0.000407
vn -0.000822 0.000322 0.000469
vn -0.000827 0.000301 0.000475
vn -0.000786 0.000318 0.000531
vn -0.000789 0.000301 0.000535
vn -0.000747 0.000293 0.000597
vn -0.000742 0.000317 0.00059
vn -0.000694 0.000317 0.000647
vn -0.000698 0.000286 0.000656
vn -0.000646 0.000296 0.000704
vn -0.000645 0.000307 0.0007
vn -0.000589 0.000299 0.000751
vn -0.000587 0.000318 0.000745
vn -0.00053 0.000307 0.00079
vn -0.000531 0.000303 0.000792
vn -0.000468 0.000306 0.000829
vn -0.000468 0.000297 0.000832
vn -0.000404 0.000311 0.00086
vn -0.000404 0.000313 0.00086
vn -0.000336 0.0003 0.000893
vn -0.000336 0.000304 0.000891
vn -0.000266 0.000306 0.000914
vn -0.000266 0.000296 0.000917
vn -0.000193 0.00031 0.000931
vn -0.000194 0.000318 0.000928
vn -0.000124 0.000307 0.000944
vn -0.000125 0.000317 0.00094
vn -0.000049 0.000312 0.000949
vn -0.000052 0.000292 0.000955
vn 0.000023 0.000298 0.000954
vn 0.000022 0.000301 0.000953
vn 0.000094 0.000318 0.000943
vn 0.000094 0.000318 0.000943
vn 0.000168 0.000307 0.000937
vn 0.000165 0.000323 0.000932
vn 0.000234 0.000327 0.000915
vn 0.00024 0.000301 0.000923
vn 0.000306 0.000319 0.000897
vn 0.000307 0.000313 0.000899
vn 0.000378 0.000303 0.000875
vn 0.000374 0.000317 0.000871
vn 0.000437 0.000322 0.000839
vn 0.000441 0.000309 0.000843
vn 0.000499 0.000328 0.000802
vn 0.000509 0.000293 0.000809
vn 0.000566 0.000306 0.000765
vn 0.000564 0.000313 0.000764
vn 0.000621 0.000304 0.000722
vn 0.000621 0.000305 0.000722
vn 0.000676 0.000306 0.000671
vn 0.000681 0.00029 0.000673
vn 0.000727 0.000302 0.000616
vn 0.000716 0.000335 0.000612
vn 0.000766 0.000318 0.000559
vn 0.000773 0.000295 0.000561
vn 0.000814 0.000298 0.000499
vn 0.000813 0.000301 0.000499
vn 0.000843 0.000318 0.000434
vn 0.000843 0.000318 0.000434
vn 0.000878 0.000307 0.000368
vn 0.000875 0.000313 0.000368
vn 0.000904 0.000303 0.0003
vn 0.000899 0.000318 0.0003
vn 0.000918 0.000322 0.000232
vn 0.000922 0.000309 0.000231
vn 0.000931 0.000329 0.000159
vn 0.000937 0.000313 0.000158
vn 0.000949 0.000303 0.000086
vn 0.000944 0.000318 0.000087
vn 0.000946 0.000322 0.000017
vn 0.000953 0.000301 0.000014
vn 0.000946 0.000318 -0.000057
vn 0.000944 0.000325 -0.000057
vn 0.000941 0.000311 -0.000132
vn 0.000941 0.000313 -0.000131
vn 0.000931 0.000303 -0.000204
vn 0.000927 0.000318 -0.000202
vn 0.000908 0.000322 -0.000268
vn 0.000919 0.00028 -0.000276
vn 0.000892 0.000288 -0.000347
vn 0.000886 0.000313 -0.000342
vn 0.00086 0.000303 -0.000411
vn 0.000856 0.000318 -0.000407
vn 0.000822 0.000323 -0.000469
vn 0.000827 0.000301 -0.000475
vn 0.000785 0.000318 -0.000531
vn 0.000791 0.000292 -0.000538
vn 0.000746 0.000287 -0.000601
vn 0.00074 0.000323 -0.00059
vn 0.000692 0.000327 -0.000643
vn 0.000694 0.000315 -0.000647
vn 0.000638 0.000337 -0.000693
vn 0.00064 0.000318 -0.000699
vn 0.000588 0.000307 -0.000749
vn 0.000585 0.000335 -0.000739
vn 0.000528 0.000317 -0.000788
vn 0.000529 0.000306 -0.000792
vn 0.000469 0.00031 -0.000827
vn 0.000471 0.000285 -0.000835
vn 0.000404 0.000294 -0.000866
vn 0.000404 0.000292 -0.000867
vn 0.000337 0.000287 -0.000897
vn 0.000337 0.000296 -0.000894
vn 0.000268 0.000299 -0.000916
vn 0.000268 0.00029 -0.000919
vn 0.000197 0.000301 -0.000933
vn 0.000197 0.000301 -0.000933
vn 0.000121 0.000292 -0.000949
vn 0.000124 0.000335 -0.000934
vn 0.000049 0.000317 -0.000947
vn 0.00005 0.000318 -0.000947
vn -0.000018 0.000322 -0.000946
vn -0.000023 0.00028 -0.00096
vn -0.000097 0.000288 -0.000953
vn -0.000091 0.000325 -0.000941
vn -0.000166 0.00031 -0.000936
vn -0.000165 0.000316 -0.000934
vn -0.000239 0.000316 -0.000918
vn -0.000242 0.000302 -0.000922
vn -0.000304 0.000318 -0.000898
vn -0.00031 0.000284 -0.000907
vn -0.000379 0.000282 -0.000881
vn -0.000372 0.000317 -0.000873
vn -0.000441 0.000317 -0.00084
vn -0.000446 0.000297 -0.000844
vn -0.000502 0.000311 -0.000807
vn -0.000509 0.000285 -0.000812
vn -0.000568 0.000294 -0.000769
vn -0.000561 0.000318 -0.000764
vn -0.000623 0.000304 -0.00072
vn -0.000621 0.000311 -0.000719
vn -0.000673 0.000313 -0.00067
vn -0.000683 0.00028 -0.000674
vn -0.000729 0.000288 -0.000621
vn -0.00073 0.000285 -0.000621
vn -0.000779 0.000282 -0.000561
vn -0.000767 0.000318 -0.000558
vn -0.000804 0.000322 -0.000499
vn -0.000816 0.000285 -0.000502
vn 0.000175 0.000775 -0.000608
vn 0.000151 0.000849 -0.000507
vn -0.000038 0.000991 0.000124
vn -0.000045 0.000987 0.000155
vn -0.000225 0.000595 0.000771
vn -0.000227 0.000586 0.000778
vn 0.000111 0.000834 -0.00054
vn 0.000084 0.000923 -0.000376
vn -0.000037 0.000987 0.000155
vn -0.000099 0.000857 0.000506
vn -0.000171 0.000591 0.000789
vn 0.000039 0.000788 -0.000614
vn 0.000008 0.000964 -0.000267
vn -0.000001 0.000995 0.000101
vn -0.000037 0.000792 0.000609
vn -0.000037 0.000674 0.000738
vn -0.000042 0.000972 -0.000233
vn -0.00004 0.000974 -0.000224
vn 0.00012 0.000724 0.000679
vn 0.000123 0.000712 0.000691
vn -0.000256 0.000772 -0.000582
vn -0.000105 0.00096 -0.000259
vn 0.000036 0.000995 0.000094
vn 0.000213 0.000848 0.000485
vn 0.000287 0.000677 0.000678
vn -0.000244 0.000926 -0.000287
vn -0.000159 0.000971 -0.000176
vn 0.000335 0.000862 0.00038
vn 0.000448 0.000723 0.000526
vn -0.000513 0.000773 -0.000373
vn -0.000499 0.000787 -0.000364
vn 0.000081 0.000995 0.000059
vn 0.000107 0.000991 0.000076
vn 0.000594 0.000677 0.000434
vn 0.000656 0.000588 0.000474
vn -0.000502 0.000838 -0.000211
vn -0.000487 0.000849 -0.000206
vn 0.000146 0.000987 0.000062
vn 0.000149 0.000987 0.000063
vn 0.000741 0.000594 0.000312
vn 0.000749 0.000582 0.000315
vn -0.000619 0.00077 -0.000155
vn -0.0006 0.000785 -0.000151
vn 0.000097 0.000995 0.000024
vn 0.000099 0.000995 0.000025
vn 0.000712 0.000679 0.000178
vn 0.000718 0.000672 0.00018
vn -0.000629 0.00077 -0.000107
vn -0.000613 0.000783 -0.000105
vn 0.000099 0.000995 0.000017
vn 0.00013 0.000991 0.000021
vn 0.000728 0.000673 0.000126
vn 0.000802 0.000583 0.000134
vn -0.000634 0.000773 -0.00001
vn -0.000617 0.000787 -0.00001
vn 0.00013 0.000992 0.000002
vn 0.000132 0.000991 0.000002
vn 0.000803 0.000596 0.000013
vn 0.00081 0.000586 0.000012
vn -0.000631 0.000775 0.000039
vn -0.00062 0.000783 0.000037
vn 0.000129 0.000992 -0.000008
vn 0.000103 0.000995 -0.000005
vn 0.000744 0.000667 -0.000048
vn 0.000805 0.000591 -0.000048
vn -0.000618 0.000775 0.000134
vn -0.000605 0.000785 0.000131
vn 0.000127 0.000992 -0.000027
vn 0.000101 0.000995 -0.00002
vn 0.000723 0.000672 -0.000159
vn 0.000785 0.000596 -0.000169
vn -0.000572 0.000774 0.000273
vn -0.000557 0.000787 0.000264
vn 0.000091 0.000995 -0.000043
vn 0.000092 0.000995 -0.000044
vn 0.000664 0.000678 -0.000316
vn 0.000667 0.000673 -0.000318
vn -0.000208 0.000963 0.000171
vn 0.000531 0.000733 -0.000425
vn -0.000337 0.000839 0.000428
vn -0.000298 0.000879 0.000373
vn 0.000102 0.000987 -0.000122
vn 0.000296 0.000873 -0.000388
vn 0.000502 0.000593 -0.00063
vn -0.000267 0.00084 0.000473
vn -0.000261 0.000848 0.000462
vn 0.000078 0.000987 -0.000138
vn 0.000079 0.000987 -0.000141
vn 0.000395 0.000596 -0.0007
vn 0.000398 0.000586 -0.000706
vn -0.00023 0.000833 0.000503
vn -0.000107 0.000972 0.000211
vn 0.000072 0.000987 -0.000142
vn 0.000296 0.000707 -0.000643
vn 0.000343 0.000591 -0.00073
vn -0.000112 0.000917 0.000382
vn -0.000108 0.000924 0.000366
vn 0.000138 0.000872 -0.000469
vn 0.000143 0.000859 -0.000492
vn -0.000101 0.000878 0.000467
vn -0.000083 0.000913 0.000401
vn 0.000102 0.000867 -0.000487
vn 0.000101 0.000869 -0.000483
vn -0.000037 0.000786 0.000617
vn -0.000017 0.000916 0.000401
vn 0.000001 0.000995 -0.000101
vn 0.000033 0.000871 -0.00049
vn 0.000035 0.000673 -0.000739
vn 0.000095 0.000839 0.000535
vn 0.000079 0.000883 0.000464
vn -0.000024 0.000987 -0.000158
vn -0.000091 0.000878 -0.000471
vn -0.000136 0.000593 -0.000794
vn 0.000243 0.000789 0.000564
vn 0.000244 0.000786 0.000568
vn -0.000054 0.000991 -0.000119
vn -0.000133 0.000935 -0.000328
vn -0.000326 0.00059 -0.000739
vn 0.000418 0.000772 0.000478
vn 0.000241 0.000927 0.000288
vn -0.000081 0.000991 -0.000102
vn -0.000335 0.000863 -0.000378
vn -0.000522 0.000593 -0.000613
vn 0.000377 0.000883 0.00028
vn 0.000219 0.000964 0.000152
vn -0.000391 0.000877 -0.000279
vn -0.000491 0.000793 -0.000361
vn 0.000572 0.000784 0.000243
vn 0.000503 0.000838 0.00021
vn -0.000146 0.000987 -0.00006
vn -0.000121 0.000991 -0.000051
vn -0.000741 0.000594 -0.000312
vn -0.000745 0.000588 -0.000314
vn 0.000615 0.000774 0.00015
vn 0.000365 0.000926 0.000098
vn -0.000125 0.000991 -0.000037
vn -0.000496 0.00086 -0.000118
vn -0.000781 0.000591 -0.000202
vn 0.000611 0.000784 0.000108
vn 0.000407 0.000911 0.000064
vn -0.0001 0.000995 -0.000013
vn -0.000492 0.000866 -0.00009
vn -0.000735 0.000667 -0.000121
vn 0.000632 0.000775 0.00001
vn 0.000619 0.000785 0.00001
vn -0.00013 0.000992 -0.000002
vn -0.000132 0.000991 -0.000002
vn -0.000813 0.000582 -0.000013
vn -0.000819 0.000573 -0.000012
vn 0.000638 0.000769 -0.000043
vn 0.000384 0.000923 -0.000017
vn -0.000131 0.000991 0.000003
vn -0.000514 0.000857 0.000038
vn -0.000836 0.000547 0.000044
vn 0.000619 0.000773 -0.000135
vn 0.000603 0.000787 -0.000131
vn -0.000127 0.000992 0.000027
vn -0.000129 0.000991 0.000028
vn -0.000785 0.000596 0.000171
vn -0.000792 0.000586 0.000173
vn 0.000573 0.000773 -0.000273
vn 0.000557 0.000787 -0.000264
vn -0.000117 0.000992 0.000056
vn -0.000119 0.000991 0.000057
vn -0.000726 0.000594 0.000345
vn -0.00073 0.000588 0.000348
vn 0.000495 0.000773 -0.000398
vn 0.000414 0.00085 -0.000327
vn -0.000079 0.000995 0.000062
vn -0.000125 0.000987 0.000101
vn -0.000576 0.000677 0.000457
vn -0.00063 0.000589 0.000506
vn 0.000334 0.000838 -0.000431
vn 0.000184 0.000957 -0.000225
vn -0.000102 0.000987 0.000123
vn -0.000329 0.000842 0.000428
vn -0.000502 0.000593 0.00063
vn 0.000299 0.00079 -0.000535
vn 0.000249 0.000866 -0.000434
vn -0.000172 0.000939 0.000299
vn -0.00019 0.000922 0.000337
vn 0.000265 0.000784 -0.000562
vn 0.000223 0.000847 -0.000483
vn -0.000053 0.000991 0.00012
vn -0.000169 0.000924 0.000344
vn -0.000338 0.000584 0.000739
vn -0.000078 0.000778 0.000623
vn -0.000069 0.000868 0.000491
vn 0.000039 0.000964 -0.000262
vn 0.00005 0.000916 -0.000399
vn -0.000014 0.000775 -0.000632
vn -0.000013 0.000786 -0.000619
vn 0.000002 0.000995 0.0001
vn 0.000002 0.000995 0.000102
vn 0.000017 0.000679 0.000734
vn 0.000017 0.000673 0.00074
vn 0.000071 0.000706 0.000705
vn 0.000076 0.000673 0.000736
vn 0.000006 0.000995 0.000101
vn -0.000015 0.000972 -0.000236
vn -0.000069 0.000769 -0.000636
vn -0.000149 0.000787 -0.000599
vn -0.000066 0.000972 -0.000225
vn 0.000038 0.000991 0.000126
vn 0.000167 0.000726 0.000667
vn 0.000205 0.000586 0.000784
vn 0.000259 0.000591 0.000764
vn 0.000243 0.000667 0.000704
vn 0.000032 0.000995 0.000097
vn 0.000042 0.000991 0.000123
vn -0.0002 0.000783 -0.000588
vn -0.000206 0.00077 -0.000603
vn -0.000227 0.000866 -0.000445
vn -0.00014 0.000956 -0.000257
vn 0.000183 0.000922 0.00034
vn 0.000237 0.000856 0.00046
vn -0.000281 0.000848 -0.000449
vn -0.000249 0.00088 -0.000403
vn 0.000199 0.000924 0.000326
vn 0.00026 0.000874 0.00041
vn 0.000424 0.000708 0.000566
vn 0.000276 0.000879 0.000388
vn -0.000134 0.000972 -0.000195
vn -0.000306 0.000861 -0.000407
vn -0.000436 0.000786 -0.000439
vn -0.000288 0.000916 -0.000279
vn 0.000075 0.000995 0.000068
vn 0.000344 0.000871 0.000351
vn 0.000528 0.000673 0.000518
vn 0.000568 0.000667 0.000483
vn 0.000563 0.000673 0.000479
vn 0.000078 0.000995 0.000066
vn 0.000076 0.000995 0.000065
vn -0.000473 0.000783 -0.000403
vn -0.000486 0.00077 -0.000413
vn -0.000539 0.000775 -0.000331
vn -0.000526 0.000786 -0.000325
vn 0.000111 0.000992 0.000068
vn 0.000087 0.000995 0.000055
vn 0.000631 0.000673 0.000386
vn 0.000683 0.000596 0.000423
vn 0.000723 0.000583 0.00037
vn 0.000656 0.000674 0.00034
vn 0.000144 0.000987 0.000073
vn 0.000089 0.000995 0.000047
vn -0.000474 0.000845 -0.000247
vn -0.000568 0.00077 -0.00029
vn 0.000763 0.000594 0.000257
vn 0.000701 0.000674 0.000232
vn 0.000097 0.000995 0.000034
vn 0.00015 0.000987 0.000049
vn -0.000516 0.000839 -0.000171
vn -0.000586 0.000785 -0.000198
vn 0.000805 0.000588 0.000074
vn 0.000801 0.000594 0.000074
vn 0.000131 0.000991 0.000012
vn 0.000129 0.000992 0.000012
vn -0.000619 0.000783 -0.000058
vn -0.000631 0.000773 -0.000058
vn 0.000801 0.000588 -0.000113
vn 0.000729 0.000677 -0.000099
vn 0.00013 0.000991 -0.000019
vn 0.000099 0.000995 -0.000014
vn -0.000611 0.000787 0.000084
vn -0.000628 0.000773 0.000087
vn -0.000611 0.000769 0.000188
vn -0.000364 0.000926 0.000103
vn 0.000098 0.000995 -0.000025
vn 0.000487 0.00086 -0.000152
vn 0.000709 0.000674 -0.000207
vn 0.000693 0.000667 -0.000272
vn 0.000469 0.000866 -0.000174
vn 0.000093 0.000995 -0.00004
vn -0.000382 0.000911 0.000153
vn -0.00058 0.000784 0.000219
vn -0.000548 0.000775 0.000315
vn -0.000537 0.000785 0.000308
vn 0.000087 0.000995 -0.00005
vn 0.000089 0.000995 -0.000051
vn 0.000637 0.000679 -0.000365
vn 0.000642 0.000672 -0.000369
vn 0.000614 0.000673 -0.000412
vn 0.000377 0.000887 -0.000266
vn 0.000084 0.000995 -0.000055
vn -0.000436 0.00085 0.000296
vn -0.000526 0.000769 0.000363
vn -0.000435 0.000808 0.000398
vn -0.000386 0.000851 0.000355
vn 0.000264 0.000933 -0.000243
vn 0.000285 0.000922 -0.000261
vn 0.000545 0.000583 -0.000602
vn 0.000247 0.000934 -0.000257
vn 0.000108 0.000987 -0.000119
vn -0.000363 0.000845 0.000392
vn -0.000417 0.000786 0.000457
vn 0.000445 0.000588 -0.000675
vn 0.00027 0.000881 -0.000388
vn 0.000086 0.000987 -0.000136
vn -0.000293 0.000848 0.000441
vn -0.000278 0.000866 0.000416
vn 0.000248 0.000723 -0.000645
vn 0.000174 0.000862 -0.000476
vn -0.000079 0.000971 0.000224
vn -0.000136 0.000926 0.000352
vn 0.000066 0.000861 -0.000505
vn 0.000064 0.000883 -0.000465
vn -0.000053 0.000926 0.000373
vn -0.000063 0.000865 0.000498
vn 0.000015 0.00077 0.000638
vn 0.000013 0.000786 0.000619
vn -0.000002 0.000995 -0.0001
vn -0.000002 0.000995 -0.000102
vn -0.000017 0.000674 -0.000739
vn -0.000017 0.000673 -0.000739
vn -0.000083 0.000582 -0.000809
vn -0.000071 0.000674 -0.000735
vn -0.000017 0.000987 -0.000161
vn -0.000009 0.000995 -0.0001
vn 0.00005 0.000846 0.000531
vn 0.000066 0.00077 0.000635
vn 0.000153 0.000786 0.000599
vn 0.000128 0.000866 0.000483
vn -0.000037 0.000991 -0.000125
vn -0.000109 0.000884 -0.000455
vn -0.000208 0.000587 -0.000782
vn -0.000255 0.000591 -0.000765
vn -0.000124 0.000932 -0.000339
vn -0.000039 0.000991 -0.000124
vn 0.00019 0.000805 0.000562
vn 0.000206 0.000771 0.000603
vn 0.000298 0.000773 0.00056
vn 0.00017 0.000926 0.000338
vn -0.000056 0.000991 -0.000118
vn -0.000242 0.00086 -0.000448
vn -0.000367 0.000596 -0.000714
vn 0.000325 0.000786 0.000526
vn 0.000223 0.000911 0.000347
vn -0.000073 0.000991 -0.000108
vn -0.000259 0.000866 -0.000428
vn -0.000434 0.000587 -0.000684
vn -0.000483 0.000583 -0.000654
vn -0.000479 0.000591 -0.000649
vn -0.000078 0.000991 -0.000106
vn -0.000077 0.000992 -0.000104
vn 0.000369 0.000783 0.000501
vn 0.000379 0.00077 0.000513
vn 0.000335 0.00088 0.000336
vn 0.000284 0.000917 0.00028
vn -0.000347 0.000873 -0.000343
vn -0.000346 0.000874 -0.000343
vn -0.000481 0.000778 -0.000405
vn -0.000358 0.00088 -0.000313
vn 0.000197 0.000964 0.000176
vn 0.000391 0.000861 0.000326
vn 0.000526 0.000786 0.000326
vn 0.000428 0.000866 0.000259
vn -0.000088 0.000995 -0.000049
vn -0.000394 0.000884 -0.000251
vn -0.000633 0.000672 -0.000384
vn -0.000723 0.000583 -0.00037
vn -0.000656 0.000673 -0.00034
vn -0.000144 0.000987 -0.000073
vn -0.000089 0.000995 -0.000047
vn 0.000474 0.000845 0.000247
vn 0.000569 0.00077 0.00029
vn -0.000769 0.000586 -0.000256
vn -0.000762 0.000596 -0.000254
vn -0.000125 0.000991 -0.000042
vn -0.000123 0.000992 -0.000041
vn 0.000585 0.000787 0.000196
vn 0.000602 0.000773 0.0002
vn -0.000814 0.000577 -0.000072
vn -0.000732 0.000677 -0.00007
vn -0.000131 0.000991 -0.000011
vn -0.0001 0.000995 -0.000009
vn 0.000614 0.000787 0.000057
vn 0.000631 0.000773 0.000058
vn -0.0008 0.000589 0.000117
vn -0.000493 0.000868 0.000061
vn -0.000129 0.000991 0.000023
vn 0.000399 0.000915 -0.00006
vn 0.000615 0.000784 -0.000081
vn 0.000605 0.000775 -0.000181
vn 0.000593 0.000785 -0.000177
vn -0.000124 0.000992 0.000037
vn -0.000099 0.000995 0.000028
vn -0.000708 0.000672 0.000214
vn -0.000773 0.000591 0.000229
vn -0.000757 0.000583 0.000294
vn -0.000691 0.000673 0.000264
vn -0.000122 0.000991 0.000048
vn -0.000094 0.000995 0.000036
vn 0.00058 0.000783 -0.000223
vn 0.000595 0.00077 -0.000229
vn 0.000548 0.000775 -0.000314
vn 0.000538 0.000785 -0.000308
vn -0.000113 0.000992 0.000064
vn -0.00009 0.000995 0.00005
vn -0.000641 0.000673 0.00037
vn -0.000697 0.000596 0.000398
vn -0.000616 0.000667 0.00042
vn -0.000611 0.000674 0.000416
vn -0.000084 0.000995 0.000057
vn -0.000083 0.000995 0.000056
vn 0.000514 0.000783 -0.000349
vn 0.000527 0.00077 -0.000359
vn 0.000395 0.000839 -0.000375
vn 0.000192 0.000966 -0.000171
vn -0.000119 0.000987 0.000105
vn -0.000451 0.000783 0.000428
vn -0.00059 0.000596 0.000545
vn -0.000547 0.000583 0.000601
vn -0.00042 0.00079 0.000448
vn -0.000105 0.000987 0.000121
vn 0.000183 0.000961 -0.000208
vn 0.000365 0.000846 -0.00039
vn -0.000293 0.000854 0.000431
vn -0.000191 0.000936 0.000295
vn 0.00016 0.000955 -0.000249
vn 0.000332 0.00081 -0.000484
vn 0.000223 0.000773 -0.000593
vn 0.000218 0.000787 -0.000577
vn -0.000046 0.000992 0.000121
vn -0.000047 0.000991 0.000123
vn -0.000284 0.000594 0.000753
vn -0.000285 0.000587 0.000757
vn -0.00085 0 -0.000527
vn -0.000851 -0.000001 -0.000525
vn -0.000889 -0.000001 -0.000458
vn -0.000889 -0.000001 -0.000457
vn -0.000922 -0.000001 -0.000388
vn -0.000922 -0.000002 -0.000386
vn -0.000949 -0.000001 -0.000317
vn -0.000948 -0.000001 -0.000318
vn -0.000971 -0.000001 -0.00024
vn -0.000969 0.000001 -0.000245
vn -0.000985 0.000001 -0.00017
vn -0.000986 -0.000001 -0.000165
vn -0.000996 -0.000001 -0.000092
vn -0.000996 -0.000002 -0.00009
vn -0.001 -0.000002 -0.000019
vn -0.001 -0.000002 -0.000017
vn -0.000998 -0.000001 0.000066
vn -0.000998 -0 0.000062
vn -0.000991 -0 0.000135
vn -0.000991 -0 0.000135
vn -0.000977 0 0.000213
vn -0.000977 -0 0.000213
vn -0.000958 -0 0.000288
vn -0.000957 -0.000001 0.000289
vn -0.000933 -0.000001 0.000359
vn -0.000933 -0.000001 0.00036
vn -0.000903 -0.000001 0.00043
vn -0.000904 -0 0.000428
vn -0.000867 0 0.000498
vn -0.000867 0 0.000498
vn -0.000827 0 0.000563
vn -0.000827 -0 0.000563
vn -0.000781 -0 0.000624
vn -0.000781 -0 0.000625
vn -0.00073 -0 0.000683
vn -0.000729 -0.000001 0.000684
vn -0.000678 -0.000001 0.000735
vn -0.000678 -0.000001 0.000735
vn -0.000616 -0.000001 0.000788
vn -0.000617 -0 0.000787
vn -0.000554 -0 0.000833
vn -0.000553 -0 0.000833
vn -0.000493 0 0.00087
vn -0.000494 0.000001 0.000869
vn -0.000428 0.000001 0.000904
vn -0.000423 -0.000001 0.000906
vn -0.000352 -0.000001 0.000936
vn -0.000351 -0.000002 0.000936
vn -0.00028 -0.000001 0.00096
vn -0.000281 -0.000001 0.00096
vn -0.000202 -0.000001 0.000979
vn -0.000205 -0 0.000979
vn -0.00013 -0 0.000991
vn -0.000128 -0.000001 0.000992
vn -0.000057 -0.000001 0.000998
vn -0.000054 0 0.000999
vn 0.000022 0 0.001
vn 0.000025 -0.000001 0.001
vn 0.0001 -0.000001 0.000995
vn 0.000097 -0 0.000995
vn 0.000176 -0 0.000984
vn 0.000176 -0 0.000984
vn 0.000249 0 0.000969
vn 0.000251 -0.000001 0.000968
vn 0.000324 -0.000001 0.000946
vn 0.000321 -0 0.000947
vn 0.000398 -0 0.000917
vn 0.000398 0 0.000917
vn 0.000464 0.000001 0.000886
vn 0.000467 -0.000001 0.000884
vn 0.000528 -0 0.000849
vn 0.000528 0 0.000849
vn 0.000592 0 0.000806
vn 0.000594 -0.000001 0.000804
vn 0.000656 -0.000001 0.000754
vn 0.000655 -0 0.000756
vn 0.000707 0 0.000707
vn 0.000707 0 0.000707
vn 0.000762 0 0.000648
vn 0.000762 -0 0.000648
vn 0.000809 -0 0.000588
vn 0.000811 -0.000002 0.000585
vn 0.000852 -0.000001 0.000524
vn 0.00085 0 0.000527
vn 0.000889 0 0.000458
vn 0.00089 -0.000001 0.000455
vn 0.000922 -0.000001 0.000388
vn 0.000922 -0.000002 0.000386
vn 0.000948 -0.000002 0.000319
vn 0.000949 0 0.000315
vn 0.00097 0 0.000243
vn 0.00097 0 0.000243
vn 0.000986 0 0.000169
vn 0.000986 -0.000001 0.000165
vn 0.000996 -0.000001 0.000091
vn 0.000996 -0.000002 0.00009
vn 0.001 -0.000001 0.000016
vn 0.001 -0.000001 0.000018
vn 0.000998 -0.000001 -0.000062
vn 0.000998 0 -0.000059
vn 0.000991 0 -0.000137
vn 0.00099 -0.000002 -0.000142
vn 0.000977 -0.000001 -0.000213
vn 0.000977 -0.000001 -0.000213
vn 0.000957 -0.000002 -0.000289
vn 0.000959 0.000001 -0.000282
vn 0.000934 0.000001 -0.000357
vn 0.000933 0 -0.00036
vn 0.000903 -0 -0.000431
vn 0.000903 -0 -0.000431
vn 0.000868 0 -0.000497
vn 0.000867 -0 -0.000498
vn 0.000825 -0 -0.000565
vn 0.000826 -0 -0.000564
vn 0.00078 -0 -0.000626
vn 0.00078 -0 -0.000626
vn 0.000731 0 -0.000682
vn 0.000731 -0 -0.000682
vn 0.00068 0 -0.000733
vn 0.000678 -0.000001 -0.000735
vn 0.000615 -0.000001 -0.000788
vn 0.000617 -0 -0.000787
vn 0.000558 -0 -0.00083
vn 0.000558 -0 -0.00083
vn 0.000491 0 -0.000871
vn 0.000489 -0.000001 -0.000872
vn 0.000422 -0.000001 -0.000907
vn 0.000426 0 -0.000905
vn 0.000349 0 -0.000937
vn 0.000348 -0 -0.000937
vn 0.000281 0 -0.00096
vn 0.000281 0 -0.00096
vn 0.000205 0 -0.000979
vn 0.000205 -0 -0.000979
vn 0.000128 -0 -0.000992
vn 0.000128 -0 -0.000992
vn 0.000057 0 -0.000998
vn 0.000057 0 -0.000998
vn -0.000023 0 -0.001
vn -0.000025 -0.000001 -0.001
vn -0.000099 -0.000001 -0.000995
vn -0.000097 -0 -0.000995
vn -0.000179 -0 -0.000984
vn -0.000176 0.000001 -0.000984
vn -0.000246 0.000001 -0.000969
vn -0.000251 -0.000001 -0.000968
vn -0.000328 -0.000001 -0.000945
vn -0.000321 0.000002 -0.000947
vn -0.000392 0.000002 -0.00092
vn -0.000399 -0.000002 -0.000917
vn -0.000466 -0.000001 -0.000885
vn -0.000463 0 -0.000886
vn -0.000528 0 -0.000849
vn -0.000528 0 -0.000849
vn -0.000594 -0 -0.000804
vn -0.000597 -0.000001 -0.000802
vn -0.000657 -0.000001 -0.000754
vn -0.000653 0.000001 -0.000757
vn -0.000709 0.000001 -0.000705
vn -0.000711 0 -0.000703
vn -0.000761 0 -0.000649
vn -0.000761 -0 -0.000649
vn -0.000811 -0 -0.000586
vn -0.000811 -0 -0.000586
vn 0.000274 -0.000711 0.000648
vn 0.000229 -0.00072 0.000655
vn 0.00017 -0.000714 0.000679
vn 0.000122 -0.000727 0.000676
vn 0.000123 -0.00071 0.000693
vn 0.00005 -0.000841 0.000539
vn 0.000074 -0.000721 0.000689
vn -0.000001 -0.000995 0.000101
vn 0.000018 -0.000853 0.000522
vn 0.000012 -0.000667 0.000745
vn 0.000025 -0.000878 -0.000478
vn -0.000004 -0.000995 0.0001
vn -0.000032 -0.000896 0.000444
vn -0.000035 -0.000677 0.000735
vn 0.00003 -0.000967 -0.000252
vn -0.000091 -0.000712 0.000696
vn 0.00012 -0.000819 -0.000561
vn 0.000084 -0.000908 -0.000411
vn -0.000081 -0.000916 0.000393
vn -0.000087 -0.000905 0.000416
vn 0.000062 -0.000975 -0.000213
vn -0.000203 -0.00069 0.000695
vn 0.000133 -0.000923 -0.000362
vn 0.000138 -0.000914 -0.00038
vn -0.000142 -0.000907 0.000395
vn -0.000181 -0.000859 0.000479
vn 0.000197 -0.000882 -0.000428
vn 0.000171 -0.000916 -0.000363
vn -0.000211 -0.000867 0.000451
vn -0.000209 -0.000869 0.000448
vn -0.00002 -0.000787 -0.000617
vn -0.000063 -0.000973 -0.000222
vn -0.0001 -0.000912 -0.000398
vn 0.000213 -0.00085 0.000482
vn -0.000093 -0.000974 -0.000206
vn -0.000116 -0.000956 -0.000271
vn 0.000245 -0.000846 0.000474
vn 0.000178 -0.000928 0.000327
vn -0.00014 -0.000957 -0.000255
vn -0.000243 -0.000846 -0.000474
vn 0.000436 -0.000679 0.000591
vn -0.000128 -0.000977 -0.000173
vn 0.000275 -0.000907 0.000318
vn 0.000315 -0.000874 0.00037
vn -0.000254 -0.00092 -0.000297
vn -0.000266 -0.000912 -0.000312
vn 0.000568 -0.000667 0.000483
vn 0.000563 -0.000673 0.000479
vn 0.000078 -0.000995 0.000066
vn 0.000076 -0.000995 0.000065
vn -0.000471 -0.000786 -0.0004
vn -0.000483 -0.000773 -0.000411
vn 0.00066 -0.000668 0.000344
vn 0.000426 -0.00088 0.000211
vn 0.000088 -0.000995 0.00005
vn -0.000443 -0.000866 -0.000232
vn -0.000551 -0.000786 -0.000281
vn 0.000723 -0.000667 0.000181
vn 0.000671 -0.000723 0.000165
vn 0.000097 -0.000995 0.000028
vn -0.000225 -0.000972 -0.000064
vn -0.000601 -0.000786 -0.000144
vn 0.000805 -0.000591 -0.000053
vn 0.000626 -0.000779 -0.000033
vn 0.000159 -0.000987 -0.000014
vn -0.000256 -0.000966 0.000022
vn -0.000544 -0.000839 0.000029
vn 0.00077 -0.000593 -0.000238
vn 0.000376 -0.00092 -0.000106
vn 0.000124 -0.000991 -0.000041
vn -0.000478 -0.000866 0.000148
vn -0.000607 -0.000774 0.00018
vn 0.00061 -0.000712 -0.000347
vn 0.000527 -0.000793 -0.000307
vn -0.0002 -0.000973 0.000117
vn -0.000237 -0.000962 0.000136
vn 0.00038 -0.000874 -0.000304
vn 0.000403 -0.000857 -0.000319
vn -0.000233 -0.000955 0.000181
vn -0.000364 -0.000883 0.000297
vn 0.00039 -0.000848 -0.00036
vn 0.000273 -0.000925 -0.000263
vn -0.000209 -0.000957 0.000203
vn -0.000393 -0.000846 0.00036
vn 0.00033 -0.000845 -0.00042
vn 0.00029 -0.000881 -0.000375
vn -0.000169 -0.00096 0.000224
vn -0.000315 -0.000864 0.000392
vn 0.000442 -0.000595 -0.000671
vn 0.000275 -0.000876 -0.000397
vn 0.000085 -0.000987 -0.000135
vn -0.000263 -0.000879 0.000399
vn -0.000307 -0.000835 0.000458
vn 0.000318 -0.000643 -0.000697
vn 0.000234 -0.000842 -0.000487
vn -0.000125 -0.000959 0.000255
vn -0.000088 -0.000978 0.000187
vn 0.000102 -0.000869 -0.000484
vn 0.000096 -0.000881 -0.000463
vn -0.000096 -0.00088 0.000465
vn -0.000102 -0.000867 0.000487
vn -0.000011 -0.000707 -0.000707
vn -0.000018 -0.000853 -0.000522
vn 0.000009 -0.000973 0.000231
vn 0.000007 -0.000957 0.000291
vn -0.000159 -0.000753 -0.000639
vn -0.00013 -0.000868 -0.000479
vn 0.000103 -0.000914 0.000393
vn 0.000109 -0.000906 0.000409
vn -0.000301 -0.000631 -0.000715
vn -0.000194 -0.000884 -0.000426
vn 0.000085 -0.000981 0.000176
vn 0.000194 -0.000864 0.000464
vn -0.000225 -0.000876 -0.000427
vn -0.000228 -0.000871 -0.000436
vn 0.000189 -0.000913 0.000363
vn 0.000224 -0.000878 0.000422
vn -0.000478 -0.000583 -0.000657
vn -0.000289 -0.00088 -0.000378
vn -0.000074 -0.000991 -0.000108
vn 0.000296 -0.000864 0.000406
vn 0.000368 -0.000787 0.000495
vn -0.000484 -0.000678 -0.000553
vn -0.000311 -0.000875 -0.00037
vn -0.00007 -0.000995 -0.000074
vn 0.000316 -0.000879 0.000357
vn 0.000416 -0.00077 0.000484
vn -0.000469 -0.00079 -0.000395
vn -0.000413 -0.00084 -0.000353
vn 0.000214 -0.000959 0.000184
vn 0.000202 -0.000964 0.000172
vn -0.000653 -0.000679 -0.000336
vn 0.000191 -0.000977 0.000098
vn -0.000672 -0.000723 -0.000163
vn -0.0005 -0.000856 -0.00013
vn 0.000225 -0.000972 0.000061
vn 0.00037 -0.000925 0.000089
vn -0.000624 -0.000781 0.000036
vn -0.000525 -0.00085 0.000036
vn 0.000254 -0.000967 -0.000018
vn 0.000294 -0.000956 -0.000018
vn -0.000679 -0.000707 0.000198
vn -0.000428 -0.000893 0.000138
vn 0.000219 -0.000973 -0.000071
vn 0.000451 -0.000882 -0.000135
vn -0.000702 -0.000589 0.000401
vn -0.000597 -0.000723 0.000348
vn -0.000116 -0.000991 0.000061
vn 0.000218 -0.000969 -0.000116
vn 0.000533 -0.000787 -0.000312
vn -0.00055 -0.00071 0.00044
vn -0.000536 -0.000726 0.00043
vn 0.000177 -0.000974 -0.000142
vn 0.000185 -0.000972 -0.000147
vn -0.000517 -0.000714 0.000472
vn -0.000273 -0.000924 0.000267
vn 0.000167 -0.000972 -0.000167
vn 0.000393 -0.000846 -0.00036
vn -0.000301 -0.000874 0.000383
vn -0.000327 -0.000851 0.000411
vn 0.000186 -0.000955 -0.00023
vn 0.000286 -0.000883 -0.000372
vn -0.000299 -0.000846 0.000441
vn -0.000187 -0.000938 0.000292
vn 0.000156 -0.000957 -0.000246
vn 0.00035 -0.000784 -0.000513
vn 0.00004 -0.000769 -0.000638
vn -0.000023 -0.000972 -0.000236
vn -0.000042 -0.000972 -0.000232
vn -0.000043 -0.00097 -0.000239
vn -0.000071 -0.000972 -0.000222
vn -0.000126 -0.000925 -0.000359
vn 0.000224 -0.00091 0.000349
vn 0.000206 -0.000923 0.000324
vn -0.000235 -0.000899 -0.000371
vn -0.000269 -0.000866 -0.000421
vn 0.000526 -0.000677 0.000515
vn 0.000355 -0.000863 0.00036
vn 0.000075 -0.000995 0.000068
vn -0.000273 -0.000926 -0.000262
vn -0.000447 -0.000773 -0.000449
vn 0.000596 -0.000672 0.000439
vn 0.000382 -0.000884 0.000268
vn 0.000079 -0.000995 0.000063
vn -0.000404 -0.000865 -0.000298
vn -0.000504 -0.000784 -0.000363
vn -0.000542 -0.00077 -0.000336
vn -0.000409 -0.000879 -0.000245
vn 0.000089 -0.000995 0.000049
vn 0.000404 -0.000878 0.000257
vn 0.000629 -0.000677 0.000382
vn 0.000448 -0.000874 0.000189
vn 0.000428 -0.000886 0.000179
vn -0.000436 -0.000882 -0.000182
vn -0.000461 -0.000866 -0.000194
vn -0.000605 -0.000769 -0.000204
vn -0.000454 -0.000879 -0.000145
vn 0.000098 -0.000995 0.000027
vn 0.000452 -0.000878 0.000158
vn 0.0007 -0.000677 0.000228
vn 0.000696 -0.000707 0.000123
vn 0.000446 -0.000892 0.000066
vn -0.000223 -0.000974 -0.000032
vn -0.000456 -0.000886 -0.000077
vn 0.000722 -0.000689 0.000066
vn -0.000218 -0.000976 -0.00002
vn -0.000273 -0.000962 -0.000004
vn -0.000355 -0.000935 -0.00001
vn 0.00045 -0.000893 0.000013
vn 0.000609 -0.000793 0.000006
vn 0.000803 -0.000587 -0.000106
vn 0.000512 -0.000855 -0.000077
vn 0.000159 -0.000987 -0.000018
vn -0.000293 -0.000955 0.000036
vn -0.000521 -0.00085 0.000077
vn -0.000522 -0.000846 0.000109
vn -0.000283 -0.000957 0.000068
vn 0.000369 -0.000925 -0.000086
vn 0.000519 -0.000848 -0.00011
vn 0.000759 -0.000582 -0.00029
vn 0.000645 -0.00072 -0.000254
vn 0.000124 -0.000991 -0.000042
vn -0.000224 -0.000971 0.000078
vn -0.000572 -0.000788 0.000227
vn -0.000219 -0.00097 0.000104
vn -0.000213 -0.000972 0.000102
vn 0.00062 -0.000726 -0.000297
vn 0.000636 -0.00071 -0.000303
vn -0.000417 -0.000865 0.000278
vn -0.000209 -0.000966 0.00015
vn 0.000389 -0.00088 -0.000272
vn 0.000521 -0.000778 -0.000352
vn -0.000334 -0.000866 0.000371
vn -0.000202 -0.000956 0.000213
vn 0.000269 -0.00092 -0.000286
vn 0.000354 -0.00085 -0.000389
vn -0.000256 -0.000849 0.000463
vn -0.000148 -0.000956 0.000253
vn 0.000082 -0.000987 -0.000138
vn 0.000251 -0.000853 -0.000458
vn 0.000402 -0.000589 -0.000701
vn 0.000279 -0.000631 -0.000724
vn 0.000166 -0.00087 -0.000464
vn -0.000066 -0.000978 0.000196
vn -0.000144 -0.000915 0.000376
vn -0.000144 -0.000862 0.000486
vn -0.000104 -0.000923 0.000371
vn 0.000128 -0.000883 -0.000452
vn 0.000142 -0.00086 -0.000489
vn 0.000063 -0.000874 -0.000482
vn 0.000064 -0.000873 -0.000484
vn -0.000054 -0.000916 0.000398
vn -0.000059 -0.000882 0.000468
vn -0.000018 -0.000923 0.000385
vn -0.000018 -0.000969 0.000245
vn 0.000032 -0.000862 -0.000505
vn 0.000032 -0.000723 -0.000691
vn -0.00007 -0.000764 -0.000641
vn -0.000052 -0.00084 -0.00054
vn 0.000032 -0.00096 0.000279
vn 0.000039 -0.000895 0.000444
vn 0.000078 -0.000894 0.00044
vn 0.000076 -0.000905 0.000419
vn -0.000114 -0.00077 -0.000628
vn -0.000116 -0.000748 -0.000653
vn 0.000126 -0.000925 0.000358
vn 0.000059 -0.000979 0.000194
vn -0.00016 -0.000857 -0.00049
vn -0.000254 -0.000643 -0.000722
vn 0.000333 -0.000773 0.000539
vn 0.000206 -0.000926 0.000317
vn -0.000074 -0.000991 -0.000108
vn -0.000268 -0.000857 -0.00044
vn -0.000432 -0.000593 -0.00068
vn 0.000442 -0.000787 0.00043
vn 0.000204 -0.000956 0.00021
vn -0.000069 -0.000995 -0.000074
vn -0.000375 -0.000853 -0.000364
vn -0.000521 -0.000674 -0.000524
vn -0.000502 -0.000783 -0.000368
vn -0.000381 -0.000885 -0.000269
vn 0.000217 -0.000964 0.00015
vn 0.000404 -0.000864 0.000299
vn 0.000408 -0.000879 0.000245
vn 0.000375 -0.000899 0.000227
vn -0.000361 -0.000907 -0.000216
vn -0.000412 -0.000875 -0.000253
vn -0.000388 -0.000907 -0.000164
vn -0.000447 -0.000874 -0.000192
vn 0.00035 -0.000925 0.000149
vn 0.000369 -0.000916 0.000159
vn 0.000387 -0.000913 0.000129
vn 0.000367 -0.000922 0.000121
vn -0.000468 -0.00087 -0.000155
vn -0.000483 -0.00086 -0.000161
vn -0.000696 -0.000707 -0.000123
vn -0.000446 -0.000892 -0.000066
vn 0.000223 -0.000974 0.000032
vn 0.000456 -0.000886 0.000077
vn -0.000722 -0.000689 -0.000066
vn 0.000218 -0.000976 0.00002
vn 0.000261 -0.000965 0.000003
vn 0.000355 -0.000935 0.00001
vn -0.00045 -0.000893 -0.000013
vn -0.000606 -0.000795 -0.000006
vn -0.000795 -0.000596 0.000117
vn -0.000529 -0.000846 0.000068
vn -0.000157 -0.000987 0.000026
vn 0.000288 -0.000957 -0.000046
vn 0.000541 -0.000838 -0.000071
vn 0.000521 -0.000845 -0.000118
vn 0.000242 -0.000969 -0.000046
vn -0.000157 -0.000987 0.00003
vn -0.000674 -0.000723 0.000152
vn -0.00079 -0.000589 0.00017
vn -0.000685 -0.000679 0.000264
vn 0.000201 -0.000977 -0.000077
vn 0.00058 -0.000769 -0.00027
vn 0.00039 -0.000901 -0.000188
vn -0.000116 -0.000992 0.000057
vn -0.000425 -0.000884 0.000193
vn -0.000723 -0.000596 0.000351
vn 0.000191 -0.000973 -0.000131
vn 0.000192 -0.000973 -0.000131
vn -0.000572 -0.000721 0.000391
vn -0.000586 -0.000705 0.000399
vn 0.000336 -0.000868 -0.000366
vn 0.00034 -0.000864 -0.00037
vn -0.000268 -0.000919 0.000289
vn -0.000318 -0.000881 0.000351
vn -0.000227 -0.000883 0.000411
vn -0.000176 -0.000936 0.000305
vn 0.000248 -0.000866 -0.000434
vn 0.000288 -0.000807 -0.000516
vn 0.000162 -0.000856 0.000491
vn 0.000131 -0.000868 0.000479
vn -0.000025 -0.000959 -0.000282
vn -0.000001 -0.000956 -0.000293
vn 0.000439 -0.000329 0.000836
vn 0.000439 -0.000318 0.00084
vn 0.000377 -0.000307 0.000874
vn 0.000377 -0.000322 0.000869
vn 0.000306 -0.000323 0.000896
vn 0.000306 -0.00031 0.0009
vn 0.000238 -0.000329 0.000914
vn 0.000237 -0.000305 0.000922
vn 0.000167 -0.000323 0.000932
vn 0.000166 -0.000318 0.000933
vn 0.000093 -0.000307 0.000947
vn 0.000096 -0.000339 0.000936
vn 0.000025 -0.000341 0.00094
vn 0.000021 -0.000304 0.000953
vn -0.00005 -0.000319 0.000947
vn -0.000052 -0.000306 0.00095
vn -0.000127 -0.000297 0.000946
vn -0.000123 -0.000323 0.000938
vn -0.00019 -0.000327 0.000926
vn -0.000197 -0.00029 0.000936
vn -0.000266 -0.000301 0.000916
vn -0.000266 -0.0003 0.000916
vn -0.000339 -0.000292 0.000894
vn -0.000331 -0.000325 0.000886
vn -0.000404 -0.00031 0.000861
vn -0.000396 -0.000339 0.000853
vn -0.00046 -0.000342 0.00082
vn -0.00047 -0.000305 0.000828
vn -0.000526 -0.000323 0.000787
vn -0.000527 -0.000318 0.000788
vn -0.000588 -0.000307 0.000748
vn -0.000581 -0.00033 0.000744
vn -0.000638 -0.000331 0.000695
vn -0.000646 -0.000305 0.000699
vn -0.000691 -0.000323 0.000646
vn -0.000687 -0.000335 0.000645
vn -0.000739 -0.000318 0.000594
vn -0.000747 -0.000294 0.000596
vn -0.00079 -0.000293 0.000539
vn -0.000787 -0.000309 0.000534
vn -0.000822 -0.00032 0.000471
vn -0.000823 -0.000316 0.000471
vn -0.000849 -0.000336 0.000407
vn -0.000856 -0.000318 0.000408
vn -0.000889 -0.000304 0.000343
vn -0.000894 -0.000288 0.000343
vn -0.000917 -0.000291 0.000273
vn -0.000912 -0.000304 0.000274
vn -0.000925 -0.000323 0.000202
vn -0.00092 -0.000335 0.000203
vn -0.00094 -0.000317 0.000129
vn -0.000937 -0.000323 0.00013
vn -0.000943 -0.000327 0.00006
vn -0.000947 -0.000315 0.000059
vn -0.000942 -0.000336 -0.000014
vn -0.000942 -0.000334 -0.000014
vn -0.000944 -0.000317 -0.000088
vn -0.000939 -0.000334 -0.000085
vn -0.000935 -0.000318 -0.000157
vn -0.000935 -0.000317 -0.000157
vn -0.00092 -0.000317 -0.000231
vn -0.000924 -0.000302 -0.000235
vn -0.000899 -0.000318 -0.000299
vn -0.0009 -0.000318 -0.000299
vn -0.000878 -0.000307 -0.000367
vn -0.000881 -0.000295 -0.00037
vn -0.000849 -0.000298 -0.000436
vn -0.000852 -0.000286 -0.000439
vn -0.000813 -0.000296 -0.000501
vn -0.000811 -0.000307 -0.000498
vn -0.000773 -0.000299 -0.00056
vn -0.000775 -0.000286 -0.000563
vn -0.00073 -0.000287 -0.00062
vn -0.000731 -0.000284 -0.000621
vn -0.000679 -0.000289 -0.000675
vn -0.000677 -0.000302 -0.000671
vn -0.000622 -0.000318 -0.000716
vn -0.000622 -0.000313 -0.000718
vn -0.000566 -0.0003 -0.000768
vn -0.000565 -0.000317 -0.000762
vn -0.000503 -0.000317 -0.000804
vn -0.000504 -0.000297 -0.000811
vn -0.00044 -0.000312 -0.000842
vn -0.000439 -0.000335 -0.000834
vn -0.000373 -0.000317 -0.000872
vn -0.000373 -0.000339 -0.000864
vn -0.000306 -0.000341 -0.000889
vn -0.000306 -0.00031 -0.0009
vn -0.00024 -0.000328 -0.000914
vn -0.000239 -0.000299 -0.000924
vn -0.000166 -0.000313 -0.000935
vn -0.000167 -0.000317 -0.000933
vn -0.000095 -0.000305 -0.000948
vn -0.000096 -0.000317 -0.000944
vn -0.000021 -0.000317 -0.000948
vn -0.000019 -0.000302 -0.000953
vn 0.000047 -0.000318 -0.000947
vn 0.000048 -0.000313 -0.000948
vn 0.000128 -0.0003 -0.000946
vn 0.000122 -0.00033 -0.000936
vn 0.000191 -0.000333 -0.000923
vn 0.000195 -0.000316 -0.000929
vn 0.000261 -0.000336 -0.000905
vn 0.000265 -0.000317 -0.000911
vn 0.000335 -0.000304 -0.000892
vn 0.000336 -0.000301 -0.000893
vn 0.000405 -0.000292 -0.000866
vn 0.000403 -0.000302 -0.000864
vn 0.000467 -0.000305 -0.00083
vn 0.000471 -0.000292 -0.000832
vn 0.00053 -0.000306 -0.000791
vn 0.000522 -0.000335 -0.000784
vn 0.000587 -0.000317 -0.000745
vn 0.000586 -0.000323 -0.000743
vn 0.000637 -0.000327 -0.000698
vn 0.000647 -0.000296 -0.000703
vn 0.000695 -0.000311 -0.000648
vn 0.000687 -0.000334 -0.000645
vn 0.00074 -0.000317 -0.000593
vn 0.000738 -0.000322 -0.000592
vn 0.000783 -0.000323 -0.000532
vn 0.000785 -0.000316 -0.000533
vn 0.000816 -0.000336 -0.00047
vn 0.000828 -0.000302 -0.000472
vn 0.000855 -0.000318 -0.00041
vn 0.000855 -0.000318 -0.00041
vn 0.000889 -0.000304 -0.000343
vn 0.000884 -0.000317 -0.000343
vn 0.000909 -0.000317 -0.000271
vn 0.000909 -0.000316 -0.000271
vn 0.00092 -0.000337 -0.000201
vn 0.000927 -0.000318 -0.0002
vn 0.000943 -0.000307 -0.00013
vn 0.000933 -0.000335 -0.000132
vn 0.000947 -0.000317 -0.000057
vn 0.000939 -0.000339 -0.000059
vn 0.00094 -0.000341 0.000013
vn 0.000942 -0.000334 0.000014
vn 0.000944 -0.000317 0.000088
vn 0.000939 -0.000334 0.000085
vn 0.000935 -0.000317 0.00016
vn 0.000928 -0.000339 0.000156
vn 0.000912 -0.000341 0.000226
vn 0.000922 -0.00031 0.000233
vn 0.000896 -0.000329 0.000298
vn 0.000897 -0.000325 0.000299
vn 0.000875 -0.000311 0.00037
vn 0.000868 -0.000339 0.000363
vn 0.000837 -0.000341 0.000428
vn 0.000843 -0.000316 0.000435
vn 0.000804 -0.000336 0.000491
vn 0.000812 -0.000298 0.000502
vn 0.000773 -0.000292 0.000563
vn 0.000767 -0.000325 0.000554
vn 0.000724 -0.00031 0.000617
vn 0.00072 -0.00033 0.00061
vn 0.000671 -0.000331 0.000663
vn 0.000679 -0.000281 0.000679
vn 0.000624 -0.000288 0.000726
vn 0.00062 -0.000318 0.000717
vn 0.000564 -0.000306 0.000767
vn 0.000563 -0.000317 0.000763
vn 0.000504 -0.000322 0.000801
vn 0.000505 -0.000309 0.000806
vn 0.000603 -0.000775 -0.000188
vn 0.000576 -0.000787 -0.00022
vn 0.000465 -0.000866 -0.000184
vn 0.000438 -0.000876 -0.000202
vn 0.000183 -0.000977 -0.000106
vn 0.000178 -0.000978 -0.000108
vn -0.000399 -0.000598 0.000695
vn -0.000337 -0.00058 0.000742
vn -0.000421 -0.000726 0.000543
vn -0.000228 -0.000912 0.00034
vn 0.000405 -0.000869 -0.000284
vn 0.000375 -0.00088 -0.000292
vn -0.000083 -0.000971 0.000223
vn -0.000144 -0.000721 0.000677
vn -0.000097 -0.000676 0.000731
vn -0.000034 -0.00067 0.000742
vn 0.000265 -0.000839 -0.000476
vn 0.000226 -0.000849 -0.000477
vn -0.000034 -0.00086 0.000509
vn 0.000019 -0.000843 0.000538
vn 0.000132 -0.000599 0.00079
vn 0.000205 -0.000585 0.000784
vn 0.000009 -0.000955 -0.000297
vn 0.000001 -0.000957 -0.00029
vn 0.000219 -0.000876 0.00043
vn 0.000276 -0.000858 0.000434
vn -0.000114 -0.000771 -0.000627
vn -0.000149 -0.000785 -0.000601
vn -0.000106 -0.000963 -0.000246
vn -0.000118 -0.000964 -0.000237
vn 0.00021 -0.000935 0.000285
vn 0.000241 -0.000932 0.00027
vn 0.000314 -0.000875 0.000369
vn 0.000368 -0.000858 0.00036
vn 0.000557 -0.000676 0.000483
vn 0.000604 -0.00067 0.000432
vn -0.000191 -0.000914 -0.000357
vn -0.000199 -0.000922 -0.000331
vn 0.000239 -0.000939 0.000247
vn 0.000291 -0.000927 0.000235
vn 0.000386 -0.000876 0.00029
vn 0.000436 -0.000859 0.000268
vn 0.000655 -0.000674 0.000342
vn 0.000687 -0.000669 0.000283
vn -0.000328 -0.000792 -0.000515
vn -0.000349 -0.000808 -0.000475
vn -0.000268 -0.000915 -0.000301
vn -0.000269 -0.000922 -0.000278
vn 0.000779 -0.000594 0.0002
vn 0.000805 -0.000579 0.00013
vn -0.000366 -0.000788 -0.000495
vn -0.000387 -0.000803 -0.000454
vn 0.000477 -0.000854 0.000208
vn 0.00051 -0.000843 0.000168
vn 0.000571 -0.000798 0.000194
vn 0.000608 -0.00078 0.000146
vn -0.00044 -0.000789 -0.000429
vn -0.00045 -0.000806 -0.000386
vn -0.000327 -0.000917 -0.00023
vn -0.000329 -0.000921 -0.000207
vn -0.000259 -0.000962 -0.000086
vn -0.000254 -0.000965 -0.000072
vn 0.000698 -0.000716 0.00001
vn 0.000425 -0.000905 -0.000026
vn -0.000407 -0.000913 -0.000038
vn -0.000231 -0.000973 -0.000003
vn 0.000508 -0.000849 -0.000145
vn 0.000523 -0.000827 -0.000206
vn -0.000294 -0.000955 0.000041
vn -0.000284 -0.000957 0.000063
vn 0.000552 -0.000787 -0.000275
vn 0.000228 -0.000962 -0.000149
vn 0.000614 -0.000671 -0.000415
vn 0.000581 -0.000662 -0.000474
vn 0.000271 -0.000945 -0.000184
vn 0.000486 -0.000633 -0.000603
vn 0.000437 -0.000602 -0.000668
vn -0.000533 -0.000829 0.000169
vn -0.000503 -0.000843 0.000191
vn -0.000469 -0.000865 0.000181
vn -0.000437 -0.000876 0.000202
vn 0.00034 -0.000868 -0.000362
vn 0.000317 -0.000852 -0.000416
vn 0.000384 -0.000641 -0.000665
vn 0.000325 -0.000618 -0.000716
vn -0.000312 -0.000904 0.000292
vn -0.00019 -0.000961 0.0002
vn 0.000263 -0.00068 -0.000684
vn 0.000208 -0.000671 -0.000712
vn -0.000169 -0.000953 0.000252
vn -0.000131 -0.00096 0.000246
vn 0.000049 -0.0006 -0.000798
vn -0.000025 -0.0006 -0.000799
vn -0.000166 -0.000916 0.000365
vn -0.000144 -0.000921 0.000363
vn -0.000063 -0.000724 -0.000687
vn -0.000131 -0.000702 -0.000699
vn -0.000264 -0.000732 -0.000628
vn -0.000331 -0.000706 -0.000626
vn -0.00035 -0.000653 -0.000671
vn -0.000417 -0.000634 -0.000651
vn 0.000053 -0.000953 0.000298
vn 0.000076 -0.00096 0.000268
vn 0.000101 -0.000971 0.000215
vn 0.000111 -0.000972 0.000208
vn -0.000642 -0.000602 -0.000475
vn -0.000697 -0.000582 -0.00042
vn 0.000156 -0.000956 0.000249
vn 0.000167 -0.00096 0.000224
vn -0.000061 -0.000995 -0.000078
vn -0.000077 -0.000995 -0.000069
vn -0.000375 -0.000869 -0.000322
vn -0.000426 -0.000854 -0.0003
vn 0.00016 -0.000963 0.000216
vn 0.000168 -0.000964 0.000207
vn -0.000609 -0.000726 -0.000319
vn -0.000655 -0.000706 -0.000269
vn -0.00021 -0.000965 -0.000155
vn 0.000285 -0.000918 0.000275
vn 0.000287 -0.000926 0.000246
vn -0.000465 -0.000862 -0.000203
vn -0.000509 -0.000844 -0.000169
vn 0.000202 -0.000974 0.000105
vn -0.000685 -0.000719 -0.000116
vn 0.000215 -0.000974 0.000072
vn -0.000536 -0.000844 -0.000015
vn -0.000554 -0.000831 0.000035
vn 0.000407 -0.000913 0.000038
vn 0.000251 -0.000968 0.000007
vn -0.000499 -0.00086 0.000102
vn -0.000522 -0.000837 0.000162
vn 0.000405 -0.000913 -0.000056
vn 0.000246 -0.000968 -0.00005
vn -0.000096 -0.000995 0.000024
vn -0.000095 -0.000995 0.000042
vn -0.000462 -0.000858 0.000223
vn -0.000465 -0.000842 0.000275
vn -0.000392 -0.000885 0.000252
vn -0.000382 -0.000872 0.000306
vn -0.000479 -0.000782 0.000398
vn -0.000301 -0.000912 0.00028
vn -0.00047 -0.000725 0.000504
vn -0.000431 -0.000709 0.000558
vn -0.00022 -0.000585 0.000781
vn -0.00029 -0.0006 0.000746
vn -0.000318 -0.000759 0.000568
vn 0.000205 -0.000964 -0.000172
vn 0.000352 -0.000875 -0.000332
vn 0.000223 -0.000945 -0.000237
vn 0.000157 -0.000973 -0.000172
vn 0.000139 -0.000974 -0.000177
vn -0.000164 -0.000646 0.000745
vn -0.000099 -0.000626 0.000774
vn -0.00012 -0.000932 0.000343
vn -0.000158 -0.000936 0.000315
vn -0.000067 -0.000987 0.000147
vn -0.000081 -0.000988 0.000134
vn 0.000142 -0.000973 -0.000182
vn 0.000267 -0.000875 -0.000403
vn 0.000176 -0.000938 -0.000297
vn -0.00008 -0.000973 0.000217
vn 0.000012 -0.000597 0.000802
vn 0.000089 -0.00058 0.00081
vn 0.000043 -0.000976 -0.000211
vn -0.000017 -0.000995 0.000098
vn -0.000001 -0.000995 0.000104
vn 0.000257 -0.000789 -0.000558
vn 0.000212 -0.000803 -0.000557
vn 0.000159 -0.000885 -0.000438
vn 0.000179 -0.000778 -0.000603
vn 0.000042 -0.000979 -0.000198
vn 0.000036 -0.00098 -0.000197
vn 0.000166 -0.000727 0.000666
vn 0.00023 -0.000704 0.000672
vn 0.000282 -0.000707 0.000648
vn 0.000223 -0.000722 0.000655
vn 0.000076 -0.00092 0.000385
vn 0.000029 -0.000925 0.000378
vn 0.000017 -0.000991 0.000131
vn -0.000003 -0.000992 0.000128
vn 0.000019 -0.000992 0.000128
vn 0.000039 -0.000991 0.000128
vn 0.000237 -0.000793 0.000561
vn 0.000294 -0.000779 0.000553
vn 0.000039 -0.000783 -0.000621
vn 0.000076 -0.000774 -0.000629
vn -0.000022 -0.000775 -0.000632
vn -0.000059 -0.000787 -0.000614
vn -0.000055 -0.000851 -0.000522
vn -0.000084 -0.000861 -0.000501
vn -0.000067 -0.000972 -0.000227
vn -0.000074 -0.000973 -0.000218
vn 0.000218 -0.00093 0.000295
vn 0.000176 -0.000939 0.000295
vn -0.000087 -0.000974 -0.000209
vn -0.000075 -0.000972 -0.000221
vn 0.000452 -0.000864 0.000223
vn 0.000394 -0.000885 0.000247
vn 0.000087 -0.000995 0.000057
vn 0.000074 -0.000995 0.000067
vn 0.000097 -0.000995 0.000036
vn 0.000086 -0.000995 0.00005
vn -0.000483 -0.000773 -0.000411
vn -0.000497 -0.000787 -0.000367
vn 0.000698 -0.000706 0.000118
vn 0.000414 -0.000909 0.000038
vn 0.000691 -0.000723 0.00001
vn 0.000132 -0.000991 0.000017
vn 0.000123 -0.000992 0.000037
vn -0.000276 -0.000957 -0.000091
vn -0.000275 -0.000955 -0.000109
vn -0.000423 -0.000878 -0.000225
vn -0.00043 -0.000864 -0.000261
vn -0.000564 -0.000774 -0.000287
vn -0.000567 -0.000786 -0.000246
vn 0.000681 -0.000726 -0.000095
vn 0.000597 -0.000782 -0.000179
vn 0.00059 -0.000798 -0.000125
vn 0.000526 -0.000843 -0.000116
vn 0.000514 -0.000855 -0.000064
vn -0.000266 -0.000963 -0.000038
vn -0.000614 -0.000776 -0.000146
vn -0.000608 -0.000786 -0.000111
vn -0.000227 -0.000974 -0.000003
vn 0.000705 -0.000587 -0.000397
vn 0.000675 -0.000575 -0.000463
vn 0.000451 -0.000866 -0.000216
vn 0.000447 -0.000879 -0.000168
vn -0.000239 -0.00097 0.00003
vn -0.000402 -0.000915 0.000025
vn -0.000256 -0.000964 0.000066
vn -0.000267 -0.000962 0.000058
vn 0.000425 -0.000777 -0.000463
vn 0.000295 -0.000917 -0.000268
vn 0.000533 -0.000728 -0.000432
vn 0.000078 -0.000995 -0.000068
vn 0.000084 -0.000995 -0.000053
vn -0.000245 -0.000962 0.000123
vn 0.000258 -0.000843 -0.000472
vn 0.000292 -0.000859 -0.00042
vn -0.0002 -0.000965 0.00017
vn -0.000367 -0.000898 0.000241
vn -0.000495 -0.000819 0.000291
vn -0.000524 -0.000772 0.00036
vn -0.000492 -0.000782 0.000384
vn 0.000219 -0.000868 -0.000445
vn 0.000178 -0.000852 -0.000492
vn 0.000187 -0.000766 -0.000615
vn 0.000132 -0.000735 -0.000665
vn -0.00012 -0.000978 0.000169
vn -0.000123 -0.000978 0.000168
vn -0.000237 -0.000926 0.000296
vn -0.000266 -0.000918 0.000295
vn -0.0001 -0.000979 0.000176
vn -0.000092 -0.00098 0.000177
vn 0.00004 -0.000995 -0.000091
vn 0.000021 -0.000994 -0.000103
vn 0.000111 -0.000855 -0.000507
vn 0.000069 -0.000841 -0.000537
vn 0.000018 -0.000869 -0.000495
vn 0.000064 -0.000891 -0.000449
vn 0.000012 -0.000971 -0.000237
vn -0.000062 -0.000743 -0.000666
vn -0.000185 -0.00064 -0.000746
vn -0.000259 -0.000628 -0.000734
vn -0.000057 -0.000957 0.000286
vn -0.000043 -0.000959 0.00028
vn 0.000015 -0.000966 -0.000257
vn -0.000143 -0.000839 -0.000525
vn -0.000083 -0.000862 -0.000499
vn -0.000094 -0.000904 0.000417
vn -0.000117 -0.000897 0.000426
vn -0.000176 -0.000783 0.000596
vn -0.000219 -0.000773 0.000595
vn -0.000059 -0.000867 0.000495
vn -0.000024 -0.000879 0.000477
vn 0.000021 -0.000975 0.000222
vn -0.000139 -0.000886 -0.000442
vn -0.000203 -0.000869 -0.000452
vn 0.000037 -0.000972 0.000234
vn 0.000024 -0.000971 0.000238
vn 0.000011 -0.000783 0.000622
vn -0.000024 -0.000895 0.000445
vn 0.000053 -0.000977 0.000204
vn 0.000057 -0.000978 0.0002
vn -0.000263 -0.00086 -0.000436
vn -0.000325 -0.000839 -0.000437
vn -0.000361 -0.000791 -0.000494
vn -0.000417 -0.000774 -0.000476
vn -0.000475 -0.000684 -0.000553
vn -0.000533 -0.000666 -0.000521
vn -0.000397 -0.000854 -0.000337
vn -0.000341 -0.000872 -0.00035
vn 0.000104 -0.000979 0.000177
vn 0.000098 -0.000977 0.000187
vn 0.000182 -0.00088 0.000439
vn 0.000166 -0.000869 0.000466
vn -0.000594 -0.000742 -0.00031
vn -0.000192 -0.000972 -0.000138
vn -0.000407 -0.000908 -0.000102
vn -0.000609 -0.000769 -0.000194
vn 0.000312 -0.000922 0.000228
vn 0.000307 -0.000915 0.000261
vn 0.000437 -0.000785 0.00044
vn 0.000421 -0.000772 0.000477
vn 0.000371 -0.00089 0.000266
vn 0.000534 -0.000777 0.000333
vn 0.000208 -0.000972 0.000107
vn 0.000208 -0.000974 0.000092
vn -0.000696 -0.000709 -0.000118
vn -0.000423 -0.000905 -0.00004
vn -0.000694 -0.00072 -0.000011
vn 0.000277 -0.000957 0.000088
vn 0.000274 -0.000955 0.000115
vn 0.000391 -0.000915 0.000098
vn 0.000217 -0.000975 0.000037
vn -0.000645 -0.000763 0.000048
vn -0.00041 -0.00091 0.000058
vn -0.000694 -0.000666 0.000273
vn -0.000707 -0.000677 0.000207
vn -0.00068 -0.000718 0.000149
vn 0.000224 -0.000974 0.000038
vn 0.000294 -0.000956 0.000005
vn 0.000277 -0.000961 -0.00002
vn -0.000661 -0.000652 0.000371
vn -0.000642 -0.000624 0.000446
vn -0.000442 -0.000872 0.000211
vn -0.00044 -0.000884 0.000159
vn 0.000227 -0.000974 -0.000015
vn 0.00028 -0.000957 -0.000076
vn 0.000296 -0.000953 -0.000065
vn 0.000268 -0.000954 -0.000133
vn 0.000239 -0.00096 -0.000144
vn -0.000426 -0.000778 0.000462
vn -0.00099 -0.000045 0.000137
vn -0.000992 0.000007 0.000125
vn -0.000975 -0.000055 0.000215
vn -0.00098 0.000009 0.000201
vn -0.000955 -0.000052 0.00029
vn -0.000961 0.000013 0.000277
vn -0.000675 -0.000003 0.000738
vn -0.000933 -0.000033 0.000357
vn -0.000937 0.000002 0.00035
vn -0.000903 -0.000036 0.000429
vn -0.000907 -0.000002 0.000421
vn -0.000864 -0.000047 0.000501
vn -0.000872 0.000013 0.00049
vn -0.000828 -0.000025 0.00056
vn -0.000831 -0.000004 0.000556
vn -0.000781 -0.000032 0.000623
vn -0.000785 -0.000008 0.000619
vn -0.000729 -0.000039 0.000684
vn -0.000735 -0.000005 0.000678
vn -0.00068 -0.00003 0.000732
vn 0.000278 0.000027 -0.00096
vn 0.000316 -0.000053 -0.000947
vn 0.000351 0.00002 -0.000936
vn 0.000388 -0.000053 -0.00092
vn 0.000427 0.000026 -0.000904
vn 0.000486 0.000022 -0.000874
vn 0.000526 -0.000059 -0.000849
vn 0.000561 0.000026 -0.000827
vn 0.00059 -0.000038 -0.000806
vn 0.000614 0.000028 -0.000789
vn 0.000676 0.000017 -0.000736
vn 0.000708 -0.000051 -0.000705
vn 0.000728 0.000009 -0.000686
vn 0.00076 -0.000067 -0.000647
vn 0.000785 0.000015 -0.000619
vn 0.000808 -0.000044 -0.000588
vn 0.000827 0.000031 -0.000562
vn 0.000864 0.000018 -0.000503
vn 0.000889 -0.000057 -0.000455
vn 0.000904 0.000016 -0.000428
vn 0.000922 -0.000048 -0.000385
vn 0.000933 0.000019 -0.00036
vn 0.000957 0.000018 -0.000289
vn 0.00097 -0.00005 -0.000238
vn 0.000977 0.000012 -0.000214
vn 0.000985 -0.000055 -0.000161
vn 0.000991 0.000009 -0.000137
vn 0.000995 -0.00005 -0.000086
vn 0.000998 0.000011 -0.000062
vn 0.000999 -0.000048 -0.000007
vn 0.001 0.000006 0.000013
vn 0.000996 -0.000054 0.000069
vn 0.000996 0.00001 0.000093
vn 0.000988 -0.000049 0.000147
vn 0.000985 0.000019 0.000172
vn 0.000974 -0.000033 0.000224
vn 0.000971 0.000014 0.000239
vn 0.000954 -0.000045 0.000298
vn 0.000949 0.000008 0.000315
vn 0.000928 -0.000047 0.00037
vn 0.00092 0.000015 0.000391
vn 0.000891 0.000006 0.000455
vn 0.000859 -0.000042 0.00051
vn 0.000853 -0 0.000522
vn 0.000817 -0.000047 0.000574
vn 0.000807 0.000012 0.000591
vn 0.000771 -0.000034 0.000636
vn 0.000765 -0.000005 0.000644
vn 0.000718 -0.000042 0.000694
vn 0.00071 -0.000003 0.000704
vn 0.000663 -0.000043 0.000748
vn 0.000654 -0.000005 0.000756
vn 0.000603 -0.000046 0.000796
vn 0.000594 -0.000011 0.000804
vn 0.000539 -0.00004 0.000841
vn 0.000531 -0.000007 0.000847
vn 0.000472 -0.00004 0.00088
vn 0.000462 -0 0.000887
vn 0.000403 -0.000031 0.000915
vn 0.000394 0.000005 0.000919
vn 0.000331 -0.000024 0.000943
vn 0.000324 0.000003 0.000946
vn 0.000257 -0.00002 0.000966
vn 0.00025 0.000004 0.000968
vn 0.000181 -0.000019 0.000983
vn 0.000179 -0.000012 0.000984
vn 0.000105 -0.000036 0.000994
vn 0.000094 0 0.000996
vn 0.000027 -0.000014 0.001
vn 0.000028 -0.000017 0.000999
vn -0.00005 -0.000029 0.000998
vn -0.000057 -0.000005 0.000998
vn -0.000127 -0.000015 0.000992
vn -0.000131 -0.000002 0.000991
vn -0.000204 -0.00001 0.000979
vn -0.000201 -0.00002 0.000979
vn -0.000279 -0.000018 0.00096
vn -0.000282 -0.000008 0.000959
vn -0.000353 -0.000007 0.000936
vn -0.000349 -0.000024 0.000937
vn -0.000424 -0.000025 0.000905
vn -0.000428 -0.000011 0.000904
vn -0.000493 -0.000002 0.00087
vn -0.000487 -0.000029 0.000873
vn -0.000559 -0.000011 0.000829
vn -0.000554 -0.000032 0.000832
vn -0.000621 -0.000014 0.000783
vn -0.000621 -0.000018 0.000784
vn 0.000206 -0.000108 -0.000973
vn 0.000241 0.000084 -0.000967
vn 0.000164 -0.000058 -0.000985
vn 0.00013 0.000008 -0.000991
vn 0.000051 -0.000137 -0.000989
vn 0.000091 0.000092 -0.000992
vn -0.000022 -0.000108 -0.000994
vn 0.000009 0.000062 -0.000998
vn -0.000102 -0.000108 -0.000989
vn -0.000067 0.000084 -0.000994
vn -0.000144 -0.000047 -0.000988
vn -0.000172 0.000016 -0.000985
vn -0.000252 -0.00012 -0.00096
vn -0.000219 0.000075 -0.000973
vn -0.00032 -0.000082 -0.000944
vn -0.000294 0.00006 -0.000954
vn -0.000368 -0.000056 -0.000928
vn -0.000397 0.000014 -0.000918
vn -0.000463 -0.0001 -0.000881
vn -0.000436 0.00007 -0.000897
vn -0.000528 -0.000084 -0.000845
vn -0.000509 0.00004 -0.00086
vn -0.000594 -0.000088 -0.0008
vn -0.000571 0.000057 -0.000819
vn -0.000634 -0.000046 -0.000772
vn -0.000654 0.00002 -0.000756
vn -0.000707 -0.00008 -0.000702
vn -0.000692 0.000041 -0.000721
vn -0.00076 -0.000077 -0.000646
vn -0.000746 0.000033 -0.000665
vn -0.000809 -0.000064 -0.000585
vn -0.000796 0.00005 -0.000604
vn -0.000849 -0.000065 -0.000524
vn -0.000839 0.000036 -0.000543
vn -0.000888 -0.000079 -0.000453
vn -0.000879 0.00004 -0.000475
vn -0.000919 -0.000052 -0.00039
vn -0.000914 0.000025 -0.000405
vn -0.000947 -0.000073 -0.000314
vn -0.000942 0.000025 -0.000334
vn -0.000968 -0.00007 -0.00024
vn -0.000965 0.000022 -0.00026
vn -0.000984 -0.00006 -0.000167
vn -0.000983 0.00002 -0.000185
vn -0.000993 -0.000043 -0.000108
vn -0.000996 0.000004 -0.000092
vn -0.000998 -0.000056 -0.000015
vn -0.000999 0.000018 -0.000032
vn -0.000997 -0.000053 0.000061
vn -0.000999 0.000011 0.000046
vn 0.000897 -0.000036 0.000441
vn 0.000949 -0.000046 -0.000313
vn 0.000851 -0.000041 -0.000523
vn 0.000651 -0.000053 -0.000758
vn 0.000459 -0.000042 -0.000888
vn -0 0.001 0
vn 0 0.001 0
vn -0 0.001 0
vn -0 0.001 -0
vn 0 0.001 0
vn 0 0.001 0
vn 0 0.001 0
vn -0 0.001 0
vn 0 0.001 0
vn -0 0.001 0
vn -0 0.001 0
vn 0 0.001 0
vn -0 0.001 0
vn -0 0.001 0
vn -0 0.001 0
vn -0 0.001 0
vn -0 0.001 0
vn -0 0.001 0
vn -0 0.001 0
vn -0 0.001 0
vn -0 0.001 0
vn -0 0.001 0
vn -0 0.001 -0
vn -0 0.001 -0
vn -0 0.001 -0
vn -0 0.001 -0
vn -0 0.001 -0
vn 0 0.001 -0
vn 0 0.001 -0
vn 0 0.001 -0
vn 0 0.001 -0
vn 0 0.001 -0
vn 0 0.001 -0
vn -0 0.001 0
vn -0 0.001 0
vn -0 0.001 0
vn -0 0.001 0
vn -0 0.001 -0
vn 0 0.001 -0
vn 0 0.001 0
vn -0 0.001 -0
vn 0 0.001 -0
vn 0 0.001 0
vn -0 0.001 -0
vn -0 0.001 -0
vn -0 0.001 -0
vn 0 0.001 0
vn 0 0.001 0
vn 0 0.001 0
vn 0 0.001 0
vn 0 0.001 -0
vn 0 0.001 -0
vn 0 0.001 -0
vn 0 0.001 -0
vn 0 0.001 -0
vn 0 0.001 -0
vn 0 0.001 -0
vn 0 0.001 -0
vn -0 0.001 0
vn -0 0.001 0
vn -0 0.001 0
vn -0 0.001 0
vn 0 0.001 -0
vn -0 0.001 0
vn 0 0.001 0
vn 0 0.001 0
vn 0 0.001 0
vn -0 0.001 0
vn -0 0.001 -0
vn 0 0.001 -0
vn 0 0.001 0
vn 0 0.001 0
vn -0 0.001 0
vn 0 0.001 0
vn 0 0.001 0
vn 0 0.001 0
vn -0 0.001 -0
vn -0 0.001 -0
vn 0 0.001 0
vn 0 0.001 0
vn 0 0.001 0
vn -0 0.001 -0
vn -0 0.001 -0.000001
vn 0 0.001 -0
vn -0 0.001 -0
vn -0 0.001 -0
vn 0 0.001 -0
vn -0 0.001 -0.000001
vn 0 0.001 -0
vn 0 0.001 -0
vn 0 0.001 0
vn -0 0.001 0.000001
vn -0 0.001 0
vn -0 0.001 0
vn 0 0.001 -0
vn 0 0.001 -0
vn 0 0.001 -0
vn -0 0.001 0
vn -0 0.001 0
vn -0 0.001 0
vn -0 0.001 0
vn -0 0.001 0
vn 0 0.001 -0
vn 0 0.001 -0
vn -0 0.001 -0
vn -0 0.001 -0
vn -0 0.001 -0
vn -0 0.001 -0
vn -0 0.001 -0
vn -0 0.001 -0
vn -0 0.001 -0
vn -0.000001 0.001 -0
vn 0 0.001 -0
vn 0 0.001 0
vn -0 0.001 -0
vn -0 0.001 -0
vn 0 0.001 -0
vn 0 0.001 0
vn -0 0.001 0
vn -0 0.001 0
vn -0 0.001 0
vn -0 0.001 0
vn -0 0.001 0
vn -0 0.001 0
vn -0 0.001 0
vn -0 0.001 -0
vn 0 0.001 -0
vn 0 0.001 0
vn -0 0.001 0
vn -0 0.001 0
vn 0 0.001 0
vn 0 0.001 0
vn -0 0.001 0
vn -0 0.001 0
vn -0 0.001 0
vn -0.000002 0.001 0
vn -0.000002 0.001 -0
vn 0.000001 0.001 -0
vn -0 0.001 -0
vn 0.00096 0 -0.00028
vn 0.000929 0 -0.00037
vn 0.000929 0 -0.00037
vn 0.000883 0 -0.000468
vn 0.000883 0 -0.000468
vn 0.000828 0 -0.000561
vn 0.000828 0 -0.000561
vn 0.000762 0 -0.000647
vn 0.000762 0 -0.000647
vn 0.000688 0 -0.000726
vn 0.000688 0 -0.000726
vn 0.000605 0 -0.000796
vn 0.000605 0 -0.000796
vn 0.000516 0 -0.000857
vn 0.000516 0 -0.000857
vn 0.00042 0 -0.000908
vn 0.00042 0 -0.000908
vn 0.000319 0 -0.000948
vn 0.000319 0 -0.000948
vn 0.000215 0 -0.000977
vn 0.000215 0 -0.000977
vn 0.000108 -0 -0.000994
vn -0 -0 -0.001
vn -0.000108 -0 -0.000994
vn -0.000215 -0 -0.000977
vn -0.000215 -0 -0.000977
vn -0.000319 -0 -0.000948
vn -0.000319 -0 -0.000948
vn -0.00042 -0 -0.000908
vn -0.00042 -0 -0.000908
vn -0.000516 -0 -0.000857
vn -0.000516 -0 -0.000857
vn -0.000605 -0 -0.000796
vn -0.000605 -0 -0.000796
vn -0.000688 -0 -0.000726
vn -0.000688 -0 -0.000726
vn -0.000762 -0 -0.000647
vn -0.000762 -0 -0.000647
vn -0.000828 -0 -0.000561
vn -0.000828 -0 -0.000561
vn -0.000883 -0 -0.000468
vn -0.000883 -0 -0.000468
vn -0.000929 -0 -0.00037
vn -0.000929 -0 -0.00037
vn -0.000964 -0 -0.000268
vn -0.000987 -0 -0.000162
vn -0.000987 -0 -0.000162
vn -0.000999 -0 -0.000054
vn -0.000999 -0 0.000054
vn -0.000987 -0 0.000162
vn -0.000987 -0 0.000162
vn -0.000964 -0 0.000268
vn -0.000929 -0 0.00037
vn -0.000929 -0 0.00037
vn -0.000883 -0 0.000468
vn -0.000883 -0 0.000468
vn -0.000828 -0 0.000561
vn -0.000828 -0 0.000561
vn -0.000762 -0 0.000647
vn -0.000762 -0 0.000647
vn -0.000688 -0 0.000726
vn -0.000688 -0 0.000726
vn -0.000605 -0 0.000796
vn -0.000605 -0 0.000796
vn -0.000516 -0 0.000857
vn -0.00042 -0 0.000908
vn -0.00042 -0 0.000908
vn -0.000319 -0 0.000948
vn -0.000319 -0 0.000948
vn -0.000215 -0 0.000977
vn -0.000215 -0 0.000977
vn -0.000108 0 0.000994
vn 0 0 0.001
vn 0.000108 0 0.000994
vn 0.000215 0 0.000977
vn 0.000215 0 0.000977
vn 0.000319 0 0.000948
vn 0.000319 0 0.000948
vn 0.00042 0 0.000908
vn 0.00042 0 0.000908
vn 0.000516 0 0.000857
vn 0.000605 0 0.000796
vn 0.000605 0 0.000796
vn 0.000688 0 0.000726
vn 0.000688 0 0.000726
vn 0.000762 0 0.000647
vn 0.000762 0 0.000647
vn 0.000828 0 0.000561
vn 0.000828 0 0.000561
vn 0.000883 0 0.000468
vn 0.000883 0 0.000468
vn 0.000929 0 0.00037
vn 0.000929 0 0.00037
vn 0.000964 0 0.000268
vn 0.000964 0 0.000268
vn 0.000987 0 0.000162
vn 0.000987 0 0.000162
vn 0.000999 0 0.000054
vn 0.000999 0 0.000054
vn 0.000999 0 -0.000054
vn 0.000999 0 -0.000054
vn 0.000986 0 -0.000165
vn 0.000985 -0.000058 -0.000162
vn 0.000945 0.000197 -0.000262
vn 0.000789 -0.00057 -0.000229
vn 0.000835 -0.000499 -0.000231
vn 0.000805 -0.000499 -0.000321
vn 0.000805 -0.0005 -0.000321
vn 0.000765 -0.0005 -0.000406
vn 0.000765 -0.000499 -0.000406
vn 0.000717 -0.000499 -0.000486
vn 0.000716 -0.000501 -0.000486
vn 0.000659 -0.000502 -0.00056
vn 0.00066 -0.000499 -0.000561
vn 0.000596 -0.000499 -0.000629
vn 0.000596 -0.000499 -0.000629
vn 0.000524 -0.000499 -0.00069
vn 0.000524 -0.0005 -0.000689
vn 0.000446 -0.000506 -0.000739
vn 0.000447 -0.0005 -0.000742
vn 0.000364 -0.0005 -0.000786
vn 0.000364 -0.0005 -0.000786
vn 0.000276 -0.0005 -0.000821
vn 0.000276 -0.0005 -0.00082
vn 0.000186 -0.000508 -0.000841
vn 0.000186 -0.0005 -0.000846
vn 0.000094 -0.0005 -0.000861
vn 0.000094 -0.0005 -0.000861
vn 0.000001 -0.000507 -0.000862
vn 0 -0.000499 -0.000866
vn -0.000094 -0.000499 -0.000861
vn -0.000094 -0.0005 -0.000861
vn -0.000186 -0.0005 -0.000846
vn -0.000186 -0.000499 -0.000846
vn -0.000277 -0.000499 -0.000821
vn -0.000277 -0.0005 -0.000821
vn -0.000364 -0.0005 -0.000786
vn -0.000364 -0.0005 -0.000786
vn -0.000447 -0.0005 -0.000742
vn -0.000447 -0.000499 -0.000742
vn -0.000524 -0.000499 -0.00069
vn -0.000524 -0.000501 -0.000689
vn -0.000593 -0.000505 -0.000627
vn -0.000596 -0.000499 -0.000629
vn -0.00066 -0.000499 -0.000561
vn -0.00066 -0.000499 -0.000561
vn -0.000717 -0.000499 -0.000486
vn -0.000717 -0.0005 -0.000486
vn -0.000761 -0.000507 -0.000405
vn -0.000765 -0.0005 -0.000406
vn -0.000805 -0.0005 -0.000321
vn -0.000804 -0.0005 -0.00032
vn -0.000831 -0.000506 -0.000232
vn -0.000835 -0.000499 -0.000232
vn -0.000855 -0.000499 -0.00014
vn -0.000854 -0.000501 -0.00014
vn -0.000863 -0.000504 -0.000047
vn -0.000865 -0.000499 -0.000047
vn -0.000865 -0.000499 0.000047
vn -0.000865 -0.000499 0.000047
vn -0.000855 -0.000499 0.00014
vn -0.000854 -0.0005 0.00014
vn -0.000831 -0.000506 0.00023
vn -0.000835 -0.000499 0.000232
vn -0.000805 -0.000499 0.000321
vn -0.000804 -0.000501 0.00032
vn -0.000763 -0.000505 0.000404
vn -0.000765 -0.000499 0.000406
vn -0.000717 -0.000499 0.000486
vn -0.000717 -0.000499 0.000486
vn -0.00066 -0.000499 0.000561
vn -0.00066 -0.000499 0.000561
vn -0.000596 -0.000499 0.000629
vn -0.000596 -0.000499 0.000629
vn -0.000524 -0.000499 0.00069
vn -0.000524 -0.000501 0.000689
vn -0.000446 -0.000506 0.000739
vn -0.000447 -0.000499 0.000742
vn -0.000364 -0.000499 0.000786
vn -0.000364 -0.000499 0.000786
vn -0.000276 -0.000499 0.000821
vn -0.000276 -0.0005 0.00082
vn -0.000186 -0.000508 0.000841
vn -0.000186 -0.000499 0.000846
vn -0.000094 -0.000499 0.000861
vn -0.000094 -0.000499 0.000861
vn 0 -0.000499 0.000866
vn 0 -0.000499 0.000866
vn 0.000094 -0.000499 0.000861
vn 0.000094 -0.000501 0.000861
vn 0.000185 -0.000504 0.000844
vn 0.000186 -0.0005 0.000846
vn 0.000277 -0.0005 0.000821
vn 0.000277 -0.000499 0.000821
vn 0.000364 -0.000499 0.000786
vn 0.000364 -0.0005 0.000786
vn 0.000444 -0.000507 0.000739
vn 0.000447 -0.0005 0.000742
vn 0.000524 -0.0005 0.00069
vn 0.000524 -0.000499 0.00069
vn 0.000596 -0.000499 0.000629
vn 0.000596 -0.000499 0.000629
vn 0.00066 -0.000499 0.000561
vn 0.00066 -0.000501 0.00056
vn 0.000715 -0.000502 0.000486
vn 0.000717 -0.000499 0.000486
vn 0.000765 -0.000499 0.000406
vn 0.000765 -0.0005 0.000406
vn 0.000805 -0.0005 0.000321
vn 0.000804 -0.0005 0.00032
vn 0.000831 -0.000506 0.000232
vn 0.000835 -0.000499 0.000232
vn 0.000855 -0.000499 0.00014
vn 0.000854 -0.000501 0.00014
vn 0.000863 -0.000504 0.000047
vn 0.000865 -0.000499 0.000047
vn 0.000865 -0.000499 -0.000047
vn 0.000865 -0.000499 -0.000047
vn 0.000855 -0.000499 -0.00014
vn 0.000866 -0.000479 -0.000145
vn -0.00001 -0.001 0.000007
vn 0.000004 -0.001 -0.000019
vn -0.000002 -0.001 0.000018
vn -0.000006 -0.001 0.000012
vn 0.000008 -0.001 -0.000014
vn 0.000028 -0.000999 -0.000016
vn 0.000013 -0.001 -0.000012
vn 0.000012 -0.001 -0.000011
vn 0.000012 -0.001 -0.000013
vn 0.000002 -0.001 -0.000005
vn 0.00005 -0.000997 -0.000054
vn -0.000007 -0.001 -0.000012
vn 0.00001 -0.001 0.000013
vn 0.00002 -0.001 -0.000005
vn -0.000027 -0.001 0.000009
vn 0.000044 -0.000999 -0.000014
vn 0.000003 -0.001 -0.000014
vn 0 -0.001 -0.000019
vn -0.000002 -0.001 -0.000007
vn 0.000004 -0.001 0.000017
vn 0.000004 -0.001 0.000011
vn -0.000001 -0.000998 -0.000062
vn 0.000004 -0.001 0.000011
vn -0.000001 -0.001 -0.000006
vn 0.000004 -0.001 0.000012
vn 0.000008 -0.001 0.000016
vn 0.000006 -0.001 0.00001
vn 0.000014 -0.001 0.000027
vn 0.00001 -0.001 0.00001
vn -0.000007 -0.001 -0.000012
vn -0.000013 -0.001 -0.000014
vn -0.000007 -0.001 -0.000005
vn -0.000016 -0.001 0.000008
vn -0.000006 -0.001 0.000005
vn 0.000006 -0.001 -0.000012
vn -0.000004 -0.001 0.000005
vn -0.000002 -0.001 0.000012
vn 0.000005 -0.000999 -0.000032
vn -0.000009 -0.000999 0.000051
vn -0.000002 -0.001 -0.000015
vn -0 -0.001 0.000012
vn 0.000018 -0.001 0.000024
vn -0.00001 -0.001 -0.000008
vn 0.000025 -0.001 0.000005
vn -0.000025 -0.001 -0.000005
vn -0.000038 -0.000999 -0.000038
vn 0.000009 -0.001 0.000005
vn -0.000004 -0.001 -0.000003
vn -0.000014 -0.001 -0.000004
vn -0.000047 -0.000999 -0.000011
vn 0.000011 -0.001 -0.000001
vn -0.000006 -0.001 -0.000001
vn -0.000013 -0.001 0.000004
vn 0.000015 -0.001 -0.000006
vn -0.000012 -0.001 0.000003
vn -0.000045 -0.000999 0.000025
vn 0.000006 -0.001 -0.000007
vn -0.000004 -0.001 0.000003
vn -0.000007 -0.001 0.000012
vn 0.000043 -0.000999 0.00001
vn -0.000011 -0.001 0.000001
vn 0.000014 -0.001 0.000001
vn 0.000004 -0.001 0.000005
vn 0.000012 -0.001 0.000006
vn -0.000029 -0.000999 -0.000013
vn 0.000045 -0.000999 0.000021
vn 0.000183 -0.000983 -0.000012
vn 0.000031 -0.000999 0.000004
vn 0.00012 -0.000993 0.000021
vn 0.000056 -0.000998 0.000028
vn 0.000103 -0.000994 0.000043
vn 0.000054 -0.000998 0.000045
vn 0.000107 -0.00099 0.00009
vn 0.000018 -0.001 0.000022
vn 0.000303 -0.000006 0.000953
vn 0.000014 -0.000992 0.000125
vn -0.000003 -0.000999 0.000033
vn -0.000014 -0.000994 0.000112
vn -0.000028 -0.000998 0.000064
vn -0.000059 -0.00099 0.000128
vn -0.000016 -0.001 0.00002
vn -0.000142 -0.000978 0.000154
vn -0.000021 -0.001 0.000016
vn -0.000125 -0.000991 0.000051
vn -0.000029 -0.001 0.000004
vn -0.000162 -0.000987 0.00001
vn -0.000028 -0.001 -0.000003
vn -0.000125 -0.000992 -0.000022
vn -0.000056 -0.000998 -0.00003
vn -0.000175 -0.00098 -0.00009
vn -0.000022 -0.001 -0.000017
vn -0.000072 -0.000993 -0.000093
vn -0.000011 -0.001 -0.000025
vn -0.000051 -0.000988 -0.000148
vn -0.000004 -0.001 -0.000029
vn 0.000011 -0.000995 -0.0001
vn 0.00001 -0.000999 -0.00003
vn 0.000055 -0.000991 -0.000121
vn 0.000018 -0.001 -0.000025
vn 0.000105 -0.000992 -0.00007
vn 0.000056 -0.000998 -0.000016
vn 0.000113 -0.000993 -0.000043
vn 0.000069 -0.000998 -0.000005
vn 0.000315 -0.000949 0.000026
vn 0.000337 -0.000941 0.000029
vn 0.000197 -0.00098 0.000043
vn 0.000142 -0.00099 0.000025
vn 0.000454 -0.000879 0.000142
vn 0.00021 -0.000972 0.000102
vn 0.000194 -0.000977 0.000092
vn 0.000378 -0.000871 0.000315
vn 0.000195 -0.000944 0.000264
vn 0.000231 -0.000939 0.000256
vn 0.000317 -0.000877 0.000362
vn 0.000197 -0.000961 0.000193
vn 0.000101 -0.000967 0.000236
vn 0.000171 -0.000932 0.000319
vn 0.000179 -0.000925 0.000336
vn 0.000156 -0.000958 0.000242
vn 0.000045 -0.000966 0.000253
vn 0.000104 -0.000923 0.00037
vn 0.000059 -0.000839 0.000541
vn 0.000008 -0.00096 0.000281
vn -0.000031 -0.000849 0.000527
vn -0.000014 -0.000954 0.000299
vn -0.000018 -0.000975 0.000223
vn -0.000099 -0.000881 0.000463
vn -0.0002 -0.000876 0.000439
vn -0.000136 -0.00096 0.000246
vn -0.000308 -0.000831 0.000463
vn -0.000316 -0.000881 0.000351
vn -0.000154 -0.00098 0.000129
vn -0.000089 -0.000992 0.000086
vn -0.000176 -0.00098 0.000093
vn -0.00022 -0.000967 0.000129
vn -0.000086 -0.000994 0.000059
vn -0.000093 -0.000995 0.000038
vn -0.000543 -0.000831 0.00012
vn -0.000269 -0.00096 0.000083
vn -0.000448 -0.000876 0.000177
vn -0.000199 -0.00098 -0.000014
vn -0.000472 -0.000881 0.000034
vn -0.000103 -0.000995 0.000002
vn -0.000285 -0.000958 -0.000044
vn -0.00039 -0.000916 -0.0001
vn -0.000187 -0.000977 -0.000103
vn -0.000113 -0.000991 -0.000072
vn -0.000021 -0.001 0.000002
vn -0.000222 -0.000958 -0.000184
vn -0.000274 -0.000924 -0.000267
vn -0.00011 -0.000986 -0.000124
vn -0.000129 -0.000983 -0.000133
vn -0.000284 -0.000882 -0.000377
vn -0.000097 -0.00098 -0.000175
vn -0.000067 -0.000992 -0.000104
vn -0.000063 -0.000977 -0.000204
vn -0.000084 -0.000881 -0.000465
vn -0.000065 -0.000976 -0.000208
vn -0.000007 -0.000975 -0.000223
vn -0.000014 -0.000979 -0.000204
vn -0.000002 -0.000984 -0.000179
vn -0.000003 -0.000983 -0.000181
vn 0.000052 -0.00098 -0.000192
vn 0.000057 -0.000881 -0.000469
vn 0.000015 -0.000996 -0.000093
vn 0.000097 -0.000959 -0.000268
vn 0.000165 -0.000921 -0.000353
vn 0.000075 -0.000988 -0.000138
vn 0.000096 -0.000976 -0.000194
vn 0.000273 -0.00087 -0.000411
vn 0.000134 -0.000978 -0.000161
vn 0.000158 -0.000972 -0.000175
vn 0.000116 -0.000986 -0.000123
vn 0.000116 -0.000985 -0.000126
vn 0.000349 -0.000893 -0.000285
vn 0.000182 -0.000977 -0.000111
vn 0.00019 -0.000975 -0.000116
vn 0.000429 -0.000878 -0.000213
vn 0.000196 -0.000979 -0.000064
vn 0.000175 -0.000983 -0.00006
vn 0.000356 -0.000934 -0.000025
vn 0.000257 -0.000966 -0.000016
vn 0.000211 -0.000977 -0.000024
vn 0.000368 -0.000879 -0.000302
vn 0.000322 -0.000817 -0.000479
vn 0.000147 -0.000855 -0.000498
vn 0.000058 -0.000872 -0.000487
vn -0.000098 -0.000824 -0.000558
vn -0.000105 -0.000945 -0.00031
vn -0.000091 -0.000974 -0.000206
vn -0.000167 -0.000936 -0.00031
vn -0.000296 -0.000871 -0.000392
vn -0.000456 -0.000825 -0.000333
vn -0.000288 -0.000946 -0.00015
vn -0.000207 -0.000974 -0.000086
vn -0.000349 -0.000931 -0.00011
vn -0.000549 -0.000834 -0.000053
vn -0.000327 -0.000945 0.000019
vn -0.000222 -0.000975 0.000032
vn -0.000359 -0.000929 0.000085
vn -0.00042 -0.000892 0.000165
vn -0.000435 -0.000832 0.000345
vn -0.000223 -0.000945 0.00024
vn -0.000138 -0.000975 0.000177
vn -0.000201 -0.000929 0.000311
vn -0.000143 -0.000942 0.000302
vn -0.000078 -0.000974 0.000211
vn -0.0001 -0.000923 0.000371
vn 0.000048 -0.000886 0.000462
vn 0.000159 -0.00087 0.000467
vn 0.000254 -0.000898 0.000359
vn 0.000253 -0.000943 0.000218
vn 0.000183 -0.000974 0.000131
vn 0.000328 -0.000925 0.000194
vn 0.000599 -0.000789 -0.000136
vn -0.000978 -0.000204 0.000053
vn -0.000763 -0.000635 0.00012
vn -0.000943 0.000257 0.000209
vn -0.000624 -0.000759 0.000185
vn -0.00082 -0.000467 0.00033
vn -0.000872 0.000253 0.00042
vn -0.000458 -0.00085 0.000259
vn -0.000772 -0.000344 0.000535
vn -0.000758 0.000223 0.000614
vn -0.000501 -0.00074 0.000448
vn -0.000439 -0.000684 0.000582
vn -0.000526 0.000298 0.000797
vn -0.000417 -0.000537 0.000733
vn -0.000345 -0.000531 0.000774
vn -0.000332 0.000288 0.000898
vn -0.000217 -0.000662 0.000718
vn -0.000176 -0.000418 0.000891
vn -0.000119 0.000257 0.000959
vn -0.000048 -0.000721 0.000691
vn 0.000086 -0.000721 0.000687
vn 0.000174 0.000283 0.000943
vn 0.000219 -0.000474 0.000853
vn 0.000264 -0.000636 0.000726
vn 0.00036 -0.000619 0.000698
vn 0.000384 0.000283 0.000879
vn 0.000477 -0.000481 0.000735
vn 0.000464 -0.000694 0.000551
vn 0.000575 0.00028 0.000769
vn 0.000667 -0.000364 0.00065
vn 0.00054 -0.000736 0.000409
vn 0.000745 0.000233 0.000625
vn 0.000647 -0.000695 0.000315
vn 0.000934 -0.000178 0.000309
vn 0.000818 -0.000501 0.000281
vn 0.000886 0.000283 0.000367
vn 0.000964 -0.000131 0.00023
vn 0.000851 -0.00049 0.000191
vn 0.000945 0.000289 0.000155
vn 0.000754 -0.000652 0.000077
vn 0.000901 -0.000435 0.000002
vn 0.000962 0.000264 -0.000065
vn 0.000802 -0.00059 -0.000089
vn 0.00097 0.0002 -0.00014
vn 0.000929 -0.000306 -0.000208
vn 0.000914 -0.000349 -0.000206
vn 0.000936 0.000202 -0.000287
vn 0.000795 -0.000542 -0.000273
vn 0.000899 0.000261 -0.000352
vn 0.000783 -0.000496 -0.000375
vn 0.000425 -0.000843 -0.00033
vn 0.000625 -0.000496 -0.000603
vn 0.000645 0.000283 -0.00071
vn 0.000518 -0.00058 -0.000629
vn 0.000607 0.000147 -0.000781
vn 0.000507 -0.000375 -0.000776
vn 0.000535 -0.000236 -0.000811
vn 0.00047 0.000245 -0.000848
vn 0.000378 -0.000545 -0.000748
vn 0.000406 0.00023 -0.000884
vn 0.000339 -0.000254 -0.000906
vn 0.000313 -0.000425 -0.000849
vn 0.000272 0.00014 -0.000952
vn 0.000169 -0.000724 -0.000669
vn 0.000189 0.000246 -0.000951
vn 0.000115 -0.000504 -0.000856
vn 0.000029 -0.000568 -0.000823
vn -0.000071 -0.000518 -0.000852
vn -0.000028 0.000299 -0.000954
vn -0.000173 -0.000431 -0.000886
vn -0.000181 -0.000129 -0.000975
vn -0.000105 0.000077 -0.000991
vn -0.000203 -0.000734 -0.000648
vn -0.000246 0.000249 -0.000937
vn -0.00038 -0.000325 -0.000866
vn -0.00038 -0.000321 -0.000867
vn -0.000327 0.000169 -0.00093
vn -0.00042 -0.000543 -0.000727
vn -0.000459 0.000214 -0.000862
vn -0.000584 -0.000169 -0.000794
vn -0.000517 -0.000507 -0.000689
vn -0.000518 0.000256 -0.000816
vn -0.000578 -0.000521 -0.000628
vn -0.000655 0.000115 -0.000747
vn -0.000656 -0.000493 -0.000571
vn -0.000682 0.000298 -0.000668
vn -0.000709 -0.000506 -0.000491
vn -0.000813 -0.000027 -0.000582
vn -0.000766 -0.000003 -0.000643
vn -0.000494 -0.000831 -0.000256
vn -0.000827 0.000248 -0.000504
vn -0.000848 -0.000402 -0.000346
vn -0.000478 -0.00087 -0.000124
vn -0.000924 0.000234 -0.000303
vn -0.000869 -0.000492 -0.000055
vn -0.000027 -0.001 -0.000009
vn 0.000027 -0.001 0.000013
vn -0.000031 -0.000999 -0.000015
vn 0.000018 -0.001 0.000004
vn -0.000021 -0.001 -0.000005
vn 0.000019 -0.001 0.000007
vn 0.000002 -0.001 0.000001
vn 0.000015 -0.001 0.000002
vn -0.000019 -0.001 -0.000002
vn -0.000015 -0.001 0.000003
vn 0.000016 -0.001 -0.000001
vn -0.000018 -0.001 0.000001
vn 0.000012 -0.001 -0.000003
vn -0.000013 -0.001 0.000004
vn 0.000013 -0.001 -0.000002
vn 0.000013 -0.001 -0.000006
vn -0.000012 -0.001 0.000006
vn 0.000002 -0.001 0
vn -0.00001 -0.001 0.000007
vn 0.00001 -0.001 -0.000006
vn -0.000012 -0.001 0.000007
vn 0.000008 -0.001 -0.000008
vn -0.000009 -0.001 0.000009
vn 0.000009 -0.001 -0.000007
vn 0 -0.001 0
vn -0.000008 -0.001 0.000011
vn 0.000002 -0.001 -0.000001
vn -0.000005 -0.001 0.000012
vn 0.000006 -0.001 -0.000011
vn 0 -0.001 0
vn 0 -0.001 0
vn -0 -0.001 0
vn 0 -0.001 0
vn 0.000001 -0.001 -0.000005
vn -0.000001 -0.001 0.000008
vn 0.000005 -0.001 -0.000018
vn -0 -0.001 0.000017
vn 0 -0.001 0
vn 0 -0.001 0
vn 0.000013 -0.000999 0.000034
vn -0.000009 -0.000999 -0.000036
vn -0 -0.001 0
vn 0 -0.001 0
vn 0.000042 -0.000998 0.000036
vn -0 -0.001 0
vn -0.000001 -0.001 0.000002
vn 0.000029 -0.000999 0.00002
vn -0.000048 -0.000998 -0.000033
usemtl Black
f 1//1 2//1 3//1
f 3//2 2//2 4//2
f 1//3 3//3 5//3
f 1//4 5//4 6//4
f 7//5 8//5 9//5
f 9//6 8//6 6//6
f 9//7 6//7 5//7
f 8//8 7//8 10//8
f 8//9 10//9 11//9
f 12//10 13//10 14//10
f 14//11 13//11 11//11
f 14//12 11//12 10//12
f 13//13 12//13 15//13
f 13//14 15//14 16//14
f 17//15 18//15 19//15
f 19//16 18//16 16//16
f 19//17 16//17 15//17
f 20//18 21//18 22//18
f 18//19 17//19 23//19
f 18//20 23//20 22//20
f 22//21 23//21 20//21
f 24//22 25//22 26//22
f 26//23 25//23 21//23
f 26//24 21//24 20//24
f 25//25 24//25 27//25
f 25//26 27//26 28//26
f 29//27 30//27 31//27
f 31//28 30//28 28//28
f 31//29 28//29 27//29
f 30//30 29//30 32//30
f 30//31 32//31 33//31
f 34//32 35//32 36//32
f 36//33 35//33 33//33
f 36//34 33//34 32//34
f 37//35 38//35 39//35
f 35//36 34//36 40//36
f 35//37 40//37 39//37
f 39//38 40//38 37//38
f 41//39 42//39 43//39
f 43//40 42//40 38//40
f 43//41 38//41 37//41
f 42//42 41//42 44//42
f 42//43 44//43 45//43
f 46//44 47//44 48//44
f 48//45 47//45 45//45
f 48//46 45//46 44//46
f 47//47 46//47 49//47
f 47//48 49//48 50//48
f 50//49 49//49 51//49
f 50//50 51//50 52//50
f 53//51 54//51 55//51
f 55//52 54//52 52//52
f 55//53 52//53 51//53
f 54//54 53//54 56//54
f 54//55 56//55 57//55
f 58//56 59//56 60//56
f 60//57 59//57 57//57
f 60//58 57//58 56//58
f 59//59 58//59 61//59
f 59//60 61//60 62//60
f 63//61 64//61 65//61
f 65//62 64//62 62//62
f 65//63 62//63 61//63
f 66//64 67//64 68//64
f 64//65 63//65 69//65
f 64//66 69//66 68//66
f 68//67 69//67 66//67
f 70//68 71//68 72//68
f 72//69 71//69 67//69
f 72//70 67//70 66//70
f 71//71 70//71 73//71
f 71//72 73//72 74//72
f 75//73 76//73 77//73
f 77//74 76//74 74//74
f 77//75 74//75 73//75
f 76//76 75//76 78//76
f 76//77 78//77 79//77
f 80//78 81//78 82//78
f 82//79 81//79 79//79
f 82//80 79//80 78//80
f 83//81 84//81 85//81
f 81//82 80//82 86//82
f 81//83 86//83 85//83
f 85//84 86//84 83//84
f 87//85 88//85 89//85
f 89//86 88//86 84//86
f 89//87 84//87 83//87
f 88//88 87//88 90//88
f 88//89 90//89 91//89
f 92//90 93//90 94//90
f 94//91 93//91 91//91
f 94//92 91//92 90//92
f 93//93 92//93 95//93
f 93//94 95//94 96//94
f 96//95 95//95 97//95
f 96//96 97//96 98//96
f 99//97 100//97 101//97
f 101//98 100//98 98//98
f 101//99 98//99 97//99
f 100//100 99//100 102//100
f 100//101 102//101 103//101
f 104//102 105//102 106//102
f 106//103 105//103 103//103
f 106//104 103//104 102//104
f 105//105 104//105 107//105
f 105//106 107//106 108//106
f 109//107 110//107 111//107
f 111//108 110//108 108//108
f 111//109 108//109 107//109
f 112//110 113//110 114//110
f 110//111 109//111 115//111
f 110//112 115//112 114//112
f 114//113 115//113 112//113
f 116//114 117//114 118//114
f 118//115 117//115 113//115
f 118//116 113//116 112//116
f 117//117 116//117 119//117
f 117//118 119//118 120//118
f 121//119 122//119 123//119
f 123//120 122//120 120//120
f 123//121 120//121 119//121
f 122//122 121//122 124//122
f 122//123 124//123 125//123
f 126//124 127//124 128//124
f 128//125 127//125 125//125
f 128//126 125//126 124//126
f 129//127 130//127 131//127
f 127//128 126//128 132//128
f 127//129 132//129 131//129
f 131//130 132//130 129//130
f 133//131 134//131 135//131
f 135//132 134//132 130//132
f 135//133 130//133 129//133
f 134//134 133//134 136//134
f 134//135 136//135 137//135
f 136//136 138//136 137//136
f 137//137 138//137 2//137
f 2//138 138//138 4//138
f 139//139 140//139 141//139
f 141//140 140//140 142//140
f 141//141 142//141 143//141
f 143//142 142//142 94//142
f 94//143 142//143 92//143
f 144//144 145//144 146//144
f 146//145 145//145 147//145
f 146//146 147//146 104//146
f 146//147 104//147 106//147
f 148//148 149//148 150//148
f 148//149 150//149 151//149
f 151//150 150//150 116//150
f 151//151 116//151 118//151
f 152//152 153//152 154//152
f 154//153 153//153 155//153
f 154//154 155//154 156//154
f 156//155 155//155 132//155
f 156//156 132//156 126//156
f 157//157 158//157 159//157
f 159//158 158//158 160//158
f 159//159 160//159 3//159
f 159//160 3//160 4//160
f 161//161 139//161 141//161
f 161//162 141//162 162//162
f 162//163 141//163 143//163
f 162//164 143//164 94//164
f 162//165 94//165 90//165
f 163//166 144//166 146//166
f 163//167 146//167 164//167
f 164//168 146//168 102//168
f 102//169 146//169 106//169
f 165//170 148//170 166//170
f 166//171 148//171 151//171
f 166//172 151//172 112//172
f 112//173 151//173 118//173
f 167//174 152//174 154//174
f 167//175 154//175 168//175
f 168//176 154//176 156//176
f 156//177 126//177 128//177
f 169//178 157//178 170//178
f 170//179 157//179 159//179
f 170//180 159//180 171//180
f 171//181 159//181 4//181
f 171//182 4//182 138//182
f 172//183 173//183 174//183
f 172//184 174//184 175//184
f 175//185 174//185 31//185
f 31//186 174//186 29//186
f 176//187 161//187 162//187
f 176//188 162//188 177//188
f 177//189 162//189 90//189
f 177//190 90//190 87//190
f 178//191 163//191 164//191
f 178//192 164//192 179//192
f 179//193 164//193 99//193
f 99//194 164//194 102//194
f 180//195 165//195 166//195
f 180//196 166//196 181//196
f 181//197 166//197 112//197
f 181//198 112//198 115//198
f 182//199 167//199 168//199
f 182//200 168//200 183//200
f 183//201 168//201 156//201
f 183//202 156//202 128//202
f 183//203 128//203 124//203
f 184//204 169//204 170//204
f 184//205 170//205 171//205
f 171//206 138//206 136//206
f 36//207 32//207 185//207
f 185//208 186//208 187//208
f 187//209 186//209 188//209
f 187//210 188//210 189//210
f 40//211 34//211 190//211
f 40//212 190//212 191//212
f 191//213 190//213 192//213
f 191//214 192//214 193//214
f 37//215 40//215 191//215
f 37//216 191//216 194//216
f 194//217 191//217 195//217
f 195//218 191//218 193//218
f 41//219 43//219 196//219
f 41//220 196//220 197//220
f 197//221 196//221 198//221
f 197//222 198//222 199//222
f 44//223 41//223 200//223
f 200//224 41//224 197//224
f 200//225 197//225 201//225
f 201//226 197//226 199//226
f 201//227 199//227 202//227
f 46//228 48//228 203//228
f 46//229 203//229 204//229
f 204//230 203//230 205//230
f 204//231 205//231 206//231
f 55//232 51//232 207//232
f 55//233 207//233 208//233
f 208//234 207//234 209//234
f 209//235 207//235 210//235
f 60//236 56//236 211//236
f 60//237 211//237 212//237
f 212//238 211//238 213//238
f 213//239 211//239 214//239
f 213//240 214//240 215//240
f 61//241 58//241 216//241
f 61//242 216//242 217//242
f 217//243 216//243 218//243
f 217//244 218//244 219//244
f 65//245 61//245 217//245
f 65//246 217//246 220//246
f 220//247 217//247 221//247
f 221//248 217//248 219//248
f 221//249 219//249 222//249
f 69//250 63//250 223//250
f 223//251 63//251 224//251
f 223//252 224//252 225//252
f 225//253 224//253 226//253
f 66//254 69//254 223//254
f 66//255 223//255 227//255
f 227//256 223//256 228//256
f 228//257 223//257 225//257
f 228//258 225//258 229//258
f 70//259 72//259 230//259
f 230//260 72//260 227//260
f 230//261 227//261 231//261
f 230//262 231//262 232//262
f 232//263 231//263 233//263
f 75//264 77//264 234//264
f 75//265 234//265 235//265
f 235//266 234//266 236//266
f 235//267 236//267 237//267
f 80//268 82//268 238//268
f 80//269 238//269 239//269
f 239//270 238//270 240//270
f 240//271 238//271 241//271
f 240//272 241//272 242//272
f 83//273 86//273 243//273
f 243//274 244//274 245//274
f 245//275 244//275 246//275
f 89//276 83//276 247//276
f 247//277 83//277 243//277
f 247//278 243//278 245//278
f 247//279 245//279 248//279
f 248//280 245//280 246//280
f 97//281 95//281 249//281
f 97//282 249//282 250//282
f 250//283 249//283 251//283
f 250//284 251//284 252//284
f 101//285 97//285 253//285
f 253//286 97//286 250//286
f 253//287 250//287 254//287
f 254//288 250//288 252//288
f 111//289 107//289 255//289
f 255//290 256//290 257//290
f 257//291 256//291 258//291
f 109//292 111//292 255//292
f 109//293 255//293 181//293
f 181//294 255//294 257//294
f 181//295 257//295 259//295
f 259//296 257//296 258//296
f 123//297 119//297 260//297
f 260//298 119//298 261//298
f 260//299 261//299 262//299
f 262//300 261//300 263//300
f 262//301 263//301 264//301
f 121//302 123//302 260//302
f 121//303 260//303 265//303
f 265//304 260//304 262//304
f 265//305 262//305 266//305
f 266//306 262//306 264//306
f 266//307 264//307 267//307
f 135//308 129//308 268//308
f 135//309 268//309 269//309
f 269//310 268//310 270//310
f 269//311 270//311 271//311
f 271//312 270//312 272//312
f 133//313 135//313 269//313
f 269//314 271//314 273//314
f 273//315 271//315 272//315
f 273//316 272//316 274//316
f 9//317 5//317 275//317
f 275//318 276//318 277//318
f 277//319 276//319 278//319
f 7//320 9//320 275//320
f 7//321 275//321 279//321
f 279//322 275//322 277//322
f 279//323 277//323 280//323
f 280//324 277//324 278//324
f 280//325 278//325 281//325
f 14//326 10//326 282//326
f 14//327 282//327 283//327
f 283//328 282//328 284//328
f 283//329 284//329 285//329
f 19//330 15//330 286//330
f 286//331 287//331 288//331
f 288//332 287//332 289//332
f 20//333 23//333 290//333
f 20//334 290//334 291//334
f 291//335 290//335 292//335
f 291//336 292//336 293//336
f 293//337 292//337 294//337
f 24//338 26//338 295//338
f 24//339 295//339 296//339
f 296//340 295//340 297//340
f 297//341 295//341 298//341
f 27//342 24//342 175//342
f 175//343 24//343 296//343
f 175//344 296//344 299//344
f 299//345 296//345 297//345
f 299//346 297//346 300//346
f 173//347 188//347 186//347
f 173//348 186//348 174//348
f 174//349 186//349 185//349
f 174//350 185//350 32//350
f 174//351 32//351 29//351
f 189//352 192//352 187//352
f 187//353 192//353 190//353
f 187//354 190//354 185//354
f 185//355 190//355 36//355
f 36//356 190//356 34//356
f 195//357 198//357 196//357
f 195//358 196//358 194//358
f 194//359 196//359 43//359
f 194//360 43//360 37//360
f 202//361 205//361 201//361
f 201//362 205//362 203//362
f 201//363 203//363 200//363
f 200//364 203//364 44//364
f 44//365 203//365 48//365
f 49//366 46//366 204//366
f 49//367 204//367 301//367
f 301//368 204//368 302//368
f 302//369 204//369 206//369
f 302//370 206//370 303//370
f 303//371 210//371 302//371
f 302//372 210//372 207//372
f 302//373 207//373 301//373
f 301//374 207//374 51//374
f 301//375 51//375 49//375
f 53//376 55//376 208//376
f 208//377 209//377 304//377
f 304//378 214//378 211//378
f 304//379 211//379 208//379
f 208//380 211//380 53//380
f 53//381 211//381 56//381
f 215//382 218//382 213//382
f 213//383 218//383 216//383
f 213//384 216//384 212//384
f 212//385 216//385 60//385
f 60//386 216//386 58//386
f 222//387 226//387 221//387
f 221//388 226//388 224//388
f 221//389 224//389 220//389
f 220//390 224//390 63//390
f 220//391 63//391 65//391
f 229//392 233//392 231//392
f 229//393 231//393 228//393
f 228//394 231//394 227//394
f 227//395 72//395 66//395
f 73//396 70//396 230//396
f 73//397 230//397 305//397
f 305//398 230//398 232//398
f 305//399 232//399 306//399
f 306//400 232//400 307//400
f 307//401 236//401 306//401
f 306//402 236//402 234//402
f 306//403 234//403 305//403
f 305//404 234//404 77//404
f 305//405 77//405 73//405
f 78//406 75//406 235//406
f 78//407 235//407 308//407
f 308//408 235//408 309//408
f 309//409 235//409 237//409
f 309//410 237//410 310//410
f 310//411 241//411 309//411
f 309//412 241//412 238//412
f 309//413 238//413 308//413
f 308//414 238//414 82//414
f 308//415 82//415 78//415
f 242//416 244//416 240//416
f 240//417 244//417 243//417
f 240//418 243//418 239//418
f 239//419 243//419 86//419
f 239//420 86//420 80//420
f 87//421 89//421 247//421
f 87//422 247//422 177//422
f 177//423 247//423 248//423
f 177//424 248//424 176//424
f 140//425 251//425 249//425
f 140//426 249//426 142//426
f 142//427 249//427 95//427
f 142//428 95//428 92//428
f 99//429 101//429 253//429
f 99//430 253//430 179//430
f 179//431 253//431 254//431
f 179//432 254//432 178//432
f 145//433 256//433 147//433
f 147//434 256//434 255//434
f 147//435 255//435 107//435
f 147//436 107//436 104//436
f 115//437 109//437 181//437
f 181//438 259//438 180//438
f 149//439 263//439 261//439
f 149//440 261//440 150//440
f 150//441 261//441 119//441
f 150//442 119//442 116//442
f 124//443 121//443 265//443
f 124//444 265//444 183//444
f 183//445 265//445 266//445
f 183//446 266//446 267//446
f 183//447 267//447 182//447
f 153//448 270//448 155//448
f 155//449 270//449 268//449
f 155//450 268//450 132//450
f 132//451 268//451 129//451
f 136//452 133//452 269//452
f 136//453 269//453 171//453
f 171//454 269//454 273//454
f 171//455 273//455 184//455
f 184//456 273//456 274//456
f 158//457 276//457 160//457
f 160//458 276//458 275//458
f 160//459 275//459 5//459
f 160//460 5//460 3//460
f 281//461 284//461 280//461
f 280//462 284//462 282//462
f 280//463 282//463 279//463
f 279//464 282//464 10//464
f 279//465 10//465 7//465
f 12//466 14//466 311//466
f 311//467 14//467 283//467
f 311//468 283//468 312//468
f 312//469 283//469 285//469
f 312//470 289//470 287//470
f 312//471 287//471 311//471
f 311//472 287//472 286//472
f 311//473 286//473 15//473
f 311//474 15//474 12//474
f 17//475 19//475 313//475
f 313//476 19//476 286//476
f 313//477 286//477 314//477
f 314//478 286//478 288//478
f 314//479 294//479 292//479
f 314//480 292//480 313//480
f 313//481 292//481 290//481
f 313//482 290//482 23//482
f 313//483 23//483 17//483
f 293//484 298//484 295//484
f 293//485 295//485 291//485
f 291//486 295//486 26//486
f 291//487 26//487 20//487
f 31//488 27//488 175//488
f 175//489 299//489 172//489
f 172//490 299//490 300//490
f 199//491 315//491 202//491
f 202//492 315//492 205//492
f 205//493 315//493 316//493
f 205//494 316//494 317//494
f 205//495 317//495 206//495
f 206//496 317//496 303//496
f 303//497 317//497 318//497
f 303//498 318//498 210//498
f 210//499 318//499 319//499
f 210//500 319//500 209//500
f 209//501 319//501 320//501
f 209//502 320//502 304//502
f 304//503 320//503 321//503
f 304//504 321//504 214//504
f 214//505 321//505 322//505
f 214//506 322//506 215//506
f 215//507 322//507 323//507
f 215//508 323//508 324//508
f 215//509 324//509 218//509
f 218//510 324//510 219//510
f 219//511 324//511 325//511
f 219//512 325//512 222//512
f 222//513 325//513 326//513
f 222//514 326//514 226//514
f 226//515 326//515 327//515
f 226//516 327//516 225//516
f 225//517 327//517 328//517
f 225//518 328//518 229//518
f 229//519 328//519 329//519
f 229//520 329//520 233//520
f 233//521 329//521 330//521
f 233//522 330//522 331//522
f 233//523 331//523 232//523
f 232//524 331//524 307//524
f 307//525 331//525 332//525
f 307//526 332//526 236//526
f 236//527 332//527 333//527
f 236//528 333//528 334//528
f 236//529 334//529 237//529
f 237//530 334//530 310//530
f 310//531 334//531 335//531
f 310//532 335//532 241//532
f 241//533 335//533 336//533
f 241//534 336//534 242//534
f 242//535 336//535 337//535
f 242//536 337//536 338//536
f 242//537 338//537 244//537
f 244//538 338//538 246//538
f 246//539 338//539 339//539
f 246//540 339//540 248//540
f 248//541 339//541 340//541
f 248//542 340//542 341//542
f 248//543 341//543 176//543
f 176//544 341//544 161//544
f 161//545 341//545 342//545
f 161//546 342//546 139//546
f 139//547 342//547 343//547
f 139//548 343//548 344//548
f 139//549 344//549 140//549
f 140//550 344//550 345//550
f 140//551 345//551 251//551
f 251//552 345//552 252//552
f 345//553 346//553 252//553
f 252//554 346//554 254//554
f 346//555 347//555 254//555
f 254//556 347//556 348//556
f 254//557 348//557 178//557
f 178//558 348//558 349//558
f 178//559 349//559 163//559
f 163//560 349//560 350//560
f 163//561 350//561 144//561
f 144//562 350//562 351//562
f 144//563 351//563 145//563
f 145//564 351//564 352//564
f 145//565 352//565 256//565
f 256//566 352//566 353//566
f 256//567 353//567 258//567
f 258//568 353//568 354//568
f 258//569 354//569 259//569
f 259//570 354//570 355//570
f 259//571 355//571 180//571
f 180//572 355//572 356//572
f 180//573 356//573 165//573
f 165//574 356//574 357//574
f 165//575 357//575 148//575
f 148//576 357//576 358//576
f 148//577 358//577 149//577
f 149//578 358//578 359//578
f 149//579 359//579 263//579
f 263//580 359//580 360//580
f 263//581 360//581 264//581
f 264//582 360//582 361//582
f 264//583 361//583 267//583
f 267//584 361//584 362//584
f 267//585 362//585 182//585
f 182//586 362//586 363//586
f 182//587 363//587 167//587
f 167//588 363//588 364//588
f 167//589 364//589 152//589
f 152//590 364//590 365//590
f 152//591 365//591 153//591
f 153//592 365//592 366//592
f 153//593 366//593 270//593
f 270//594 366//594 367//594
f 270//595 367//595 272//595
f 272//596 367//596 368//596
f 272//597 368//597 274//597
f 274//598 368//598 369//598
f 274//599 369//599 184//599
f 184//600 369//600 370//600
f 184//601 370//601 169//601
f 169//602 370//602 371//602
f 169//603 371//603 157//603
f 157//604 371//604 372//604
f 157//605 372//605 158//605
f 158//606 372//606 373//606
f 158//607 373//607 276//607
f 276//608 373//608 374//608
f 276//609 374//609 278//609
f 278//610 374//610 375//610
f 278//611 375//611 281//611
f 281//612 375//612 376//612
f 281//613 376//613 284//613
f 284//614 376//614 377//614
f 284//615 377//615 285//615
f 285//616 377//616 378//616
f 285//617 378//617 312//617
f 312//618 378//618 379//618
f 312//619 379//619 289//619
f 289//620 379//620 380//620
f 289//621 380//621 288//621
f 288//622 380//622 381//622
f 288//623 381//623 314//623
f 314//624 381//624 382//624
f 314//625 382//625 294//625
f 294//626 382//626 383//626
f 294//627 383//627 293//627
f 293//628 383//628 384//628
f 293//629 384//629 298//629
f 298//630 384//630 385//630
f 298//631 385//631 297//631
f 297//632 385//632 386//632
f 297//633 386//633 300//633
f 300//634 386//634 387//634
f 300//635 387//635 172//635
f 172//636 387//636 388//636
f 172//637 388//637 173//637
f 173//638 388//638 389//638
f 173//639 389//639 188//639
f 188//640 389//640 390//640
f 188//641 390//641 189//641
f 189//642 390//642 391//642
f 189//643 391//643 192//643
f 192//644 391//644 392//644
f 192//645 392//645 193//645
f 193//646 392//646 393//646
f 193//647 393//647 195//647
f 195//648 393//648 394//648
f 195//649 394//649 198//649
f 198//650 394//650 395//650
f 198//651 395//651 199//651
f 199//652 395//652 396//652
f 199//653 396//653 315//653
f 397//654 398//654 399//654
f 397//655 399//655 400//655
f 401//656 402//656 403//656
f 401//657 403//657 404//657
f 380//658 379//658 405//658
f 380//659 405//659 406//659
f 407//660 397//660 400//660
f 407//661 400//661 408//661
f 408//662 400//662 402//662
f 408//663 402//663 401//663
f 381//664 380//664 406//664
f 381//665 406//665 382//665
f 382//666 406//666 398//666
f 382//667 398//667 397//667
f 409//668 410//668 411//668
f 409//669 411//669 412//669
f 385//670 384//670 408//670
f 385//671 408//671 413//671
f 388//672 387//672 409//672
f 388//673 409//673 414//673
f 415//674 416//674 417//674
f 415//675 417//675 418//675
f 419//676 420//676 421//676
f 419//677 421//677 422//677
f 389//678 388//678 414//678
f 389//679 414//679 390//679
f 423//680 419//680 422//680
f 423//681 422//681 424//681
f 425//682 426//682 427//682
f 425//683 427//683 428//683
f 395//684 394//684 429//684
f 395//685 429//685 396//685
f 319//686 318//686 425//686
f 319//687 425//687 430//687
f 431//688 432//688 433//688
f 431//689 433//689 434//689
f 435//690 436//690 432//690
f 435//691 432//691 431//691
f 437//692 431//692 434//692
f 437//693 434//693 438//693
f 439//694 437//694 438//694
f 439//695 438//695 440//695
f 324//696 323//696 431//696
f 324//697 431//697 437//697
f 441//698 442//698 443//698
f 441//699 443//699 444//699
f 445//700 446//700 447//700
f 445//701 447//701 448//701
f 329//702 328//702 449//702
f 329//703 449//703 446//703
f 450//704 451//704 452//704
f 450//705 452//705 453//705
f 454//706 453//706 455//706
f 454//707 455//707 456//707
f 332//708 331//708 457//708
f 332//709 457//709 451//709
f 458//710 450//710 453//710
f 458//711 453//711 454//711
f 459//712 454//712 456//712
f 459//713 456//713 460//713
f 461//714 462//714 463//714
f 461//715 463//715 464//715
f 465//716 461//716 464//716
f 465//717 464//717 466//717
f 336//718 458//718 454//718
f 336//719 454//719 459//719
f 337//720 336//720 459//720
f 337//721 459//721 467//721
f 468//722 469//722 470//722
f 468//723 470//723 471//723
f 340//724 472//724 461//724
f 340//725 461//725 473//725
f 473//726 461//726 465//726
f 473//727 465//727 474//727
f 468//728 474//728 469//728
f 475//729 471//729 476//729
f 475//730 476//730 477//730
f 338//731 337//731 467//731
f 338//732 467//732 339//732
f 339//733 467//733 472//733
f 339//734 472//734 340//734
f 341//735 340//735 473//735
f 341//736 473//736 342//736
f 478//737 479//737 475//737
f 478//738 475//738 480//738
f 344//739 343//739 481//739
f 344//740 481//740 345//740
f 348//741 347//741 482//741
f 348//742 482//742 349//742
f 483//743 484//743 485//743
f 483//744 485//744 486//744
f 487//745 488//745 489//745
f 487//746 489//746 490//746
f 490//747 489//747 491//747
f 490//748 491//748 492//748
f 493//749 492//749 494//749
f 493//750 494//750 495//750
f 496//751 497//751 498//751
f 496//752 498//752 499//752
f 356//753 355//753 500//753
f 356//754 500//754 357//754
f 357//755 500//755 488//755
f 357//756 488//756 487//756
f 359//757 487//757 490//757
f 359//758 490//758 501//758
f 502//759 501//759 493//759
f 502//760 493//760 503//760
f 504//761 503//761 497//761
f 504//762 497//762 496//762
f 362//763 502//763 503//763
f 362//764 503//764 504//764
f 505//765 504//765 496//765
f 505//766 496//766 506//766
f 507//767 506//767 508//767
f 507//768 508//768 509//768
f 361//769 360//769 502//769
f 361//770 502//770 362//770
f 510//771 507//771 509//771
f 510//772 509//772 511//772
f 512//773 513//773 514//773
f 512//774 514//774 515//774
f 367//775 366//775 510//775
f 367//776 510//776 513//776
f 516//777 517//777 518//777
f 516//778 518//778 519//778
f 370//779 369//779 520//779
f 370//780 520//780 517//780
f 521//781 522//781 523//781
f 373//782 372//782 524//782
f 373//783 524//783 374//783
f 374//784 524//784 521//784
f 525//785 521//785 523//785
f 525//786 523//786 526//786
f 527//787 526//787 528//787
f 527//788 528//788 529//788
f 405//789 529//789 530//789
f 405//790 530//790 531//790
f 377//791 525//791 526//791
f 377//792 526//792 527//792
f 406//793 405//793 531//793
f 406//794 531//794 532//794
f 404//795 411//795 410//795
f 404//796 410//796 401//796
f 533//797 409//797 412//797
f 533//798 412//798 534//798
f 534//799 412//799 535//799
f 534//800 535//800 536//800
f 401//801 410//801 413//801
f 401//802 413//802 408//802
f 407//803 408//803 384//803
f 407//804 384//804 397//804
f 383//805 382//805 397//805
f 383//806 397//806 384//806
f 387//807 413//807 410//807
f 387//808 410//808 409//808
f 418//809 417//809 537//809
f 418//810 537//810 420//810
f 536//811 417//811 416//811
f 536//812 416//812 534//812
f 533//813 534//813 414//813
f 533//814 414//814 409//814
f 386//815 385//815 413//815
f 386//816 413//816 387//816
f 390//817 414//817 534//817
f 390//818 534//818 416//818
f 419//819 418//819 420//819
f 424//820 422//820 538//820
f 424//821 538//821 539//821
f 539//822 540//822 541//822
f 539//823 541//823 424//823
f 418//824 419//824 542//824
f 418//825 542//825 415//825
f 391//826 390//826 416//826
f 391//827 416//827 415//827
f 394//828 542//828 419//828
f 394//829 419//829 429//829
f 429//830 419//830 423//830
f 426//831 540//831 543//831
f 426//832 543//832 427//832
f 540//833 426//833 544//833
f 540//834 544//834 541//834
f 415//835 542//835 392//835
f 415//836 392//836 391//836
f 393//837 392//837 542//837
f 393//838 542//838 394//838
f 396//839 429//839 423//839
f 396//840 423//840 315//840
f 315//841 423//841 424//841
f 315//842 424//842 541//842
f 430//843 425//843 428//843
f 430//844 428//844 545//844
f 545//845 428//845 546//845
f 545//846 546//846 547//846
f 547//847 432//847 436//847
f 547//848 436//848 545//848
f 541//849 544//849 316//849
f 541//850 316//850 315//850
f 426//851 425//851 318//851
f 426//852 318//852 544//852
f 544//853 318//853 317//853
f 544//854 317//854 316//854
f 436//855 435//855 548//855
f 436//856 548//856 545//856
f 545//857 548//857 321//857
f 545//858 321//858 430//858
f 430//859 321//859 320//859
f 430//860 320//860 319//860
f 440//861 443//861 442//861
f 440//862 442//862 439//862
f 435//863 431//863 323//863
f 435//864 323//864 548//864
f 322//865 321//865 548//865
f 322//866 548//866 323//866
f 449//867 441//867 444//867
f 449//868 444//868 549//868
f 549//869 447//869 446//869
f 549//870 446//870 449//870
f 437//871 439//871 325//871
f 437//872 325//872 324//872
f 326//873 325//873 439//873
f 326//874 439//874 327//874
f 327//875 439//875 442//875
f 327//876 442//876 441//876
f 457//877 445//877 448//877
f 457//878 448//878 550//878
f 453//879 452//879 551//879
f 453//880 551//880 455//880
f 550//881 452//881 451//881
f 550//882 451//882 457//882
f 441//883 449//883 328//883
f 441//884 328//884 327//884
f 330//885 329//885 446//885
f 330//886 446//886 445//886
f 552//887 463//887 462//887
f 552//888 462//888 460//888
f 445//889 457//889 331//889
f 445//890 331//890 330//890
f 460//891 462//891 467//891
f 460//892 467//892 459//892
f 450//893 458//893 334//893
f 450//894 334//894 451//894
f 451//895 334//895 333//895
f 451//896 333//896 332//896
f 466//897 469//897 474//897
f 466//898 474//898 465//898
f 462//899 461//899 472//899
f 462//900 472//900 467//900
f 458//901 336//901 335//901
f 458//902 335//902 334//902
f 477//903 553//903 480//903
f 477//904 480//904 475//904
f 471//905 475//905 479//905
f 471//906 479//906 468//906
f 342//907 473//907 474//907
f 342//908 474//908 468//908
f 481//909 468//909 479//909
f 554//910 480//910 553//910
f 554//911 553//911 555//911
f 468//912 481//912 343//912
f 468//913 343//913 342//913
f 345//914 481//914 479//914
f 345//915 479//915 478//915
f 556//916 478//916 480//916
f 556//917 480//917 554//917
f 554//918 555//918 557//918
f 557//919 555//919 558//919
f 557//920 558//920 559//920
f 559//921 558//921 560//921
f 559//922 560//922 561//922
f 554//923 482//923 556//923
f 346//924 345//924 478//924
f 346//925 478//925 556//925
f 562//926 559//926 561//926
f 562//927 561//927 563//927
f 349//928 482//928 554//928
f 349//929 554//929 557//929
f 564//930 562//930 563//930
f 564//931 563//931 565//931
f 565//932 485//932 484//932
f 565//933 484//933 564//933
f 559//934 562//934 351//934
f 559//935 351//935 557//935
f 557//936 351//936 350//936
f 557//937 350//937 349//937
f 556//938 482//938 347//938
f 556//939 347//939 346//939
f 500//940 483//940 486//940
f 500//941 486//941 566//941
f 566//942 489//942 488//942
f 566//943 488//943 500//943
f 352//944 351//944 562//944
f 352//945 562//945 353//945
f 353//946 562//946 564//946
f 353//947 564//947 484//947
f 495//948 497//948 503//948
f 495//949 503//949 493//949
f 492//950 493//950 501//950
f 492//951 501//951 490//951
f 483//952 500//952 355//952
f 483//953 355//953 484//953
f 484//954 355//954 354//954
f 484//955 354//955 353//955
f 499//956 508//956 506//956
f 499//957 506//957 496//957
f 501//958 502//958 360//958
f 501//959 360//959 359//959
f 487//960 359//960 358//960
f 487//961 358//961 357//961
f 511//962 514//962 513//962
f 511//963 513//963 510//963
f 504//964 505//964 363//964
f 504//965 363//965 362//965
f 365//966 505//966 506//966
f 365//967 506//967 366//967
f 366//968 506//968 507//968
f 366//969 507//969 510//969
f 520//970 512//970 515//970
f 520//971 515//971 567//971
f 567//972 518//972 517//972
f 567//973 517//973 520//973
f 505//974 365//974 364//974
f 505//975 364//975 363//975
f 368//976 367//976 513//976
f 368//977 513//977 512//977
f 524//978 516//978 519//978
f 524//979 519//979 568//979
f 523//980 522//980 569//980
f 523//981 569//981 570//981
f 568//982 522//982 521//982
f 568//983 521//983 524//983
f 512//984 520//984 369//984
f 512//985 369//985 368//985
f 371//986 370//986 517//986
f 371//987 517//987 516//987
f 570//988 528//988 526//988
f 570//989 526//989 523//989
f 516//990 524//990 372//990
f 516//991 372//991 371//991
f 529//992 405//992 527//992
f 521//993 525//993 375//993
f 521//994 375//994 374//994
f 376//995 375//995 525//995
f 376//996 525//996 377//996
f 378//997 377//997 527//997
f 378//998 527//998 379//998
f 379//999 527//999 405//999
f 398//1000 406//1000 532//1000
f 398//1001 532//1001 399//1001
f 433//1002 571//1002 434//1002
f 434//1003 571//1003 572//1003
f 434//1004 572//1004 438//1004
f 438//1005 572//1005 573//1005
f 438//1006 573//1006 574//1006
f 438//1007 574//1007 440//1007
f 440//1008 574//1008 443//1008
f 443//1009 574//1009 575//1009
f 443//1010 575//1010 444//1010
f 444//1011 575//1011 576//1011
f 444//1012 576//1012 549//1012
f 549//1013 576//1013 577//1013
f 549//1014 577//1014 447//1014
f 447//1015 577//1015 578//1015
f 447//1016 578//1016 448//1016
f 448//1017 578//1017 579//1017
f 448//1018 579//1018 550//1018
f 550//1019 579//1019 580//1019
f 550//1020 580//1020 581//1020
f 550//1021 581//1021 452//1021
f 452//1022 581//1022 551//1022
f 551//1023 581//1023 582//1023
f 551//1024 582//1024 455//1024
f 455//1025 582//1025 583//1025
f 455//1026 583//1026 456//1026
f 456//1027 583//1027 584//1027
f 456//1028 584//1028 460//1028
f 460//1029 584//1029 585//1029
f 460//1030 585//1030 552//1030
f 552//1031 585//1031 586//1031
f 552//1032 586//1032 463//1032
f 463//1033 586//1033 587//1033
f 463//1034 587//1034 464//1034
f 464//1035 587//1035 588//1035
f 464//1036 588//1036 466//1036
f 466//1037 588//1037 589//1037
f 466//1038 589//1038 469//1038
f 469//1039 589//1039 590//1039
f 469//1040 590//1040 470//1040
f 470//1041 590//1041 591//1041
f 470//1042 591//1042 471//1042
f 471//1043 591//1043 592//1043
f 471//1044 592//1044 476//1044
f 476//1045 592//1045 593//1045
f 476//1046 593//1046 477//1046
f 477//1047 593//1047 594//1047
f 477//1048 594//1048 553//1048
f 553//1049 594//1049 595//1049
f 553//1050 595//1050 555//1050
f 555//1051 595//1051 596//1051
f 555//1052 596//1052 558//1052
f 558//1053 596//1053 597//1053
f 558//1054 597//1054 598//1054
f 558//1055 598//1055 560//1055
f 560//1056 598//1056 561//1056
f 561//1057 598//1057 599//1057
f 561//1058 599//1058 563//1058
f 563//1059 599//1059 600//1059
f 563//1060 600//1060 565//1060
f 565//1061 600//1061 601//1061
f 565//1062 601//1062 485//1062
f 485//1063 601//1063 602//1063
f 485//1064 602//1064 486//1064
f 486//1065 602//1065 603//1065
f 486//1066 603//1066 566//1066
f 566//1067 603//1067 604//1067
f 566//1068 604//1068 489//1068
f 489//1069 604//1069 605//1069
f 489//1070 605//1070 491//1070
f 491//1071 605//1071 606//1071
f 491//1072 606//1072 492//1072
f 492//1073 606//1073 607//1073
f 492//1074 607//1074 494//1074
f 494//1075 607//1075 608//1075
f 494//1076 608//1076 495//1076
f 495//1077 608//1077 609//1077
f 495//1078 609//1078 497//1078
f 497//1079 609//1079 610//1079
f 497//1080 610//1080 498//1080
f 498//1081 610//1081 611//1081
f 498//1082 611//1082 499//1082
f 499//1083 611//1083 612//1083
f 499//1084 612//1084 508//1084
f 508//1085 612//1085 613//1085
f 508//1086 613//1086 509//1086
f 509//1087 613//1087 614//1087
f 509//1088 614//1088 511//1088
f 511//1089 614//1089 615//1089
f 511//1090 615//1090 514//1090
f 514//1091 615//1091 616//1091
f 514//1092 616//1092 515//1092
f 515//1093 616//1093 617//1093
f 515//1094 617//1094 567//1094
f 567//1095 617//1095 618//1095
f 567//1096 618//1096 518//1096
f 518//1097 618//1097 619//1097
f 518//1098 619//1098 519//1098
f 519//1099 619//1099 620//1099
f 519//1100 620//1100 568//1100
f 568//1101 620//1101 621//1101
f 568//1102 621//1102 522//1102
f 522//1103 621//1103 622//1103
f 522//1104 622//1104 569//1104
f 569//1105 622//1105 623//1105
f 569//1106 623//1106 570//1106
f 570//1107 623//1107 624//1107
f 570//1108 624//1108 528//1108
f 528//1109 624//1109 625//1109
f 528//1110 625//1110 529//1110
f 529//1111 625//1111 626//1111
f 529//1112 626//1112 530//1112
f 530//1113 626//1113 627//1113
f 530//1114 627//1114 531//1114
f 531//1115 627//1115 628//1115
f 531//1116 628//1116 532//1116
f 532//1117 628//1117 629//1117
f 532//1118 629//1118 399//1118
f 399//1119 629//1119 630//1119
f 399//1120 630//1120 400//1120
f 400//1121 630//1121 631//1121
f 400//1122 631//1122 402//1122
f 402//1123 631//1123 632//1123
f 402//1124 632//1124 403//1124
f 403//1125 632//1125 633//1125
f 403//1126 633//1126 404//1126
f 404//1127 633//1127 634//1127
f 404//1128 634//1128 411//1128
f 411//1129 634//1129 635//1129
f 411//1130 635//1130 412//1130
f 412//1131 635//1131 636//1131
f 412//1132 636//1132 535//1132
f 535//1133 636//1133 637//1133
f 535//1134 637//1134 536//1134
f 536//1135 637//1135 638//1135
f 536//1136 638//1136 417//1136
f 417//1137 638//1137 639//1137
f 417//1138 639//1138 537//1138
f 537//1139 639//1139 640//1139
f 537//1140 640//1140 420//1140
f 420//1141 640//1141 641//1141
f 420//1142 641//1142 421//1142
f 421//1143 641//1143 642//1143
f 421//1144 642//1144 422//1144
f 422//1145 642//1145 643//1145
f 422//1146 643//1146 538//1146
f 538//1147 643//1147 644//1147
f 538//1148 644//1148 539//1148
f 539//1149 644//1149 645//1149
f 539//1150 645//1150 540//1150
f 540//1151 645//1151 646//1151
f 540//1152 646//1152 543//1152
f 543//1153 646//1153 647//1153
f 543//1154 647//1154 427//1154
f 427//1155 647//1155 648//1155
f 427//1156 648//1156 428//1156
f 428//1157 648//1157 649//1157
f 428//1158 649//1158 546//1158
f 546//1159 649//1159 650//1159
f 546//1160 650//1160 547//1160
f 547//1161 650//1161 651//1161
f 547//1162 651//1162 432//1162
f 432//1163 651//1163 652//1163
f 432//1164 652//1164 433//1164
f 433//1165 652//1165 571//1165
f 636//1166 635//1166 653//1166
f 636//1167 653//1167 654//1167
f 654//1168 653//1168 655//1168
f 654//1169 655//1169 656//1169
f 656//1170 655//1170 657//1170
f 656//1171 657//1171 658//1171
f 637//1172 636//1172 654//1172
f 637//1173 654//1173 659//1173
f 659//1174 654//1174 656//1174
f 659//1175 656//1175 660//1175
f 660//1176 656//1176 658//1176
f 639//1177 638//1177 661//1177
f 661//1178 638//1178 662//1178
f 661//1179 662//1179 663//1179
f 663//1180 662//1180 664//1180
f 663//1181 664//1181 665//1181
f 642//1182 641//1182 666//1182
f 642//1183 666//1183 667//1183
f 667//1184 666//1184 668//1184
f 667//1185 668//1185 669//1185
f 645//1186 644//1186 670//1186
f 645//1187 670//1187 671//1187
f 671//1188 670//1188 672//1188
f 671//1189 672//1189 673//1189
f 673//1190 672//1190 674//1190
f 649//1191 648//1191 675//1191
f 675//1192 648//1192 676//1192
f 675//1193 676//1193 677//1193
f 677//1194 676//1194 678//1194
f 652//1195 651//1195 679//1195
f 652//1196 679//1196 680//1196
f 680//1197 679//1197 681//1197
f 680//1198 681//1198 682//1198
f 682//1199 681//1199 683//1199
f 682//1200 683//1200 684//1200
f 573//1201 572//1201 685//1201
f 573//1202 685//1202 686//1202
f 686//1203 685//1203 687//1203
f 686//1204 687//1204 688//1204
f 688//1205 687//1205 689//1205
f 688//1206 689//1206 690//1206
f 575//1207 574//1207 691//1207
f 575//1208 691//1208 692//1208
f 692//1209 691//1209 693//1209
f 692//1210 693//1210 694//1210
f 694//1211 693//1211 695//1211
f 694//1212 695//1212 696//1212
f 576//1213 575//1213 692//1213
f 576//1214 692//1214 697//1214
f 697//1215 692//1215 694//1215
f 697//1216 694//1216 698//1216
f 698//1217 694//1217 696//1217
f 698//1218 696//1218 699//1218
f 578//1219 577//1219 700//1219
f 578//1220 700//1220 701//1220
f 701//1221 700//1221 702//1221
f 701//1222 702//1222 703//1222
f 703//1223 702//1223 704//1223
f 703//1224 704//1224 705//1224
f 579//1225 578//1225 701//1225
f 579//1226 701//1226 706//1226
f 706//1227 701//1227 703//1227
f 706//1228 703//1228 707//1228
f 707//1229 703//1229 708//1229
f 708//1230 703//1230 705//1230
f 581//1231 580//1231 709//1231
f 581//1232 709//1232 710//1232
f 710//1233 709//1233 711//1233
f 710//1234 711//1234 712//1234
f 712//1235 711//1235 713//1235
f 713//1236 711//1236 714//1236
f 584//1237 583//1237 715//1237
f 584//1238 715//1238 716//1238
f 716//1239 715//1239 717//1239
f 716//1240 717//1240 718//1240
f 718//1241 717//1241 719//1241
f 718//1242 719//1242 720//1242
f 587//1243 586//1243 721//1243
f 721//1244 722//1244 723//1244
f 590//1245 589//1245 724//1245
f 590//1246 724//1246 725//1246
f 725//1247 724//1247 726//1247
f 725//1248 726//1248 727//1248
f 727//1249 726//1249 728//1249
f 592//1250 591//1250 729//1250
f 592//1251 729//1251 730//1251
f 730//1252 729//1252 731//1252
f 730//1253 731//1253 732//1253
f 732//1254 731//1254 733//1254
f 732//1255 733//1255 734//1255
f 593//1256 592//1256 730//1256
f 593//1257 730//1257 735//1257
f 735//1258 730//1258 732//1258
f 735//1259 732//1259 736//1259
f 736//1260 732//1260 734//1260
f 595//1261 594//1261 737//1261
f 595//1262 737//1262 738//1262
f 738//1263 737//1263 739//1263
f 738//1264 739//1264 740//1264
f 596//1265 595//1265 741//1265
f 741//1266 595//1266 738//1266
f 741//1267 738//1267 740//1267
f 741//1268 740//1268 742//1268
f 598//1269 597//1269 743//1269
f 743//1270 597//1270 744//1270
f 743//1271 744//1271 745//1271
f 745//1272 744//1272 746//1272
f 745//1273 746//1273 747//1273
f 601//1274 600//1274 748//1274
f 601//1275 748//1275 749//1275
f 749//1276 748//1276 750//1276
f 749//1277 750//1277 751//1277
f 751//1278 750//1278 752//1278
f 604//1279 603//1279 753//1279
f 604//1280 753//1280 754//1280
f 754//1281 753//1281 755//1281
f 755//1282 753//1282 756//1282
f 755//1283 756//1283 757//1283
f 608//1284 607//1284 758//1284
f 608//1285 758//1285 759//1285
f 759//1286 758//1286 760//1286
f 759//1287 760//1287 761//1287
f 761//1288 760//1288 762//1288
f 611//1289 610//1289 763//1289
f 763//1290 610//1290 764//1290
f 763//1291 764//1291 765//1291
f 765//1292 764//1292 766//1292
f 614//1293 613//1293 767//1293
f 767//1294 613//1294 768//1294
f 767//1295 768//1295 769//1295
f 767//1296 769//1296 770//1296
f 770//1297 769//1297 771//1297
f 770//1298 771//1298 772//1298
f 616//1299 615//1299 773//1299
f 616//1300 773//1300 774//1300
f 774//1301 773//1301 775//1301
f 774//1302 775//1302 776//1302
f 776//1303 775//1303 777//1303
f 617//1304 616//1304 778//1304
f 778//1305 616//1305 774//1305
f 778//1306 774//1306 779//1306
f 779//1307 774//1307 776//1307
f 779//1308 776//1308 780//1308
f 619//1309 618//1309 781//1309
f 619//1310 781//1310 782//1310
f 782//1311 781//1311 783//1311
f 782//1312 783//1312 784//1312
f 784//1313 783//1313 785//1313
f 784//1314 785//1314 786//1314
f 620//1315 619//1315 782//1315
f 620//1316 782//1316 787//1316
f 787//1317 782//1317 784//1317
f 787//1318 784//1318 788//1318
f 788//1319 784//1319 786//1319
f 622//1320 621//1320 789//1320
f 622//1321 789//1321 790//1321
f 790//1322 789//1322 791//1322
f 790//1323 791//1323 792//1323
f 792//1324 791//1324 793//1324
f 792//1325 793//1325 794//1325
f 625//1326 624//1326 795//1326
f 625//1327 795//1327 796//1327
f 796//1328 795//1328 797//1328
f 796//1329 797//1329 798//1329
f 798//1330 797//1330 799//1330
f 798//1331 799//1331 800//1331
f 628//1332 627//1332 801//1332
f 628//1333 801//1333 802//1333
f 802//1334 801//1334 803//1334
f 802//1335 803//1335 804//1335
f 804//1336 803//1336 805//1336
f 804//1337 805//1337 806//1337
f 631//1338 630//1338 807//1338
f 631//1339 807//1339 808//1339
f 808//1340 807//1340 809//1340
f 808//1341 809//1341 810//1341
f 810//1342 809//1342 811//1342
f 633//1343 632//1343 812//1343
f 633//1344 812//1344 813//1344
f 813//1345 812//1345 814//1345
f 813//1346 814//1346 815//1346
f 634//1347 633//1347 816//1347
f 816//1348 633//1348 813//1348
f 816//1349 813//1349 817//1349
f 817//1350 813//1350 815//1350
f 817//1351 815//1351 818//1351
f 660//1352 664//1352 662//1352
f 660//1353 662//1353 659//1353
f 659//1354 662//1354 638//1354
f 659//1355 638//1355 637//1355
f 640//1356 639//1356 661//1356
f 640//1357 661//1357 819//1357
f 819//1358 661//1358 663//1358
f 819//1359 663//1359 820//1359
f 820//1360 663//1360 665//1360
f 820//1361 665//1361 821//1361
f 821//1362 668//1362 666//1362
f 821//1363 666//1363 820//1363
f 820//1364 666//1364 819//1364
f 819//1365 666//1365 641//1365
f 819//1366 641//1366 640//1366
f 643//1367 642//1367 822//1367
f 822//1368 642//1368 667//1368
f 822//1369 667//1369 823//1369
f 823//1370 667//1370 669//1370
f 823//1371 669//1371 824//1371
f 824//1372 674//1372 823//1372
f 823//1373 674//1373 672//1373
f 823//1374 672//1374 670//1374
f 823//1375 670//1375 822//1375
f 822//1376 670//1376 644//1376
f 822//1377 644//1377 643//1377
f 646//1378 645//1378 825//1378
f 825//1379 645//1379 671//1379
f 825//1380 671//1380 826//1380
f 826//1381 671//1381 673//1381
f 647//1382 646//1382 825//1382
f 647//1383 825//1383 827//1383
f 827//1384 825//1384 826//1384
f 827//1385 826//1385 828//1385
f 828//1386 678//1386 676//1386
f 828//1387 676//1387 827//1387
f 827//1388 676//1388 648//1388
f 827//1389 648//1389 647//1389
f 650//1390 649//1390 829//1390
f 829//1391 649//1391 675//1391
f 829//1392 675//1392 830//1392
f 830//1393 675//1393 677//1393
f 830//1394 677//1394 831//1394
f 831//1395 683//1395 681//1395
f 831//1396 681//1396 830//1396
f 830//1397 681//1397 679//1397
f 830//1398 679//1398 829//1398
f 829//1399 679//1399 651//1399
f 829//1400 651//1400 650//1400
f 571//1401 652//1401 680//1401
f 571//1402 680//1402 832//1402
f 832//1403 680//1403 682//1403
f 832//1404 682//1404 833//1404
f 833//1405 682//1405 834//1405
f 834//1406 682//1406 684//1406
f 834//1407 689//1407 687//1407
f 834//1408 687//1408 833//1408
f 833//1409 687//1409 685//1409
f 833//1410 685//1410 832//1410
f 832//1411 685//1411 572//1411
f 832//1412 572//1412 571//1412
f 690//1413 695//1413 688//1413
f 688//1414 695//1414 693//1414
f 688//1415 693//1415 691//1415
f 688//1416 691//1416 686//1416
f 686//1417 691//1417 573//1417
f 573//1418 691//1418 574//1418
f 699//1419 704//1419 702//1419
f 699//1420 702//1420 698//1420
f 698//1421 702//1421 700//1421
f 698//1422 700//1422 697//1422
f 697//1423 700//1423 577//1423
f 697//1424 577//1424 576//1424
f 708//1425 714//1425 711//1425
f 708//1426 711//1426 707//1426
f 707//1427 711//1427 709//1427
f 707//1428 709//1428 706//1428
f 706//1429 709//1429 580//1429
f 706//1430 580//1430 579//1430
f 582//1431 581//1431 710//1431
f 582//1432 710//1432 835//1432
f 835//1433 710//1433 712//1433
f 835//1434 712//1434 836//1434
f 836//1435 712//1435 713//1435
f 836//1436 719//1436 717//1436
f 836//1437 717//1437 835//1437
f 835//1438 717//1438 715//1438
f 835//1439 715//1439 582//1439
f 582//1440 715//1440 583//1440
f 585//1441 584//1441 716//1441
f 585//1442 716//1442 837//1442
f 837//1443 716//1443 718//1443
f 837//1444 718//1444 838//1444
f 838//1445 718//1445 720//1445
f 838//1446 720//1446 839//1446
f 839//1447 722//1447 838//1447
f 838//1448 722//1448 721//1448
f 838//1449 721//1449 837//1449
f 837//1450 721//1450 586//1450
f 837//1451 586//1451 585//1451
f 588//1452 587//1452 840//1452
f 840//1453 587//1453 721//1453
f 840//1454 721//1454 841//1454
f 841//1455 721//1455 723//1455
f 841//1456 728//1456 726//1456
f 841//1457 726//1457 840//1457
f 840//1458 726//1458 724//1458
f 840//1459 724//1459 589//1459
f 840//1460 589//1460 588//1460
f 727//1461 733//1461 731//1461
f 727//1462 731//1462 725//1462
f 725//1463 731//1463 729//1463
f 725//1464 729//1464 591//1464
f 725//1465 591//1465 590//1465
f 736//1466 739//1466 735//1466
f 735//1467 739//1467 737//1467
f 735//1468 737//1468 593//1468
f 593//1469 737//1469 594//1469
f 742//1470 746//1470 744//1470
f 742//1471 744//1471 741//1471
f 741//1472 744//1472 597//1472
f 741//1473 597//1473 596//1473
f 599//1474 598//1474 743//1474
f 599//1475 743//1475 842//1475
f 842//1476 743//1476 745//1476
f 842//1477 745//1477 843//1477
f 843//1478 745//1478 747//1478
f 843//1479 747//1479 844//1479
f 844//1480 752//1480 750//1480
f 844//1481 750//1481 843//1481
f 843//1482 750//1482 748//1482
f 843//1483 748//1483 842//1483
f 842//1484 748//1484 600//1484
f 842//1485 600//1485 599//1485
f 602//1486 601//1486 845//1486
f 845//1487 601//1487 749//1487
f 845//1488 749//1488 846//1488
f 846//1489 749//1489 751//1489
f 846//1490 751//1490 847//1490
f 847//1491 756//1491 846//1491
f 846//1492 756//1492 753//1492
f 846//1493 753//1493 845//1493
f 845//1494 753//1494 603//1494
f 845//1495 603//1495 602//1495
f 605//1496 604//1496 754//1496
f 605//1497 754//1497 848//1497
f 848//1498 754//1498 755//1498
f 848//1499 755//1499 849//1499
f 849//1500 755//1500 757//1500
f 606//1501 605//1501 850//1501
f 850//1502 605//1502 848//1502
f 850//1503 848//1503 851//1503
f 851//1504 848//1504 849//1504
f 851//1505 849//1505 852//1505
f 852//1506 762//1506 760//1506
f 852//1507 760//1507 851//1507
f 851//1508 760//1508 758//1508
f 851//1509 758//1509 850//1509
f 850//1510 758//1510 607//1510
f 850//1511 607//1511 606//1511
f 609//1512 608//1512 853//1512
f 853//1513 608//1513 759//1513
f 853//1514 759//1514 761//1514
f 853//1515 761//1515 854//1515
f 854//1516 766//1516 764//1516
f 854//1517 764//1517 853//1517
f 853//1518 764//1518 610//1518
f 853//1519 610//1519 609//1519
f 612//1520 611//1520 855//1520
f 855//1521 611//1521 763//1521
f 855//1522 763//1522 856//1522
f 856//1523 763//1523 765//1523
f 856//1524 765//1524 857//1524
f 857//1525 771//1525 769//1525
f 857//1526 769//1526 856//1526
f 856//1527 769//1527 768//1527
f 856//1528 768//1528 855//1528
f 855//1529 768//1529 613//1529
f 855//1530 613//1530 612//1530
f 772//1531 777//1531 775//1531
f 772//1532 775//1532 770//1532
f 770//1533 775//1533 773//1533
f 770//1534 773//1534 767//1534
f 767//1535 773//1535 615//1535
f 767//1536 615//1536 614//1536
f 780//1537 785//1537 783//1537
f 780//1538 783//1538 779//1538
f 779//1539 783//1539 781//1539
f 779//1540 781//1540 778//1540
f 778//1541 781//1541 618//1541
f 778//1542 618//1542 617//1542
f 788//1543 793//1543 791//1543
f 788//1544 791//1544 787//1544
f 787//1545 791//1545 789//1545
f 787//1546 789//1546 620//1546
f 620//1547 789//1547 621//1547
f 623//1548 622//1548 790//1548
f 623//1549 790//1549 858//1549
f 858//1550 790//1550 792//1550
f 858//1551 792//1551 859//1551
f 859//1552 792//1552 860//1552
f 860//1553 792//1553 794//1553
f 860//1554 799//1554 797//1554
f 860//1555 797//1555 859//1555
f 859//1556 797//1556 795//1556
f 859//1557 795//1557 858//1557
f 858//1558 795//1558 624//1558
f 858//1559 624//1559 623//1559
f 626//1560 625//1560 796//1560
f 626//1561 796//1561 861//1561
f 861//1562 796//1562 798//1562
f 861//1563 798//1563 862//1563
f 862//1564 798//1564 863//1564
f 863//1565 798//1565 800//1565
f 863//1566 805//1566 803//1566
f 863//1567 803//1567 862//1567
f 862//1568 803//1568 801//1568
f 862//1569 801//1569 861//1569
f 861//1570 801//1570 627//1570
f 861//1571 627//1571 626//1571
f 629//1572 628//1572 802//1572
f 629//1573 802//1573 864//1573
f 864//1574 802//1574 804//1574
f 864//1575 804//1575 865//1575
f 865//1576 804//1576 806//1576
f 865//1577 811//1577 809//1577
f 865//1578 809//1578 864//1578
f 864//1579 809//1579 807//1579
f 864//1580 807//1580 629//1580
f 629//1581 807//1581 630//1581
f 810//1582 814//1582 808//1582
f 808//1583 814//1583 812//1583
f 808//1584 812//1584 631//1584
f 631//1585 812//1585 632//1585
f 635//1586 634//1586 816//1586
f 635//1587 816//1587 653//1587
f 653//1588 816//1588 817//1588
f 653//1589 817//1589 655//1589
f 655//1590 817//1590 818//1590
f 655//1591 818//1591 657//1591
f 765//1592 866//1592 857//1592
f 857//1593 866//1593 867//1593
f 857//1594 867//1594 771//1594
f 771//1595 867//1595 868//1595
f 771//1596 868//1596 772//1596
f 772//1597 868//1597 869//1597
f 772//1598 869//1598 777//1598
f 777//1599 869//1599 870//1599
f 777//1600 870//1600 776//1600
f 776//1601 870//1601 871//1601
f 776//1602 871//1602 780//1602
f 780//1603 871//1603 872//1603
f 780//1604 872//1604 785//1604
f 785//1605 872//1605 873//1605
f 785//1606 873//1606 786//1606
f 786//1607 873//1607 874//1607
f 786//1608 874//1608 788//1608
f 788//1609 874//1609 875//1609
f 788//1610 875//1610 793//1610
f 793//1611 875//1611 876//1611
f 793//1612 876//1612 794//1612
f 794//1613 876//1613 877//1613
f 794//1614 877//1614 860//1614
f 860//1615 877//1615 878//1615
f 860//1616 878//1616 799//1616
f 799//1617 878//1617 879//1617
f 799//1618 879//1618 800//1618
f 800//1619 879//1619 880//1619
f 800//1620 880//1620 863//1620
f 863//1621 880//1621 881//1621
f 863//1622 881//1622 805//1622
f 805//1623 881//1623 882//1623
f 805//1624 882//1624 806//1624
f 806//1625 882//1625 883//1625
f 806//1626 883//1626 865//1626
f 865//1627 883//1627 884//1627
f 865//1628 884//1628 811//1628
f 811//1629 884//1629 885//1629
f 811//1630 885//1630 810//1630
f 810//1631 885//1631 886//1631
f 810//1632 886//1632 814//1632
f 814//1633 886//1633 887//1633
f 814//1634 887//1634 815//1634
f 815//1635 887//1635 888//1635
f 815//1636 888//1636 818//1636
f 818//1637 888//1637 889//1637
f 818//1638 889//1638 657//1638
f 657//1639 889//1639 890//1639
f 657//1640 890//1640 658//1640
f 658//1641 890//1641 891//1641
f 658//1642 891//1642 660//1642
f 660//1643 891//1643 892//1643
f 660//1644 892//1644 664//1644
f 664//1645 892//1645 893//1645
f 664//1646 893//1646 894//1646
f 664//1647 894//1647 665//1647
f 665//1648 894//1648 821//1648
f 821//1649 894//1649 895//1649
f 821//1650 895//1650 668//1650
f 668//1651 895//1651 896//1651
f 668//1652 896//1652 669//1652
f 669//1653 896//1653 897//1653
f 669//1654 897//1654 824//1654
f 824//1655 897//1655 898//1655
f 824//1656 898//1656 674//1656
f 674//1657 898//1657 899//1657
f 674//1658 899//1658 673//1658
f 673//1659 899//1659 900//1659
f 673//1660 900//1660 826//1660
f 826//1661 900//1661 901//1661
f 826//1662 901//1662 828//1662
f 828//1663 901//1663 902//1663
f 828//1664 902//1664 678//1664
f 678//1665 902//1665 903//1665
f 678//1666 903//1666 677//1666
f 677//1667 903//1667 904//1667
f 677//1668 904//1668 831//1668
f 831//1669 904//1669 905//1669
f 831//1670 905//1670 683//1670
f 683//1671 905//1671 906//1671
f 683//1672 906//1672 684//1672
f 684//1673 906//1673 907//1673
f 684//1674 907//1674 834//1674
f 834//1675 907//1675 908//1675
f 834//1676 908//1676 689//1676
f 689//1677 908//1677 909//1677
f 689//1678 909//1678 690//1678
f 690//1679 909//1679 910//1679
f 690//1680 910//1680 911//1680
f 690//1681 911//1681 695//1681
f 695//1682 911//1682 696//1682
f 696//1683 911//1683 912//1683
f 696//1684 912//1684 699//1684
f 699//1685 912//1685 913//1685
f 699//1686 913//1686 704//1686
f 704//1687 913//1687 914//1687
f 704//1688 914//1688 705//1688
f 705//1689 914//1689 915//1689
f 705//1690 915//1690 708//1690
f 708//1691 915//1691 916//1691
f 708//1692 916//1692 714//1692
f 714//1693 916//1693 917//1693
f 714//1694 917//1694 713//1694
f 713//1695 917//1695 918//1695
f 713//1696 918//1696 836//1696
f 836//1697 918//1697 919//1697
f 836//1698 919//1698 719//1698
f 719//1699 919//1699 920//1699
f 719//1700 920//1700 720//1700
f 720//1701 920//1701 921//1701
f 720//1702 921//1702 839//1702
f 839//1703 921//1703 922//1703
f 839//1704 922//1704 722//1704
f 722//1705 922//1705 923//1705
f 722//1706 923//1706 723//1706
f 723//1707 923//1707 924//1707
f 723//1708 924//1708 841//1708
f 841//1709 924//1709 925//1709
f 841//1710 925//1710 728//1710
f 728//1711 925//1711 926//1711
f 728//1712 926//1712 727//1712
f 727//1713 926//1713 927//1713
f 727//1714 927//1714 733//1714
f 733//1715 927//1715 928//1715
f 733//1716 928//1716 734//1716
f 734//1717 928//1717 929//1717
f 734//1718 929//1718 736//1718
f 736//1719 929//1719 930//1719
f 736//1720 930//1720 739//1720
f 739//1721 930//1721 931//1721
f 739//1722 931//1722 740//1722
f 740//1723 931//1723 932//1723
f 740//1724 932//1724 742//1724
f 742//1725 932//1725 933//1725
f 742//1726 933//1726 746//1726
f 746//1727 933//1727 934//1727
f 746//1728 934//1728 747//1728
f 747//1729 934//1729 935//1729
f 747//1730 935//1730 844//1730
f 844//1731 935//1731 936//1731
f 844//1732 936//1732 752//1732
f 752//1733 936//1733 937//1733
f 752//1734 937//1734 751//1734
f 751//1735 937//1735 938//1735
f 751//1736 938//1736 847//1736
f 847//1737 938//1737 939//1737
f 847//1738 939//1738 756//1738
f 756//1739 939//1739 940//1739
f 756//1740 940//1740 757//1740
f 757//1741 940//1741 941//1741
f 757//1742 941//1742 849//1742
f 849//1743 941//1743 942//1743
f 849//1744 942//1744 852//1744
f 852//1745 942//1745 943//1745
f 852//1746 943//1746 762//1746
f 762//1747 943//1747 944//1747
f 762//1748 944//1748 761//1748
f 761//1749 944//1749 945//1749
f 761//1750 945//1750 854//1750
f 854//1751 945//1751 946//1751
f 854//1752 946//1752 766//1752
f 766//1753 946//1753 947//1753
f 766//1754 947//1754 765//1754
f 765//1755 947//1755 866//1755
f 948//1756 900//1756 899//1756
f 898//1757 948//1757 899//1757
f 949//1758 898//1758 897//1758
f 950//1759 949//1759 897//1759
f 950//1760 897//1760 896//1760
f 951//1761 950//1761 895//1761
f 895//1762 950//1762 896//1762
f 952//1763 951//1763 953//1763
f 953//1764 951//1764 895//1764
f 953//1765 895//1765 894//1765
f 954//1766 952//1766 955//1766
f 955//1767 952//1767 953//1767
f 955//1768 953//1768 893//1768
f 893//1769 953//1769 894//1769
f 956//1770 954//1770 955//1770
f 955//1771 893//1771 892//1771
f 957//1772 956//1772 955//1772
f 957//1773 955//1773 958//1773
f 958//1774 955//1774 892//1774
f 958//1775 892//1775 891//1775
f 959//1776 957//1776 958//1776
f 958//1777 891//1777 890//1777
f 960//1778 959//1778 961//1778
f 961//1779 959//1779 958//1779
f 961//1780 958//1780 890//1780
f 961//1781 890//1781 889//1781
f 962//1782 960//1782 963//1782
f 963//1783 960//1783 961//1783
f 963//1784 961//1784 889//1784
f 963//1785 889//1785 888//1785
f 964//1786 952//1786 965//1786
f 966//1787 949//1787 967//1787
f 966//1788 967//1788 968//1788
f 900//1789 948//1789 969//1789
f 969//1790 948//1790 970//1790
f 969//1791 970//1791 971//1791
f 901//1792 900//1792 969//1792
f 901//1793 969//1793 972//1793
f 972//1794 969//1794 971//1794
f 972//1795 971//1795 973//1795
f 903//1796 902//1796 974//1796
f 974//1797 975//1797 976//1797
f 904//1798 903//1798 974//1798
f 904//1799 974//1799 977//1799
f 977//1800 974//1800 976//1800
f 977//1801 976//1801 978//1801
f 906//1802 905//1802 979//1802
f 906//1803 979//1803 980//1803
f 980//1804 979//1804 981//1804
f 980//1805 981//1805 982//1805
f 982//1806 981//1806 983//1806
f 982//1807 983//1807 984//1807
f 909//1808 908//1808 985//1808
f 909//1809 985//1809 986//1809
f 986//1810 985//1810 987//1810
f 986//1811 987//1811 988//1811
f 988//1812 987//1812 989//1812
f 912//1813 911//1813 990//1813
f 912//1814 990//1814 991//1814
f 991//1815 990//1815 992//1815
f 991//1816 992//1816 993//1816
f 993//1817 992//1817 994//1817
f 916//1818 915//1818 995//1818
f 995//1819 915//1819 996//1819
f 995//1820 996//1820 997//1820
f 997//1821 996//1821 998//1821
f 997//1822 998//1822 999//1822
f 919//1823 918//1823 1000//1823
f 1000//1824 918//1824 1001//1824
f 1000//1825 1001//1825 1002//1825
f 1002//1826 1001//1826 1003//1826
f 1002//1827 1003//1827 1004//1827
f 922//1828 921//1828 1005//1828
f 922//1829 1005//1829 1006//1829
f 1006//1830 1005//1830 1007//1830
f 1006//1831 1007//1831 1008//1831
f 924//1832 923//1832 1009//1832
f 924//1833 1009//1833 1010//1833
f 1010//1834 1009//1834 1011//1834
f 1011//1835 1009//1835 1012//1835
f 925//1836 924//1836 1010//1836
f 925//1837 1010//1837 1013//1837
f 1013//1838 1010//1838 1011//1838
f 1013//1839 1011//1839 1014//1839
f 927//1840 926//1840 1015//1840
f 927//1841 1015//1841 1016//1841
f 1016//1842 1015//1842 1017//1842
f 1016//1843 1017//1843 1018//1843
f 928//1844 927//1844 1019//1844
f 1019//1845 927//1845 1016//1845
f 1019//1846 1016//1846 1020//1846
f 1020//1847 1016//1847 1018//1847
f 1020//1848 1018//1848 1021//1848
f 930//1849 929//1849 1022//1849
f 1022//1850 929//1850 1023//1850
f 1022//1851 1023//1851 1024//1851
f 1022//1852 1024//1852 1025//1852
f 933//1853 932//1853 1026//1853
f 933//1854 1026//1854 1027//1854
f 1027//1855 1026//1855 1028//1855
f 1027//1856 1028//1856 1029//1856
f 936//1857 935//1857 1030//1857
f 936//1858 1030//1858 1031//1858
f 1031//1859 1030//1859 1032//1859
f 1031//1860 1032//1860 1033//1860
f 939//1861 938//1861 1034//1861
f 939//1862 1034//1862 1035//1862
f 1035//1863 1034//1863 1036//1863
f 1036//1864 1034//1864 1037//1864
f 941//1865 940//1865 1038//1865
f 941//1866 1038//1866 1039//1866
f 1039//1867 1038//1867 1040//1867
f 1039//1868 1040//1868 1041//1868
f 942//1869 941//1869 1039//1869
f 942//1870 1039//1870 1042//1870
f 1042//1871 1039//1871 1043//1871
f 1043//1872 1039//1872 1041//1872
f 944//1873 943//1873 1044//1873
f 944//1874 1044//1874 1045//1874
f 1045//1875 1044//1875 1046//1875
f 1045//1876 1046//1876 1047//1876
f 1047//1877 1046//1877 1048//1877
f 945//1878 944//1878 1049//1878
f 1049//1879 944//1879 1045//1879
f 1049//1880 1045//1880 1050//1880
f 1050//1881 1045//1881 1047//1881
f 1050//1882 1047//1882 1051//1882
f 947//1883 946//1883 1052//1883
f 1052//1884 946//1884 1053//1884
f 1052//1885 1053//1885 1054//1885
f 1052//1886 1054//1886 1055//1886
f 868//1887 867//1887 1056//1887
f 1056//1888 1057//1888 1058//1888
f 871//1889 870//1889 1059//1889
f 1059//1890 870//1890 1060//1890
f 1059//1891 1060//1891 1061//1891
f 1061//1892 1060//1892 1062//1892
f 875//1893 874//1893 1063//1893
f 875//1894 1063//1894 1064//1894
f 1064//1895 1063//1895 1065//1895
f 1064//1896 1065//1896 1066//1896
f 878//1897 877//1897 1067//1897
f 878//1898 1067//1898 1068//1898
f 1068//1899 1067//1899 1069//1899
f 1068//1900 1069//1900 1070//1900
f 881//1901 880//1901 1071//1901
f 881//1902 1071//1902 1072//1902
f 1072//1903 1071//1903 1073//1903
f 1072//1904 1073//1904 1074//1904
f 1074//1905 1073//1905 1075//1905
f 883//1906 882//1906 1076//1906
f 883//1907 1076//1907 1077//1907
f 1077//1908 1076//1908 1078//1908
f 1077//1909 1078//1909 1079//1909
f 884//1910 883//1910 1077//1910
f 884//1911 1077//1911 1080//1911
f 1080//1912 1077//1912 1079//1912
f 1080//1913 1079//1913 1081//1913
f 886//1914 885//1914 1082//1914
f 886//1915 1082//1915 1083//1915
f 1083//1916 1082//1916 1084//1916
f 1084//1917 1082//1917 1085//1917
f 887//1918 886//1918 1083//1918
f 887//1919 1083//1919 1086//1919
f 1086//1920 1083//1920 1084//1920
f 1086//1921 1084//1921 1087//1921
f 952//1922 954//1922 965//1922
f 950//1923 964//1923 1088//1923
f 949//1924 950//1924 1088//1924
f 949//1925 1088//1925 967//1925
f 948//1926 966//1926 970//1926
f 970//1927 966//1927 968//1927
f 902//1928 901//1928 974//1928
f 974//1929 901//1929 972//1929
f 974//1930 972//1930 975//1930
f 975//1931 972//1931 973//1931
f 905//1932 904//1932 979//1932
f 979//1933 904//1933 977//1933
f 979//1934 977//1934 981//1934
f 981//1935 977//1935 978//1935
f 981//1936 978//1936 983//1936
f 907//1937 906//1937 980//1937
f 907//1938 980//1938 1089//1938
f 1089//1939 980//1939 982//1939
f 1089//1940 982//1940 1090//1940
f 1090//1941 982//1941 984//1941
f 1090//1942 989//1942 987//1942
f 1090//1943 987//1943 1089//1943
f 1089//1944 987//1944 985//1944
f 1089//1945 985//1945 907//1945
f 907//1946 985//1946 908//1946
f 910//1947 909//1947 986//1947
f 910//1948 986//1948 1091//1948
f 1091//1949 986//1949 988//1949
f 1091//1950 988//1950 1092//1950
f 1092//1951 994//1951 992//1951
f 1092//1952 992//1952 1091//1952
f 1091//1953 992//1953 990//1953
f 1091//1954 990//1954 910//1954
f 910//1955 990//1955 911//1955
f 913//1956 912//1956 991//1956
f 913//1957 991//1957 1093//1957
f 1093//1958 991//1958 993//1958
f 1093//1959 993//1959 1094//1959
f 914//1960 913//1960 1093//1960
f 1093//1961 1094//1961 1095//1961
f 1095//1962 998//1962 996//1962
f 1095//1963 996//1963 1093//1963
f 1093//1964 996//1964 914//1964
f 914//1965 996//1965 915//1965
f 917//1966 916//1966 995//1966
f 917//1967 995//1967 1096//1967
f 1096//1968 995//1968 997//1968
f 1096//1969 997//1969 1097//1969
f 1097//1970 997//1970 999//1970
f 1097//1971 1003//1971 1001//1971
f 1097//1972 1001//1972 1096//1972
f 1096//1973 1001//1973 918//1973
f 1096//1974 918//1974 917//1974
f 920//1975 919//1975 1000//1975
f 920//1976 1000//1976 1098//1976
f 1098//1977 1000//1977 1002//1977
f 1098//1978 1002//1978 1099//1978
f 1099//1979 1002//1979 1004//1979
f 1099//1980 1007//1980 1005//1980
f 1099//1981 1005//1981 1098//1981
f 1098//1982 1005//1982 921//1982
f 1098//1983 921//1983 920//1983
f 1008//1984 1012//1984 1009//1984
f 1008//1985 1009//1985 1006//1985
f 1006//1986 1009//1986 923//1986
f 1006//1987 923//1987 922//1987
f 1014//1988 1017//1988 1013//1988
f 1013//1989 1017//1989 1015//1989
f 1013//1990 1015//1990 925//1990
f 925//1991 1015//1991 926//1991
f 1021//1992 1024//1992 1020//1992
f 1020//1993 1024//1993 1023//1993
f 1020//1994 1023//1994 1019//1994
f 1019//1995 1023//1995 929//1995
f 1019//1996 929//1996 928//1996
f 931//1997 930//1997 1022//1997
f 931//1998 1022//1998 1100//1998
f 1100//1999 1022//1999 1025//1999
f 1100//2000 1025//2000 1101//2000
f 1101//2001 1028//2001 1026//2001
f 1101//2002 1026//2002 1100//2002
f 1100//2003 1026//2003 932//2003
f 1100//2004 932//2004 931//2004
f 934//2005 933//2005 1027//2005
f 934//2006 1027//2006 1102//2006
f 1102//2007 1027//2007 1103//2007
f 1103//2008 1027//2008 1029//2008
f 1103//2009 1032//2009 1102//2009
f 1102//2010 1032//2010 1030//2010
f 1102//2011 1030//2011 934//2011
f 934//2012 1030//2012 935//2012
f 937//2013 936//2013 1104//2013
f 1104//2014 936//2014 1031//2014
f 1104//2015 1031//2015 1033//2015
f 1104//2016 1033//2016 1105//2016
f 1105//2017 1037//2017 1034//2017
f 1105//2018 1034//2018 1104//2018
f 1104//2019 1034//2019 938//2019
f 1104//2020 938//2020 937//2020
f 1036//2021 1040//2021 1035//2021
f 1035//2022 1040//2022 1038//2022
f 1035//2023 1038//2023 939//2023
f 939//2024 1038//2024 940//2024
f 1043//2025 1048//2025 1046//2025
f 1043//2026 1046//2026 1042//2026
f 1042//2027 1046//2027 1044//2027
f 1042//2028 1044//2028 942//2028
f 942//2029 1044//2029 943//2029
f 1051//2030 1054//2030 1050//2030
f 1050//2031 1054//2031 1053//2031
f 1050//2032 1053//2032 1049//2032
f 1049//2033 1053//2033 946//2033
f 1049//2034 946//2034 945//2034
f 866//2035 947//2035 1052//2035
f 866//2036 1052//2036 1106//2036
f 1106//2037 1052//2037 1055//2037
f 1106//2038 1055//2038 1107//2038
f 1107//2039 1057//2039 1106//2039
f 1106//2040 1057//2040 1056//2040
f 1106//2041 1056//2041 867//2041
f 1106//2042 867//2042 866//2042
f 869//2043 868//2043 1056//2043
f 869//2044 1056//2044 1108//2044
f 1108//2045 1056//2045 1058//2045
f 1108//2046 1058//2046 1109//2046
f 1109//2047 1062//2047 1060//2047
f 1109//2048 1060//2048 1108//2048
f 1108//2049 1060//2049 870//2049
f 1108//2050 870//2050 869//2050
f 872//2051 871//2051 1059//2051
f 872//2052 1059//2052 1110//2052
f 1110//2053 1059//2053 1061//2053
f 1110//2054 1061//2054 1111//2054
f 873//2055 872//2055 1110//2055
f 1110//2056 1111//2056 1112//2056
f 1112//2057 1065//2057 1063//2057
f 1112//2058 1063//2058 1110//2058
f 1110//2059 1063//2059 873//2059
f 873//2060 1063//2060 874//2060
f 876//2061 875//2061 1113//2061
f 1113//2062 875//2062 1064//2062
f 1113//2063 1064//2063 1114//2063
f 1114//2064 1064//2064 1066//2064
f 1114//2065 1066//2065 1115//2065
f 1115//2066 1069//2066 1114//2066
f 1114//2067 1069//2067 1067//2067
f 1114//2068 1067//2068 1113//2068
f 1113//2069 1067//2069 877//2069
f 1113//2070 877//2070 876//2070
f 879//2071 878//2071 1068//2071
f 1068//2072 1070//2072 1116//2072
f 1116//2073 1075//2073 1073//2073
f 1116//2074 1073//2074 1068//2074
f 1068//2075 1073//2075 1071//2075
f 1068//2076 1071//2076 879//2076
f 879//2077 1071//2077 880//2077
f 1074//2078 1078//2078 1076//2078
f 1074//2079 1076//2079 1072//2079
f 1072//2080 1076//2080 882//2080
f 1072//2081 882//2081 881//2081
f 1081//2082 1085//2082 1082//2082
f 1081//2083 1082//2083 1080//2083
f 1080//2084 1082//2084 884//2084
f 884//2085 1082//2085 885//2085
f 888//2086 887//2086 963//2086
f 963//2087 887//2087 1086//2087
f 963//2088 1086//2088 962//2088
f 962//2089 1086//2089 1087//2089
f 948//2090 898//2090 966//2090
f 966//2091 898//2091 949//2091
f 950//2092 951//2092 964//2092
f 964//2093 951//2093 952//2093
f 1117//2094 1043//2094 1118//2094
f 1118//2095 1043//2095 1041//2095
f 1118//2096 1041//2096 1119//2096
f 1119//2097 1041//2097 1040//2097
f 1119//2098 1040//2098 1120//2098
f 1120//2099 1040//2099 1036//2099
f 1120//2100 1036//2100 1121//2100
f 1121//2101 1036//2101 1037//2101
f 1121//2102 1037//2102 1122//2102
f 1122//2103 1037//2103 1105//2103
f 1122//2104 1105//2104 1123//2104
f 1123//2105 1105//2105 1033//2105
f 1123//2106 1033//2106 1124//2106
f 1124//2107 1033//2107 1032//2107
f 1124//2108 1032//2108 1125//2108
f 1125//2109 1032//2109 1103//2109
f 1125//2110 1103//2110 1126//2110
f 1126//2111 1103//2111 1029//2111
f 1126//2112 1029//2112 1127//2112
f 1127//2113 1029//2113 1028//2113
f 1127//2114 1028//2114 1128//2114
f 1128//2115 1028//2115 1101//2115
f 1128//2116 1101//2116 1129//2116
f 1129//2117 1101//2117 1025//2117
f 1129//2118 1025//2118 1130//2118
f 1130//2119 1025//2119 1024//2119
f 1130//2120 1024//2120 1131//2120
f 1131//2121 1024//2121 1021//2121
f 1131//2122 1021//2122 1132//2122
f 1132//2123 1021//2123 1018//2123
f 1132//2124 1018//2124 1133//2124
f 1133//2125 1018//2125 1017//2125
f 1133//2126 1017//2126 1134//2126
f 1134//2127 1017//2127 1014//2127
f 1134//2128 1014//2128 1135//2128
f 1135//2129 1014//2129 1011//2129
f 1135//2130 1011//2130 1136//2130
f 1136//2131 1011//2131 1012//2131
f 1136//2132 1012//2132 1008//2132
f 1136//2133 1008//2133 1137//2133
f 1137//2134 1008//2134 1138//2134
f 1138//2135 1008//2135 1007//2135
f 1138//2136 1007//2136 1139//2136
f 1139//2137 1007//2137 1099//2137
f 1139//2138 1099//2138 1140//2138
f 1140//2139 1099//2139 1004//2139
f 1140//2140 1004//2140 1141//2140
f 1141//2141 1004//2141 1003//2141
f 1141//2142 1003//2142 1142//2142
f 1142//2143 1003//2143 1097//2143
f 1142//2144 1097//2144 1143//2144
f 1143//2145 1097//2145 999//2145
f 1143//2146 999//2146 1144//2146
f 1144//2147 999//2147 998//2147
f 1144//2148 998//2148 1145//2148
f 1145//2149 998//2149 1095//2149
f 1145//2150 1095//2150 1146//2150
f 1146//2151 1095//2151 1094//2151
f 1146//2152 1094//2152 1147//2152
f 1147//2153 1094//2153 993//2153
f 1147//2154 993//2154 1148//2154
f 1148//2155 993//2155 994//2155
f 1148//2156 994//2156 1149//2156
f 1149//2157 994//2157 1092//2157
f 1149//2158 1092//2158 1150//2158
f 1150//2159 1092//2159 988//2159
f 1150//2160 988//2160 1151//2160
f 1151//2161 988//2161 989//2161
f 1151//2162 989//2162 1152//2162
f 1152//2163 989//2163 1090//2163
f 1152//2164 1090//2164 1153//2164
f 1153//2165 1090//2165 984//2165
f 1153//2166 984//2166 1154//2166
f 1154//2167 984//2167 983//2167
f 1154//2168 983//2168 1155//2168
f 1155//2169 983//2169 978//2169
f 1155//2170 978//2170 1156//2170
f 1156//2171 978//2171 976//2171
f 1156//2172 976//2172 1157//2172
f 1157//2173 976//2173 975//2173
f 1157//2174 975//2174 1158//2174
f 1158//2175 975//2175 973//2175
f 1158//2176 973//2176 1159//2176
f 1159//2177 973//2177 971//2177
f 1159//2178 971//2178 1160//2178
f 1160//2179 971//2179 970//2179
f 1160//2180 970//2180 1161//2180
f 1161//2181 970//2181 968//2181
f 1161//2182 968//2182 1162//2182
f 1162//2183 968//2183 967//2183
f 1162//2184 967//2184 1163//2184
f 1163//2185 967//2185 1088//2185
f 1163//2186 1088//2186 1164//2186
f 1164//2187 1088//2187 964//2187
f 1164//2188 964//2188 1165//2188
f 1165//2189 964//2189 965//2189
f 1165//2190 965//2190 1166//2190
f 1166//2191 965//2191 954//2191
f 1166//2192 954//2192 1167//2192
f 1167//2193 954//2193 956//2193
f 1167//2194 956//2194 1168//2194
f 1168//2195 956//2195 957//2195
f 1168//2196 957//2196 1169//2196
f 1169//2197 957//2197 959//2197
f 1169//2198 959//2198 1170//2198
f 1170//2199 959//2199 960//2199
f 1170//2200 960//2200 1171//2200
f 1171//2201 960//2201 962//2201
f 1171//2202 962//2202 1172//2202
f 1172//2203 962//2203 1087//2203
f 1172//2204 1087//2204 1173//2204
f 1173//2205 1087//2205 1084//2205
f 1173//2206 1084//2206 1174//2206
f 1174//2207 1084//2207 1085//2207
f 1174//2208 1085//2208 1175//2208
f 1175//2209 1085//2209 1081//2209
f 1175//2210 1081//2210 1176//2210
f 1176//2211 1081//2211 1079//2211
f 1176//2212 1079//2212 1177//2212
f 1177//2213 1079//2213 1078//2213
f 1177//2214 1078//2214 1178//2214
f 1178//2215 1078//2215 1074//2215
f 1178//2216 1074//2216 1179//2216
f 1179//2217 1074//2217 1075//2217
f 1179//2218 1075//2218 1180//2218
f 1180//2219 1075//2219 1116//2219
f 1180//2220 1116//2220 1181//2220
f 1181//2221 1116//2221 1070//2221
f 1181//2222 1070//2222 1182//2222
f 1182//2223 1070//2223 1069//2223
f 1182//2224 1069//2224 1183//2224
f 1183//2225 1069//2225 1115//2225
f 1183//2226 1115//2226 1184//2226
f 1184//2227 1115//2227 1066//2227
f 1184//2228 1066//2228 1185//2228
f 1185//2229 1066//2229 1065//2229
f 1185//2230 1065//2230 1186//2230
f 1186//2231 1065//2231 1112//2231
f 1186//2232 1112//2232 1187//2232
f 1187//2233 1112//2233 1111//2233
f 1187//2234 1111//2234 1188//2234
f 1188//2235 1111//2235 1061//2235
f 1188//2236 1061//2236 1189//2236
f 1189//2237 1061//2237 1062//2237
f 1189//2238 1062//2238 1190//2238
f 1190//2239 1062//2239 1109//2239
f 1190//2240 1109//2240 1191//2240
f 1191//2241 1109//2241 1058//2241
f 1191//2242 1058//2242 1192//2242
f 1192//2243 1058//2243 1057//2243
f 1192//2244 1057//2244 1193//2244
f 1193//2245 1057//2245 1107//2245
f 1193//2246 1107//2246 1194//2246
f 1194//2247 1107//2247 1055//2247
f 1194//2248 1055//2248 1195//2248
f 1195//2249 1055//2249 1054//2249
f 1195//2250 1054//2250 1196//2250
f 1196//2251 1054//2251 1051//2251
f 1196//2252 1051//2252 1197//2252
f 1197//2253 1051//2253 1047//2253
f 1197//2254 1047//2254 1198//2254
f 1198//2255 1047//2255 1048//2255
f 1198//2256 1048//2256 1117//2256
f 1117//2257 1048//2257 1043//2257
f 1181//2258 1182//2258 1199//2258
f 1181//2259 1199//2259 1180//2259
f 1180//2260 1199//2260 1200//2260
f 1180//2261 1200//2261 1179//2261
f 1178//2262 1179//2262 1201//2262
f 1178//2263 1201//2263 1202//2263
f 1203//2264 1204//2264 1205//2264
f 1203//2265 1205//2265 1206//2265
f 1207//2266 1208//2266 1209//2266
f 1207//2267 1209//2267 1204//2267
f 1177//2268 1178//2268 1202//2268
f 1177//2269 1202//2269 1176//2269
f 1210//2270 1211//2270 1212//2270
f 1210//2271 1212//2271 1213//2271
f 1214//2272 1213//2272 1215//2272
f 1214//2273 1215//2273 1216//2273
f 1171//2274 1172//2274 1217//2274
f 1171//2275 1217//2275 1218//2275
f 1219//2276 1214//2276 1216//2276
f 1219//2277 1216//2277 1220//2277
f 1221//2278 1222//2278 1223//2278
f 1221//2279 1223//2279 1224//2279
f 1165//2280 1225//2280 1219//2280
f 1165//2281 1219//2281 1226//2281
f 1227//2282 1228//2282 1229//2282
f 1227//2283 1229//2283 1230//2283
f 1162//2284 1163//2284 1231//2284
f 1162//2285 1231//2285 1161//2285
f 1159//2286 1160//2286 1228//2286
f 1159//2287 1228//2287 1227//2287
f 1232//2288 1233//2288 1234//2288
f 1232//2289 1234//2289 1235//2289
f 1235//2290 1234//2290 1236//2290
f 1235//2291 1236//2291 1237//2291
f 1238//2292 1237//2292 1239//2292
f 1238//2293 1239//2293 1240//2293
f 1158//2294 1159//2294 1227//2294
f 1158//2295 1227//2295 1233//2295
f 1241//2296 1235//2296 1237//2296
f 1241//2297 1237//2297 1238//2297
f 1242//2298 1238//2298 1240//2298
f 1242//2299 1240//2299 1243//2299
f 1244//2300 1243//2300 1245//2300
f 1244//2301 1245//2301 1246//2301
f 1157//2302 1158//2302 1233//2302
f 1157//2303 1233//2303 1232//2303
f 1155//2304 1232//2304 1235//2304
f 1155//2305 1235//2305 1241//2305
f 1247//2306 1248//2306 1249//2306
f 1247//2307 1249//2307 1250//2307
f 1156//2308 1157//2308 1232//2308
f 1156//2309 1232//2309 1155//2309
f 1251//2310 1244//2310 1246//2310
f 1251//2311 1246//2311 1252//2311
f 1252//2312 1246//2312 1248//2312
f 1252//2313 1248//2313 1247//2313
f 1154//2314 1155//2314 1241//2314
f 1154//2315 1241//2315 1253//2315
f 1152//2316 1253//2316 1242//2316
f 1152//2317 1242//2317 1254//2317
f 1148//2318 1149//2318 1252//2318
f 1148//2319 1252//2319 1255//2319
f 1256//2320 1257//2320 1258//2320
f 1256//2321 1258//2321 1259//2321
f 1145//2322 1146//2322 1257//2322
f 1145//2323 1257//2323 1256//2323
f 1260//2324 1261//2324 1262//2324
f 1260//2325 1262//2325 1263//2325
f 1142//2326 1143//2326 1264//2326
f 1142//2327 1264//2327 1261//2327
f 1265//2328 1266//2328 1267//2328
f 1265//2329 1267//2329 1268//2329
f 1269//2330 1268//2330 1270//2330
f 1269//2331 1270//2331 1271//2331
f 1265//2332 1268//2332 1269//2332
f 1272//2333 1273//2333 1274//2333
f 1272//2334 1274//2334 1275//2334
f 1140//2335 1141//2335 1260//2335
f 1140//2336 1260//2336 1139//2336
f 1139//2337 1260//2337 1266//2337
f 1139//2338 1266//2338 1138//2338
f 1276//2339 1277//2339 1273//2339
f 1276//2340 1273//2340 1272//2340
f 1278//2341 1275//2341 1279//2341
f 1278//2342 1279//2342 1280//2342
f 1134//2343 1135//2343 1277//2343
f 1134//2344 1277//2344 1276//2344
f 1281//2345 1280//2345 1282//2345
f 1281//2346 1282//2346 1283//2346
f 1131//2347 1132//2347 1284//2347
f 1131//2348 1284//2348 1278//2348
f 1285//2349 1286//2349 1287//2349
f 1285//2350 1287//2350 1288//2350
f 1129//2351 1130//2351 1289//2351
f 1129//2352 1289//2352 1290//2352
f 1291//2353 1288//2353 1292//2353
f 1291//2354 1292//2354 1293//2354
f 1294//2355 1295//2355 1296//2355
f 1294//2356 1296//2356 1297//2356
f 1297//2357 1296//2357 1298//2357
f 1297//2358 1298//2358 1299//2358
f 1121//2359 1122//2359 1300//2359
f 1121//2360 1300//2360 1301//2360
f 1118//2361 1302//2361 1294//2361
f 1118//2362 1294//2362 1297//2362
f 1303//2363 1304//2363 1305//2363
f 1303//2364 1305//2364 1306//2364
f 1198//2365 1117//2365 1307//2365
f 1198//2366 1307//2366 1308//2366
f 1309//2367 1308//2367 1310//2367
f 1309//2368 1310//2368 1311//2368
f 1312//2369 1311//2369 1304//2369
f 1312//2370 1304//2370 1303//2370
f 1197//2371 1198//2371 1308//2371
f 1197//2372 1308//2372 1309//2372
f 1313//2373 1306//2373 1314//2373
f 1313//2374 1314//2374 1315//2374
f 1316//2375 1312//2375 1303//2375
f 1195//2376 1309//2376 1311//2376
f 1195//2377 1311//2377 1312//2377
f 1317//2378 1313//2378 1315//2378
f 1317//2379 1315//2379 1318//2379
f 1192//2380 1316//2380 1313//2380
f 1319//2381 1320//2381 1321//2381
f 1189//2382 1190//2382 1319//2382
f 1322//2383 1323//2383 1324//2383
f 1322//2384 1324//2384 1325//2384
f 1186//2385 1187//2385 1323//2385
f 1186//2386 1323//2386 1322//2386
f 1326//2387 1327//2387 1328//2387
f 1326//2388 1328//2388 1329//2388
f 1183//2389 1184//2389 1327//2389
f 1183//2390 1327//2390 1326//2390
f 1199//2391 1326//2391 1329//2391
f 1199//2392 1329//2392 1200//2392
f 1330//2393 1200//2393 1331//2393
f 1330//2394 1331//2394 1201//2394
f 1202//2395 1201//2395 1332//2395
f 1202//2396 1332//2396 1333//2396
f 1334//2397 1202//2397 1333//2397
f 1334//2398 1333//2398 1335//2398
f 1208//2399 1335//2399 1336//2399
f 1208//2400 1336//2400 1209//2400
f 1337//2401 1212//2401 1211//2401
f 1337//2402 1211//2402 1206//2402
f 1204//2403 1203//2403 1207//2403
f 1334//2404 1176//2404 1202//2404
f 1175//2405 1176//2405 1334//2405
f 1175//2406 1334//2406 1174//2406
f 1174//2407 1334//2407 1208//2407
f 1174//2408 1208//2408 1207//2408
f 1213//2409 1212//2409 1338//2409
f 1213//2410 1338//2410 1215//2410
f 1206//2411 1211//2411 1218//2411
f 1206//2412 1218//2412 1203//2412
f 1203//2413 1218//2413 1217//2413
f 1203//2414 1217//2414 1207//2414
f 1207//2415 1173//2415 1174//2415
f 1172//2416 1173//2416 1207//2416
f 1172//2417 1207//2417 1217//2417
f 1210//2418 1218//2418 1211//2418
f 1220//2419 1216//2419 1339//2419
f 1220//2420 1339//2420 1222//2420
f 1168//2421 1210//2421 1213//2421
f 1225//2422 1213//2422 1214//2422
f 1225//2423 1214//2423 1219//2423
f 1170//2424 1171//2424 1218//2424
f 1170//2425 1218//2425 1169//2425
f 1169//2426 1218//2426 1210//2426
f 1169//2427 1210//2427 1168//2427
f 1167//2428 1168//2428 1213//2428
f 1167//2429 1213//2429 1225//2429
f 1340//2430 1221//2430 1224//2430
f 1340//2431 1224//2431 1341//2431
f 1341//2432 1342//2432 1343//2432
f 1341//2433 1343//2433 1340//2433
f 1222//2434 1221//2434 1344//2434
f 1222//2435 1344//2435 1220//2435
f 1220//2436 1344//2436 1226//2436
f 1220//2437 1226//2437 1219//2437
f 1231//2438 1344//2438 1221//2438
f 1231//2439 1221//2439 1340//2439
f 1228//2440 1343//2440 1342//2440
f 1228//2441 1342//2441 1229//2441
f 1225//2442 1165//2442 1166//2442
f 1225//2443 1166//2443 1167//2443
f 1164//2444 1165//2444 1226//2444
f 1164//2445 1226//2445 1163//2445
f 1163//2446 1226//2446 1344//2446
f 1163//2447 1344//2447 1231//2447
f 1161//2448 1231//2448 1340//2448
f 1161//2449 1340//2449 1343//2449
f 1230//2450 1234//2450 1233//2450
f 1230//2451 1233//2451 1227//2451
f 1343//2452 1228//2452 1160//2452
f 1343//2453 1160//2453 1161//2453
f 1243//2454 1244//2454 1254//2454
f 1243//2455 1254//2455 1242//2455
f 1238//2456 1242//2456 1253//2456
f 1238//2457 1253//2457 1241//2457
f 1244//2458 1251//2458 1345//2458
f 1244//2459 1345//2459 1254//2459
f 1153//2460 1154//2460 1253//2460
f 1153//2461 1253//2461 1152//2461
f 1257//2462 1247//2462 1250//2462
f 1257//2463 1250//2463 1346//2463
f 1346//2464 1258//2464 1257//2464
f 1247//2465 1257//2465 1255//2465
f 1247//2466 1255//2466 1252//2466
f 1251//2467 1252//2467 1149//2467
f 1251//2468 1149//2468 1345//2468
f 1254//2469 1345//2469 1151//2469
f 1254//2470 1151//2470 1152//2470
f 1150//2471 1151//2471 1345//2471
f 1150//2472 1345//2472 1149//2472
f 1256//2473 1259//2473 1347//2473
f 1348//2474 1262//2474 1261//2474
f 1348//2475 1261//2475 1347//2475
f 1347//2476 1261//2476 1264//2476
f 1347//2477 1264//2477 1256//2477
f 1257//2478 1146//2478 1255//2478
f 1147//2479 1148//2479 1255//2479
f 1147//2480 1255//2480 1146//2480
f 1144//2481 1145//2481 1256//2481
f 1268//2482 1267//2482 1349//2482
f 1268//2483 1349//2483 1270//2483
f 1263//2484 1267//2484 1266//2484
f 1263//2485 1266//2485 1260//2485
f 1256//2486 1264//2486 1143//2486
f 1256//2487 1143//2487 1144//2487
f 1261//2488 1260//2488 1141//2488
f 1261//2489 1141//2489 1142//2489
f 1350//2490 1273//2490 1277//2490
f 1350//2491 1277//2491 1271//2491
f 1271//2492 1277//2492 1269//2492
f 1269//2493 1277//2493 1351//2493
f 1269//2494 1351//2494 1265//2494
f 1265//2495 1138//2495 1266//2495
f 1275//2496 1278//2496 1284//2496
f 1275//2497 1284//2497 1272//2497
f 1277//2498 1135//2498 1351//2498
f 1265//2499 1351//2499 1137//2499
f 1265//2500 1137//2500 1138//2500
f 1136//2501 1137//2501 1351//2501
f 1136//2502 1351//2502 1135//2502
f 1289//2503 1278//2503 1280//2503
f 1289//2504 1280//2504 1281//2504
f 1352//2505 1281//2505 1283//2505
f 1352//2506 1283//2506 1353//2506
f 1272//2507 1284//2507 1132//2507
f 1272//2508 1132//2508 1276//2508
f 1276//2509 1132//2509 1133//2509
f 1276//2510 1133//2510 1134//2510
f 1130//2511 1131//2511 1278//2511
f 1130//2512 1278//2512 1289//2512
f 1290//2513 1289//2513 1281//2513
f 1290//2514 1281//2514 1352//2514
f 1354//2515 1352//2515 1353//2515
f 1354//2516 1353//2516 1286//2516
f 1286//2517 1285//2517 1355//2517
f 1286//2518 1355//2518 1354//2518
f 1356//2519 1285//2519 1288//2519
f 1356//2520 1288//2520 1291//2520
f 1301//2521 1293//2521 1357//2521
f 1301//2522 1357//2522 1295//2522
f 1126//2523 1352//2523 1354//2523
f 1126//2524 1354//2524 1355//2524
f 1356//2525 1355//2525 1285//2525
f 1293//2526 1301//2526 1300//2526
f 1293//2527 1300//2527 1291//2527
f 1352//2528 1126//2528 1127//2528
f 1352//2529 1127//2529 1290//2529
f 1290//2530 1127//2530 1128//2530
f 1290//2531 1128//2531 1129//2531
f 1125//2532 1126//2532 1355//2532
f 1125//2533 1355//2533 1356//2533
f 1123//2534 1356//2534 1291//2534
f 1302//2535 1301//2535 1295//2535
f 1302//2536 1295//2536 1294//2536
f 1291//2537 1300//2537 1122//2537
f 1291//2538 1122//2538 1123//2538
f 1356//2539 1123//2539 1124//2539
f 1356//2540 1124//2540 1125//2540
f 1120//2541 1121//2541 1301//2541
f 1120//2542 1301//2542 1302//2542
f 1307//2543 1297//2543 1299//2543
f 1307//2544 1299//2544 1308//2544
f 1308//2545 1299//2545 1358//2545
f 1308//2546 1358//2546 1310//2546
f 1310//2547 1358//2547 1359//2547
f 1310//2548 1359//2548 1360//2548
f 1360//2549 1304//2549 1311//2549
f 1360//2550 1311//2550 1310//2550
f 1297//2551 1307//2551 1117//2551
f 1297//2552 1117//2552 1118//2552
f 1302//2553 1118//2553 1119//2553
f 1302//2554 1119//2554 1120//2554
f 1306//2555 1313//2555 1316//2555
f 1306//2556 1316//2556 1303//2556
f 1318//2557 1320//2557 1319//2557
f 1318//2558 1319//2558 1317//2558
f 1312//2559 1316//2559 1194//2559
f 1312//2560 1194//2560 1195//2560
f 1309//2561 1195//2561 1196//2561
f 1309//2562 1196//2562 1197//2562
f 1193//2563 1194//2563 1316//2563
f 1193//2564 1316//2564 1192//2564
f 1191//2565 1192//2565 1313//2565
f 1191//2566 1313//2566 1317//2566
f 1323//2567 1319//2567 1321//2567
f 1323//2568 1321//2568 1361//2568
f 1361//2569 1324//2569 1323//2569
f 1317//2570 1319//2570 1190//2570
f 1317//2571 1190//2571 1191//2571
f 1188//2572 1189//2572 1319//2572
f 1188//2573 1319//2573 1323//2573
f 1327//2574 1322//2574 1325//2574
f 1327//2575 1325//2575 1362//2575
f 1363//2576 1364//2576 1329//2576
f 1363//2577 1329//2577 1328//2577
f 1362//2578 1328//2578 1327//2578
f 1323//2579 1187//2579 1188//2579
f 1185//2580 1186//2580 1322//2580
f 1185//2581 1322//2581 1327//2581
f 1201//2582 1331//2582 1365//2582
f 1201//2583 1365//2583 1332//2583
f 1364//2584 1331//2584 1200//2584
f 1364//2585 1200//2585 1329//2585
f 1327//2586 1184//2586 1185//2586
f 1326//2587 1199//2587 1182//2587
f 1326//2588 1182//2588 1183//2588
f 1179//2589 1200//2589 1330//2589
f 1179//2590 1330//2590 1201//2590
f 1334//2591 1335//2591 1208//2591
f 1325//2592 1366//2592 1362//2592
f 1362//2593 1366//2593 1367//2593
f 1362//2594 1367//2594 1328//2594
f 1328//2595 1367//2595 1368//2595
f 1328//2596 1368//2596 1363//2596
f 1363//2597 1368//2597 1369//2597
f 1370//2598 1336//2598 1335//2598
f 1363//2599 1369//2599 1364//2599
f 1364//2600 1369//2600 1371//2600
f 1364//2601 1371//2601 1331//2601
f 1331//2602 1371//2602 1372//2602
f 1331//2603 1372//2603 1365//2603
f 1365//2604 1372//2604 1373//2604
f 1365//2605 1373//2605 1332//2605
f 1332//2606 1373//2606 1374//2606
f 1332//2607 1374//2607 1333//2607
f 1333//2608 1374//2608 1375//2608
f 1333//2609 1375//2609 1335//2609
f 1335//2610 1375//2610 1376//2610
f 1335//2611 1376//2611 1370//2611
f 1377//2612 1283//2612 1282//2612
f 1377//2613 1282//2613 1378//2613
f 1378//2614 1282//2614 1280//2614
f 1378//2615 1280//2615 1379//2615
f 1379//2616 1280//2616 1279//2616
f 1380//2617 1279//2617 1275//2617
f 1380//2618 1275//2618 1381//2618
f 1381//2619 1275//2619 1274//2619
f 1381//2620 1274//2620 1382//2620
f 1382//2621 1274//2621 1273//2621
f 1383//2622 1273//2622 1350//2622
f 1383//2623 1350//2623 1384//2623
f 1384//2624 1350//2624 1271//2624
f 1384//2625 1271//2625 1385//2625
f 1385//2626 1271//2626 1270//2626
f 1385//2627 1270//2627 1386//2627
f 1386//2628 1270//2628 1349//2628
f 1387//2629 1349//2629 1267//2629
f 1387//2630 1267//2630 1388//2630
f 1388//2631 1267//2631 1263//2631
f 1388//2632 1263//2632 1389//2632
f 1389//2633 1263//2633 1262//2633
f 1390//2634 1262//2634 1348//2634
f 1390//2635 1348//2635 1391//2635
f 1391//2636 1348//2636 1347//2636
f 1391//2637 1347//2637 1392//2637
f 1392//2638 1347//2638 1259//2638
f 1392//2639 1259//2639 1393//2639
f 1393//2640 1259//2640 1258//2640
f 1393//2641 1258//2641 1394//2641
f 1394//2642 1258//2642 1346//2642
f 1394//2643 1346//2643 1395//2643
f 1395//2644 1346//2644 1250//2644
f 1395//2645 1250//2645 1396//2645
f 1396//2646 1250//2646 1249//2646
f 1396//2647 1249//2647 1397//2647
f 1397//2648 1249//2648 1248//2648
f 1397//2649 1248//2649 1398//2649
f 1398//2650 1248//2650 1246//2650
f 1398//2651 1246//2651 1399//2651
f 1399//2652 1246//2652 1245//2652
f 1400//2653 1245//2653 1243//2653
f 1400//2654 1243//2654 1401//2654
f 1401//2655 1243//2655 1240//2655
f 1401//2656 1240//2656 1402//2656
f 1402//2657 1240//2657 1239//2657
f 1402//2658 1239//2658 1403//2658
f 1403//2659 1239//2659 1237//2659
f 1403//2660 1237//2660 1404//2660
f 1404//2661 1237//2661 1236//2661
f 1404//2662 1236//2662 1405//2662
f 1405//2663 1236//2663 1234//2663
f 1405//2664 1234//2664 1406//2664
f 1406//2665 1234//2665 1230//2665
f 1406//2666 1230//2666 1407//2666
f 1407//2667 1230//2667 1229//2667
f 1407//2668 1229//2668 1408//2668
f 1408//2669 1229//2669 1342//2669
f 1408//2670 1342//2670 1409//2670
f 1409//2671 1342//2671 1341//2671
f 1409//2672 1341//2672 1410//2672
f 1410//2673 1341//2673 1224//2673
f 1410//2674 1224//2674 1411//2674
f 1411//2675 1224//2675 1223//2675
f 1411//2676 1223//2676 1412//2676
f 1412//2677 1223//2677 1222//2677
f 1412//2678 1222//2678 1413//2678
f 1413//2679 1222//2679 1339//2679
f 1413//2680 1339//2680 1414//2680
f 1414//2681 1339//2681 1216//2681
f 1414//2682 1216//2682 1415//2682
f 1415//2683 1216//2683 1215//2683
f 1415//2684 1215//2684 1416//2684
f 1416//2685 1215//2685 1338//2685
f 1416//2686 1338//2686 1417//2686
f 1417//2687 1338//2687 1212//2687
f 1417//2688 1212//2688 1418//2688
f 1418//2689 1212//2689 1337//2689
f 1418//2690 1337//2690 1419//2690
f 1419//2691 1337//2691 1206//2691
f 1419//2692 1206//2692 1420//2692
f 1420//2693 1206//2693 1205//2693
f 1420//2694 1205//2694 1421//2694
f 1421//2695 1205//2695 1204//2695
f 1421//2696 1204//2696 1422//2696
f 1422//2697 1204//2697 1209//2697
f 1422//2698 1209//2698 1370//2698
f 1370//2699 1209//2699 1336//2699
f 1283//2700 1377//2700 1353//2700
f 1353//2701 1377//2701 1423//2701
f 1353//2702 1423//2702 1424//2702
f 1353//2703 1424//2703 1286//2703
f 1286//2704 1424//2704 1287//2704
f 1287//2705 1424//2705 1425//2705
f 1287//2706 1425//2706 1288//2706
f 1288//2707 1425//2707 1426//2707
f 1288//2708 1426//2708 1292//2708
f 1292//2709 1426//2709 1427//2709
f 1292//2710 1427//2710 1428//2710
f 1292//2711 1428//2711 1293//2711
f 1293//2712 1428//2712 1357//2712
f 1357//2713 1428//2713 1429//2713
f 1357//2714 1429//2714 1295//2714
f 1295//2715 1429//2715 1430//2715
f 1295//2716 1430//2716 1431//2716
f 1295//2717 1431//2717 1296//2717
f 1296//2718 1431//2718 1298//2718
f 1298//2719 1431//2719 1432//2719
f 1298//2720 1432//2720 1299//2720
f 1299//2721 1432//2721 1433//2721
f 1299//2722 1433//2722 1358//2722
f 1358//2723 1433//2723 1434//2723
f 1358//2724 1434//2724 1435//2724
f 1358//2725 1435//2725 1359//2725
f 1359//2726 1435//2726 1360//2726
f 1360//2727 1435//2727 1436//2727
f 1360//2728 1436//2728 1304//2728
f 1304//2729 1436//2729 1437//2729
f 1304//2730 1437//2730 1305//2730
f 1305//2731 1437//2731 1438//2731
f 1305//2732 1438//2732 1306//2732
f 1306//2733 1438//2733 1439//2733
f 1306//2734 1439//2734 1314//2734
f 1314//2735 1439//2735 1440//2735
f 1314//2736 1440//2736 1315//2736
f 1315//2737 1440//2737 1441//2737
f 1315//2738 1441//2738 1318//2738
f 1318//2739 1441//2739 1442//2739
f 1318//2740 1442//2740 1320//2740
f 1320//2741 1442//2741 1443//2741
f 1320//2742 1443//2742 1321//2742
f 1321//2743 1443//2743 1444//2743
f 1321//2744 1444//2744 1445//2744
f 1321//2745 1445//2745 1361//2745
f 1361//2746 1445//2746 1324//2746
f 1324//2747 1445//2747 1446//2747
f 1324//2748 1446//2748 1325//2748
f 1325//2749 1446//2749 1366//2749
f 1245//2750 1400//2750 1399//2750
f 1262//2751 1390//2751 1389//2751
f 1349//2752 1387//2752 1386//2752
f 1273//2753 1383//2753 1382//2753
f 1279//2754 1380//2754 1379//2754
f 1447//2755 1415//2755 1448//2755
f 1448//2756 1415//2756 1416//2756
f 1448//2757 1416//2757 1449//2757
f 1450//2758 1408//2758 1451//2758
f 1451//2759 1408//2759 1409//2759
f 1451//2760 1409//2760 1452//2760
f 1409//2761 1410//2761 1452//2761
f 1452//2762 1410//2762 1411//2762
f 1452//2763 1411//2763 1453//2763
f 1453//2764 1411//2764 1412//2764
f 1453//2765 1412//2765 1454//2765
f 1454//2766 1412//2766 1413//2766
f 1454//2767 1413//2767 1447//2767
f 1447//2768 1413//2768 1414//2768
f 1447//2769 1414//2769 1415//2769
f 1416//2770 1417//2770 1449//2770
f 1449//2771 1417//2771 1418//2771
f 1449//2772 1418//2772 1455//2772
f 1455//2773 1418//2773 1419//2773
f 1455//2774 1419//2774 1456//2774
f 1456//2775 1419//2775 1420//2775
f 1456//2776 1420//2776 1457//2776
f 1458//2777 1434//2777 1459//2777
f 1459//2778 1434//2778 1433//2778
f 1459//2779 1433//2779 1460//2779
f 1460//2780 1433//2780 1432//2780
f 1460//2781 1432//2781 1461//2781
f 1462//2782 1380//2782 1463//2782
f 1463//2783 1380//2783 1381//2783
f 1463//2784 1381//2784 1464//2784
f 1381//2785 1382//2785 1464//2785
f 1464//2786 1382//2786 1383//2786
f 1464//2787 1383//2787 1465//2787
f 1465//2788 1383//2788 1384//2788
f 1465//2789 1384//2789 1466//2789
f 1466//2790 1384//2790 1385//2790
f 1466//2791 1385//2791 1467//2791
f 1468//2792 1394//2792 1469//2792
f 1469//2793 1394//2793 1395//2793
f 1469//2794 1395//2794 1470//2794
f 1471//2795 1401//2795 1472//2795
f 1472//2796 1401//2796 1402//2796
f 1472//2797 1402//2797 1473//2797
f 1432//2798 1431//2798 1461//2798
f 1461//2799 1431//2799 1430//2799
f 1461//2800 1430//2800 1474//2800
f 1474//2801 1430//2801 1429//2801
f 1474//2802 1429//2802 1475//2802
f 1475//2803 1429//2803 1428//2803
f 1475//2804 1428//2804 1476//2804
f 1385//2805 1386//2805 1467//2805
f 1467//2806 1386//2806 1387//2806
f 1467//2807 1387//2807 1477//2807
f 1477//2808 1387//2808 1388//2808
f 1477//2809 1388//2809 1478//2809
f 1388//2810 1389//2810 1478//2810
f 1478//2811 1389//2811 1390//2811
f 1478//2812 1390//2812 1479//2812
f 1479//2813 1390//2813 1391//2813
f 1479//2814 1391//2814 1480//2814
f 1480//2815 1391//2815 1392//2815
f 1480//2816 1392//2816 1468//2816
f 1468//2817 1392//2817 1393//2817
f 1468//2818 1393//2818 1394//2818
f 1395//2819 1396//2819 1470//2819
f 1470//2820 1396//2820 1397//2820
f 1470//2821 1397//2821 1481//2821
f 1481//2822 1397//2822 1398//2822
f 1481//2823 1398//2823 1482//2823
f 1482//2824 1398//2824 1399//2824
f 1482//2825 1399//2825 1471//2825
f 1471//2826 1399//2826 1400//2826
f 1471//2827 1400//2827 1401//2827
f 1402//2828 1403//2828 1473//2828
f 1473//2829 1403//2829 1404//2829
f 1473//2830 1404//2830 1483//2830
f 1483//2831 1404//2831 1405//2831
f 1483//2832 1405//2832 1484//2832
f 1484//2833 1405//2833 1406//2833
f 1484//2834 1406//2834 1450//2834
f 1450//2835 1406//2835 1407//2835
f 1450//2836 1407//2836 1408//2836
f 1428//2837 1427//2837 1476//2837
f 1476//2838 1427//2838 1426//2838
f 1476//2839 1426//2839 1485//2839
f 1485//2840 1426//2840 1425//2840
f 1485//2841 1425//2841 1486//2841
f 1425//2842 1424//2842 1486//2842
f 1486//2843 1424//2843 1423//2843
f 1486//2844 1423//2844 1487//2844
f 1487//2845 1423//2845 1377//2845
f 1487//2846 1377//2846 1488//2846
f 1488//2847 1377//2847 1378//2847
f 1488//2848 1378//2848 1462//2848
f 1462//2849 1378//2849 1379//2849
f 1462//2850 1379//2850 1380//2850
f 1420//2851 1421//2851 1457//2851
f 1457//2852 1421//2852 1422//2852
f 1457//2853 1422//2853 1489//2853
f 1489//2854 1422//2854 1370//2854
f 1489//2855 1370//2855 1490//2855
f 1491//2856 1371//2856 1492//2856
f 1492//2857 1371//2857 1369//2857
f 1492//2858 1369//2858 1493//2858
f 1494//2859 1441//2859 1495//2859
f 1495//2860 1441//2860 1440//2860
f 1495//2861 1440//2861 1496//2861
f 1496//2862 1440//2862 1439//2862
f 1496//2863 1439//2863 1497//2863
f 1439//2864 1438//2864 1497//2864
f 1497//2865 1438//2865 1437//2865
f 1497//2866 1437//2866 1498//2866
f 1498//2867 1437//2867 1436//2867
f 1498//2868 1436//2868 1458//2868
f 1458//2869 1436//2869 1435//2869
f 1458//2870 1435//2870 1434//2870
f 1370//2871 1376//2871 1490//2871
f 1490//2872 1376//2872 1375//2872
f 1490//2873 1375//2873 1499//2873
f 1499//2874 1375//2874 1374//2874
f 1499//2875 1374//2875 1500//2875
f 1500//2876 1374//2876 1373//2876
f 1500//2877 1373//2877 1491//2877
f 1491//2878 1373//2878 1372//2878
f 1491//2879 1372//2879 1371//2879
f 1501//2880 1444//2880 1502//2880
f 1502//2881 1444//2881 1443//2881
f 1502//2882 1443//2882 1494//2882
f 1494//2883 1443//2883 1442//2883
f 1494//2884 1442//2884 1441//2884
f 1369//2885 1368//2885 1493//2885
f 1493//2886 1368//2886 1367//2886
f 1493//2887 1367//2887 1503//2887
f 1503//2888 1367//2888 1366//2888
f 1503//2889 1366//2889 1504//2889
f 1366//2890 1446//2890 1504//2890
f 1504//2891 1446//2891 1501//2891
f 1501//2892 1446//2892 1445//2892
f 1501//2893 1445//2893 1444//2893
f 1505//2894 1506//2894 1478//2894
f 1478//2895 1506//2895 1507//2895
f 1478//2896 1507//2896 1477//2896
f 1477//2897 1507//2897 1508//2897
f 1477//2898 1508//2898 1467//2898
f 1467//2899 1508//2899 1509//2899
f 1467//2900 1509//2900 1466//2900
f 1466//2901 1509//2901 1510//2901
f 1466//2902 1510//2902 1465//2902
f 1465//2903 1510//2903 1511//2903
f 1465//2904 1511//2904 1464//2904
f 1464//2905 1511//2905 1512//2905
f 1464//2906 1512//2906 1463//2906
f 1463//2907 1512//2907 1513//2907
f 1463//2908 1513//2908 1462//2908
f 1462//2909 1513//2909 1514//2909
f 1462//2910 1514//2910 1488//2910
f 1488//2911 1514//2911 1515//2911
f 1488//2912 1515//2912 1487//2912
f 1487//2913 1515//2913 1516//2913
f 1487//2914 1516//2914 1486//2914
f 1486//2915 1516//2915 1517//2915
f 1486//2915 1517//2915 1485//2915
f 1485//2916 1517//2916 1518//2916
f 1485//2916 1518//2916 1476//2916
f 1476//2917 1518//2917 1519//2917
f 1476//2917 1519//2917 1475//2917
f 1475//2918 1519//2918 1520//2918
f 1475//2919 1520//2919 1474//2919
f 1474//2920 1520//2920 1521//2920
f 1474//2921 1521//2921 1461//2921
f 1461//2922 1521//2922 1522//2922
f 1461//2923 1522//2923 1460//2923
f 1460//2924 1522//2924 1523//2924
f 1460//2925 1523//2925 1459//2925
f 1459//2926 1523//2926 1524//2926
f 1459//2927 1524//2927 1458//2927
f 1458//2928 1524//2928 1525//2928
f 1458//2929 1525//2929 1498//2929
f 1498//2930 1525//2930 1526//2930
f 1498//2931 1526//2931 1497//2931
f 1497//2932 1526//2932 1527//2932
f 1497//2933 1527//2933 1496//2933
f 1496//2934 1527//2934 1528//2934
f 1496//2935 1528//2935 1495//2935
f 1495//2936 1528//2936 1529//2936
f 1495//2937 1529//2937 1494//2937
f 1494//2938 1529//2938 1530//2938
f 1494//2938 1530//2938 1502//2938
f 1502//2939 1530//2939 1531//2939
f 1502//2940 1531//2940 1501//2940
f 1501//2941 1531//2941 1532//2941
f 1501//2941 1532//2941 1504//2941
f 1504//2942 1532//2942 1533//2942
f 1504//2942 1533//2942 1503//2942
f 1503//2943 1533//2943 1534//2943
f 1503//2944 1534//2944 1493//2944
f 1493//2945 1534//2945 1535//2945
f 1493//2945 1535//2945 1492//2945
f 1492//2946 1535//2946 1536//2946
f 1492//2947 1536//2947 1491//2947
f 1491//2948 1536//2948 1537//2948
f 1491//2949 1537//2949 1500//2949
f 1500//2950 1537//2950 1538//2950
f 1500//2951 1538//2951 1499//2951
f 1499//2952 1538//2952 1539//2952
f 1499//2953 1539//2953 1490//2953
f 1490//2954 1539//2954 1540//2954
f 1490//2955 1540//2955 1489//2955
f 1489//2956 1540//2956 1541//2956
f 1489//2957 1541//2957 1457//2957
f 1457//2958 1541//2958 1542//2958
f 1457//2958 1542//2958 1456//2958
f 1456//2959 1542//2959 1543//2959
f 1456//2960 1543//2960 1455//2960
f 1455//2961 1543//2961 1544//2961
f 1455//2962 1544//2962 1449//2962
f 1449//2963 1544//2963 1545//2963
f 1449//2964 1545//2964 1448//2964
f 1448//2965 1545//2965 1546//2965
f 1448//2965 1546//2965 1447//2965
f 1447//2966 1546//2966 1547//2966
f 1447//2966 1547//2966 1454//2966
f 1454//2967 1547//2967 1548//2967
f 1454//2967 1548//2967 1453//2967
f 1453//2968 1548//2968 1549//2968
f 1453//2969 1549//2969 1452//2969
f 1452//2970 1549//2970 1550//2970
f 1452//2971 1550//2971 1451//2971
f 1451//2972 1550//2972 1551//2972
f 1451//2973 1551//2973 1450//2973
f 1450//2974 1551//2974 1552//2974
f 1450//2974 1552//2974 1484//2974
f 1484//2975 1552//2975 1553//2975
f 1484//2976 1553//2976 1483//2976
f 1483//2977 1553//2977 1554//2977
f 1483//2978 1554//2978 1473//2978
f 1473//2979 1554//2979 1555//2979
f 1473//2980 1555//2980 1472//2980
f 1472//2981 1555//2981 1556//2981
f 1472//2982 1556//2982 1471//2982
f 1471//2983 1556//2983 1557//2983
f 1471//2984 1557//2984 1482//2984
f 1482//2985 1557//2985 1558//2985
f 1482//2986 1558//2986 1481//2986
f 1481//2987 1558//2987 1559//2987
f 1481//2988 1559//2988 1470//2988
f 1470//2989 1559//2989 1560//2989
f 1470//2990 1560//2990 1469//2990
f 1469//2991 1560//2991 1561//2991
f 1469//2992 1561//2992 1468//2992
f 1468//2993 1561//2993 1562//2993
f 1468//2994 1562//2994 1480//2994
f 1480//2995 1562//2995 1505//2995
f 1480//2996 1505//2996 1479//2996
f 1479//2997 1505//2997 1478//2997
f 1506//2998 1505//2998 1563//2998
f 1563//2999 1564//2999 1506//2999
f 1506//3000 1564//3000 1565//3000
f 1506//3001 1565//3001 1507//3001
f 1507//3002 1565//3002 1566//3002
f 1507//3003 1566//3003 1508//3003
f 1508//3004 1566//3004 1567//3004
f 1508//3005 1567//3005 1509//3005
f 1509//3006 1567//3006 1568//3006
f 1509//3007 1568//3007 1510//3007
f 1510//3008 1568//3008 1569//3008
f 1510//3009 1569//3009 1511//3009
f 1511//3010 1569//3010 1570//3010
f 1511//3011 1570//3011 1512//3011
f 1512//3012 1570//3012 1571//3012
f 1512//3013 1571//3013 1513//3013
f 1513//3014 1571//3014 1572//3014
f 1513//3015 1572//3015 1514//3015
f 1514//3016 1572//3016 1573//3016
f 1514//3017 1573//3017 1515//3017
f 1515//3018 1573//3018 1574//3018
f 1515//3019 1574//3019 1516//3019
f 1516//3020 1574//3020 1575//3020
f 1516//3021 1575//3021 1517//3021
f 1517//3022 1575//3022 1576//3022
f 1517//3023 1576//3023 1518//3023
f 1518//3024 1576//3024 1577//3024
f 1518//3025 1577//3025 1519//3025
f 1519//3026 1577//3026 1578//3026
f 1519//3027 1578//3027 1520//3027
f 1520//3028 1578//3028 1579//3028
f 1520//3029 1579//3029 1521//3029
f 1521//3030 1579//3030 1580//3030
f 1521//3031 1580//3031 1522//3031
f 1522//3032 1580//3032 1581//3032
f 1522//3033 1581//3033 1523//3033
f 1523//3034 1581//3034 1582//3034
f 1523//3035 1582//3035 1524//3035
f 1524//3036 1582//3036 1583//3036
f 1524//3037 1583//3037 1525//3037
f 1525//3038 1583//3038 1584//3038
f 1525//3039 1584//3039 1526//3039
f 1526//3040 1584//3040 1585//3040
f 1526//3041 1585//3041 1527//3041
f 1527//3042 1585//3042 1586//3042
f 1527//3043 1586//3043 1528//3043
f 1528//3044 1586//3044 1587//3044
f 1528//3045 1587//3045 1529//3045
f 1529//3046 1587//3046 1588//3046
f 1529//3047 1588//3047 1530//3047
f 1530//3048 1588//3048 1589//3048
f 1530//3049 1589//3049 1531//3049
f 1531//3050 1589//3050 1590//3050
f 1531//3051 1590//3051 1532//3051
f 1532//3052 1590//3052 1591//3052
f 1532//3053 1591//3053 1533//3053
f 1533//3054 1591//3054 1592//3054
f 1533//3055 1592//3055 1534//3055
f 1534//3056 1592//3056 1593//3056
f 1534//3057 1593//3057 1535//3057
f 1535//3058 1593//3058 1594//3058
f 1535//3059 1594//3059 1536//3059
f 1536//3060 1594//3060 1595//3060
f 1536//3061 1595//3061 1537//3061
f 1537//3062 1595//3062 1596//3062
f 1537//3063 1596//3063 1538//3063
f 1538//3064 1596//3064 1597//3064
f 1538//3065 1597//3065 1539//3065
f 1539//3066 1597//3066 1598//3066
f 1539//3067 1598//3067 1540//3067
f 1540//3068 1598//3068 1599//3068
f 1540//3069 1599//3069 1541//3069
f 1541//3070 1599//3070 1600//3070
f 1541//3071 1600//3071 1542//3071
f 1542//3072 1600//3072 1601//3072
f 1542//3073 1601//3073 1543//3073
f 1543//3074 1601//3074 1602//3074
f 1543//3075 1602//3075 1544//3075
f 1544//3076 1602//3076 1603//3076
f 1544//3077 1603//3077 1545//3077
f 1545//3078 1603//3078 1604//3078
f 1545//3079 1604//3079 1546//3079
f 1546//3080 1604//3080 1605//3080
f 1546//3081 1605//3081 1547//3081
f 1547//3082 1605//3082 1606//3082
f 1547//3083 1606//3083 1548//3083
f 1548//3084 1606//3084 1607//3084
f 1548//3085 1607//3085 1549//3085
f 1549//3086 1607//3086 1608//3086
f 1549//3087 1608//3087 1550//3087
f 1550//3088 1608//3088 1609//3088
f 1550//3089 1609//3089 1551//3089
f 1551//3090 1609//3090 1610//3090
f 1551//3091 1610//3091 1552//3091
f 1552//3092 1610//3092 1611//3092
f 1552//3093 1611//3093 1553//3093
f 1553//3094 1611//3094 1612//3094
f 1553//3095 1612//3095 1554//3095
f 1554//3096 1612//3096 1613//3096
f 1554//3097 1613//3097 1555//3097
f 1555//3098 1613//3098 1614//3098
f 1555//3099 1614//3099 1556//3099
f 1556//3100 1614//3100 1615//3100
f 1556//3101 1615//3101 1557//3101
f 1557//3102 1615//3102 1616//3102
f 1557//3103 1616//3103 1558//3103
f 1558//3104 1616//3104 1617//3104
f 1558//3105 1617//3105 1559//3105
f 1559//3106 1617//3106 1618//3106
f 1559//3107 1618//3107 1560//3107
f 1560//3108 1618//3108 1619//3108
f 1560//3109 1619//3109 1561//3109
f 1561//3110 1619//3110 1620//3110
f 1561//3111 1620//3111 1562//3111
f 1562//3112 1620//3112 1563//3112
f 1562//3113 1563//3113 1505//3113
f 1595//3114 1594//3114 1596//3114
f 1601//3115 1621//3115 1602//3115
f 1603//3116 1602//3116 1604//3116
f 1600//3117 1599//3117 1601//3117
f 1601//3118 1599//3118 1621//3118
f 1594//3119 1622//3119 1596//3119
f 1596//3120 1622//3120 1623//3120
f 1596//3121 1623//3121 1597//3121
f 1597//3122 1623//3122 1598//3122
f 1598//3123 1623//3123 1599//3123
f 1599//3124 1623//3124 1624//3124
f 1608//3125 1625//3125 1609//3125
f 1610//3126 1609//3126 1611//3126
f 1591//3127 1626//3127 1592//3127
f 1593//3128 1592//3128 1594//3128
f 1594//3129 1592//3129 1627//3129
f 1602//3130 1628//3130 1604//3130
f 1604//3131 1628//3131 1605//3131
f 1605//3132 1628//3132 1606//3132
f 1577//3133 1629//3133 1578//3133
f 1578//3134 1629//3134 1579//3134
f 1628//3135 1630//3135 1606//3135
f 1607//3136 1606//3136 1608//3136
f 1608//3137 1606//3137 1625//3137
f 1629//3138 1631//3138 1579//3138
f 1579//3139 1631//3139 1580//3139
f 1580//3140 1631//3140 1581//3140
f 1581//3141 1631//3141 1632//3141
f 1581//3142 1632//3142 1582//3142
f 1609//3143 1633//3143 1611//3143
f 1611//3144 1633//3144 1612//3144
f 1612//3145 1633//3145 1613//3145
f 1565//3146 1634//3146 1566//3146
f 1566//3147 1634//3147 1567//3147
f 1571//3148 1570//3148 1572//3148
f 1570//3149 1635//3149 1572//3149
f 1572//3150 1635//3150 1573//3150
f 1574//3151 1573//3151 1575//3151
f 1573//3152 1636//3152 1575//3152
f 1576//3153 1575//3153 1577//3153
f 1577//3154 1575//3154 1629//3154
f 1632//3155 1637//3155 1582//3155
f 1583//3156 1582//3156 1584//3156
f 1617//3157 1616//3157 1618//3157
f 1588//3158 1587//3158 1589//3158
f 1633//3159 1638//3159 1613//3159
f 1614//3160 1613//3160 1615//3160
f 1615//3161 1613//3161 1639//3161
f 1615//3162 1639//3162 1616//3162
f 1616//3163 1640//3163 1618//3163
f 1619//3164 1618//3164 1620//3164
f 1618//3165 1641//3165 1620//3165
f 1620//3166 1641//3166 1563//3166
f 1564//3167 1563//3167 1565//3167
f 1565//3168 1563//3168 1634//3168
f 1634//3169 1642//3169 1567//3169
f 1568//3170 1567//3170 1569//3170
f 1569//3171 1567//3171 1643//3171
f 1569//3172 1643//3172 1570//3172
f 1587//3173 1644//3173 1589//3173
f 1590//3174 1589//3174 1591//3174
f 1591//3175 1589//3175 1626//3175
f 1582//3176 1645//3176 1584//3176
f 1584//3177 1645//3177 1585//3177
f 1586//3178 1585//3178 1587//3178
f 1587//3179 1585//3179 1646//3179
f 1626//3180 1589//3180 1647//3180
f 1647//3181 1589//3181 1644//3181
f 1644//3182 1587//3182 1648//3182
f 1648//3183 1587//3183 1646//3183
f 1646//3184 1585//3184 1649//3184
f 1649//3185 1585//3185 1645//3185
f 1645//3186 1582//3186 1650//3186
f 1650//3187 1582//3187 1637//3187
f 1631//3188 1629//3188 1651//3188
f 1629//3189 1575//3189 1652//3189
f 1652//3190 1575//3190 1636//3190
f 1636//3191 1573//3191 1653//3191
f 1653//3192 1573//3192 1635//3192
f 1635//3193 1570//3193 1654//3193
f 1654//3194 1570//3194 1643//3194
f 1643//3195 1567//3195 1655//3195
f 1655//3196 1567//3196 1642//3196
f 1634//3197 1563//3197 1656//3197
f 1656//3198 1563//3198 1641//3198
f 1641//3199 1618//3199 1657//3199
f 1657//3200 1618//3200 1640//3200
f 1640//3201 1616//3201 1658//3201
f 1658//3202 1616//3202 1639//3202
f 1639//3203 1613//3203 1659//3203
f 1659//3204 1613//3204 1638//3204
f 1633//3205 1609//3205 1660//3205
f 1660//3206 1609//3206 1625//3206
f 1625//3207 1606//3207 1661//3207
f 1661//3208 1606//3208 1630//3208
f 1628//3209 1602//3209 1662//3209
f 1662//3210 1602//3210 1621//3210
f 1621//3211 1599//3211 1663//3211
f 1663//3212 1599//3212 1624//3212
f 1622//3213 1594//3213 1664//3213
f 1664//3214 1594//3214 1627//3214
f 1627//3215 1592//3215 1665//3215
f 1665//3216 1592//3216 1626//3216
f 1644//3217 1666//3217 1647//3217
f 1647//3218 1666//3218 1667//3218
f 1648//3219 1668//3219 1644//3219
f 1644//3220 1668//3220 1666//3220
f 1646//3221 1669//3221 1648//3221
f 1649//3222 1670//3222 1646//3222
f 1646//3223 1670//3223 1669//3223
f 1650//3224 1671//3224 1672//3224
f 1673//3225 1674//3225 1637//3225
f 1637//3226 1674//3226 1650//3226
f 1650//3227 1674//3227 1675//3227
f 1650//3228 1675//3228 1671//3228
f 1676//3229 1677//3229 1631//3229
f 1631//3230 1677//3230 1632//3230
f 1632//3231 1677//3231 1678//3231
f 1632//3232 1678//3232 1673//3232
f 1679//3233 1680//3233 1629//3233
f 1629//3234 1680//3234 1651//3234
f 1681//3235 1679//3235 1652//3235
f 1681//3236 1652//3236 1682//3236
f 1682//3237 1652//3237 1683//3237
f 1683//3238 1652//3238 1636//3238
f 1683//3239 1636//3239 1684//3239
f 1684//3240 1636//3240 1653//3240
f 1685//3241 1654//3241 1686//3241
f 1686//3242 1654//3242 1687//3242
f 1687//3243 1654//3243 1688//3243
f 1689//3244 1690//3244 1655//3244
f 1689//3245 1655//3245 1691//3245
f 1655//3246 1692//3246 1691//3246
f 1693//3247 1694//3247 1634//3247
f 1634//3248 1694//3248 1642//3248
f 1642//3249 1694//3249 1695//3249
f 1642//3250 1695//3250 1692//3250
f 1696//3251 1697//3251 1656//3251
f 1656//3252 1697//3252 1698//3252
f 1656//3253 1698//3253 1693//3253
f 1657//3254 1699//3254 1700//3254
f 1657//3255 1700//3255 1701//3255
f 1699//3256 1657//3256 1702//3256
f 1703//3257 1702//3257 1640//3257
f 1703//3258 1640//3258 1658//3258
f 1704//3259 1705//3259 1659//3259
f 1704//3260 1659//3260 1706//3260
f 1706//3261 1659//3261 1707//3261
f 1708//3262 1707//3262 1638//3262
f 1708//3263 1638//3263 1633//3263
f 1708//3264 1633//3264 1709//3264
f 1709//3265 1633//3265 1710//3265
f 1711//3266 1710//3266 1660//3266
f 1711//3267 1660//3267 1712//3267
f 1660//3268 1713//3268 1712//3268
f 1661//3269 1714//3269 1715//3269
f 1716//3270 1717//3270 1661//3270
f 1661//3271 1717//3271 1714//3271
f 1628//3272 1718//3272 1630//3272
f 1630//3273 1718//3273 1716//3273
f 1719//3274 1720//3274 1628//3274
f 1628//3275 1720//3275 1718//3275
f 1662//3276 1721//3276 1722//3276
f 1662//3277 1722//3277 1719//3277
f 1721//3278 1662//3278 1723//3278
f 1724//3279 1723//3279 1621//3279
f 1724//3280 1621//3280 1663//3280
f 1724//3281 1663//3281 1725//3281
f 1725//3282 1663//3282 1726//3282
f 1726//3283 1663//3283 1727//3283
f 1728//3284 1727//3284 1624//3284
f 1728//3285 1624//3285 1623//3285
f 1728//3286 1623//3286 1729//3286
f 1729//3287 1623//3287 1730//3287
f 1731//3288 1730//3288 1622//3288
f 1731//3289 1622//3289 1732//3289
f 1732//3290 1622//3290 1664//3290
f 1733//3291 1664//3291 1627//3291
f 1733//3292 1627//3292 1734//3292
f 1627//3293 1665//3293 1734//3293
f 1647//3294 1667//3294 1735//3294
f 1647//3295 1735//3295 1626//3295
f 1626//3296 1735//3296 1736//3296
f 1623//3297 1622//3297 1730//3297
f 1624//3298 1727//3298 1663//3298
f 1621//3299 1723//3299 1662//3299
f 1628//3300 1662//3300 1719//3300
f 1630//3301 1716//3301 1661//3301
f 1625//3302 1661//3302 1715//3302
f 1625//3303 1715//3303 1713//3303
f 1625//3304 1713//3304 1660//3304
f 1633//3305 1660//3305 1710//3305
f 1638//3306 1707//3306 1659//3306
f 1639//3307 1659//3307 1705//3307
f 1639//3308 1705//3308 1737//3308
f 1639//3309 1737//3309 1658//3309
f 1640//3310 1702//3310 1657//3310
f 1641//3311 1657//3311 1701//3311
f 1641//3312 1701//3312 1696//3312
f 1641//3313 1696//3313 1656//3313
f 1634//3314 1656//3314 1693//3314
f 1642//3315 1692//3315 1655//3315
f 1643//3316 1655//3316 1690//3316
f 1643//3317 1690//3317 1688//3317
f 1643//3318 1688//3318 1654//3318
f 1635//3319 1654//3319 1685//3319
f 1635//3320 1685//3320 1738//3320
f 1635//3321 1738//3321 1653//3321
f 1629//3322 1652//3322 1679//3322
f 1631//3323 1651//3323 1676//3323
f 1632//3324 1673//3324 1637//3324
f 1645//3325 1650//3325 1672//3325
f 1645//3326 1672//3326 1739//3326
f 1645//3327 1739//3327 1649//3327
f 1626//3328 1736//3328 1665//3328
f 1735//3329 1667//3329 1740//3329
f 1736//3330 1735//3330 1741//3330
f 1736//3331 1741//3331 1665//3331
f 1665//3332 1741//3332 1734//3332
f 1742//3333 1733//3333 1734//3333
f 1733//3334 1742//3334 1664//3334
f 1664//3335 1742//3335 1732//3335
f 1743//3336 1731//3336 1732//3336
f 1731//3337 1743//3337 1730//3337
f 1730//3338 1743//3338 1729//3338
f 1727//3339 1728//3339 1744//3339
f 1727//3340 1744//3340 1726//3340
f 1726//3341 1744//3341 1725//3341
f 1745//3342 1724//3342 1725//3342
f 1724//3343 1745//3343 1723//3343
f 1723//3344 1745//3344 1721//3344
f 1746//3345 1722//3345 1721//3345
f 1722//3346 1746//3346 1719//3346
f 1719//3347 1746//3347 1720//3347
f 1716//3348 1718//3348 1747//3348
f 1716//3349 1747//3349 1717//3349
f 1717//3350 1747//3350 1714//3350
f 1748//3351 1715//3351 1714//3351
f 1712//3352 1713//3352 1748//3352
f 1748//3353 1713//3353 1715//3353
f 1711//3354 1712//3354 1749//3354
f 1709//3355 1710//3355 1749//3355
f 1749//3356 1710//3356 1711//3356
f 1708//3357 1709//3357 1750//3357
f 1706//3358 1707//3358 1750//3358
f 1750//3359 1707//3359 1708//3359
f 1751//3360 1705//3360 1704//3360
f 1752//3361 1658//3361 1737//3361
f 1752//3362 1737//3362 1751//3362
f 1751//3363 1737//3363 1705//3363
f 1658//3364 1752//3364 1703//3364
f 1703//3365 1752//3365 1753//3365
f 1703//3366 1753//3366 1702//3366
f 1702//3367 1753//3367 1699//3367
f 1754//3368 1700//3368 1699//3368
f 1700//3369 1754//3369 1701//3369
f 1701//3370 1754//3370 1755//3370
f 1701//3371 1755//3371 1696//3371
f 1756//3372 1697//3372 1755//3372
f 1755//3373 1697//3373 1696//3373
f 1697//3374 1756//3374 1698//3374
f 1698//3375 1756//3375 1757//3375
f 1698//3376 1757//3376 1693//3376
f 1757//3377 1694//3377 1693//3377
f 1692//3378 1695//3378 1691//3378
f 1758//3379 1689//3379 1691//3379
f 1689//3380 1758//3380 1690//3380
f 1690//3381 1758//3381 1759//3381
f 1690//3382 1759//3382 1688//3382
f 1760//3383 1687//3383 1759//3383
f 1759//3384 1687//3384 1688//3384
f 1687//3385 1760//3385 1686//3385
f 1686//3386 1760//3386 1761//3386
f 1686//3387 1761//3387 1685//3387
f 1762//3388 1738//3388 1761//3388
f 1761//3389 1738//3389 1685//3389
f 1738//3390 1762//3390 1653//3390
f 1653//3391 1762//3391 1763//3391
f 1653//3392 1763//3392 1684//3392
f 1684//3393 1763//3393 1683//3393
f 1764//3394 1682//3394 1683//3394
f 1765//3395 1681//3395 1764//3395
f 1764//3396 1681//3396 1682//3396
f 1680//3397 1765//3397 1766//3397
f 1680//3398 1679//3398 1765//3398
f 1765//3399 1679//3399 1681//3399
f 1767//3400 1651//3400 1766//3400
f 1766//3401 1651//3401 1680//3401
f 1677//3402 1767//3402 1768//3402
f 1677//3403 1676//3403 1767//3403
f 1767//3404 1676//3404 1651//3404
f 1769//3405 1678//3405 1768//3405
f 1768//3406 1678//3406 1677//3406
f 1674//3407 1769//3407 1770//3407
f 1674//3408 1673//3408 1769//3408
f 1769//3409 1673//3409 1678//3409
f 1771//3410 1675//3410 1770//3410
f 1770//3411 1675//3411 1674//3411
f 1772//3412 1671//3412 1771//3412
f 1771//3413 1671//3413 1675//3413
f 1739//3414 1772//3414 1773//3414
f 1739//3415 1672//3415 1772//3415
f 1772//3416 1672//3416 1671//3416
f 1670//3417 1649//3417 1773//3417
f 1773//3418 1649//3418 1739//3418
f 1669//3419 1670//3419 1774//3419
f 1668//3420 1648//3420 1774//3420
f 1774//3421 1648//3421 1669//3421
f 1740//3422 1667//3422 1666//3422
f 1741//3423 1735//3423 1770//3423
f 1770//3424 1735//3424 1740//3424
f 1770//3425 1740//3425 1666//3425
f 1732//3426 1742//3426 1770//3426
f 1770//3427 1742//3427 1734//3427
f 1770//3428 1734//3428 1741//3428
f 1728//3429 1729//3429 1770//3429
f 1770//3430 1729//3430 1743//3430
f 1770//3431 1743//3431 1732//3431
f 1745//3432 1725//3432 1770//3432
f 1770//3433 1725//3433 1744//3433
f 1770//3434 1744//3434 1728//3434
f 1720//3435 1746//3435 1770//3435
f 1770//3436 1746//3436 1721//3436
f 1770//3437 1721//3437 1745//3437
f 1714//3438 1747//3438 1770//3438
f 1770//3439 1747//3439 1718//3439
f 1770//3440 1718//3440 1720//3440
f 1749//3441 1712//3441 1770//3441
f 1770//3442 1712//3442 1748//3442
f 1770//3443 1748//3443 1714//3443
f 1706//3444 1750//3444 1770//3444
f 1770//3445 1750//3445 1709//3445
f 1770//3446 1709//3446 1749//3446
f 1752//3447 1751//3447 1770//3447
f 1770//3448 1751//3448 1704//3448
f 1770//3449 1704//3449 1706//3449
f 1754//3450 1699//3450 1770//3450
f 1770//3451 1699//3451 1753//3451
f 1770//3452 1753//3452 1752//3452
f 1757//3453 1756//3453 1770//3453
f 1770//3454 1756//3454 1755//3454
f 1770//3455 1755//3455 1754//3455
f 1691//3456 1695//3456 1770//3456
f 1770//3457 1695//3457 1694//3457
f 1770//3458 1694//3458 1757//3458
f 1760//3447 1759//3447 1770//3447
f 1770//3447 1759//3447 1758//3447
f 1770//3459 1758//3459 1691//3459
f 1763//3460 1762//3460 1770//3460
f 1770//3461 1762//3461 1761//3461
f 1770//3447 1761//3447 1760//3447
f 1765//3447 1764//3447 1770//3447
f 1770//3462 1764//3462 1683//3462
f 1770//3463 1683//3463 1763//3463
f 1768//3447 1767//3447 1770//3447
f 1770//3464 1767//3464 1766//3464
f 1770//3465 1766//3465 1765//3465
f 1770//3447 1769//3447 1768//3447
f 1670//3466 1773//3466 1770//3466
f 1770//3467 1773//3467 1772//3467
f 1770//3447 1772//3447 1771//3447
f 1666//3468 1668//3468 1770//3468
f 1770//3469 1668//3469 1774//3469
f 1770//3470 1774//3470 1670//3470
