mtllib ../materials.mtl
v 0.02462 -0.070723 0.084932
v 0.030431 -0.068385 0.085172
v 0.024592 -0.070677 0.085188
v 0.003211 0.074781 0.085172
v -0.003128 0.07482 0.084932
v -0.003115 0.074768 0.085188
v 0.018615 -0.072535 0.084932
v 0.018545 -0.072499 0.085188
v 0.012491 -0.073844 0.084932
v 0.01242 -0.073778 0.085203
v -0.015505 0.073174 0.085216
v -0.009339 0.074268 0.085164
v -0.015542 0.073255 0.085052
v -0.009367 0.074293 0.084933
v -0.015541 0.073248 0.084933
v -0.02754 0.069599 0.085172
v -0.021611 0.071645 0.085188
v -0.021636 0.071692 0.084932
v -0.027549 0.069629 0.084933
v -0.038708 0.064064 0.085172
v -0.033228 0.067016 0.085213
v -0.033271 0.067089 0.085052
v -0.038775 0.06406 0.084933
v -0.033269 0.067082 0.084933
v -0.048846 0.056692 0.085188
v -0.043963 0.060582 0.085164
v -0.048926 0.056694 0.084932
v -0.043999 0.06059 0.084933
v -0.057648 0.047715 0.085188
v -0.053419 0.052406 0.085188
v -0.053498 0.052401 0.084932
v -0.057695 0.04774 0.084932
v -0.064773 0.037475 0.085188
v -0.061428 0.042743 0.085182
v -0.061488 0.042745 0.084932
v -0.064849 0.03745 0.084932
v -0.070128 0.026124 0.085182
v -0.067659 0.031891 0.085216
v -0.067746 0.031911 0.085052
v -0.070186 0.026111 0.084932
v -0.06774 0.031907 0.084933
v -0.073495 0.014089 0.085188
v -0.072058 0.020189 0.085188
v -0.072125 0.020146 0.084932
v -0.073558 0.01404 0.084932
v -0.074835 0.00161 0.085164
v -0.074404 0.007843 0.085203
v -0.074483 0.007827 0.084932
v -0.074864 0.001586 0.084933
v -0.074017 -0.010907 0.085203
v -0.074689 -0.004631 0.085188
v -0.074089 -0.010942 0.084932
v -0.074738 -0.004694 0.084932
v -0.071186 -0.023087 0.085182
v -0.072844 -0.017062 0.085203
v -0.072914 -0.017103 0.084932
v -0.071223 -0.023133 0.084932
v -0.066339 -0.034665 0.085172
v -0.068992 -0.028939 0.085203
v -0.069041 -0.029023 0.084932
v -0.066368 -0.034676 0.084933
v -0.059647 -0.04519 0.085188
v -0.063223 -0.040072 0.085164
v -0.059654 -0.045269 0.084932
v -0.063234 -0.040108 0.084933
v -0.051249 -0.054553 0.085172
v -0.055634 -0.050073 0.085172
v -0.055659 -0.050092 0.084933
v -0.051273 -0.054573 0.084933
v -0.041468 -0.062293 0.085188
v -0.046516 -0.058623 0.085182
v -0.046522 -0.058682 0.084932
v -0.041448 -0.062369 0.084932
v -0.030458 -0.068373 0.085172
v -0.036068 -0.065567 0.085188
v -0.036084 -0.065619 0.084932
v -0.030473 -0.0684 0.084933
v -0.018628 -0.07246 0.085203
v -0.024657 -0.070675 0.085164
v -0.018624 -0.07254 0.084932
v -0.024643 -0.07071 0.084933
v -0.006302 -0.07457 0.085182
v -0.012497 -0.073799 0.085172
v -0.006275 -0.074622 0.084932
v -0.012506 -0.073829 0.084933
v 0.003154 0.074814 0.084933
v 0.009367 0.074304 0.084932
v -0.000015 -0.07485 0.085172
v -0.000018 -0.074881 0.084933
v 0.006223 -0.07456 0.085198
v 0.006268 -0.07463 0.084932
v 0.036023 -0.065614 0.085164
v 0.03044 -0.068414 0.084933
v 0.041409 -0.062352 0.085172
v 0.036058 -0.065627 0.084933
v 0.046461 -0.058688 0.085164
v 0.041423 -0.06238 0.084933
v 0.051182 -0.054616 0.085172
v 0.046498 -0.058695 0.084933
v 0.055573 -0.050141 0.085172
v 0.051246 -0.054598 0.084933
v 0.059597 -0.04529 0.085164
v 0.055635 -0.050118 0.084933
v 0.068961 -0.029013 0.085203
v 0.066275 -0.034713 0.085203
v 0.066371 -0.034697 0.084932
v 0.063157 -0.040171 0.085172
v 0.059634 -0.045287 0.084933
v 0.071147 -0.023141 0.085203
v 0.069041 -0.029021 0.084932
v 0.063214 -0.040138 0.084933
v 0.072833 -0.017122 0.085198
v 0.071228 -0.023142 0.084932
v 0.07402 -0.010999 0.085188
v 0.072914 -0.017101 0.084932
v 0.074702 -0.004742 0.085164
v 0.074081 -0.010948 0.084932
v 0.073518 0.013983 0.085182
v 0.074394 0.007771 0.085216
v 0.074478 0.007799 0.085052
v 0.074835 0.001491 0.085172
v 0.074732 -0.00472 0.084933
v 0.074865 0.00155 0.084933
v 0.072094 0.020059 0.085188
v 0.073561 0.014024 0.084932
v 0.070182 0.026018 0.085172
v 0.072129 0.02013 0.084932
v 0.074471 0.0078 0.084933
v 0.067733 0.031856 0.085172
v 0.070191 0.026084 0.084933
v 0.064845 0.03739 0.085164
v 0.067762 0.031866 0.084933
v 0.057722 0.047652 0.085172
v 0.061488 0.042653 0.085188
v 0.061497 0.042731 0.084932
v 0.064858 0.037425 0.084933
v 0.05351 0.052341 0.085164
v 0.057708 0.047717 0.084933
v 0.038782 0.064 0.085188
v 0.044022 0.060493 0.085203
v 0.04402 0.06059 0.084932
v 0.048967 0.056611 0.085172
v 0.053513 0.052378 0.084933
v 0.048942 0.056673 0.084933
v 0.033291 0.06702 0.085188
v 0.0388 0.06405 0.084932
v 0.027594 0.069581 0.085164
v 0.033304 0.067072 0.084932
v 0.009415 0.074224 0.085198
v 0.015577 0.073176 0.085203
v 0.01529 0.0733 0.084941
v 0.021708 0.071633 0.085172
v 0.027582 0.069616 0.084933
v 0.021687 0.071671 0.084933
v -0.006232 -0.074319 0.085356
v -0.000022 -0.074542 0.085388
v 0.006238 -0.074316 0.085359
v 0.01243 -0.073538 0.085354
v 0.018545 -0.072215 0.085376
v 0.02451 -0.070438 0.085356
v 0.030299 -0.068107 0.085388
v 0.035925 -0.065354 0.085359
v 0.041257 -0.062129 0.085356
v 0.046285 -0.058432 0.085388
v 0.051041 -0.054348 0.085376
v 0.05542 -0.049852 0.085388
v 0.059362 -0.045086 0.085388
v 0.06294 -0.039933 0.085395
v 0.066076 -0.034504 0.085388
v 0.068746 -0.028918 0.085356
v 0.070894 -0.023026 0.085395
v 0.072581 -0.016987 0.085388
v 0.073748 -0.010854 0.085388
v 0.07443 -0.004685 0.085359
v 0.074563 0.00157 0.085356
v 0.07417 0.007804 0.085356
v 0.073209 0.01394 0.085406
v 0.071786 0.020017 0.085406
v 0.069843 0.025989 0.085415
v 0.067507 0.031747 0.085341
v 0.064587 0.037286 0.085359
v 0.061236 0.042571 0.085356
v 0.057459 0.047546 0.085356
v 0.053263 0.052124 0.085406
v 0.048732 0.056453 0.085359
v 0.04383 0.060341 0.085356
v 0.03865 0.063784 0.085356
v 0.033164 0.066759 0.085388
v 0.027432 0.069308 0.085395
v 0.021511 0.071371 0.085388
v 0.015527 0.072965 0.085341
v 0.009327 0.073936 0.085415
v 0.003115 0.074515 0.085356
v -0.003095 0.07446 0.085406
v -0.009348 0.07397 0.085376
v -0.015543 0.072885 0.085407
v -0.021524 0.071367 0.085388
v -0.02745 0.069321 0.085376
v -0.033168 0.066798 0.085356
v -0.038642 0.063788 0.085356
v -0.043784 0.060306 0.085406
v -0.048718 0.056469 0.085356
v -0.053281 0.052181 0.085359
v -0.057453 0.047553 0.085356
v -0.061231 0.042579 0.085356
v -0.064544 0.037249 0.085415
v -0.067452 0.031686 0.085407
v -0.069841 0.026001 0.085406
v -0.071796 0.020037 0.085395
v -0.07326 0.013967 0.085356
v -0.074113 0.007815 0.085406
v -0.074561 0.001565 0.085359
v -0.074432 -0.004691 0.085356
v -0.073746 -0.010868 0.085388
v -0.072587 -0.017029 0.085376
v -0.070905 -0.023062 0.085372
v -0.068749 -0.028909 0.085356
v -0.066102 -0.034537 0.085356
v -0.062965 -0.039935 0.085371
v -0.059386 -0.04508 0.085376
v -0.055423 -0.049877 0.085371
v -0.051055 -0.054339 0.085371
v -0.046309 -0.058433 0.085376
v -0.041243 -0.062116 0.085372
v -0.03593 -0.065351 0.085359
v -0.030287 -0.068112 0.085388
v -0.024519 -0.070434 0.085356
v -0.018565 -0.072232 0.085356
v -0.012422 -0.073497 0.085395
v 0.03316 0.06713 0.085878
v 0.038578 0.064194 0.085884
v 0.038751 0.063861 0.085855
v 0.043976 0.060395 0.08586
v 0.048619 0.056969 0.085884
v 0.048858 0.056504 0.085855
v 0.053152 0.052756 0.08588
v 0.057332 0.048191 0.085885
v 0.057597 0.047565 0.085855
v 0.064446 0.03808 0.085874
v 0.067353 0.032665 0.085875
v 0.067617 0.031746 0.085855
v 0.003382 0.074784 0.085875
v 0.009546 0.074281 0.085882
v 0.009426 0.074101 0.085855
v -0.002819 0.074806 0.085874
v 0.003193 0.07463 0.085855
v -0.009283 0.074068 0.085838
v -0.008988 0.074317 0.085874
v -0.015467 0.073079 0.085855
v -0.015105 0.073352 0.085881
v -0.021505 0.071483 0.085838
v -0.021109 0.071854 0.085881
v -0.032619 0.067374 0.085874
v -0.026957 0.069876 0.085885
v -0.027438 0.069476 0.085855
v -0.03864 0.063928 0.085855
v -0.038047 0.064488 0.08588
v -0.048097 0.057379 0.085875
v -0.043216 0.061155 0.085881
v -0.043854 0.06047 0.085855
v 0.027478 0.069669 0.085882
v 0.027554 0.069379 0.08584
v 0.021641 0.0717 0.085884
v 0.071801 0.021224 0.085875
v 0.073402 0.013917 0.08586
v 0.071964 0.020026 0.085855
v 0.071796 0.020008 0.085723
v 0.069826 0.027053 0.085881
v 0.070036 0.025977 0.085855
v 0.06987 0.025946 0.085723
v 0.067468 0.03171 0.085744
v 0.064723 0.037293 0.085855
v 0.064578 0.037245 0.085744
v 0.061106 0.043299 0.085883
v 0.061375 0.042578 0.085855
v 0.061235 0.042518 0.085744
v 0.061186 0.042493 0.085542
v 0.057463 0.047493 0.085744
v 0.057416 0.047464 0.085542
v 0.053415 0.052217 0.085855
v 0.053276 0.052121 0.085723
v 0.048738 0.056411 0.085744
v 0.048696 0.056375 0.085542
v 0.043847 0.060291 0.085744
v 0.043808 0.060252 0.085542
v 0.038648 0.063749 0.085744
v 0.038613 0.063706 0.085542
v 0.033222 0.066821 0.085819
v 0.033154 0.066721 0.085648
v 0.021562 0.071315 0.085648
v 0.015513 0.072862 0.085515
v 0.015533 0.072913 0.085744
v 0.009377 0.073939 0.085723
v 0.003146 0.074428 0.085542
v 0.003156 0.074482 0.085744
v -0.003085 0.074468 0.085723
v -0.009307 0.073911 0.085622
v 0.015594 0.073052 0.085855
v -0.038567 0.063734 0.085542
v -0.033099 0.066737 0.085542
v 0.015648 0.073238 0.085882
v 0.021647 0.071437 0.085836
v -0.015461 0.07291 0.085723
v -0.021506 0.071333 0.085648
v -0.02739 0.069283 0.085677
v -0.033116 0.066789 0.085744
v -0.053206 0.05214 0.085542
v -0.048656 0.056409 0.085542
v -0.048686 0.056456 0.085744
v -0.043779 0.060319 0.085723
v -0.033156 0.066937 0.085855
v -0.061196 0.042574 0.085744
v -0.057419 0.047546 0.085744
v -0.061156 0.042537 0.085542
v -0.064528 0.037297 0.085723
v -0.04876 0.056588 0.085855
v -0.057521 0.047676 0.08586
v -0.05333 0.05232 0.08586
v -0.074473 0.001587 0.085569
v -0.064502 0.037831 0.085871
v -0.061309 0.042696 0.08586
v -0.067423 0.031767 0.085723
v -0.073222 0.014003 0.085744
v -0.071751 0.020064 0.085648
v -0.07317 0.013985 0.085542
v -0.074119 0.007827 0.085723
v -0.067426 0.032335 0.085871
v -0.069844 0.026014 0.085723
v -0.071892 0.020154 0.08585
v -0.074621 0.001644 0.085844
v -0.074404 -0.004647 0.085744
v -0.074349 -0.004651 0.085542
v -0.073709 -0.010854 0.085648
v -0.070858 -0.022992 0.085622
v -0.072533 -0.016982 0.085622
v -0.068684 -0.028843 0.085542
v -0.073374 0.014069 0.08586
v -0.06603 -0.034489 0.085542
v -0.07383 -0.010855 0.085819
v -0.062913 -0.039892 0.085595
v -0.051017 -0.054284 0.085622
v -0.05538 -0.049825 0.085622
v -0.07183 -0.021173 0.085878
v -0.073334 -0.015165 0.085878
v -0.070986 -0.023016 0.085819
v -0.068771 -0.028851 0.08579
v -0.059468 -0.04508 0.085819
v -0.063014 -0.03993 0.085805
v -0.059355 -0.045016 0.085622
v -0.064428 -0.038169 0.085878
v -0.067362 -0.032715 0.085878
v -0.046389 -0.058453 0.085819
v -0.051118 -0.054367 0.085819
v -0.046296 -0.058363 0.085622
v -0.04125 -0.062032 0.085622
v -0.056859 -0.048689 0.085875
v -0.061053 -0.043363 0.085877
v -0.055488 -0.049899 0.085819
v -0.012454 -0.073456 0.085648
v -0.018551 -0.072143 0.085569
v -0.00626 -0.074231 0.085542
v -0.053076 -0.052828 0.085877
v -0.030395 -0.068153 0.085819
v -0.035983 -0.065349 0.085805
v -0.030331 -0.068051 0.085648
v -0.024524 -0.070334 0.085596
v 0.006207 -0.074236 0.085542
v -0.043648 -0.060849 0.085877
v -0.048528 -0.057033 0.085877
v -0.041335 -0.06213 0.085819
v -0.006294 -0.074312 0.08579
v -0.00003 -0.074504 0.085648
v -0.038469 -0.064249 0.085877
v -0.012491 -0.073571 0.085819
v -0.018601 -0.072244 0.085805
v 0.018497 -0.072162 0.085622
v 0.012393 -0.073449 0.085596
v 0.024469 -0.070354 0.085596
v -0.027342 -0.069711 0.085874
v -0.033003 -0.067217 0.085874
v -0.024585 -0.070458 0.085819
v -0.000047 -0.074624 0.085819
v 0.006187 -0.074321 0.08579
v 0.035865 -0.065293 0.085542
v -0.003465 -0.074806 0.085878
v -0.009634 -0.074263 0.085878
v 0.018513 -0.072291 0.085819
v 0.012399 -0.073587 0.085819
v 0.015014 -0.073365 0.085878
v 0.008902 -0.074355 0.085878
v 0.055347 -0.049875 0.085648
v 0.050973 -0.054325 0.085622
v 0.037494 -0.064791 0.085875
v 0.032004 -0.067672 0.085875
v 0.035881 -0.065379 0.08579
v 0.041226 -0.062147 0.08579
v 0.055425 -0.049968 0.085819
v 0.05105 -0.05443 0.085819
v 0.059327 -0.045069 0.085648
v 0.052708 -0.053197 0.085879
v 0.048133 -0.057369 0.085879
v 0.06611 -0.034614 0.085819
v 0.062982 -0.040025 0.085819
v 0.066012 -0.034544 0.085648
v 0.068656 -0.028892 0.085596
v 0.0737 -0.010913 0.085648
v 0.072529 -0.017042 0.085648
v 0.074346 -0.004704 0.085542
v 0.074479 0.001534 0.085542
v 0.063848 -0.039077 0.085876
v 0.060747 -0.043793 0.085879
v 0.072642 -0.017086 0.085819
v 0.070957 -0.023104 0.085819
v 0.074427 -0.004736 0.08579
v 0.06964 -0.027536 0.085879
v 0.066862 -0.033662 0.085876
v 0.068775 -0.028961 0.085819
v 0.074144 0.007758 0.085744
v 0.074533 0.001527 0.085744
v 0.074089 0.00776 0.085542
v 0.073218 0.01393 0.085723
v 0.071677 -0.02169 0.085879
v 0.064527 0.037224 0.085542
v 0.067415 0.031696 0.085515
v 0.07427 -0.009594 0.085879
v 0.073223 -0.015695 0.085879
v 0.073817 -0.010947 0.085819
v 0.074696 0.001479 0.08586
v 0.074808 -0.003427 0.085879
v 0.07431 0.007724 0.08586
v -0.003063 0.074635 0.085855
v -0.038589 0.063784 0.085744
v -0.057382 0.047505 0.085542
v -0.053239 0.052184 0.085744
v -0.07 0.026108 0.08586
v -0.074294 0.00788 0.08586
v -0.074568 -0.004619 0.08586
v -0.072663 -0.016995 0.085819
v -0.066116 -0.034504 0.08579
v -0.074337 -0.009054 0.085878
v -0.03591 -0.065263 0.085569
v -0.069835 -0.027036 0.085878
v -0.021487 -0.071733 0.085873
v 0.030276 -0.068075 0.085648
v 0.041202 -0.062063 0.085542
v 0.002728 -0.074836 0.085878
v 0.024497 -0.070488 0.085819
v 0.046255 -0.058407 0.085648
v 0.03031 -0.068191 0.085819
v 0.021024 -0.071874 0.085878
v 0.02689 -0.069892 0.085879
v 0.046316 -0.058511 0.085819
v 0.06289 -0.039946 0.085648
v 0.04323 -0.061149 0.085879
v 0.059412 -0.045155 0.085819
v 0.070848 -0.023051 0.085648
v 0.056922 -0.048661 0.085879
v 0.027454 0.069261 0.085648
v -0.003407 -0.074917 0.086012
v -0.009582 -0.07438 0.086012
v 0.05326 0.052797 0.086013
v 0.057439 0.048219 0.086013
v -0.015641 -0.073242 0.085884
v -0.015711 -0.073331 0.086013
v 0.064277 -0.038614 0.085963
v 0.060843 -0.043844 0.086013
v 0.061217 0.043319 0.08601
v -0.057013 0.048523 0.085876
v -0.060828 0.043855 0.08598
v -0.057017 0.048702 0.085976
v -0.021702 -0.071785 0.08601
v 0.057021 -0.048709 0.08601
v 0.064595 0.038088 0.08598
v -0.052916 0.052946 0.085873
v -0.052821 0.053227 0.08598
v -0.027548 -0.069752 0.086012
v 0.052811 -0.053247 0.086012
v 0.067504 0.032651 0.085976
v 0.069976 0.026974 0.086012
v 0.009589 0.074379 0.086012
v 0.015711 0.073331 0.086013
v -0 0.074999 0.086068
v 0.003429 0.074907 0.085981
v -0.002805 0.074933 0.085981
v -0.01508 0.073462 0.08601
v -0.008935 0.074454 0.08598
v -0.026966 0.069978 0.08601
v -0.021093 0.071968 0.086014
v -0.038115 0.064582 0.085993
v -0.032676 0.067494 0.08598
v -0.048219 0.057439 0.086013
v -0.043311 0.061224 0.086013
v -0.064277 0.038614 0.085963
v -0.060826 0.043649 0.085876
v -0.067246 0.033174 0.085963
v -0.071788 0.021672 0.08598
v -0.069741 0.02755 0.085976
v -0.06968 0.027381 0.085876
v -0.073325 0.015695 0.085976
v -0.071703 0.021533 0.085876
v -0.074369 0.009618 0.08598
v -0.073236 0.015538 0.085876
v -0.074909 0.003444 0.08598
v -0.074269 0.009437 0.085876
v -0.073462 -0.01508 0.08601
v -0.074456 -0.00897 0.086012
v -0.074936 -0.002812 0.08598
v -0.074795 0.003272 0.085876
v -0.071964 -0.021103 0.086012
v -0.074809 -0.002917 0.085876
v -0.069976 -0.026974 0.086012
v -0.067512 -0.032652 0.08601
v -0.064592 -0.038107 0.086013
v -0.061217 -0.043319 0.08601
v -0.057449 -0.048189 0.085964
v -0.048709 -0.057021 0.08601
v -0.05326 -0.052797 0.086013
v -0.043837 -0.060849 0.086014
v -0.03866 -0.064261 0.08601
v -0.033232 -0.06723 0.086013
v 0.002783 -0.074942 0.08601
v 0.008951 -0.074459 0.086013
v 0.01508 -0.073462 0.08601
v 0.021093 -0.071968 0.086014
v 0.026966 -0.069978 0.08601
v 0.032691 -0.067482 0.085963
v 0.038115 -0.06457 0.085959
v 0.043311 -0.061224 0.086013
v 0.048219 -0.057439 0.086013
v 0.071788 -0.021694 0.086012
v 0.069748 -0.027555 0.08601
v 0.067246 -0.033174 0.085963
v 0.073332 -0.0157 0.08601
v 0.074378 -0.009601 0.086013
v 0.074916 -0.003426 0.086013
v 0.074936 0.002812 0.08598
v 0.07482 0.002673 0.085876
v 0.074448 0.008964 0.085976
v 0.074344 0.008842 0.085876
v 0.073465 0.015069 0.086013
v 0.073372 0.014958 0.085877
v 0.071964 0.021103 0.086012
v 0.021702 0.071785 0.08601
v 0.048709 0.057021 0.08601
v 0.043837 0.060849 0.086014
v 0.043752 0.060794 0.085889
v 0.03866 0.064261 0.08601
v 0.033237 0.067224 0.085997
v 0.027548 0.069752 0.086012
v -0.008955 0.074459 0.09718
v -0.002729 0.074949 0.097172
v 0.003416 0.074917 0.097182
v 0.009582 0.074381 0.097179
v 0.0157 0.073333 0.097182
v 0.021694 0.071789 0.097179
v 0.027548 0.069753 0.097179
v 0.033228 0.067233 0.09718
v 0.038661 0.064262 0.097182
v 0.043829 0.060855 0.097179
v 0.048704 0.057028 0.097179
v 0.053253 0.052805 0.097182
v 0.057427 0.048234 0.097179
v 0.061214 0.043327 0.097179
v 0.06459 0.038111 0.09718
v 0.067513 0.032652 0.097182
v 0.06996 0.026993 0.097223
v 0.07195 0.021123 0.097223
v 0.073453 0.015074 0.097227
v 0.074457 0.008971 0.097179
v 0.074944 0.002791 0.097179
v 0.074917 -0.003422 0.09718
v 0.074379 -0.009591 0.097182
v 0.073336 -0.015692 0.097179
v 0.071789 -0.021694 0.097179
v 0.069749 -0.027556 0.097182
v 0.067239 -0.033214 0.097179
v 0.064267 -0.038653 0.097179
v 0.060846 -0.043841 0.09718
v 0.057018 -0.048716 0.09718
v 0.052805 -0.053253 0.097182
v 0.048222 -0.057436 0.09718
v 0.043314 -0.061222 0.09718
v 0.038116 -0.064586 0.097182
v 0.032661 -0.06751 0.097179
v 0.02696 -0.069982 0.09718
v 0.021089 -0.071969 0.09718
v 0.01508 -0.073463 0.097182
v 0.008955 -0.074459 0.09718
v 0.002776 -0.074944 0.09718
v -0.003423 -0.0749 0.097243
v -0.009582 -0.074381 0.097179
v -0.015732 -0.073318 0.097224
v -0.021703 -0.071774 0.097227
v -0.027542 -0.069753 0.097194
v -0.03324 -0.067221 0.097209
v -0.038659 -0.064243 0.097243
v -0.043793 -0.060865 0.097239
v -0.04867 -0.057041 0.097239
v -0.053247 -0.052787 0.097243
v -0.057394 -0.048252 0.097239
v -0.061183 -0.043347 0.097239
v -0.064602 -0.038065 0.097239
v -0.067502 -0.032638 0.097243
v -0.069952 -0.027001 0.097239
v -0.071943 -0.021133 0.097239
v -0.073448 -0.015068 0.097243
v -0.074459 -0.008963 0.097178
v -0.074927 -0.002774 0.097243
v -0.074917 0.003422 0.09718
v -0.074362 0.009597 0.097243
v -0.073336 0.015692 0.097179
v -0.071789 0.021694 0.097179
v -0.06973 0.027558 0.097243
v -0.067239 0.033214 0.097179
v -0.064267 0.038654 0.097179
v -0.060823 0.043859 0.097224
v -0.056993 0.048732 0.097224
v -0.052794 0.053248 0.097227
v -0.048222 0.057436 0.09718
v -0.043314 0.061222 0.09718
v -0.038107 0.064579 0.097227
v -0.032678 0.067492 0.097223
v -0.026931 0.069984 0.097224
v -0.021088 0.071957 0.097227
v -0.015088 0.073462 0.097179
v 0.074845 0.002725 0.097316
v -0.008926 0.074363 0.097313
v 0.074364 0.008897 0.097316
v -0.015021 0.073376 0.097314
v -0.027547 -0.069633 0.097316
v 0.071875 0.020926 0.097323
v -0.02219 -0.071487 0.097327
v -0.02687 0.069865 0.097323
v 0.069937 0.026675 0.097325
v -0.015815 -0.07317 0.097323
v -0.032518 0.067417 0.097324
v -0.037947 0.064509 0.097326
v 0.027547 0.069647 0.097314
v 0.033212 0.067129 0.097316
v 0.03864 0.064163 0.097312
v 0.043809 0.060746 0.097316
v 0.048674 0.056929 0.097311
v 0.053206 0.05271 0.097315
v 0.057379 0.048144 0.097311
v 0.06115 0.043248 0.097313
v 0.0645 0.038067 0.097313
v 0.067387 0.032669 0.097316
v 0.074814 -0.003465 0.097316
v 0.073358 0.01492 0.097323
v 0.074272 -0.009631 0.097316
v 0.073223 -0.015731 0.097316
v 0.071674 -0.021725 0.097316
v 0.069635 -0.027569 0.097316
v 0.067121 -0.033226 0.097316
v 0.064132 -0.038674 0.097318
v 0.060736 -0.04382 0.097316
v 0.056888 -0.048707 0.097319
v 0.05267 -0.05324 0.097319
v 0.048091 -0.05741 0.097319
v 0.043183 -0.061187 0.097319
v 0.03798 -0.064546 0.097319
v 0.032517 -0.067463 0.097319
v 0.026831 -0.069919 0.097319
v 0.021004 -0.071885 0.097319
v 0.014995 -0.073374 0.097319
v 0.008834 -0.074367 0.09732
v 0.002658 -0.074843 0.09732
v -0.009672 -0.07426 0.097323
v -0.004365 -0.074722 0.097324
v -0.033017 -0.067191 0.097323
v -0.03787 -0.064565 0.097324
v -0.043089 -0.061205 0.097324
v -0.04801 -0.057425 0.097324
v -0.0526 -0.053252 0.097324
v -0.056829 -0.048714 0.097324
v -0.060667 -0.043841 0.097324
v -0.064088 -0.038668 0.097324
v -0.074354 -0.008959 0.097318
v -0.067069 -0.03323 0.097324
v -0.069589 -0.027565 0.097323
v -0.074814 0.003404 0.097318
v -0.071631 -0.021711 0.097323
v -0.073182 -0.015708 0.097323
v -0.073233 0.015674 0.097317
v -0.071688 0.021669 0.097317
v -0.07477 -0.003421 0.097323
v -0.067143 0.033175 0.097317
v -0.07431 0.008958 0.097323
v -0.064164 0.038628 0.097316
v -0.069824 0.02696 0.097323
v -0.06086 0.043582 0.097323
v -0.048158 0.057355 0.097317
v -0.056989 0.048543 0.097323
v -0.052786 0.053083 0.097323
v -0.043299 0.061105 0.097316
v 0.021705 0.071686 0.097312
v 0.069972 0.026047 0.097348
v 0.071907 0.020102 0.097347
v 0.073337 0.014014 0.097347
v 0.0743 0.007826 0.097337
v 0.074694 0.001581 0.097337
v 0.074565 -0.004674 0.097337
v 0.073912 -0.010897 0.097337
v 0.072697 -0.017026 0.097347
v 0.07106 -0.02307 0.097337
v 0.068839 -0.028911 0.097347
v 0.066158 -0.034556 0.097354
v 0.059468 -0.045105 0.097354
v -0.018519 -0.072305 0.097354
v -0.064732 0.03735 0.097334
v -0.057585 0.047599 0.097337
v -0.053358 0.052191 0.097354
v -0.043917 0.06038 0.097348
v -0.021023 0.071842 0.097323
v -0.002739 0.074847 0.097314
v 0.003452 0.074818 0.097314
v 0.009619 0.074277 0.097314
v 0.015719 0.073229 0.097314
v 0.027462 0.069413 0.097359
v 0.038687 0.063899 0.097343
v 0.048762 0.05652 0.097359
v 0.05755 0.047622 0.097343
v 0.067535 0.0318 0.097359
v 0.018582 -0.072298 0.097359
v 0.015516 0.073071 0.097342
v -0.048755 0.056495 0.097379
v -0.038696 0.063865 0.09735
v -0.038579 0.063744 0.097523
v -0.033208 0.066855 0.097359
v -0.033105 0.066745 0.09755
v -0.027497 0.069399 0.097359
v -0.027403 0.069281 0.09755
v -0.021593 0.071456 0.097359
v -0.02151 0.071331 0.09755
v -0.01554 0.073038 0.09735
v -0.015471 0.072898 0.0975
v -0.015466 0.072902 0.097791
v -0.009346 0.073968 0.097425
v -0.009311 0.07394 0.097791
v -0.003138 0.074632 0.097343
v -0.003103 0.074467 0.097474
v -0.003053 0.074459 0.097782
v 0.003103 0.074558 0.09737
v 0.003147 0.074424 0.097629
v 0.003186 0.074512 0.097841
v 0.009337 0.074061 0.097359
v 0.009363 0.073913 0.09755
v 0.009375 0.073951 0.09781
v 0.015514 0.072899 0.097474
v 0.015561 0.072879 0.097782
v 0.02745 0.069263 0.09755
v 0.021554 0.071301 0.097602
v 0.027472 0.069296 0.09781
v 0.0332 0.066738 0.097803
v 0.021555 0.071465 0.097361
v 0.048695 0.056376 0.097575
v 0.043806 0.060248 0.097629
v 0.048746 0.056419 0.097827
v 0.053297 0.052143 0.097827
v 0.043845 0.060383 0.09737
v 0.038607 0.063716 0.09752
v 0.064524 0.037221 0.097629
v 0.061212 0.042508 0.097791
v 0.064607 0.037258 0.097842
v 0.067487 0.031693 0.097821
v 0.033174 0.066871 0.097359
v 0.053242 0.052103 0.097575
v 0.057454 0.047504 0.097454
v 0.057417 0.047463 0.097656
v 0.061212 0.042521 0.097474
v 0.067415 0.031696 0.097575
v 0.069879 0.025953 0.09781
v 0.053323 0.052206 0.097379
v 0.064608 0.037297 0.097392
v 0.071766 0.020011 0.09755
v 0.06984 0.025946 0.09755
v 0.071805 0.020014 0.09781
v 0.073231 0.013905 0.097803
v 0.073189 0.013936 0.09755
v 0.074127 0.007687 0.097791
v 0.074125 0.007772 0.097474
v 0.074508 0.001531 0.097791
v 0.07253 -0.017037 0.09755
v 0.073699 -0.0109 0.09752
v 0.072565 -0.017054 0.09781
v 0.070868 -0.023057 0.097791
v 0.074516 0.001542 0.097474
v 0.074383 -0.004698 0.097474
v 0.059317 -0.045058 0.097629
v 0.062879 -0.039937 0.097629
v 0.059383 -0.04512 0.097842
v 0.055369 -0.049932 0.097821
v 0.070878 -0.023049 0.097475
v 0.062985 -0.039977 0.097392
v 0.050983 -0.054328 0.09755
v 0.055344 -0.049865 0.097575
v 0.051004 -0.054362 0.09781
v 0.046253 -0.058396 0.097575
v 0.046286 -0.058455 0.097827
v 0.041183 -0.062108 0.097782
v 0.055451 -0.049939 0.097379
v 0.04126 -0.062098 0.097425
v 0.03587 -0.065292 0.097548
v 0.051078 -0.054404 0.097379
v 0.046346 -0.058487 0.097379
v 0.03595 -0.065421 0.097367
v 0.030326 -0.06811 0.097425
v -0.000025 -0.074495 0.097575
v 0.006209 -0.074236 0.097575
v -0.000058 -0.074558 0.097821
v -0.00626 -0.074227 0.097629
v -0.006277 -0.074315 0.097842
v -0.012474 -0.07353 0.097842
v 0.024534 -0.070476 0.097379
v 0.024475 -0.070359 0.097575
v 0.018502 -0.072161 0.097575
v -0.01245 -0.073442 0.097629
v -0.018598 -0.072201 0.097821
v 0.012467 -0.073599 0.097359
v 0.0124 -0.073465 0.09755
v -0.018552 -0.072148 0.097602
v -0.02452 -0.070336 0.097602
v -0.024587 -0.070411 0.097841
v -0.030349 -0.068085 0.09781
v 0.006236 -0.074363 0.097379
v -0.012424 -0.073581 0.09737
v -0.006247 -0.074339 0.097392
v -0.030326 -0.068052 0.09755
v -0.035913 -0.065267 0.097656
v -0.041245 -0.062029 0.097629
v -0.041325 -0.062084 0.097841
v -0.046354 -0.058425 0.097842
v -0.000008 -0.074624 0.097379
v -0.024549 -0.07047 0.097379
v -0.035929 -0.065352 0.097408
v -0.066023 -0.034487 0.097602
v -0.062956 -0.039914 0.09781
v -0.066115 -0.034505 0.097838
v -0.068765 -0.028823 0.097826
v -0.041287 -0.062134 0.097392
v -0.055462 -0.049927 0.097379
v -0.05109 -0.054393 0.097379
v -0.055384 -0.049834 0.09755
v -0.059347 -0.045015 0.097602
v -0.070856 -0.022996 0.097575
v -0.068684 -0.028845 0.097575
v -0.070927 -0.022984 0.097821
v -0.072609 -0.016951 0.097826
v -0.046325 -0.058445 0.097408
v -0.063011 -0.039979 0.097379
v -0.059445 -0.045111 0.097379
v -0.062919 -0.0399 0.09755
v -0.073699 -0.010858 0.097575
v -0.072532 -0.016987 0.097575
v -0.073772 -0.010816 0.097826
v -0.074379 -0.00465 0.097791
v -0.066136 -0.034566 0.097379
v -0.074478 0.001588 0.097656
v -0.074563 0.001598 0.097842
v -0.074168 0.007832 0.097842
v -0.070974 -0.023052 0.097379
v -0.068796 -0.02891 0.097379
v -0.074409 -0.004683 0.097425
v -0.072654 -0.017032 0.097379
v -0.071736 0.020056 0.097602
v -0.073207 0.014029 0.097803
v -0.071816 0.020105 0.097838
v -0.069836 0.026068 0.097809
v -0.074169 0.007797 0.097408
v -0.074561 0.001563 0.097408
v -0.074084 0.007815 0.097656
v -0.073179 0.013985 0.09755
v -0.067387 0.031738 0.097602
v -0.067455 0.031812 0.097841
v -0.06457 0.037322 0.097842
v -0.073825 -0.010893 0.097379
v -0.073301 0.013991 0.097379
v -0.067518 0.031781 0.097379
v -0.069941 0.026019 0.097379
v -0.064566 0.037293 0.09743
v -0.057416 0.047522 0.097474
v -0.06115 0.042532 0.097602
v -0.057376 0.047554 0.097782
v -0.053202 0.052137 0.097629
v -0.048658 0.056408 0.097575
v -0.048674 0.056478 0.097821
v -0.043742 0.060359 0.097809
v -0.043772 0.06029 0.09755
v -0.038538 0.063808 0.097809
v -0.033115 0.066783 0.09781
v -0.061273 0.042596 0.097379
v -0.027381 0.069328 0.097803
v -0.021459 0.071387 0.097809
v 0.021617 0.071378 0.097841
v 0.033149 0.066723 0.09755
v 0.03869 0.063737 0.097826
v 0.043888 0.060299 0.097841
v 0.057496 0.047497 0.097838
v 0.061333 0.042639 0.097343
v 0.07437 -0.004747 0.097782
v 0.07375 -0.010968 0.097826
v 0.06295 -0.039993 0.097842
v 0.066041 -0.034612 0.097826
v 0.066005 -0.034537 0.097602
v 0.068691 -0.028944 0.097803
v 0.068673 -0.028894 0.09755
v 0.035853 -0.065375 0.097826
v 0.030285 -0.068093 0.097791
v 0.024465 -0.07043 0.097821
v 0.018468 -0.072238 0.097826
v 0.012399 -0.073504 0.09781
v 0.006204 -0.074303 0.097827
v -0.035973 -0.065327 0.097838
v -0.046294 -0.058363 0.097656
v -0.051072 -0.054294 0.097803
v -0.03036 -0.068169 0.097379
v -0.05102 -0.054294 0.09755
v -0.055456 -0.049811 0.097809
v -0.059443 -0.04504 0.097841
v -0.069822 0.025993 0.09755
v -0.0645 0.037272 0.097656
v -0.06122 0.042594 0.097842
v -0.071873 0.020076 0.097379
v -0.053241 0.052226 0.097841
v 0.074395 0.007816 0.097986
v 0.074789 0.001537 0.097986
v 0.074655 -0.004726 0.097986
v 0.074002 -0.010947 0.097989
v 0.072821 -0.01711 0.097986
v 0.07114 -0.023134 0.097989
v 0.068958 -0.028991 0.097986
v 0.06629 -0.03466 0.097986
v 0.063144 -0.040107 0.097986
v 0.059575 -0.045243 0.097989
v 0.055588 -0.050057 0.097986
v 0.051186 -0.05455 0.097986
v 0.046493 -0.058675 0.098045
v 0.041393 -0.062308 0.097986
v 0.036091 -0.065585 0.098036
v 0.030409 -0.068405 0.098036
v 0.024584 -0.070652 0.097989
v 0.0186 -0.072455 0.097986
v 0.012457 -0.073763 0.097989
v 0.006256 -0.074542 0.097986
v 0.000008 -0.074823 0.098001
v -0.006289 -0.07454 0.097986
v -0.012504 -0.073752 0.097986
v -0.018623 -0.072472 0.098006
v -0.024604 -0.070642 0.097986
v -0.030444 -0.068332 0.097989
v -0.03604 -0.06555 0.097986
v -0.041401 -0.062369 0.098036
v -0.046532 -0.058641 0.098036
v -0.051229 -0.05451 0.097986
v -0.055605 -0.050042 0.097989
v -0.059586 -0.045224 0.097986
v -0.063211 -0.040071 0.098018
v -0.066348 -0.034674 0.098045
v -0.068961 -0.028984 0.097986
v -0.071152 -0.023088 0.097986
v -0.072835 -0.017064 0.097989
v -0.074002 -0.010924 0.097986
v -0.074659 -0.004668 0.097986
v -0.074846 0.001578 0.098045
v -0.074453 0.007795 0.098036
v -0.073499 0.014012 0.098001
v -0.072041 0.020145 0.097986
v -0.070103 0.026102 0.097986
v -0.067698 0.031873 0.098006
v -0.064782 0.03744 0.098001
v -0.061409 0.042716 0.097986
v -0.057628 0.047698 0.097989
v -0.053443 0.05234 0.097986
v -0.048856 0.056646 0.097986
v -0.043955 0.060531 0.097989
v -0.038748 0.063987 0.097986
v -0.03324 0.067034 0.098001
v -0.027549 0.069609 0.098045
v -0.021617 0.071613 0.097986
v -0.015524 0.073176 0.097986
v -0.009346 0.074218 0.097986
v -0.003122 0.074779 0.098025
v 0.003115 0.074777 0.098018
v 0.00941 0.074229 0.098001
v 0.015572 0.073168 0.097989
v 0.021624 0.071611 0.097986
v 0.027556 0.069547 0.097989
v 0.033275 0.066994 0.097984
v 0.038768 0.063978 0.097989
v 0.043972 0.060516 0.097986
v 0.048924 0.056664 0.098045
v 0.053464 0.052398 0.098036
v 0.057661 0.047741 0.098036
v 0.061442 0.042668 0.097986
v 0.064797 0.037377 0.097986
v 0.067695 0.031834 0.097989
v 0.070123 0.026047 0.097986
v 0.072057 0.020088 0.097986
v 0.073485 0.013999 0.097989
v 0.021671 0.071686 0.09817
v 0.027632 0.069612 0.098261
v 0.033356 0.067057 0.09825
v 0.038818 0.064044 0.09817
v 0.044041 0.060571 0.09817
v 0.061511 0.042719 0.09817
v 0.064892 0.037394 0.09825
v 0.067796 0.03183 0.098261
v 0.070202 0.026079 0.09817
v 0.072154 0.020078 0.098261
v 0.07358 0.013973 0.09825
v 0.074482 0.007802 0.09817
v 0.074874 0.001542 0.09817
v 0.074744 -0.004764 0.09825
v 0.074083 -0.011006 0.098261
v 0.072905 -0.017127 0.09817
v 0.07121 -0.023206 0.098261
v 0.069019 -0.02908 0.09825
v 0.066355 -0.03472 0.09817
v 0.063217 -0.04015 0.09817
v 0.059619 -0.045331 0.09825
v 0.055615 -0.050164 0.098261
v 0.051246 -0.054611 0.09817
v 0.041395 -0.062416 0.09825
v 0.024572 -0.07075 0.09825
v 0.018562 -0.072559 0.098261
v 0.012463 -0.073846 0.09817
v 0.00624 -0.074629 0.09817
v -0.006332 -0.074628 0.098261
v -0.012516 -0.073837 0.09817
v -0.024689 -0.070709 0.09825
v -0.030485 -0.068404 0.09817
v -0.036102 -0.065614 0.09817
v -0.051285 -0.054574 0.09817
v -0.055702 -0.050066 0.098261
v -0.059694 -0.045232 0.09825
v -0.069067 -0.028966 0.09825
v -0.07125 -0.023082 0.098261
v -0.072917 -0.017075 0.09817
v -0.07409 -0.010914 0.09817
v -0.074751 -0.004641 0.09825
v -0.072119 0.020204 0.098261
v -0.070184 0.02613 0.09817
v -0.061463 0.042798 0.098261
v -0.057687 0.047757 0.09817
v -0.053465 0.052449 0.098261
v -0.048891 0.056736 0.09825
v -0.043998 0.060603 0.09817
v -0.038772 0.064072 0.09817
v -0.02162 0.071701 0.09817
v -0.015508 0.073273 0.098261
v -0.009326 0.074312 0.09825
v 0.015636 0.073246 0.098261
v -0.00006 -0.074887 0.098275
v -0.018683 -0.072519 0.098282
v -0.073549 0.014091 0.098275
v -0.067733 0.031941 0.098282
v -0.064824 0.037495 0.098275
v -0.033244 0.067104 0.098275
v 0.009445 0.074289 0.098275
v -0.063251 -0.040076 0.098293
v -0.002753 0.074837 0.098293
v 0.003117 0.074816 0.098287
v 0.048956 0.056649 0.098297
v 0.053524 0.052354 0.098298
v 0.057717 0.047691 0.098298
v 0.046472 -0.058704 0.098298
v 0.036032 -0.065632 0.098298
v 0.030413 -0.068416 0.098298
v -0.04147 -0.062338 0.098297
v -0.046541 -0.058649 0.098298
v -0.066372 -0.034649 0.098298
v -0.074854 0.001612 0.098298
v -0.074457 0.00787 0.098298
v -0.027522 0.06963 0.098298
v 0.021666 0.071665 0.098299
v 0.038807 0.064026 0.098299
v 0.044029 0.060554 0.098299
v 0.061494 0.042706 0.098299
v 0.070182 0.026071 0.098299
v 0.074461 0.007799 0.098299
v 0.074853 0.00154 0.098299
v 0.072884 -0.017123 0.098299
v 0.066336 -0.034711 0.098299
v 0.063199 -0.04014 0.098299
v 0.051231 -0.054596 0.098299
v 0.012459 -0.073825 0.098299
v 0.006237 -0.074608 0.098299
v -0.012513 -0.073815 0.098299
v -0.030477 -0.068385 0.098299
v -0.036092 -0.065595 0.098299
v -0.051271 -0.054558 0.098299
v -0.072897 -0.01707 0.098299
v -0.074069 -0.01091 0.098299
v -0.070163 0.026123 0.098299
v -0.05767 0.047744 0.098299
v -0.043984 0.060586 0.098299
v -0.03876 0.064054 0.098299
v -0.021613 0.071681 0.098299
v 0.07386 0.013023 0.098299
v 0.071848 0.02151 0.098299
v 0.068865 0.029706 0.098299
v 0.064951 0.0375 0.098299
v -0.025651 -0.070476 0.098299
v -0.017296 -0.072977 0.098299
v -0.008707 -0.074492 0.098299
v 0 -0.074999 0.098299
v 0.008707 -0.074492 0.098299
v 0.017296 -0.072977 0.098299
v 0.025651 -0.070476 0.098299
v 0.03366 -0.067022 0.098299
v 0.041213 -0.062661 0.098299
v 0.060158 0.044786 0.098299
v 0.054552 0.051467 0.098299
v 0.048208 0.057453 0.098299
v 0.041213 0.062661 0.098299
v 0.033659 0.067022 0.098299
v 0.025651 0.070476 0.098299
v 0.017296 0.072977 0.098299
v 0.008707 0.074492 0.098299
v -0.008707 0.074492 0.098299
v -0.017296 0.072977 0.098299
v -0.025651 0.070476 0.098299
v -0.03366 0.067022 0.098299
v -0.060158 -0.044786 0.098299
v -0.054552 -0.051467 0.098299
v -0.048208 -0.057453 0.098299
v -0.041213 -0.062661 0.098299
v -0 0.074999 0.098299
v -0.064951 0.037499 0.098299
v -0.068865 0.029706 0.098299
v -0.071848 0.02151 0.098299
v -0.07386 0.013023 0.098299
v -0.033659 -0.067022 0.098299
v 0.048208 -0.057453 0.098299
v 0.054552 -0.051467 0.098299
v 0.060158 -0.044786 0.098299
v 0.068865 -0.029706 0.098299
v 0.071848 -0.02151 0.098299
v 0.07386 -0.013023 0.098299
v 0.074872 -0.004361 0.098299
v 0.074872 0.004361 0.098299
v -0.041213 0.062661 0.098299
v -0.048208 0.057453 0.098299
v -0.054552 0.051467 0.098299
v -0.060158 0.044786 0.098299
v -0.074872 0.004361 0.098299
v -0.074872 -0.004361 0.098299
v 0.064951 -0.037499 0.098299
v -0.07386 -0.013023 0.098299
v -0.071848 -0.02151 0.098299
v -0.068865 -0.029706 0.098299
v -0.064951 -0.0375 0.098299
v -0.008706 -0.074483 0.099299
v -0.017294 -0.072969 0.099299
v -0.025648 -0.070468 0.099299
v -0.033656 -0.067014 0.099299
v -0.041208 -0.062653 0.099299
v -0.048203 -0.057446 0.099299
v -0.054546 -0.051461 0.099299
v -0.060151 -0.044781 0.099299
v -0.064943 -0.037495 0.099299
v -0.068857 -0.029702 0.099299
v -0.07184 -0.021507 0.099299
v -0.073851 -0.013022 0.099299
v -0.074863 -0.00436 0.099299
v -0.074863 0.00436 0.099299
v -0.073851 0.013022 0.099299
v -0.07184 0.021507 0.099299
v -0.068857 0.029702 0.099299
v -0.064944 0.037495 0.099299
v -0.060151 0.044781 0.099299
v -0.054546 0.051461 0.099299
v -0.048203 0.057446 0.099299
v -0.041208 0.062653 0.099299
v -0.033656 0.067014 0.099299
v -0.025648 0.070468 0.099299
v -0.017294 0.072969 0.099299
v -0.008706 0.074483 0.099299
v -0 0.07499 0.099299
v 0.008706 0.074483 0.099299
v 0.017294 0.072969 0.099299
v 0.025648 0.070468 0.099299
v 0.033656 0.067014 0.099299
v 0.041208 0.062653 0.099299
v 0.048203 0.057446 0.099299
v 0.054546 0.051461 0.099299
v 0.060151 0.044781 0.099299
v 0.064943 0.037495 0.099299
v 0.068857 0.029702 0.099299
v 0.07184 0.021507 0.099299
v 0.073851 0.013022 0.099299
v 0.074863 0.00436 0.099299
v 0.074863 -0.00436 0.099299
v 0.073851 -0.013022 0.099299
v 0.07184 -0.021507 0.099299
v 0.068857 -0.029702 0.099299
v 0.064944 -0.037495 0.099299
v 0.060151 -0.044781 0.099299
v 0.054546 -0.051461 0.099299
v 0.048203 -0.057446 0.099299
v 0.041208 -0.062653 0.099299
v 0.033656 -0.067014 0.099299
v 0.025648 -0.070468 0.099299
v 0.017294 -0.072969 0.099299
v 0.008706 -0.074483 0.099299
v 0 -0.07499 0.099299
vn 0.000358 -0.000911 0.000203
vn -0.000001 0.00098 0.0002
vn 0.000283 -0.000938 0.0002
vn 0.000282 -0.000936 0.000211
vn 0.000205 -0.00096 0.000193
vn 0.000197 -0.000939 0.000281
vn -0.000151 0.000872 0.000465
vn -0.000162 0.000979 0.000125
vn -0.000167 0.000984 -0.000061
vn -0.00032 0.000925 0.000203
vn -0.000327 0.000936 0.000129
vn -0.000423 0.000778 0.000465
vn -0.000481 0.000869 0.000119
vn -0.00048 0.000875 -0.00006
vn -0.000611 0.000768 0.000193
vn -0.000616 0.000778 0.000125
vn -0.000726 0.000655 0.000211
vn -0.000728 0.000656 0.0002
vn -0.000827 0.000525 0.0002
vn -0.000828 0.000526 0.000193
vn -0.000812 0.000345 0.000471
vn -0.000906 0.000377 0.00019
vn -0.00092 0.000388 -0.00006
vn -0.000951 0.000224 0.000211
vn -0.000955 0.000224 0.000193
vn -0.000959 0.000065 0.000276
vn -0.000991 0.000061 0.000117
vn -0.000958 -0.000102 0.000269
vn -0.000972 -0.000101 0.000211
vn -0.000927 -0.000256 0.000276
vn -0.000945 -0.000265 0.00019
vn -0.00087 -0.000405 0.00028
vn -0.000897 -0.000424 0.000129
vn -0.000805 -0.000561 0.000193
vn -0.000815 -0.000565 0.000125
vn -0.000709 -0.000694 0.000128
vn -0.000709 -0.000694 0.000129
vn -0.000576 -0.000792 0.0002
vn -0.000577 -0.000794 0.000193
vn -0.000437 -0.000876 0.000203
vn -0.00044 -0.000889 0.000129
vn -0.000275 -0.000923 0.00027
vn -0.000289 -0.000949 0.000125
vn -0.000122 -0.000974 0.00019
vn -0.000125 -0.000984 0.000128
vn 0.000001 0.00099 0.000139
vn 0.000081 0.00099 0.000119
vn -0.000079 0.000976 0.000203
vn -0.000084 0.00099 0.000116
vn -0.000216 0.000855 0.000471
vn -0.000247 0.000948 0.0002
vn -0.000247 0.000967 -0.00006
vn -0.000406 0.000912 -0.000061
vn -0.0004 0.000907 0.000128
vn -0.000364 0.000808 0.000463
vn -0.000549 0.000827 0.000116
vn -0.000547 0.000825 0.000139
vn -0.000672 0.000715 0.000193
vn -0.000669 0.000713 0.000211
vn -0.000782 0.000594 0.00019
vn -0.00078 0.000593 0.000203
vn -0.000885 0.000462 -0.000061
vn -0.000864 0.000457 0.00021
vn -0.000786 0.000408 0.000465
vn -0.000933 0.000303 0.000193
vn -0.000932 0.000303 0.0002
vn -0.000967 0.000144 0.000211
vn -0.000953 0.000139 0.000269
vn -0.000992 -0.00002 0.000125
vn -0.000981 -0.000022 0.000193
vn -0.000946 -0.00018 0.000269
vn -0.000944 -0.00018 0.000276
vn -0.000919 -0.00034 0.0002
vn -0.000903 -0.000338 0.000265
vn -0.00086 -0.000496 0.000116
vn -0.000859 -0.000495 0.000128
vn -0.000764 -0.000633 0.000129
vn -0.000755 -0.000621 0.00021
vn -0.000649 -0.00075 0.000128
vn -0.00064 -0.000744 0.00019
vn -0.000508 -0.000838 0.0002
vn -0.000507 -0.000836 0.000211
vn -0.000366 -0.000923 0.000116
vn -0.000366 -0.000922 0.000128
vn -0.000204 -0.00097 0.000129
vn -0.000204 -0.000939 0.000276
vn -0.000043 -0.000979 0.0002
vn -0.000041 -0.000991 0.000129
vn 0.000044 -0.000964 0.000262
vn 0.00004 -0.000991 0.000128
vn 0.00012 -0.000954 0.000273
vn 0.000121 -0.000957 0.000265
vn 0.00044 -0.000889 0.000128
vn 0.000366 -0.000922 0.000129
vn 0.000514 -0.000849 0.000125
vn 0.000441 -0.00089 0.000116
vn 0.000582 -0.000803 0.000128
vn 0.000514 -0.000848 0.000129
vn 0.000648 -0.000751 0.000125
vn 0.000584 -0.000804 0.000116
vn 0.000707 -0.000694 0.000139
vn 0.000649 -0.000752 0.000119
vn 0.000762 -0.000632 0.000139
vn 0.000709 -0.000695 0.000119
vn 0.000868 -0.000409 0.000281
vn 0.000836 -0.000479 0.000266
vn 0.000814 -0.000567 0.000125
vn 0.000765 -0.000633 0.000116
vn 0.000901 -0.000335 0.000276
vn 0.000871 -0.00041 0.000269
vn 0.000857 -0.000497 0.000138
vn 0.000815 -0.000567 0.000119
vn 0.000926 -0.000259 0.000276
vn 0.000903 -0.000336 0.000269
vn 0.000945 -0.000183 0.000273
vn 0.00093 -0.00026 0.000262
vn 0.000972 -0.000105 0.00021
vn 0.000964 -0.000183 0.000193
vn 0.000873 0.000126 0.000471
vn 0.000883 0.000059 0.000465
vn 0.000992 -0.000021 0.000125
vn 0.000988 -0.000103 0.000116
vn 0.000989 0.000059 0.000138
vn 0.000993 -0.000021 0.000119
vn 0.000954 0.000223 0.0002
vn 0.000971 0.000147 0.00019
vn 0.000931 0.000299 0.00021
vn 0.000955 0.000224 0.000193
vn 0.000988 0.000144 -0.00006
vn 0.000996 0.000063 -0.000061
vn 0.000913 0.000383 0.000139
vn 0.000944 0.000307 0.000119
vn 0.000879 0.000459 0.000128
vn 0.000914 0.000384 0.000129
vn 0.000781 0.000589 0.00021
vn 0.000828 0.000527 0.000193
vn 0.000838 0.000531 0.000125
vn 0.00088 0.00046 0.000116
vn 0.000737 0.000662 0.000139
vn 0.000791 0.000601 0.000119
vn 0.000533 0.000798 0.000281
vn 0.000596 0.000757 0.000266
vn 0.00068 0.000723 0.000125
vn 0.000738 0.000664 0.000116
vn 0.000617 0.000775 0.000138
vn 0.00068 0.000724 0.000119
vn 0.000472 0.000858 0.000203
vn 0.000541 0.000817 0.0002
vn 0.000401 0.000893 0.000203
vn 0.000472 0.000859 0.0002
vn 0.000161 0.000948 0.000273
vn 0.000241 0.000952 0.000187
vn 0.000327 0.000937 0.000125
vn 0.000403 0.000908 0.000116
vn 0.000085 0.000959 0.000272
vn 0.000161 0.000953 0.000256
vn 0.000245 0.000961 0.00013
vn 0.000327 0.000937 0.00012
vn -0.000025 -0.000565 0.000825
vn -0.000024 -0.000575 0.000818
vn 0.000024 -0.000574 0.000818
vn 0.000022 -0.000553 0.000833
vn 0.00007 -0.000553 0.00083
vn 0.000067 -0.000535 0.000842
vn 0.000114 -0.000534 0.000838
vn 0.000116 -0.00055 0.000827
vn 0.000166 -0.000546 0.000821
vn 0.000159 -0.000529 0.000833
vn 0.000202 -0.000514 0.000833
vn 0.000212 -0.000535 0.000818
vn 0.000256 -0.000515 0.000818
vn 0.000257 -0.000516 0.000817
vn 0.000301 -0.000497 0.000814
vn 0.000291 -0.000482 0.000826
vn 0.00033 -0.000456 0.000827
vn 0.000344 -0.000472 0.000812
vn 0.000382 -0.000444 0.00081
vn 0.000373 -0.000432 0.000821
vn 0.000414 -0.000405 0.000815
vn 0.000407 -0.0004 0.000821
vn 0.000449 -0.000371 0.000813
vn 0.00045 -0.000372 0.000812
vn 0.00048 -0.000335 0.00081
vn 0.000476 -0.000331 0.000815
vn 0.00051 -0.000294 0.000808
vn 0.000481 -0.00028 0.000831
vn 0.000514 -0.000241 0.000823
vn 0.000492 -0.000232 0.000839
vn 0.000509 -0.000191 0.000839
vn 0.000534 -0.000199 0.000822
vn 0.000552 -0.000153 0.000819
vn 0.000542 -0.000151 0.000826
vn 0.000562 -0.000107 0.000821
vn 0.000553 -0.000106 0.000827
vn 0.000571 -0.000059 0.000819
vn 0.000573 -0.000059 0.000817
vn 0.000581 -0.000012 0.000814
vn 0.000559 -0.000013 0.000829
vn 0.000568 0.000036 0.000822
vn 0.000533 0.000031 0.000845
vn 0.000537 0.000077 0.00084
vn 0.000577 0.000086 0.000812
vn 0.00057 0.000133 0.000811
vn 0.00056 0.000131 0.000818
vn 0.000552 0.000179 0.000815
vn 0.000563 0.000182 0.000806
vn 0.000553 0.000235 0.000799
vn 0.000517 0.000217 0.000828
vn 0.000497 0.000259 0.000828
vn 0.00051 0.000267 0.000817
vn 0.00049 0.000311 0.000814
vn 0.000464 0.000293 0.000836
vn 0.000445 0.000338 0.000829
vn 0.000445 0.000338 0.000829
vn 0.000424 0.00038 0.000822
vn 0.00044 0.000397 0.000806
vn 0.000408 0.000432 0.000804
vn 0.000385 0.000412 0.000826
vn 0.000355 0.000448 0.00082
vn 0.000337 0.000423 0.000841
vn 0.000304 0.000458 0.000835
vn 0.000306 0.00046 0.000833
vn 0.000267 0.000484 0.000833
vn 0.000273 0.000497 0.000824
vn 0.000231 0.000518 0.000824
vn 0.000239 0.00054 0.000807
vn 0.000195 0.000563 0.000803
vn 0.000189 0.000538 0.000821
vn 0.000144 0.000565 0.000813
vn 0.000136 0.000521 0.000843
vn 0.000093 0.000531 0.000842
vn 0.000098 0.000579 0.000809
vn 0.000047 0.000591 0.000805
vn 0.000046 0.000557 0.000829
vn 0.000002 0.000569 0.000822
vn 0.000001 0.000578 0.000816
vn -0.000049 0.000575 0.000817
vn -0.00005 0.00058 0.000813
vn -0.000097 0.000579 0.000809
vn -0.000092 0.000557 0.000825
vn -0.000144 0.000558 0.000817
vn -0.000141 0.000549 0.000824
vn -0.000186 0.000535 0.000824
vn -0.000189 0.000541 0.000819
vn -0.000235 0.000525 0.000818
vn -0.000218 0.000493 0.000842
vn -0.000263 0.000478 0.000838
vn -0.00027 0.00049 0.000829
vn -0.000314 0.000475 0.000822
vn -0.000328 0.000493 0.000806
vn -0.000368 0.000467 0.000804
vn -0.000343 0.00043 0.000835
vn -0.00038 0.000406 0.000831
vn -0.000379 0.000404 0.000833
vn -0.000418 0.000376 0.000827
vn -0.00041 0.00037 0.000833
vn -0.00044 0.000334 0.000833
vn -0.000447 0.000339 0.000828
vn -0.000475 0.000302 0.000826
vn -0.000493 0.000316 0.000811
vn -0.000527 0.000274 0.000804
vn -0.0005 0.000263 0.000825
vn -0.000531 0.000223 0.000817
vn -0.000538 0.000226 0.000812
vn -0.000556 0.000182 0.000811
vn -0.000545 0.000177 0.00082
vn -0.000566 0.000131 0.000814
vn -0.000534 0.000126 0.000836
vn -0.000552 0.000083 0.00083
vn -0.000566 0.000084 0.00082
vn -0.000571 0.000035 0.00082
vn -0.000575 0.000035 0.000817
vn -0.000581 -0.000012 0.000814
vn -0.000549 -0.00001 0.000836
vn -0.000556 -0.000057 0.000829
vn -0.000558 -0.000058 0.000828
vn -0.000551 -0.000105 0.000828
vn -0.000548 -0.000104 0.00083
vn -0.00054 -0.000151 0.000828
vn -0.000544 -0.000152 0.000825
vn -0.000536 -0.0002 0.00082
vn -0.000507 -0.000187 0.000841
vn -0.000498 -0.000234 0.000835
vn -0.000509 -0.000241 0.000826
vn -0.000488 -0.000281 0.000827
vn -0.0005 -0.000289 0.000816
vn -0.000477 -0.00033 0.000815
vn -0.000462 -0.00032 0.000827
vn -0.000439 -0.000364 0.000821
vn -0.000438 -0.000362 0.000823
vn -0.000406 -0.000397 0.000823
vn -0.000406 -0.000398 0.000823
vn -0.000371 -0.000429 0.000823
vn -0.000373 -0.000432 0.000821
vn -0.000338 -0.000467 0.000817
vn -0.000327 -0.000448 0.000832
vn -0.000293 -0.000484 0.000825
vn -0.000288 -0.000476 0.000831
vn -0.000249 -0.0005 0.00083
vn -0.000255 -0.000514 0.000819
vn -0.000212 -0.000539 0.000815
vn -0.00021 -0.000533 0.00082
vn -0.000167 -0.000554 0.000816
vn -0.000159 -0.00052 0.000839
vn -0.000115 -0.000532 0.000839
vn -0.00012 -0.00057 0.000813
vn -0.000072 -0.000581 0.000811
vn -0.00007 -0.000555 0.000829
vn 0.000067 0.000123 -0.00099
vn 0.000084 0.000107 -0.000991
vn 0.0001 0.00009 -0.000991
vn 0.000089 0.000047 -0.000995
vn 0.000013 0.000142 -0.00099
vn 0.000001 0.000132 -0.000991
vn -0.000012 0.000157 -0.000988
vn -0.000021 0.000126 -0.000992
vn -0.000039 0.000156 -0.000987
vn -0.000067 0.000157 -0.000985
vn -0.000045 0.00013 -0.00099
vn -0.000057 0.000105 -0.000993
vn -0.000101 0.000132 -0.000986
vn 0.000054 0.000157 -0.000986
vn 0.000181 0.000042 -0.000983
vn 0.0006 0.000141 -0.000787
vn 0.000161 0.000056 -0.000985
vn 0.000092 0.00003 -0.000995
vn 0.000587 0.00019 -0.000787
vn 0.000592 0.000192 -0.000783
vn 0.000149 0.000064 -0.000987
vn 0.000108 0.000045 -0.000993
vn 0.000546 0.000229 -0.000806
vn 0.000573 0.000242 -0.000783
vn 0.000142 0.000074 -0.000987
vn 0.000525 0.000274 -0.000806
vn 0.00053 0.000277 -0.000801
vn 0.000139 0.00009 -0.000986
vn 0.000086 0.000055 -0.000995
vn 0.0005 0.000317 -0.000806
vn 0.000505 0.00032 -0.000801
vn 0.000815 0.000517 -0.00026
vn 0.000136 0.000105 -0.000985
vn 0.000101 0.000077 -0.000992
vn 0.000472 0.000357 -0.000806
vn 0.000477 0.000362 -0.000801
vn 0.000769 0.000583 -0.00026
vn 0.00077 0.000584 -0.000257
vn 0.000115 0.000103 -0.000988
vn 0.000459 0.000412 -0.000787
vn 0.000445 0.000399 -0.000801
vn 0.000717 0.000648 -0.000257
vn 0.000747 0.000665 -0.000025
vn 0.000111 0.00012 -0.000986
vn 0.000082 0.000088 -0.000993
vn 0.000405 0.000431 -0.000806
vn 0.000425 0.000454 -0.000783
vn 0.000663 0.000702 -0.00026
vn 0.000681 0.000732 -0.000022
vn 0.000361 0.000455 -0.000814
vn 0.000372 0.000469 -0.000801
vn 0.0006 0.000756 -0.00026
vn 0.0006 0.000757 -0.000257
vn 0.000567 0.000714 0.000411
vn 0.00009 0.000134 -0.000987
vn 0.000328 0.000493 -0.000806
vn 0.000327 0.000491 -0.000808
vn 0.000535 0.000804 -0.00026
vn 0.000535 0.000805 -0.000257
vn 0.000504 0.000757 0.000415
vn 0.000502 0.000755 0.000423
vn 0.000118 0.000209 -0.000971
vn 0.000287 0.000526 -0.000801
vn 0.000397 0.000715 -0.000576
vn 0.000463 0.000848 -0.000257
vn 0.00048 0.000865 0.000146
vn 0.000435 0.000797 0.000418
vn 0.000241 0.000957 0.000158
vn 0.000246 0.000941 -0.000231
vn 0.000161 0.00096 -0.000228
vn 0.000172 0.000984 -0.00004
vn 0.000079 0.000997 -0.000025
vn 0.000083 0.000962 -0.00026
vn -0.000001 0.000966 -0.000257
vn 0.000006 0.001 -0.000025
vn -0.000089 0.000996 -0.000022
vn 0.000103 0.000608 -0.000787
vn 0.000051 0.00062 -0.000783
vn -0.000439 0.000799 0.000411
vn -0.000505 0.000752 0.000423
vn 0.000033 0.000136 -0.00099
vn 0.00005 0.00059 -0.000806
vn 0.000001 0.000598 -0.000801
vn -0.000063 0.000811 -0.000582
vn -0.000141 0.000808 -0.000572
vn 0.00001 0.00012 -0.000993
vn -0.000194 0.000771 -0.000607
vn -0.000267 0.000757 -0.000596
vn -0.000388 0.000884 -0.00026
vn -0.000465 0.000847 -0.000257
vn -0.000625 0.000666 0.000408
vn -0.000675 0.000609 0.000417
vn -0.000031 0.000179 -0.000983
vn -0.000215 0.00063 -0.000747
vn -0.000275 0.000611 -0.000742
vn -0.000598 0.000758 -0.00026
vn -0.000661 0.000705 -0.000257
vn -0.000043 0.000096 -0.000994
vn -0.000341 0.000514 -0.000787
vn -0.000387 0.000487 -0.000783
vn -0.000769 0.000584 -0.00026
vn -0.000817 0.000517 -0.000257
vn -0.000841 0.00054 -0.00004
vn -0.000886 0.000463 -0.000025
vn -0.000061 0.000077 -0.000995
vn -0.000431 0.000389 -0.000815
vn -0.000467 0.000355 -0.000809
vn -0.000923 0.000063 0.00038
vn -0.000921 -0.000019 0.000389
vn -0.000403 0.000263 -0.000876
vn -0.000488 0.000255 -0.000835
vn -0.000939 0.000224 -0.00026
vn -0.000956 0.00014 -0.000257
vn -0.000988 0.000152 -0.000025
vn -0.000998 0.000057 -0.000021
vn -0.000425 0.000226 -0.000876
vn -0.00051 0.000215 -0.000833
vn -0.000743 0.000246 -0.000623
vn -0.000771 0.000177 -0.000612
vn -0.000874 0.000061 -0.000482
vn -0.000883 -0.000023 -0.000469
vn -0.000965 -0.000018 -0.00026
vn -0.000961 -0.000104 -0.000257
vn -0.000933 -0.00026 0.000247
vn -0.000903 -0.000339 0.000264
vn -0.000855 -0.000316 0.00041
vn -0.00082 -0.000386 0.000423
vn -0.000563 0.000136 -0.000815
vn -0.00058 0.000087 -0.00081
vn -0.000823 -0.000387 0.000415
vn -0.000786 -0.000455 0.000418
vn -0.000813 -0.000082 -0.000576
vn -0.000806 -0.000152 -0.000572
vn -0.000832 -0.000477 0.000283
vn -0.000787 -0.000547 0.000286
vn -0.000691 -0.000676 0.000254
vn -0.000631 -0.000732 0.000257
vn -0.000152 -0.000038 -0.000988
vn -0.000323 -0.000118 -0.000939
vn -0.000687 -0.000474 -0.000551
vn -0.000646 -0.000534 -0.000546
vn -0.000153 -0.000082 -0.000985
vn -0.000347 -0.000241 -0.000906
vn -0.000546 -0.000632 -0.000551
vn -0.000493 -0.000677 -0.000546
vn -0.00013 -0.000102 -0.000986
vn -0.000273 -0.000267 -0.000924
vn -0.00021 -0.000969 0.000133
vn -0.00012 -0.000982 0.000146
vn -0.000106 -0.000098 -0.00099
vn -0.000293 -0.000339 -0.000894
vn -0.000366 -0.000731 -0.000576
vn -0.000305 -0.000762 -0.000572
vn 0.000035 -0.000912 0.000408
vn 0.000114 -0.000902 0.000417
vn -0.000085 -0.000109 -0.00099
vn -0.000251 -0.000413 -0.000875
vn -0.000123 -0.000939 -0.000322
vn -0.000036 -0.000949 -0.000314
vn -0.000087 -0.000132 -0.000987
vn -0.000225 -0.000453 -0.000863
vn -0.000172 -0.000799 -0.000576
vn -0.0001 -0.000815 -0.000571
vn 0.000199 -0.000949 0.000244
vn 0.000281 -0.000925 0.000255
vn 0.000268 -0.000894 0.000359
vn 0.000346 -0.000865 0.000362
vn -0.000051 -0.000116 -0.000992
vn -0.000159 -0.000527 -0.000835
vn -0.000038 -0.000816 -0.000576
vn 0.000037 -0.00082 -0.000571
vn 0.000403 -0.000819 0.000408
vn 0.000471 -0.000778 0.000417
vn -0.00003 -0.000338 -0.000941
vn -0.000006 -0.000208 -0.000978
vn 0.000173 -0.000817 -0.000551
vn 0.00024 -0.000802 -0.000547
vn 0.000046 -0.000281 -0.000958
vn 0.000037 -0.000175 -0.000984
vn 0.000706 -0.000695 0.000136
vn 0.000761 -0.000629 0.000157
vn 0.000162 -0.000309 -0.000937
vn 0.000129 -0.000213 -0.000968
vn 0.000584 -0.000572 -0.000576
vn 0.000632 -0.000523 -0.000571
vn 0.000189 -0.000207 -0.00096
vn 0.000132 -0.000129 -0.000983
vn 0.000708 -0.000409 -0.000576
vn 0.000741 -0.000352 -0.000572
vn 0.000973 -0.000186 0.000137
vn 0.000982 -0.000099 0.000158
vn 0.000912 -0.000019 0.000411
vn 0.000904 0.000057 0.000423
vn 0.000227 -0.00015 -0.000962
vn 0.000174 -0.000101 -0.00098
vn 0.000787 -0.00022 -0.000576
vn 0.000806 -0.000154 -0.000571
vn 0.000941 -0.000103 -0.000322
vn 0.000949 -0.00002 -0.000314
vn 0.00026 -0.000117 -0.000958
vn 0.000177 -0.000066 -0.000982
vn 0.000964 0.00006 -0.00026
vn 0.000956 0.000143 -0.000257
vn 0.00099 0.00014 -0.000025
vn 0.000973 0.000228 -0.000022
vn 0.000256 -0.000089 -0.000963
vn 0.000183 -0.000051 -0.000982
vn 0.000973 0.000228 -0.000025
vn 0.000951 0.000309 -0.000022
vn 0.00081 0.000421 0.000408
vn 0.000768 0.000487 0.000417
vn 0.000263 -0.000045 -0.000964
vn 0.000204 -0.000025 -0.000979
vn 0.000578 -0.000016 -0.000816
vn 0.000587 0.000037 -0.000808
vn 0.000726 0.000551 0.000411
vn 0.00067 0.00061 0.000423
vn 0.000318 -0.000028 -0.000948
vn 0.000224 0.000001 -0.000975
vn 0.000577 0.000036 -0.000816
vn 0.000582 0.000085 -0.000809
vn 0.000898 0.000375 -0.000231
vn 0.000863 0.000452 -0.000228
vn 0.000217 0.00083 0.000514
vn 0.000138 0.000845 0.000517
vn 0.000081 0.000908 0.00041
vn -0.000005 0.000906 0.000423
vn 0.000197 0.000781 -0.000593
vn -0.000077 0.000967 0.000244
vn -0.000166 0.000953 0.000255
vn 0.00015 0.000572 -0.000806
vn 0.000101 0.00059 -0.000801
vn -0.000161 0.000986 -0.000036
vn -0.000252 0.000968 -0.000011
vn -0.000244 0.000959 0.000146
vn -0.000325 0.000934 0.000148
vn -0.000321 0.000929 0.000182
vn -0.000403 0.000894 0.000194
vn -0.000369 0.000834 0.000411
vn -0.000437 0.000794 0.000423
vn -0.000622 0.000662 0.000418
vn -0.000561 0.000716 0.000415
vn -0.000055 0.00062 -0.000783
vn 0.000001 0.000617 -0.000787
vn 0.000023 0.000135 -0.000991
vn 0.000024 0.000138 -0.00099
vn 0 0.000115 -0.000993
vn -0.000099 0.000608 -0.000787
vn -0.000157 0.000602 -0.000783
vn -0.000465 0.000846 -0.00026
vn -0.000536 0.000804 -0.000257
vn -0.000549 0.000836 -0.000025
vn -0.000625 0.00078 -0.000022
vn -0.000676 0.000609 0.000415
vn -0.000723 0.000549 0.000418
vn -0.000769 0.000483 0.000418
vn -0.000724 0.00055 0.000415
vn -0.000009 0.000129 -0.000992
vn -0.000036 0.000145 -0.000989
vn -0.00024 0.000541 -0.000806
vn -0.000288 0.000524 -0.000801
vn -0.000661 0.000704 -0.00026
vn -0.000718 0.000647 -0.000257
vn -0.000769 0.000585 -0.000257
vn -0.000717 0.000646 -0.00026
vn -0.00033 0.000499 -0.000801
vn -0.000285 0.000519 -0.000806
vn -0.000064 0.000182 -0.000981
vn -0.000073 0.000133 -0.000988
vn -0.000367 0.000464 -0.000806
vn -0.000409 0.000436 -0.000801
vn -0.000885 0.000463 -0.000035
vn -0.000922 0.000387 -0.000012
vn -0.000887 0.000211 0.00041
vn -0.000897 0.000128 0.000423
vn -0.000964 0.000222 0.000146
vn -0.000942 0.000308 0.000133
vn -0.000952 0.000305 -0.000022
vn -0.000921 0.000388 -0.000025
vn -0.000437 0.000394 -0.000809
vn -0.000397 0.000424 -0.000814
vn -0.000066 0.0001 -0.000993
vn -0.000091 0.000141 -0.000986
vn -0.000901 -0.000098 0.000423
vn -0.000911 -0.00002 0.000411
vn -0.000495 0.000316 -0.00081
vn -0.000462 0.000351 -0.000815
vn -0.000115 0.000122 -0.000986
vn -0.000931 -0.00026 0.000255
vn -0.000953 -0.00018 0.000244
vn -0.000971 -0.000187 0.000148
vn -0.000984 -0.000099 0.000146
vn -0.000582 0.000186 -0.000791
vn -0.000559 0.000232 -0.000796
vn -0.000611 0.000034 -0.000791
vn -0.000598 0.000089 -0.000797
vn -0.000579 -0.000007 -0.000815
vn -0.000584 -0.000064 -0.000809
vn -0.00082 -0.000156 -0.000551
vn -0.000807 -0.000225 -0.000546
vn -0.000889 -0.000326 -0.000322
vn -0.000859 -0.000404 -0.000314
vn -0.000797 -0.000552 0.000244
vn -0.000745 -0.000616 0.000254
vn -0.000691 -0.000676 0.000257
vn -0.000746 -0.000616 0.000254
vn -0.000821 -0.000477 -0.000314
vn -0.000857 -0.000403 -0.000322
vn -0.000784 -0.000295 -0.000546
vn -0.000804 -0.000224 -0.000551
vn -0.000159 -0.000012 -0.000987
vn -0.000339 -0.000064 -0.000939
vn -0.000773 -0.000443 -0.000454
vn -0.000734 -0.000512 -0.000447
vn -0.000634 -0.000734 0.000244
vn -0.000568 -0.000782 0.000255
vn -0.000407 -0.000827 0.000389
vn -0.00048 -0.00079 0.00038
vn -0.000497 -0.000826 0.000264
vn -0.00057 -0.000784 0.000247
vn -0.000342 -0.000095 -0.000935
vn -0.000157 -0.000026 -0.000987
vn -0.000193 -0.000066 -0.000979
vn -0.000378 -0.000177 -0.000909
vn -0.000643 -0.000532 -0.000551
vn -0.000599 -0.000586 -0.000546
vn -0.000347 -0.000868 0.000354
vn -0.000269 -0.000891 0.000366
vn -0.000188 -0.000901 0.000391
vn -0.000266 -0.000883 0.000388
vn -0.00036 -0.000919 0.000158
vn -0.000444 -0.000885 0.000136
vn -0.000547 -0.000634 -0.000546
vn -0.000597 -0.000584 -0.000551
vn -0.000375 -0.000217 -0.000901
vn -0.000184 -0.00008 -0.00098
vn -0.000035 -0.000905 0.000423
vn -0.000117 -0.000904 0.00041
vn -0.000401 -0.000814 -0.000419
vn -0.000472 -0.000772 -0.000426
vn -0.000433 -0.000717 -0.000546
vn -0.000491 -0.000675 -0.000551
vn -0.000321 -0.000265 -0.000909
vn -0.000123 -0.00008 -0.000989
vn 0.000196 -0.00091 0.000366
vn 0.000115 -0.000926 0.00036
vn 0.000045 -0.000988 0.000148
vn -0.000046 -0.000988 0.000146
vn -0.000186 -0.000889 -0.000419
vn -0.000264 -0.000865 -0.000426
vn -0.000245 -0.000818 -0.00052
vn -0.000314 -0.000792 -0.000524
vn -0.000274 -0.000377 -0.000885
vn -0.000095 -0.000103 -0.00099
vn 0.000122 -0.000942 -0.000314
vn 0.000035 -0.000946 -0.000322
vn -0.000191 -0.000481 -0.000856
vn -0.000061 -0.000111 -0.000992
vn -0.000048 -0.000139 -0.000989
vn -0.000116 -0.000541 -0.000833
vn 0.00036 -0.000921 0.000146
vn 0.000443 -0.000884 0.000148
vn 0.000471 -0.000778 0.000415
vn 0.000536 -0.000733 0.000418
vn 0.000178 -0.000835 -0.00052
vn 0.000102 -0.000845 -0.000524
vn -0.000029 -0.000202 -0.000979
vn -0.000122 -0.000571 -0.000812
vn -0.000001 -0.000285 -0.000958
vn 0.000005 -0.000203 -0.000979
vn 0.000246 -0.000815 -0.000524
vn 0.000316 -0.000793 -0.00052
vn 0.000417 -0.00085 -0.000322
vn 0.000492 -0.000812 -0.000314
vn 0.000578 -0.000803 0.000146
vn 0.000647 -0.000748 0.000148
vn 0.000632 -0.000735 0.000244
vn 0.000692 -0.000675 0.000255
vn 0.000561 -0.000766 -0.000314
vn 0.00049 -0.00081 -0.000322
vn 0.000368 -0.000734 -0.000571
vn 0.0003 -0.00076 -0.000576
vn 0.000029 -0.000208 -0.000978
vn 0.000026 -0.000338 -0.000941
vn 0.000069 -0.000276 -0.000959
vn 0.000052 -0.000172 -0.000984
vn 0.000762 -0.000631 0.000146
vn 0.000812 -0.000564 0.000148
vn 0.000091 -0.000269 -0.000959
vn 0.000066 -0.000168 -0.000984
vn 0.000477 -0.000663 -0.000576
vn 0.000535 -0.000622 -0.000572
vn 0.000814 -0.000566 0.000133
vn 0.000857 -0.000495 0.000146
vn 0.000843 -0.000401 0.000359
vn 0.000875 -0.000321 0.000362
vn 0.000895 -0.000417 0.000158
vn 0.000858 -0.000496 0.000137
vn 0.000599 -0.000586 -0.000546
vn 0.000545 -0.000632 -0.000551
vn 0.000091 -0.00019 -0.000978
vn 0.00011 -0.000255 -0.000961
vn 0.00019 -0.000299 -0.000935
vn 0.00013 -0.000175 -0.000976
vn 0.00063 -0.000521 -0.000576
vn 0.000674 -0.000469 -0.000572
vn 0.000928 -0.000349 0.000133
vn 0.000953 -0.000266 0.000146
vn 0.000909 -0.000019 0.000417
vn 0.000908 -0.000098 0.000408
vn 0.00097 -0.000185 0.000157
vn 0.000954 -0.000267 0.000137
vn 0.00071 -0.000411 -0.000571
vn 0.000671 -0.000467 -0.000576
vn 0.00012 -0.000139 -0.000983
vn 0.000172 -0.000223 -0.00096
vn 0.000204 -0.00019 -0.00096
vn 0.000143 -0.000118 -0.000983
vn 0.00077 -0.000363 -0.000524
vn 0.000801 -0.000296 -0.00052
vn 0.00091 0.000057 0.000411
vn 0.000896 0.000137 0.000423
vn 0.00079 -0.000221 -0.000572
vn 0.000766 -0.000285 -0.000576
vn 0.000153 -0.000106 -0.000983
vn 0.000218 -0.000172 -0.000961
vn 0.000758 0.000398 0.000517
vn 0.000792 0.000328 0.000514
vn 0.000964 0.00006 -0.000257
vn 0.000965 -0.000018 -0.00026
vn 0.000817 -0.000083 -0.000571
vn 0.000803 -0.000154 -0.000576
vn 0.000183 -0.000086 -0.000979
vn 0.000245 -0.000137 -0.00096
vn 0.000722 0.000548 0.000423
vn 0.00077 0.000488 0.000411
vn 0.00092 0.000392 -0.000025
vn 0.00095 0.000308 -0.000039
vn 0.000188 -0.000036 -0.000982
vn 0.000261 -0.000067 -0.000963
vn 0.000598 0.000088 -0.000796
vn 0.000597 0.00014 -0.00079
vn 0.000856 0.000447 -0.00026
vn 0.000816 0.000517 -0.000257
vn 0.000629 0.000662 0.000408
vn 0.000565 0.000712 0.000417
vn 0.000071 0.000161 -0.000984
vn 0.000089 0.000204 -0.000975
vn 0.000324 0.000723 -0.00061
vn 0.000334 0.00075 -0.000571
vn 0.000403 0.000905 0.000133
vn 0.000402 0.000904 0.000148
vn 0.000047 0.00018 -0.000983
vn 0.000064 0.00018 -0.000982
vn 0.000263 0.000753 -0.000604
vn 0.000264 0.000756 -0.000599
vn 0.000326 0.000935 0.000137
vn 0.000325 0.000934 0.000146
vn -0.000067 -0.000766 -0.000639
vn 0.000587 0.000536 -0.000607
vn -0.000132 -0.000774 -0.00062
vn -0.000134 -0.00078 -0.000612
vn 0.000645 -0.00043 -0.000632
vn 0.00062 0.000479 -0.000622
vn 0.000624 0.000481 -0.000616
vn -0.00052 0.000408 -0.00075
vn -0.000194 -0.000755 -0.000627
vn -0.000198 -0.000769 -0.000608
vn 0.000612 -0.000481 -0.000627
vn 0.000606 -0.000476 -0.000638
vn 0.000532 0.000342 -0.000775
vn 0.00065 0.000424 -0.00063
vn -0.00046 0.000426 -0.000779
vn -0.000482 0.000448 -0.000753
vn -0.000245 -0.000711 -0.000659
vn -0.000261 -0.000751 -0.000607
vn 0.000569 -0.000529 -0.000629
vn 0.000566 -0.000525 -0.000636
vn 0.000544 0.000292 -0.000787
vn 0.000551 0.000295 -0.00078
vn 0.000556 0.000244 -0.000794
vn 0.000715 0.000307 -0.000628
vn 0.000133 0.000779 -0.000613
vn 0.000132 0.00077 -0.000624
vn 0.000003 0.000747 -0.000665
vn 0.000003 0.000653 -0.000757
vn 0.000002 0.000642 -0.000767
vn -0.000127 0.000765 -0.000631
vn -0.000101 0.000631 -0.000769
vn -0.000253 0.000749 -0.000612
vn -0.000251 0.000741 -0.000623
vn -0.000334 0.00062 -0.00071
vn -0.000294 0.00055 -0.000782
vn -0.000465 0.000603 -0.000648
vn -0.000459 0.000595 -0.000659
vn -0.000558 0.00037 -0.000743
vn -0.000495 0.000387 -0.000777
vn -0.000404 0.00022 -0.000888
vn -0.000314 0.000199 -0.000928
vn -0.000625 0.000217 -0.00075
vn -0.000574 0.000253 -0.000779
vn -0.000409 0.000185 -0.000893
vn -0.000321 0.000171 -0.000932
vn -0.000641 0.000165 -0.00075
vn -0.0006 0.000208 -0.000773
vn -0.000652 0.000111 -0.00075
vn -0.000607 0.000155 -0.000779
vn -0.000667 0.000058 -0.000742
vn -0.00062 0.000105 -0.000778
vn -0.000778 -0.000126 -0.000615
vn -0.000764 -0.000063 -0.000642
vn -0.00067 0.000003 -0.000742
vn -0.000626 0.000053 -0.000778
vn -0.000764 -0.00019 -0.000617
vn -0.000752 -0.000123 -0.000648
vn -0.000659 -0.000051 -0.00075
vn -0.000634 0.000002 -0.000773
vn -0.000747 -0.000253 -0.000614
vn -0.000742 -0.000186 -0.000644
vn -0.000725 -0.000314 -0.000613
vn -0.000724 -0.000246 -0.000644
vn -0.000695 -0.000373 -0.000615
vn -0.000697 -0.000304 -0.000649
vn -0.000666 -0.000431 -0.000609
vn -0.000671 -0.000361 -0.000647
vn -0.000626 -0.000479 -0.000615
vn -0.000637 -0.000414 -0.00065
vn -0.000541 -0.000583 -0.000606
vn -0.00056 -0.000516 -0.000647
vn -0.000489 -0.000623 -0.000611
vn -0.000515 -0.000557 -0.000652
vn -0.000391 -0.000307 -0.000868
vn -0.000496 -0.000453 -0.000741
vn -0.00047 -0.000601 -0.000646
vn -0.000439 -0.000665 -0.000604
vn -0.000415 -0.000633 -0.000653
vn -0.00038 -0.000696 -0.000609
vn -0.00036 -0.000663 -0.000657
vn -0.000003 -0.00077 -0.000638
vn -0.000069 -0.000781 -0.00062
vn 0.00006 -0.000766 -0.00064
vn -0.000004 -0.00078 -0.000625
vn 0.000124 -0.000763 -0.000634
vn 0.000061 -0.000779 -0.000624
vn 0.000186 -0.000746 -0.00064
vn 0.000125 -0.00077 -0.000626
vn 0.000248 -0.000734 -0.000633
vn 0.000189 -0.000761 -0.000621
vn 0.000303 -0.000707 -0.000638
vn 0.000249 -0.000738 -0.000627
vn 0.000426 -0.000652 -0.000626
vn 0.000473 -0.000613 -0.000633
vn 0.000264 -0.000609 -0.000748
vn 0.00023 -0.00043 -0.000873
vn 0.000476 -0.000617 -0.000626
vn 0.000313 -0.000596 -0.000739
vn 0.000267 -0.00042 -0.000868
vn 0.000522 -0.000572 -0.000632
vn 0.000526 -0.000577 -0.000624
vn 0.000728 -0.000253 -0.000637
vn 0.000711 -0.000311 -0.000631
vn 0.000749 -0.000193 -0.000634
vn 0.000736 -0.000257 -0.000626
vn 0.000433 -0.000237 -0.00087
vn 0.000541 -0.000357 -0.000762
vn 0.00076 -0.00013 -0.000636
vn 0.000751 -0.000194 -0.000631
vn 0.000461 -0.000209 -0.000862
vn 0.000581 -0.000323 -0.000747
vn 0.000773 -0.000067 -0.00063
vn 0.000767 -0.000131 -0.000629
vn 0.000775 -0.000068 -0.000629
vn 0.000776 -0.000006 -0.00063
vn 0.000669 -0.000002 -0.000743
vn 0.000633 0.00005 -0.000773
vn 0.000661 0.000051 -0.000749
vn 0.000765 0.000127 -0.000631
vn 0.000627 0.0001 -0.000773
vn 0.000733 0.000182 -0.000655
vn 0.000706 0.000177 -0.000686
vn 0.000194 0.000756 -0.000625
vn 0.000197 0.000764 -0.000614
vn 0.000053 0.000641 -0.000766
vn 0.00007 0.000785 -0.000615
vn -0.000049 0.000622 -0.000782
vn -0.00005 0.000645 -0.000763
vn -0.000189 0.000757 -0.000626
vn -0.00019 0.000763 -0.000618
vn -0.000251 0.000571 -0.000782
vn -0.000312 0.000725 -0.000614
vn -0.00038 0.000589 -0.000713
vn -0.000419 0.000645 -0.000638
vn -0.000405 0.00044 -0.000802
vn -0.000497 0.000548 -0.000673
vn -0.00005 0.000055 -0.000997
vn -0.00009 0.000081 -0.000993
vn -0.00006 0.000055 -0.000997
vn -0.000116 0.000088 -0.000989
vn -0.000061 0.000047 -0.000997
vn -0.000126 0.00008 -0.000989
vn -0.000066 0.000029 -0.000997
vn -0.000164 0.000054 -0.000985
vn -0.000088 0.000031 -0.000996
vn -0.000186 0.000044 -0.000982
vn -0.000067 0.000017 -0.000998
vn -0.000194 0.000029 -0.000981
vn -0.000066 0.000011 -0.000998
vn -0.000203 0.000013 -0.000979
vn -0.000103 0.000009 -0.000995
vn -0.000224 -0.000004 -0.000975
vn -0.000064 0 -0.000998
vn -0.000147 -0.000012 -0.000989
vn -0.000324 -0.000729 -0.000603
vn -0.000305 -0.000692 -0.000654
vn -0.000006 -0.000031 -0.000999
vn 0.000136 -0.000001 -0.000991
vn 0.000074 0.000006 -0.000997
vn 0.000155 0.00001 -0.000988
vn 0.000075 0.000012 -0.000997
vn 0.000142 0.000021 -0.00099
vn 0.000077 0.000019 -0.000997
vn 0.000723 0.000245 -0.000646
vn 0.00071 0.000241 -0.000662
vn 0.000536 0.000577 -0.000616
vn 0.000573 0.000524 -0.00063
vn 0.000531 0.000572 -0.000625
vn 0.000488 0.000621 -0.000613
vn 0.000489 0.000623 -0.00061
vn 0.000442 0.000669 -0.000597
vn 0.000429 0.000652 -0.000625
vn 0.0001 0.000129 -0.000987
vn 0.00038 0.000692 -0.000614
vn 0.000336 0.000619 -0.00071
vn 0.000077 0.000116 -0.00099
vn 0.000316 0.000714 -0.000624
vn 0.000289 0.000649 -0.000704
vn 0.00026 0.000746 -0.000614
vn 0.000256 0.000738 -0.000625
vn -0.000078 0.000997 -0.000001
vn -0.000078 0.000997 -0.000001
vn -0.000024 0.001 -0.000001
vn 0.000027 0.001 0.000011
vn 0.000005 0.001 -0.000001
vn 0.000085 0.000996 -0.000001
vn 0.000087 0.000996 -0
vn 0.000169 0.000986 -0
vn 0.000169 0.000986 -0
vn 0.000249 0.000968 0
vn 0.00025 0.000968 -0
vn 0.000328 0.000945 -0
vn 0.000329 0.000944 -0
vn 0.000406 0.000914 -0
vn 0.000406 0.000914 -0
vn 0.00048 0.000878 -0
vn 0.00048 0.000877 -0
vn 0.00055 0.000835 -0
vn 0.00055 0.000835 -0
vn 0.000617 0.000787 0
vn 0.000618 0.000786 -0
vn 0.00068 0.000733 -0
vn 0.00068 0.000733 -0
vn 0.000738 0.000674 0
vn 0.000739 0.000674 -0
vn 0.000792 0.000611 -0
vn 0.000792 0.000611 -0
vn 0.00084 0.000543 -0
vn 0.000839 0.000543 -0.000001
vn 0.000882 0.000472 -0.000001
vn 0.000882 0.000472 -0.000001
vn 0.000917 0.000399 -0.000001
vn 0.000918 0.000397 0.000001
vn 0.000947 0.000321 0.000001
vn 0.000947 0.000321 0.000001
vn 0.00097 0.000241 0.000001
vn 0.00097 0.000241 0.000001
vn 0.000987 0.000162 0.000001
vn 0.000987 0.000159 -0.000001
vn 0.000997 0.000079 -0.000001
vn 0.000997 0.000078 -0.000001
vn 0.001 -0.000003 -0.000001
vn 0.001 -0.000004 -0
vn 0.000996 -0.000087 -0
vn 0.000996 -0.000087 -0
vn 0.000986 -0.000169 0
vn 0.000986 -0.000169 -0
vn 0.000968 -0.000249 -0
vn 0.000968 -0.000249 -0
vn 0.000944 -0.000329 -0
vn 0.000944 -0.000329 -0
vn 0.000914 -0.000407 -0
vn 0.000914 -0.000405 -0.000001
vn 0.000878 -0.000479 -0.000001
vn 0.000877 -0.00048 -0.000001
vn 0.000836 -0.000549 -0.000001
vn 0.000835 -0.00055 -0
vn 0.000786 -0.000618 -0
vn 0.000786 -0.000618 -0
vn 0.000733 -0.00068 -0
vn 0.000733 -0.000681 0
vn 0.000674 -0.000739 -0
vn 0.000674 -0.000739 -0
vn 0.000611 -0.000792 -0
vn 0.000611 -0.000792 -0
vn 0.000541 -0.000841 -0
vn 0.000543 -0.00084 -0.000001
vn 0.000473 -0.000881 -0.000001
vn 0.000472 -0.000881 -0.000001
vn 0.0004 -0.000917 -0.000001
vn 0.000398 -0.000917 -0
vn 0.000321 -0.000947 -0
vn 0.000321 -0.000947 0
vn 0.000241 -0.00097 -0
vn 0.000241 -0.00097 -0
vn 0.000161 -0.000987 -0
vn 0.000161 -0.000987 -0
vn 0.000078 -0.000997 -0
vn 0.000078 -0.000997 -0
vn -0.000004 -0.001 -0
vn -0.000007 -0.001 0.000002
vn -0.000087 -0.000996 0.000001
vn -0.000084 -0.000996 -0
vn -0.000169 -0.000986 -0
vn -0.00017 -0.000985 0.000001
vn -0.00025 -0.000968 0.000001
vn -0.00025 -0.000968 0.000001
vn -0.000328 -0.000945 0.000001
vn -0.000327 -0.000945 0
vn -0.000406 -0.000914 0
vn -0.000406 -0.000914 0
vn -0.00048 -0.000877 0
vn -0.000482 -0.000876 0.000001
vn -0.00055 -0.000835 0.000001
vn -0.00055 -0.000835 0.000001
vn -0.000617 -0.000787 0.000001
vn -0.000618 -0.000786 0.000001
vn -0.00068 -0.000733 0.000001
vn -0.000681 -0.000733 0.000001
vn -0.000738 -0.000675 0.000001
vn -0.00074 -0.000673 -0
vn -0.000791 -0.000611 0
vn -0.000791 -0.000612 0.000001
vn -0.000839 -0.000543 0.000001
vn -0.00084 -0.000543 0.000001
vn -0.000882 -0.000472 0.000001
vn -0.000882 -0.000471 0.000001
vn -0.000917 -0.000398 0.000001
vn -0.000917 -0.000399 0.000001
vn -0.000947 -0.000321 0.000001
vn -0.000947 -0.000321 0.000001
vn -0.00097 -0.000241 0.000001
vn -0.000971 -0.000241 0.000001
vn -0.000987 -0.000161 0.000001
vn -0.000987 -0.000163 -0
vn -0.000997 -0.000078 -0
vn -0.000997 -0.000075 0.000001
vn -0.001 0.000004 0.000001
vn -0.001 0.000002 -0.000001
vn -0.000996 0.000087 -0.000001
vn -0.000996 0.00009 0.000001
vn -0.000986 0.000166 0.000001
vn -0.000986 0.000169 -0.000001
vn -0.000969 0.000249 -0.000001
vn -0.000968 0.000249 -0.000001
vn -0.000944 0.000329 -0.000001
vn -0.000944 0.000331 0.000001
vn -0.000914 0.000406 0.000001
vn -0.000915 0.000403 -0.000001
vn -0.000878 0.000479 -0.000001
vn -0.000877 0.00048 -0.000001
vn -0.000835 0.00055 -0.000001
vn -0.000834 0.000552 0
vn -0.000786 0.000618 0
vn -0.000786 0.000618 0
vn -0.000733 0.00068 -0
vn -0.000732 0.000681 0.000001
vn -0.000675 0.000738 0
vn -0.000676 0.000737 -0
vn -0.000611 0.000792 -0
vn -0.000611 0.000792 -0
vn -0.000543 0.00084 -0
vn -0.000542 0.000841 0.000001
vn -0.000472 0.000882 0.000001
vn -0.000473 0.000881 0
vn -0.000399 0.000917 0
vn -0.000398 0.000917 0.000001
vn -0.000321 0.000947 0
vn -0.00032 0.000947 0.000001
vn -0.000243 0.00097 0.000001
vn -0.000241 0.00097 -0
vn -0.000159 0.000987 -0
vn -0.00016 0.000987 -0.000001
vn 0.000811 -0.000003 0.000585
vn -0.000063 0.000805 0.000589
vn 0.000794 0.000062 0.000605
vn 0.000808 0.000064 0.000585
vn -0.000128 0.000793 0.000595
vn -0.000131 0.000804 0.000581
vn 0.000787 0.000125 0.000604
vn -0.000304 -0.000689 0.000658
vn -0.000191 0.00078 0.000596
vn 0.000618 0.000154 0.000771
vn -0.00022 -0.00063 0.000745
vn -0.000246 -0.0007 0.000671
vn -0.000193 0.000569 0.0008
vn 0.000565 0.00019 0.000803
vn 0.0006 0.000203 0.000774
vn -0.000138 -0.000526 0.000839
vn -0.000157 -0.00061 0.000777
vn -0.000237 0.000548 0.000802
vn -0.00024 0.000554 0.000797
vn -0.000273 0.00051 0.000816
vn -0.000275 0.000514 0.000813
vn 0.000329 0.000743 0.000583
vn 0.000326 0.000733 0.000598
vn 0.000447 0.000678 0.000583
vn 0.000441 0.000667 0.0006
vn 0.000555 0.000598 0.000577
vn 0.000543 0.000583 0.000604
vn 0.000647 0.000499 0.000577
vn 0.000637 0.000491 0.000594
vn 0.000705 0.000378 0.0006
vn 0.000698 0.000374 0.00061
vn 0.000806 -0.00007 0.000588
vn 0.000798 -0.000004 0.000603
vn 0.000617 0.000102 0.00078
vn 0.000577 0.000142 0.000804
vn 0.000796 -0.000136 0.00059
vn 0.000792 -0.00007 0.000607
vn 0.000785 -0.000202 0.000585
vn 0.000785 -0.000135 0.000605
vn 0.000766 -0.000266 0.000585
vn 0.000771 -0.000199 0.000605
vn 0.000738 -0.000327 0.00059
vn 0.00075 -0.000262 0.000607
vn 0.000711 -0.000389 0.000585
vn 0.000728 -0.000324 0.000605
vn 0.000676 -0.000446 0.000587
vn 0.000692 -0.000379 0.000614
vn 0.000636 -0.000499 0.000588
vn 0.000666 -0.000439 0.000603
vn 0.000592 -0.00055 0.000589
vn 0.000621 -0.000489 0.000613
vn 0.000544 -0.000596 0.000591
vn 0.000576 -0.000536 0.000617
vn 0.000494 -0.00064 0.000588
vn 0.000532 -0.000584 0.000613
vn 0.00044 -0.000679 0.000588
vn 0.000481 -0.000626 0.000614
vn 0.000381 -0.000712 0.000589
vn 0.000426 -0.00066 0.000619
vn 0.000323 -0.000745 0.000584
vn 0.000371 -0.000695 0.000616
vn 0.00026 -0.000767 0.000586
vn 0.000313 -0.000724 0.000615
vn 0.000195 -0.000783 0.000591
vn 0.000254 -0.000752 0.000608
vn 0.000129 -0.000795 0.000593
vn 0.00019 -0.000767 0.000612
vn 0.000064 -0.000809 0.000585
vn 0.000125 -0.000777 0.000617
vn 0.00006 -0.000784 0.000617
vn 0 -0.00081 0.000586
vn -0.000072 -0.000784 0.000616
vn -0.000007 -0.000447 0.000894
vn -0.000057 -0.000648 0.00076
vn -0.000311 -0.000575 0.000757
vn -0.000283 -0.000636 0.000718
vn -0.000241 -0.000364 0.0009
vn -0.000312 -0.000577 0.000754
vn -0.00028 -0.000357 0.000891
vn -0.00036 -0.00056 0.000746
vn -0.00031 -0.000334 0.00089
vn -0.000402 -0.000524 0.000751
vn -0.000326 -0.000297 0.000898
vn -0.000446 -0.000491 0.000748
vn -0.000362 -0.00028 0.000889
vn -0.000477 -0.000444 0.000759
vn -0.000384 -0.000249 0.000889
vn -0.000509 -0.000401 0.000762
vn -0.000396 -0.000212 0.000893
vn -0.000552 -0.000365 0.00075
vn -0.000797 -0.000067 0.0006
vn -0.000792 -0.000125 0.000598
vn -0.000409 -0.000177 0.000895
vn -0.000567 -0.000311 0.000763
vn -0.000437 -0.000148 0.000887
vn -0.000581 -0.000259 0.000771
vn -0.000795 0.000065 0.000604
vn -0.0008 0.000007 0.0006
vn -0.00045 -0.000112 0.000886
vn -0.000598 -0.000209 0.000774
vn -0.000457 -0.000079 0.000886
vn -0.000615 -0.000159 0.000772
vn -0.000774 0.000199 0.000601
vn -0.000786 0.000139 0.000602
vn -0.000756 0.000259 0.000601
vn -0.000773 0.000199 0.000602
vn -0.000465 -0.000002 0.000885
vn -0.000601 -0.000046 0.000798
vn -0.000702 0.000384 0.0006
vn -0.000728 0.000327 0.000602
vn -0.000461 0.000075 0.000884
vn -0.000596 0.000053 0.000801
vn -0.000676 0.000442 0.00059
vn -0.000702 0.000384 0.0006
vn -0.00056 0.000196 0.000805
vn -0.000431 0.000187 0.000883
vn -0.000524 0.000348 0.000777
vn -0.00045 0.000354 0.00082
vn -0.000536 0.000592 0.000601
vn -0.000504 0.000393 0.000769
vn -0.000441 0.00041 0.000798
vn -0.000462 0.000428 0.000777
vn -0.000408 0.000443 0.000799
vn -0.000488 0.000632 0.000602
vn -0.00049 0.000635 0.000597
vn 0.000265 0.000759 0.000595
vn 0.000268 0.000771 0.000578
vn 0.000386 0.000706 0.000594
vn 0.000388 0.00071 0.000588
vn 0.000498 0.000634 0.000591
vn 0.000501 0.000638 0.000585
vn 0.000596 0.000545 0.00059
vn 0.000594 0.000542 0.000594
vn 0.000673 0.000435 0.000597
vn 0.000681 0.000441 0.000585
vn 0.000524 0.000224 0.000822
vn 0.000711 0.000312 0.00063
vn 0.000093 0.000041 0.000995
vn 0.000133 0.000043 0.00099
vn 0.000097 0.000032 0.000995
vn 0.000145 0.000034 0.000989
vn 0.000097 0.000024 0.000995
vn 0.000154 0.000022 0.000988
vn 0.000091 0.000014 0.000996
vn 0.000158 0.00001 0.000987
vn 0.000088 0.000007 0.000996
vn 0.000164 -0.000003 0.000986
vn 0.000086 -0 0.000996
vn 0.00017 -0.000018 0.000985
vn 0.000084 -0.000007 0.000996
vn 0.000172 -0.000033 0.000984
vn 0.0001 -0.000017 0.000995
vn 0.000182 -0.000051 0.000982
vn 0.000079 -0.00002 0.000997
vn 0.000181 -0.000067 0.000981
vn 0.000093 -0.000032 0.000995
vn 0.000179 -0.000084 0.00098
vn 0.000101 -0.000045 0.000994
vn 0.000157 -0.000086 0.000984
vn 0.00009 -0.00006 0.000994
vn 0.000142 -0.000111 0.000984
vn -0.000133 -0.000797 0.000589
vn -0.000105 -0.000595 0.000797
vn -0.000014 -0.00008 0.000997
vn -0.000049 -0.00019 0.000981
vn -0.000013 -0.000032 0.000999
vn -0.000135 0.000074 0.000988
vn -0.000069 0.000045 0.000997
vn -0.000102 0.000079 0.000992
vn -0.000052 0.000048 0.000998
vn -0.000135 0.000121 0.000983
vn -0.000075 0.000083 0.000994
vn -0.000096 0.000125 0.000988
vn -0.000064 0.000097 0.000993
vn -0.000432 0.000661 0.000613
vn -0.000302 0.000473 0.000828
vn -0.00019 0.000562 0.000805
vn -0.000147 0.000582 0.0008
vn -0.000064 0.000813 0.000579
vn 0.000003 0.000813 0.000583
vn 0.000004 0.0008 0.000599
vn 0.00007 0.000807 0.000586
vn 0.00007 0.000799 0.000597
vn 0.000137 0.000802 0.000581
vn 0.000136 0.000789 0.000599
vn 0.000202 0.000785 0.000586
vn 0.000201 0.000781 0.000592
vn 0.000072 0.000162 0.000984
vn 0.000087 0.000132 0.000987
vn 0.000072 0.00013 0.000989
vn 0.00011 0.000138 0.000984
vn 0.000138 0.000106 0.000985
vn 0.000107 0.000097 0.00099
vn 0.000201 0.000083 0.000976
vn 0.000052 -0.000209 0.000977
vn 0.000035 0.000133 0.000991
vn -0.000197 0.000205 0.000959
vn -0.000113 0.000148 0.000982
vn -0.000113 0.000169 0.000979
vn -0.000401 0.0006 0.000692
vn -0.000095 0.000177 0.00098
vn -0.00006 0.000108 0.000992
vn -0.00035 0.00064 0.000684
vn -0.000384 0.000696 0.000607
vn -0.000078 0.000181 0.00098
vn -0.000061 0.000136 0.000989
vn -0.000324 0.000726 0.000607
vn -0.000326 0.000733 0.000597
vn -0.000062 0.000183 0.000981
vn -0.00005 0.000143 0.000988
vn -0.000262 0.000751 0.000607
vn -0.000264 0.000758 0.000597
vn -0.000042 0.000172 0.000984
vn -0.000037 0.000147 0.000988
vn -0.000176 0.000678 0.000714
vn -0.000197 0.000778 0.000596
vn -0.000251 0.000968 -0.000006
vn -0.000023 0.000143 0.000989
vn -0.000061 0.00033 0.000942
vn -0.000113 0.0007 0.000705
vn -0.00017 0.000981 0.000089
vn -0.000166 0.000986 -0.000008
vn -0.000012 0.000156 0.000988
vn -0.000018 0.000289 0.000957
vn -0.000055 0.000614 0.000788
vn -0.00008 0.000996 0.000039
vn -0.000082 0.000993 0.000082
vn 0.000001 0.000208 0.000978
vn -0.000003 0.000139 0.00099
vn 0.000004 0.000622 0.000783
vn -0.000005 0.000887 0.000461
vn 0.000006 0.001 0.000025
vn -0.000004 0.000924 -0.000383
vn 0.000016 0.000184 0.000983
vn 0.000017 0.000188 0.000982
vn 0.000064 0.000792 0.000607
vn 0.000079 0.00089 0.000448
vn 0.000079 0.000986 -0.000146
vn 0.000081 0.000915 -0.000395
vn 0.000025 0.000145 0.000989
vn 0.000029 0.000167 0.000985
vn 0.000099 0.000606 0.000789
vn 0.000138 0.000791 0.000596
vn 0.000163 0.000986 0.00004
vn 0.000168 0.000975 -0.000148
vn 0.000322 0.000935 -0.000146
vn 0.000403 0.000903 -0.000148
vn 0.000279 0.000792 0.000543
vn 0.000599 0.00076 -0.000254
vn 0.000662 0.000704 -0.000257
vn 0.000486 0.000743 0.000461
vn 0.000558 0.000698 0.000448
vn 0.000776 0.000498 -0.000387
vn 0.000817 0.000424 -0.000391
vn 0.000058 0.000167 0.000984
vn 0.000317 0.000585 0.000747
vn 0.000375 0.000555 0.000742
vn 0.000503 0.000639 0.000582
vn 0.000561 0.000598 0.000572
vn 0.000715 0.000648 0.00026
vn 0.000771 0.000583 0.000257
vn 0.000793 0.000608 0.000025
vn 0.000848 0.00053 0.000022
vn 0.000858 0.000452 -0.000244
vn 0.000892 0.000372 -0.000255
vn 0.000069 0.000155 0.000985
vn 0.000572 0.000608 0.000551
vn 0.000625 0.000558 0.000546
vn 0.000101 0.000156 0.000983
vn 0.000762 0.000488 0.000426
vn 0.000806 0.000418 0.000419
vn 0.000941 0.000305 -0.000146
vn 0.000963 0.000225 -0.000148
vn 0.000126 0.000158 0.000979
vn 0.000438 0.000398 0.000806
vn 0.000476 0.000362 0.000801
vn 0.000965 0.000226 -0.000133
vn 0.000979 0.000141 -0.000146
vn 0.000722 0.000304 0.000622
vn 0.000752 0.000244 0.000612
vn 0.000988 0.00015 0.000036
vn 0.000998 0.000062 0.000012
vn 0.000134 0.000072 0.000988
vn 0.000972 -0.000186 -0.000146
vn 0.000952 -0.000269 -0.000148
vn 0.000603 0.000038 0.000797
vn 0.00061 -0.000013 0.000792
vn 0.000757 -0.000526 -0.000388
vn 0.000708 -0.000589 -0.000391
vn 0.000582 -0.000159 0.000797
vn 0.000571 -0.000216 0.000792
vn 0.000782 -0.000455 0.000426
vn 0.000745 -0.000518 0.00042
vn 0.000708 -0.000691 -0.000146
vn 0.000644 -0.00075 -0.000148
vn 0.000633 -0.000731 -0.000254
vn 0.000564 -0.000785 -0.000257
vn 0.000643 -0.000532 0.000551
vn 0.000597 -0.000587 0.000546
vn 0.00059 -0.0008 0.000104
vn 0.000509 -0.000856 0.000085
vn 0.000116 -0.000108 0.000987
vn 0.00023 -0.000267 0.000936
vn 0.000402 -0.000654 0.000641
vn 0.000337 -0.000692 0.000638
vn 0.00004 -0.000969 -0.000244
vn -0.000044 -0.000966 -0.000255
vn -0.000037 -0.000921 -0.000388
vn -0.000116 -0.000913 -0.000391
vn 0.000105 -0.000116 0.000988
vn 0.000192 -0.000259 0.000947
vn 0.000312 -0.000774 0.000551
vn 0.000242 -0.000802 0.000546
vn -0.000116 -0.000914 -0.000388
vn -0.000194 -0.0009 -0.000391
vn 0.00007 -0.000108 0.000992
vn 0.000137 -0.000266 0.000954
vn 0.000165 -0.000778 0.000607
vn 0.000102 -0.000796 0.000597
vn -0.000199 -0.000941 -0.000273
vn -0.000278 -0.000917 -0.000284
vn -0.000269 -0.000895 -0.000355
vn -0.000347 -0.000864 -0.000366
vn 0.000105 -0.000196 0.000975
vn 0.000171 -0.000437 0.000883
vn 0.000103 -0.000828 0.000551
vn 0.000035 -0.000837 0.000546
vn 0.000033 -0.000099 0.000995
vn -0.00011 -0.000881 0.00046
vn -0.000187 -0.000874 0.000449
vn -0.000361 -0.000921 -0.000146
vn -0.000444 -0.000884 -0.000148
vn -0.000478 -0.00079 -0.000383
vn -0.000541 -0.000743 -0.000395
vn 0.000011 -0.000137 0.00099
vn -0.00002 -0.00048 0.000877
vn -0.000246 -0.000815 0.000524
vn -0.000317 -0.000793 0.00052
vn -0.000418 -0.00085 0.000322
vn -0.000494 -0.000811 0.000314
vn -0.0001 -0.000465 0.00088
vn -0.000809 -0.000471 -0.000352
vn -0.000845 -0.000395 -0.00036
vn -0.000163 -0.000301 0.00094
vn -0.000124 -0.000201 0.000972
vn -0.000584 -0.000572 0.000576
vn -0.000631 -0.000525 0.000572
vn -0.000909 -0.000338 -0.000244
vn -0.000932 -0.000259 -0.000255
vn -0.000219 -0.000286 0.000933
vn -0.000153 -0.000173 0.000973
vn -0.000671 -0.000466 0.000576
vn -0.000709 -0.000412 0.000572
vn -0.000952 -0.000181 -0.000247
vn -0.00096 -0.000096 -0.000264
vn -0.000205 -0.000225 0.000953
vn -0.000137 -0.000134 0.000981
vn -0.000737 -0.000426 0.000524
vn -0.000773 -0.000362 0.00052
vn -0.000909 -0.000023 -0.000415
vn -0.000907 0.000057 -0.000418
vn -0.000237 -0.000187 0.000953
vn -0.000159 -0.000111 0.000981
vn -0.000782 -0.000291 0.000551
vn -0.000807 -0.000225 0.000546
vn -0.00099 -0.000111 0.00009
vn -0.000997 -0.000014 0.000082
vn -0.000251 -0.000166 0.000954
vn -0.000169 -0.000097 0.000981
vn -0.000804 -0.000224 0.000551
vn -0.000823 -0.000157 0.000546
vn -0.000912 0.000211 -0.000352
vn -0.000886 0.000292 -0.00036
vn -0.000271 -0.000121 0.000955
vn -0.000185 -0.000069 0.00098
vn -0.000945 0.000059 0.000322
vn -0.000939 0.000143 0.000314
vn -0.000863 0.00036 -0.000354
vn -0.000825 0.000432 -0.000366
vn -0.000293 -0.00005 0.000955
vn -0.000212 -0.000027 0.000977
vn -0.000809 0.000116 0.000576
vn -0.000799 0.000185 0.000572
vn -0.000327 0.000029 0.000944
vn -0.000251 0.00004 0.000967
vn -0.000785 0.00033 0.000524
vn -0.000755 0.000399 0.00052
vn -0.000799 0.000599 0.00004
vn -0.000739 0.000674 0.000025
vn -0.000666 0.000705 -0.000244
vn -0.000598 0.00076 -0.000255
vn -0.000253 0.000088 0.000964
vn -0.000194 0.000081 0.000978
vn -0.000654 0.000581 0.000484
vn -0.000602 0.000647 0.000468
vn -0.000551 0.000828 -0.000107
vn -0.000477 0.00087 -0.000127
vn -0.000482 0.000362 0.000798
vn -0.000452 0.000413 0.00079
vn -0.000572 0.000608 0.000551
vn -0.000519 0.000657 0.000546
vn -0.000403 0.000906 -0.000133
vn -0.000325 0.000935 -0.000146
vn -0.000257 0.000162 0.000953
vn -0.000149 0.000118 0.000982
vn -0.000487 0.000612 0.000624
vn -0.000437 0.000661 0.00061
vn -0.000325 0.000936 -0.000137
vn -0.000242 0.000957 -0.000158
vn 0.00031 0.000877 -0.000366
vn 0.000403 0.000905 -0.000133
vn 0.000477 0.000867 -0.000146
vn 0.000472 0.000862 -0.000186
vn 0.000546 0.000813 -0.000203
vn 0.00051 0.00077 -0.000383
vn 0.000573 0.000719 -0.000395
vn 0.000261 0.000751 0.000607
vn 0.000327 0.000733 0.000597
vn 0.000662 0.000705 -0.000254
vn 0.000721 0.000644 -0.000257
vn 0.000678 0.000612 -0.000408
vn 0.000727 0.000545 -0.000417
vn 0.000323 0.000726 0.000607
vn 0.00039 0.000702 0.000596
vn 0.000941 0.000305 -0.000148
vn 0.000911 0.000385 -0.000146
vn 0.000085 0.000153 0.000985
vn 0.000757 0.000316 0.000572
vn 0.000719 0.00038 0.000582
vn 0.000527 0.000331 0.000783
vn 0.000491 0.000373 0.000787
vn 0.000187 0.000165 0.000968
vn 0.000144 0.000156 0.000977
vn 0.000132 0.000143 0.000981
vn 0.000107 0.000082 0.000991
vn 0.000744 0.000242 0.000623
vn 0.000769 0.00018 0.000613
vn 0.000998 0.000063 0.000025
vn 0.001 -0.000022 0.000022
vn 0.000978 -0.000099 -0.000185
vn 0.000961 -0.000187 -0.000202
vn 0.000994 -0.000109 0.000025
vn 0.000999 -0.000021 0.000039
vn 0.000783 0.000111 0.000612
vn 0.000762 0.000179 0.000623
vn 0.000266 0.000136 0.000954
vn 0.000193 0.000127 0.000973
vn 0.000142 0.000092 0.000986
vn 0.000756 -0.000526 -0.000391
vn 0.000799 -0.00046 -0.000388
vn 0.000827 -0.00048 -0.000293
vn 0.00087 -0.000408 -0.000276
vn 0.000894 -0.000424 -0.000146
vn 0.000929 -0.000344 -0.000133
vn 0.000935 -0.000353 0.000022
vn 0.000964 -0.000265 0.000025
vn 0.000609 0.000038 0.000792
vn 0.000597 0.000092 0.000797
vn 0.000604 -0.000013 0.000797
vn 0.000607 -0.000061 0.000792
vn 0.000769 -0.000143 0.000623
vn 0.00076 -0.000217 0.000612
vn 0.00065 -0.000068 0.000757
vn 0.000646 -0.000127 0.000752
vn 0.000749 -0.000616 -0.000244
vn 0.000689 -0.000678 -0.000255
vn 0.000752 -0.000433 0.000497
vn 0.00078 -0.000364 0.000508
vn 0.000714 -0.000338 0.000613
vn 0.000734 -0.000269 0.000624
vn 0.000721 -0.000498 0.000482
vn 0.000678 -0.000566 0.00047
vn 0.000428 -0.000873 -0.000234
vn 0.000509 -0.000833 -0.000217
vn 0.000584 -0.000572 0.000576
vn 0.000537 -0.000621 0.000572
vn 0.00036 -0.0009 -0.000244
vn 0.000279 -0.000926 -0.000254
vn 0.000198 -0.000944 -0.000263
vn 0.00028 -0.000928 -0.000247
vn 0.00036 -0.00093 0.000082
vn 0.00045 -0.000889 0.00009
vn 0.000488 -0.000681 0.000546
vn 0.000545 -0.000632 0.000551
vn 0.000305 -0.000216 0.000927
vn 0.000165 -0.00009 0.000982
vn 0.00004 -0.000966 -0.000257
vn 0.000123 -0.000959 -0.000254
vn 0.000122 -0.000981 -0.000148
vn 0.000207 -0.000967 -0.000146
vn 0.000245 -0.00024 0.000939
vn 0.000128 -0.000102 0.000986
vn 0.000169 -0.000802 0.000572
vn 0.000236 -0.000778 0.000582
vn 0.000233 -0.000387 0.000892
vn 0.000139 -0.000181 0.000974
vn -0.000471 -0.000777 -0.000417
vn -0.000404 -0.000819 -0.000408
vn -0.000114 -0.0009 0.00042
vn -0.000035 -0.000904 0.000426
vn -0.000037 -0.000837 0.000546
vn 0.000035 -0.000834 0.000551
vn 0.000123 -0.000412 0.000903
vn 0.000058 -0.000135 0.000989
vn 0.000027 -0.000127 0.000992
vn -0.000178 -0.000842 0.00051
vn -0.000253 -0.000832 0.000494
vn -0.000536 -0.000735 -0.000416
vn -0.000596 -0.000685 -0.000418
vn 0.000019 -0.000463 0.000886
vn 0.000022 -0.000155 0.000988
vn 0.000034 -0.000213 0.000976
vn -0.000003 -0.000187 0.000982
vn -0.000057 -0.000439 0.000897
vn -0.000301 -0.00076 0.000576
vn -0.000368 -0.000734 0.000571
vn -0.000645 -0.000752 -0.000133
vn -0.000707 -0.000692 -0.000146
vn -0.000719 -0.000598 -0.000354
vn -0.000767 -0.000528 -0.000366
vn -0.000764 -0.000626 -0.000158
vn -0.000708 -0.000693 -0.000137
vn -0.000624 -0.000716 0.000314
vn -0.000555 -0.000767 0.000322
vn -0.000535 -0.000733 0.000419
vn -0.000467 -0.000775 0.000426
vn -0.00001 -0.000109 0.000994
vn -0.000038 -0.000138 0.00099
vn -0.000206 -0.00052 0.000829
vn -0.00081 -0.000568 -0.000146
vn -0.000859 -0.000491 -0.000148
vn -0.000905 -0.000335 -0.000263
vn -0.000876 -0.000414 -0.000247
vn -0.000586 -0.000574 0.000571
vn -0.000532 -0.000621 0.000576
vn -0.000089 -0.000186 0.000979
vn -0.000225 -0.000566 0.000793
vn -0.000948 -0.00018 -0.000263
vn -0.000933 -0.00026 -0.000247
vn -0.000703 -0.000486 0.00052
vn -0.000656 -0.000543 0.000524
vn -0.000132 -0.000185 0.000974
vn -0.00018 -0.00028 0.000943
vn -0.000898 0.000136 -0.000418
vn -0.000908 0.000057 -0.000415
vn -0.000785 -0.000292 0.000546
vn -0.000755 -0.000355 0.000551
vn -0.000149 -0.000123 0.000981
vn -0.000222 -0.000207 0.000953
vn -0.000962 0.00023 -0.000146
vn -0.000981 0.000141 -0.000133
vn -0.000948 0.00006 0.000314
vn -0.000946 -0.000022 0.000322
vn -0.000834 -0.000082 0.000546
vn -0.00082 -0.000156 0.000551
vn -0.000177 -0.000083 0.000981
vn -0.000262 -0.000144 0.000954
vn -0.000279 -0.000097 0.000955
vn -0.000191 -0.000053 0.00098
vn -0.000943 0.000303 -0.000136
vn -0.000909 0.000387 -0.000158
vn -0.000805 0.000424 -0.000416
vn -0.000767 0.000487 -0.000418
vn -0.000739 0.000568 -0.000362
vn -0.000789 0.000499 -0.000359
vn -0.000196 -0.000037 0.00098
vn -0.000284 -0.000073 0.000956
vn -0.000359 -0.000028 0.000933
vn -0.000283 -0.000004 0.000959
vn -0.000829 0.000195 0.000524
vn -0.000812 0.000266 0.00052
vn -0.000689 0.000615 -0.000383
vn -0.000627 0.000672 -0.000395
vn -0.000807 0.000517 0.000286
vn -0.000849 0.00044 0.000291
vn -0.000757 0.000316 0.000572
vn -0.000777 0.000253 0.000576
vn -0.000237 0.000015 0.000971
vn -0.000345 -0.000001 0.000939
vn -0.000283 0.000046 0.000958
vn -0.000184 0.000043 0.000982
vn -0.000545 0.000823 -0.000157
vn -0.000617 0.000775 -0.000136
vn -0.000678 0.00052 0.00052
vn -0.000721 0.000453 0.000524
vn -0.00018 0.000059 0.000982
vn -0.000261 0.000067 0.000963
vn -0.000401 0.000904 -0.000148
vn -0.000475 0.000868 -0.000146
vn -0.000414 0.000266 0.000871
vn -0.000431 0.000223 0.000874
vn -0.000153 0.000085 0.000985
vn -0.000255 0.000111 0.000961
vn 0.000062 0.000178 0.000982
vn 0.000047 0.000188 0.000981
vn 0.000157 0.000601 0.000784
vn 0.000202 0.000808 0.000553
vn 0.000255 0.000967 0.000025
vn 0.000228 0.000907 -0.000354
vn 0.000576 0.000036 -0.000816
vn 0.000569 0.000036 -0.000822
vn 0.00057 -0.000011 -0.000822
vn 0.000582 -0.000012 -0.000813
vn 0.000583 -0.000064 -0.00081
vn 0.000546 -0.000058 -0.000836
vn 0.000547 -0.000104 -0.000831
vn 0.000548 -0.000104 -0.00083
vn 0.000538 -0.00015 -0.00083
vn 0.000552 -0.000154 -0.00082
vn 0.000538 -0.0002 -0.000819
vn 0.00053 -0.000198 -0.000825
vn 0.000518 -0.000245 -0.000819
vn 0.000492 -0.000232 -0.000839
vn 0.000479 -0.000278 -0.000832
vn 0.000467 -0.00027 -0.000842
vn 0.000443 -0.000308 -0.000842
vn 0.000446 -0.00031 -0.00084
vn 0.000421 -0.000348 -0.000838
vn 0.000426 -0.000352 -0.000834
vn 0.0004 -0.000392 -0.000829
vn 0.000398 -0.00039 -0.00083
vn 0.000364 -0.000423 -0.00083
vn 0.000381 -0.000444 -0.000811
vn 0.000347 -0.000474 -0.000809
vn 0.000342 -0.000469 -0.000814
vn 0.000303 -0.000505 -0.000809
vn 0.000294 -0.000488 -0.000822
vn 0.000259 -0.00052 -0.000814
vn 0.000262 -0.000528 -0.000808
vn 0.000216 -0.000548 -0.000808
vn 0.000206 -0.000518 -0.00083
vn 0.000162 -0.000539 -0.000827
vn 0.000157 -0.000521 -0.000839
vn 0.000115 -0.000542 -0.000833
vn 0.000116 -0.000549 -0.000828
vn 0.000071 -0.000558 -0.000827
vn 0.000068 -0.000542 -0.000838
vn 0.000023 -0.00055 -0.000835
vn 0.000023 -0.000558 -0.00083
vn -0.000025 -0.000566 -0.000824
vn -0.000022 -0.000538 -0.000842
vn -0.000068 -0.000536 -0.000842
vn -0.000068 -0.000535 -0.000842
vn -0.000112 -0.000528 -0.000842
vn -0.000119 -0.000553 -0.000824
vn -0.000166 -0.000546 -0.000821
vn -0.000154 -0.000514 -0.000844
vn -0.0002 -0.000507 -0.000838
vn -0.000207 -0.000521 -0.000828
vn -0.00025 -0.000504 -0.000827
vn -0.000242 -0.000485 -0.00084
vn -0.000285 -0.000469 -0.000836
vn -0.000294 -0.000483 -0.000824
vn -0.000339 -0.000466 -0.000817
vn -0.000335 -0.000461 -0.000822
vn -0.000371 -0.000432 -0.000822
vn -0.000369 -0.00043 -0.000824
vn -0.000409 -0.000399 -0.000821
vn -0.000399 -0.000391 -0.000829
vn -0.000438 -0.000361 -0.000823
vn -0.000413 -0.000342 -0.000844
vn -0.000447 -0.000312 -0.000838
vn -0.000469 -0.000325 -0.000821
vn -0.000495 -0.000285 -0.000821
vn -0.000507 -0.000291 -0.000812
vn -0.000533 -0.00025 -0.000808
vn -0.000491 -0.000234 -0.000839
vn -0.000519 -0.000193 -0.000833
vn -0.000519 -0.000193 -0.000833
vn -0.000537 -0.000149 -0.00083
vn -0.000529 -0.000147 -0.000836
vn -0.000547 -0.000104 -0.00083
vn -0.000535 -0.000102 -0.000839
vn -0.000551 -0.000059 -0.000833
vn -0.000567 -0.000059 -0.000822
vn -0.00057 -0.00001 -0.000821
vn -0.000582 -0.00001 -0.000813
vn -0.000583 0.000036 -0.000811
vn -0.000565 0.000036 -0.000824
vn -0.000568 0.000082 -0.000819
vn -0.000563 0.000082 -0.000822
vn -0.000562 0.000134 -0.000816
vn -0.000529 0.000124 -0.000839
vn -0.00052 0.000169 -0.000837
vn -0.000528 0.000172 -0.000832
vn -0.000518 0.00022 -0.000826
vn -0.00051 0.000215 -0.000833
vn -0.000496 0.00026 -0.000829
vn -0.000485 0.000253 -0.000837
vn -0.000462 0.000294 -0.000837
vn -0.000455 0.000289 -0.000842
vn -0.000432 0.000324 -0.000842
vn -0.000465 0.000354 -0.000811
vn -0.000437 0.000397 -0.000807
vn -0.000399 0.000359 -0.000844
vn -0.000374 0.000397 -0.000838
vn -0.000379 0.000404 -0.000833
vn -0.000346 0.000437 -0.00083
vn -0.000347 0.000438 -0.000829
vn -0.000313 0.000473 -0.000823
vn -0.000307 0.000461 -0.000833
vn -0.000272 0.000495 -0.000825
vn -0.000271 0.000494 -0.000826
vn -0.000229 0.000514 -0.000826
vn -0.000241 0.000547 -0.000802
vn -0.000197 0.00057 -0.000798
vn -0.000185 0.000522 -0.000833
vn -0.000141 0.000547 -0.000825
vn -0.000142 0.000552 -0.000822
vn -0.000095 0.000562 -0.000822
vn -0.000095 0.000562 -0.000822
vn -0.000048 0.000568 -0.000822
vn -0.000049 0.000595 -0.000802
vn 0.000002 0.000603 -0.000798
vn -0.000001 0.000554 -0.000833
vn 0.000047 0.000562 -0.000826
vn 0.000047 0.000561 -0.000826
vn 0.000093 0.000556 -0.000826
vn 0.000098 0.000576 -0.000811
vn 0.000149 0.000571 -0.000807
vn 0.000133 0.00052 -0.000844
vn 0.000179 0.000515 -0.000838
vn 0.000185 0.00053 -0.000828
vn 0.000229 0.000514 -0.000827
vn 0.000229 0.000516 -0.000826
vn 0.000276 0.000499 -0.000822
vn 0.000265 0.000481 -0.000836
vn 0.000309 0.000464 -0.00083
vn 0.000297 0.000447 -0.000844
vn 0.000339 0.000427 -0.000838
vn 0.000365 0.000457 -0.000811
vn 0.000402 0.000429 -0.000809
vn 0.000391 0.000416 -0.000821
vn 0.000429 0.000387 -0.000816
vn 0.000423 0.000381 -0.000822
vn 0.00046 0.00035 -0.000816
vn 0.000453 0.000346 -0.000821
vn 0.000482 0.000304 -0.000821
vn 0.000455 0.000289 -0.000842
vn 0.000478 0.000251 -0.000842
vn 0.000494 0.000258 -0.00083
vn 0.000519 0.000218 -0.000827
vn 0.000514 0.000216 -0.00083
vn 0.000531 0.000172 -0.00083
vn 0.00053 0.000172 -0.00083
vn 0.000543 0.000128 -0.00083
vn 0.000555 0.00013 -0.000822
vn 0.000569 0.000084 -0.000818
vn 0.00056 0.000083 -0.000825
vn 0.000298 0.000855 -0.000424
vn 0.000317 0.000898 -0.000304
vn 0.000386 0.000866 -0.000316
vn 0.000385 0.000865 -0.000322
vn 0.000454 0.000826 -0.000334
vn 0.000435 0.000799 -0.000414
vn 0.000503 0.000757 -0.000417
vn 0.000503 0.000757 -0.000417
vn 0.000559 0.000712 -0.000424
vn 0.000725 0.000545 -0.000421
vn 0.000767 0.000486 -0.00042
vn 0.000802 0.000504 -0.000321
vn 0.000837 0.000437 -0.000329
vn 0.000845 0.00044 -0.000304
vn 0.000875 0.000367 -0.000316
vn 0.000835 0.000356 -0.000421
vn 0.000863 0.00028 -0.00042
vn 0.000905 0.00029 -0.000311
vn 0.000923 0.000216 -0.000319
vn 0.000924 0.000216 -0.000314
vn 0.000935 0.000138 -0.000326
vn 0.000899 0.000137 -0.000416
vn 0.000904 0.000057 -0.000425
vn 0.000905 0.000057 -0.000421
vn 0.000907 -0.000019 -0.00042
vn 0.000947 -0.000024 -0.000321
vn 0.000939 -0.000099 -0.000329
vn 0.000947 -0.000101 -0.000304
vn 0.000932 -0.000178 -0.000316
vn 0.000892 -0.000165 -0.000421
vn 0.000874 -0.000244 -0.00042
vn 0.000916 -0.00026 -0.000304
vn 0.000889 -0.000331 -0.000316
vn 0.000889 -0.000331 -0.000317
vn 0.000853 -0.000402 -0.000333
vn 0.000824 -0.000384 -0.000416
vn 0.000784 -0.000453 -0.000424
vn 0.000786 -0.000454 -0.000421
vn 0.000745 -0.000518 -0.00042
vn 0.000777 -0.000545 -0.000315
vn 0.000728 -0.000603 -0.000326
vn 0.000732 -0.000608 -0.000307
vn 0.000676 -0.000662 -0.000323
vn 0.000651 -0.000631 -0.000421
vn 0.000596 -0.000684 -0.00042
vn 0.000552 -0.00077 -0.000319
vn 0.000494 -0.000804 -0.000332
vn 0.000344 -0.000885 -0.000315
vn 0.000273 -0.000905 -0.000326
vn 0.000274 -0.000911 -0.000307
vn 0.000197 -0.000926 -0.000323
vn 0.000194 -0.000889 -0.000414
vn 0.000114 -0.000902 -0.000417
vn 0.000114 -0.000902 -0.000417
vn 0.00004 -0.000905 -0.000424
vn -0.000042 -0.00095 -0.00031
vn -0.000119 -0.00094 -0.000319
vn -0.000109 -0.000901 -0.000421
vn -0.000187 -0.000888 -0.00042
vn -0.000276 -0.000907 -0.000318
vn -0.000347 -0.000877 -0.000333
vn -0.000331 -0.000848 -0.000414
vn -0.000404 -0.000814 -0.000417
vn -0.000404 -0.000814 -0.000417
vn -0.000465 -0.000777 -0.000424
vn -0.000597 -0.000683 -0.000421
vn -0.000649 -0.000635 -0.00042
vn -0.000683 -0.000664 -0.000304
vn -0.000731 -0.000604 -0.000316
vn -0.000731 -0.000604 -0.000317
vn -0.000772 -0.000541 -0.000332
vn -0.00086 -0.000398 -0.000319
vn -0.000884 -0.000329 -0.000333
vn -0.000891 -0.00033 -0.00031
vn -0.000913 -0.000255 -0.000319
vn -0.000875 -0.000249 -0.000414
vn -0.000893 -0.00017 -0.000417
vn -0.000893 -0.00017 -0.000417
vn -0.0009 -0.000094 -0.000425
vn -0.000942 -0.000095 -0.000321
vn -0.000944 -0.000025 -0.000329
vn -0.000925 0.000219 -0.00031
vn -0.000901 0.000293 -0.000319
vn -0.000864 0.000276 -0.000421
vn -0.000837 0.00035 -0.00042
vn -0.000801 0.000511 -0.00031
vn -0.000755 0.000573 -0.000319
vn -0.000728 0.000547 -0.000414
vn -0.000675 0.000608 -0.000417
vn -0.000704 0.00064 -0.000308
vn -0.000648 0.00069 -0.000323
vn -0.000648 0.000691 -0.000321
vn -0.000586 0.00074 -0.000329
vn -0.000568 0.000711 -0.000414
vn -0.000503 0.000757 -0.000417
vn -0.000503 0.000757 -0.000417
vn -0.000437 0.000793 -0.000424
vn -0.000295 0.00086 -0.000417
vn -0.000225 0.000877 -0.000424
vn -0.000232 0.000922 -0.000311
vn -0.000158 0.000934 -0.000319
vn -0.000158 0.000934 -0.000321
vn -0.000083 0.000941 -0.000329
vn 0.000161 0.000939 -0.000304
vn 0.000236 0.000919 -0.000316
vn 0.000222 0.000882 -0.000416
vn 0.000036 -0.000975 -0.000219
vn -0.00004 -0.000971 -0.000236
vn -0.000208 -0.000955 -0.000209
vn -0.00028 -0.000934 -0.000222
vn -0.000965 0.000147 -0.000219
vn -0.000946 0.000221 -0.000236
vn -0.0009 0.000383 -0.000209
vn -0.000864 0.000452 -0.000222
vn -0.000864 0.000452 -0.000223
vn -0.000822 0.00052 -0.00023
vn -0.000465 0.000856 -0.000223
vn -0.0004 0.000887 -0.00023
vn 0.000084 0.000971 -0.000223
vn 0.000161 0.00096 -0.00023
vn -0.000817 -0.000562 -0.000129
vn -0.000857 -0.000498 -0.000134
vn -0.000078 0.000992 -0.000103
vn 0 0.000978 -0.000208
vn 0.000003 0.000989 -0.000146
vn 0.000082 0.000986 -0.000146
vn 0.000624 0.000781 -0.000032
vn 0.000684 0.000728 -0.000043
vn 0.000685 0.000728 -0.000034
vn 0.000742 0.000668 -0.000057
vn 0.000743 0.000668 -0.000034
vn 0.000793 0.000606 -0.000057
vn 0.00065 -0.000759 -0.000032
vn 0.00059 -0.000806 -0.000042
vn 0.000514 -0.000857 -0.000035
vn 0.000444 -0.000894 -0.000058
vn 0.000444 -0.000895 -0.000045
vn 0.000371 -0.000928 -0.000045
vn -0.000521 -0.000853 -0.000035
vn -0.000587 -0.000808 -0.000058
vn -0.000588 -0.000808 -0.000045
vn -0.00065 -0.000758 -0.000045
vn -0.000866 -0.000498 -0.000031
vn -0.000903 -0.000428 -0.000042
vn -0.000999 -0.000016 -0.000032
vn -0.000997 0.000063 -0.000042
vn -0.000997 0.000063 -0.000034
vn -0.000988 0.000144 -0.000057
vn -0.000404 0.000914 -0.000032
vn -0.000332 0.000942 -0.000042
vn 0.000249 0.000954 0.000164
vn 0.000322 0.000932 0.000164
vn 0.000478 0.000863 0.000164
vn 0.000546 0.000821 0.000164
vn 0.000546 0.000821 0.000164
vn 0.000613 0.000773 0.000164
vn 0.000786 0.000596 0.000164
vn 0.000832 0.000531 0.000164
vn 0.000911 0.000379 0.000164
vn 0.000937 0.000307 0.000164
vn 0.000976 0.000141 0.000164
vn 0.000985 0.000062 0.000164
vn 0.000985 0.000062 0.000164
vn 0.000986 -0.000018 0.000163
vn 0.000968 -0.000189 0.000164
vn 0.000951 -0.000263 0.000164
vn 0.000891 -0.000423 0.000164
vn 0.000854 -0.000494 0.000164
vn 0.000854 -0.000494 0.000164
vn 0.000811 -0.000561 0.000164
vn 0.000702 -0.000693 0.000164
vn 0.000645 -0.000747 0.000164
vn 0.000201 -0.000966 0.000164
vn 0.000123 -0.000979 0.000164
vn 0.000123 -0.000979 0.000164
vn 0.000043 -0.000986 0.000164
vn -0.000128 -0.000978 0.000164
vn -0.000203 -0.000965 0.000164
vn -0.000366 -0.000916 0.000164
vn -0.000439 -0.000883 0.000164
vn -0.000439 -0.000883 0.000164
vn -0.000511 -0.000844 0.000164
vn -0.000645 -0.000746 0.000164
vn -0.000703 -0.000692 0.000164
vn -0.000951 -0.000262 0.000164
vn -0.000969 -0.000185 0.000164
vn -0.000969 -0.000185 0.000164
vn -0.000981 -0.000105 0.000164
vn -0.000937 0.000309 0.000164
vn -0.00091 0.000381 0.000164
vn -0.000783 0.0006 0.000164
vn -0.000735 0.000658 0.000164
vn -0.00061 0.000775 0.000164
vn -0.000546 0.000822 0.000164
vn -0.000546 0.000822 0.000164
vn -0.000477 0.000864 0.000164
vn -0.000324 0.000932 0.000164
vn -0.000248 0.000955 0.000164
vn 0.000737 0.000175 -0.000653
vn 0.000171 0.000062 -0.000983
vn 0 -0.000001 -0.001
vn 0.000124 0.000045 -0.000991
vn 0.000891 0.000448 -0.000069
vn -0.000109 -0.000365 -0.000924
vn -0.000014 -0.000079 -0.000997
vn -0 -0 -0.001
vn -0.000023 -0.00013 -0.000991
vn -0.000058 -0.000996 -0.000069
vn -0.000006 -0.000209 -0.000978
vn 0.000012 -0.000199 -0.00098
vn 0 -0 -0.001
vn 0 -0.000001 -0.001
vn 0.000033 -0.000188 -0.000982
vn 0.000203 -0.000678 -0.000707
vn 0.000206 -0.000688 -0.000695
vn 0.000106 -0.000245 -0.000964
vn 0.000076 -0.000177 -0.000981
vn 0.000002 -0.000005 -0.001
vn 0.000028 -0.000048 -0.000998
vn 0.000387 0.0002 -0.0009
vn 0.000344 0.000229 -0.000911
vn 0.000002 0.000001 -0.001
vn 0.000274 0.000223 -0.000936
vn 0.000004 0.000004 -0.001
vn 0.000011 0.000012 -0.001
vn 0.000015 0.000015 -0.001
vn 0.000004 0.000006 -0.001
vn 0 -0 -0.001
vn 0 -0 -0.001
vn 0.000187 0.000322 -0.000928
vn 0.000193 0.000435 -0.000879
vn 0.000386 0.000895 -0.000225
vn 0.000041 0.000136 -0.00099
vn -0 0.000002 -0.001
vn 0.000048 0.000161 -0.000986
vn 0.000146 0.000827 -0.000543
vn -0.000154 0.000872 -0.000465
vn -0.000046 0.000154 -0.000987
vn -0 0.000002 -0.001
vn -0.000001 0.000003 -0.001
vn -0.000011 0.000025 -0.001
vn -0.000678 -0.000569 -0.000465
vn -0.00011 -0.000117 -0.000987
vn -0.000002 -0.000003 -0.001
vn -0.000016 -0.000022 -0.001
vn -0.000054 0.000935 -0.000352
vn -0.00002 0.000325 -0.000945
vn -0.000094 0.000549 -0.00083
vn -0.000805 0.000404 -0.000435
vn -0.000053 0.000019 -0.000998
vn 0 -0.000001 -0.001
vn -0.000179 0.000065 -0.000982
vn -0.000688 0.000163 -0.000707
vn -0.000008 -0.000011 -0.001
vn -0.000005 -0.000008 -0.001
vn -0 0 -0.001
vn 0 -0.000001 -0.001
vn -0.00011 -0.000255 -0.000961
vn -0.000199 -0.000672 -0.000713
vn 0.000185 -0.000323 -0.000928
vn 0.000296 -0.000394 -0.00087
vn 0.000018 -0.000023 -0.001
vn 0.000002 -0.000003 -0.001
vn 0 -0.000002 -0.001
vn 0.000115 -0.000122 -0.000986
vn 0.000643 -0.00054 -0.000543
vn 0.000832 -0.000303 -0.000464
vn 0.000156 -0.000037 -0.000987
vn 0 -0 -0.001
vn 0.000145 -0.000034 -0.000989
vn 0.000942 -0.00011 -0.000318
vn 0.000499 -0.000054 -0.000865
vn 0.000352 0.000001 -0.000936
vn 0.000276 0.000032 -0.000961
vn 0.000652 0.000154 -0.000743
vn 0.000043 0.000268 -0.000962
vn 0.000011 0.000155 -0.000988
vn 0.000058 0.000993 -0.000098
vn -0.000001 0.000049 -0.000999
vn -0.000102 0.00024 -0.000965
vn -0.000085 0.000145 -0.000986
vn 0 -0 -0.001
vn 0 -0.000001 -0.001
vn -0.000165 0.000223 -0.000961
vn -0.000459 0.000488 -0.000743
vn -0.00052 0.000551 -0.000653
vn -0.000139 0.000116 -0.000983
vn 0 -0.000001 -0.001
vn -0.000101 0.000085 -0.000991
vn -0.000834 0.000548 -0.000069
vn -0.000178 0.00011 -0.000978
vn -0.000179 0.000092 -0.00098
vn -0.000329 0.000075 -0.000941
vn -0.000126 0.000015 -0.000992
vn -0.000194 0.000023 -0.000981
vn -0.000005 0 -0.001
vn -0.000056 -0 -0.000998
vn 0.000456 -0.00038 -0.000805
vn 0.000254 -0.000166 -0.000953
vn -0 0 -0.001
vn 0 -0 -0.001
vn 0.000285 -0.000144 -0.000948
vn 0.000522 -0.000193 -0.00083
vn -0.000373 0.000001 -0.000928
vn -0.000491 -0.00006 -0.000869
vn 0 -0 -0.001
vn -0.000163 -0.000039 -0.000986
vn -0.000789 -0.000287 -0.000543
vn -0.000557 -0.000205 -0.000805
vn -0.000272 -0.000137 -0.000952
vn -0.000091 -0.000046 -0.000995
vn -0.000015 -0.000008 -0.001
vn -0.000631 -0.000414 -0.000656
vn -0.000271 -0.000179 -0.000946
vn -0.000429 -0.000356 -0.00083
vn -0.000058 -0.000998 0.000009
vn -0.000174 -0.000985 0.000009
vn -0.000174 -0.000985 0.000009
vn -0.000287 -0.000958 0.000009
vn -0.000287 -0.000958 0.000009
vn -0.000396 -0.000918 0.000009
vn -0.000396 -0.000918 0.000009
vn -0.0005 -0.000866 0.000009
vn -0.0005 -0.000866 0.000009
vn -0.000597 -0.000802 0.000009
vn -0.000597 -0.000802 0.000009
vn -0.000686 -0.000727 0.000009
vn -0.000686 -0.000727 0.000009
vn -0.000766 -0.000643 0.000009
vn -0.000766 -0.000643 0.000009
vn -0.000835 -0.000549 0.000009
vn -0.000835 -0.000549 0.000009
vn -0.000894 -0.000449 0.000009
vn -0.000894 -0.000449 0.000009
vn -0.00094 -0.000342 0.000009
vn -0.00094 -0.000342 0.000009
vn -0.000973 -0.000231 0.000009
vn -0.000973 -0.000231 0.000009
vn -0.000993 -0.000116 0.000009
vn -0.000993 -0.000116 0.000009
vn -0.001 -0 0.000009
vn -0.001 -0 0.000009
vn -0.000993 0.000116 0.000009
vn -0.000993 0.000116 0.000009
vn -0.000973 0.000231 0.000009
vn -0.000973 0.000231 0.000009
vn -0.00094 0.000342 0.000009
vn -0.00094 0.000342 0.000009
vn -0.000894 0.000449 0.000009
vn -0.000894 0.000449 0.000009
vn -0.000835 0.000549 0.000009
vn -0.000835 0.000549 0.000009
vn -0.000766 0.000643 0.000009
vn -0.000766 0.000643 0.000009
vn -0.000686 0.000727 0.000009
vn -0.000686 0.000727 0.000009
vn -0.000597 0.000802 0.000009
vn -0.000597 0.000802 0.000009
vn -0.0005 0.000866 0.000009
vn -0.0005 0.000866 0.000009
vn -0.000396 0.000918 0.000009
vn -0.000396 0.000918 0.000009
vn -0.000287 0.000958 0.000009
vn -0.000287 0.000958 0.000009
vn -0.000174 0.000985 0.000009
vn -0.000174 0.000985 0.000009
vn -0.000058 0.000998 0.000009
vn -0.000058 0.000998 0.000009
vn 0.000058 0.000998 0.000009
vn 0.000058 0.000998 0.000009
vn 0.000174 0.000985 0.000009
vn 0.000174 0.000985 0.000009
vn 0.000287 0.000958 0.000009
vn 0.000287 0.000958 0.000009
vn 0.000396 0.000918 0.000009
vn 0.000396 0.000918 0.000009
vn 0.0005 0.000866 0.000009
vn 0.0005 0.000866 0.000009
vn 0.000597 0.000802 0.000009
vn 0.000597 0.000802 0.000009
vn 0.000686 0.000727 0.000009
vn 0.000686 0.000727 0.000009
vn 0.000766 0.000643 0.000009
vn 0.000766 0.000643 0.000009
vn 0.000835 0.000549 0.000009
vn 0.000835 0.000549 0.000009
vn 0.000894 0.000449 0.000009
vn 0.000894 0.000449 0.000009
vn 0.00094 0.000342 0.000009
vn 0.00094 0.000342 0.000009
vn 0.000973 0.000231 0.000009
vn 0.000973 0.000231 0.000009
vn 0.000993 0.000116 0.000009
vn 0.000993 0.000116 0.000009
vn 0.001 0 0.000009
vn 0.001 0 0.000009
vn 0.000993 -0.000116 0.000009
vn 0.000993 -0.000116 0.000009
vn 0.000973 -0.000231 0.000009
vn 0.000973 -0.000231 0.000009
vn 0.00094 -0.000342 0.000009
vn 0.00094 -0.000342 0.000009
vn 0.000894 -0.000449 0.000009
vn 0.000894 -0.000449 0.000009
vn 0.000835 -0.000549 0.000009
vn 0.000835 -0.000549 0.000009
vn 0.000766 -0.000643 0.000009
vn 0.000766 -0.000643 0.000009
vn 0.000686 -0.000727 0.000009
vn 0.000686 -0.000727 0.000009
vn 0.000597 -0.000802 0.000009
vn 0.000597 -0.000802 0.000009
vn 0.0005 -0.000866 0.000009
vn 0.0005 -0.000866 0.000009
vn 0.000396 -0.000918 0.000009
vn 0.000396 -0.000918 0.000009
vn 0.000287 -0.000958 0.000009
vn 0.000287 -0.000958 0.000009
vn 0.000174 -0.000985 0.000009
vn 0.000174 -0.000985 0.000009
vn 0.000058 -0.000998 0.000009
vn 0.000058 -0.000998 0.000009
vn -0.000058 -0.000998 0.000009
vn 0 0 0.001
vn 0 -0 0.001
vn 0 -0 0.001
vn -0 0 0.001
vn 0 -0 0.001
vn 0 -0 0.001
vn -0 0 0.001
vn -0 -0 0.001
vn -0 -0 0.001
vn -0 0 0.001
vn -0 0 0.001
vn -0 -0 0.001
vn -0 0 0.001
vn -0 0 0.001
vn -0 -0 0.001
vn -0 0 0.001
vn -0 0 0.001
vn -0 0 0.001
vn -0 0 0.001
vn -0 0 0.001
vn -0 -0 0.001
vn -0 0 0.001
vn -0 0 0.001
vn -0 0 0.001
vn -0 0 0.001
vn -0 0 0.001
vn 0 -0 0.001
vn 0 -0 0.001
vn -0 0 0.001
vn -0 0 0.001
vn 0 -0 0.001
vn 0 -0 0.001
vn 0 -0 0.001
vn -0 0 0.001
vn -0 0 0.001
vn 0 -0 0.001
vn 0 -0 0.001
vn -0 0 0.001
vn -0 0 0.001
usemtl Black
f 1//1 2//1 3//1
f 4//2 5//2 6//2
f 7//3 1//3 3//3
f 7//4 3//4 8//4
f 9//5 7//5 8//5
f 9//6 8//6 10//6
f 11//7 12//7 13//7
f 13//8 12//8 14//8
f 13//9 14//9 15//9
f 16//10 17//10 18//10
f 16//11 18//11 19//11
f 20//12 21//12 22//12
f 20//13 22//13 23//13
f 23//14 22//14 24//14
f 25//15 26//15 27//15
f 27//16 26//16 28//16
f 29//17 30//17 31//17
f 29//18 31//18 32//18
f 33//19 34//19 35//19
f 33//20 35//20 36//20
f 37//21 38//21 39//21
f 37//22 39//22 40//22
f 40//23 39//23 41//23
f 42//24 43//24 44//24
f 42//25 44//25 45//25
f 46//26 47//26 48//26
f 46//27 48//27 49//27
f 50//28 51//28 52//28
f 52//29 51//29 53//29
f 54//30 55//30 56//30
f 54//31 56//31 57//31
f 58//32 59//32 60//32
f 58//33 60//33 61//33
f 62//34 63//34 64//34
f 64//35 63//35 65//35
f 66//36 67//36 68//36
f 66//37 68//37 69//37
f 70//38 71//38 72//38
f 70//39 72//39 73//39
f 74//40 75//40 76//40
f 74//41 76//41 77//41
f 78//42 79//42 80//42
f 80//43 79//43 81//43
f 82//44 83//44 84//44
f 84//45 83//45 85//45
f 5//46 4//46 86//46
f 86//47 4//47 87//47
f 12//48 6//48 5//48
f 12//49 5//49 14//49
f 17//50 11//50 13//50
f 17//51 13//51 18//51
f 18//52 13//52 15//52
f 19//53 24//53 22//53
f 19//54 22//54 16//54
f 16//55 22//55 21//55
f 23//56 28//56 26//56
f 23//57 26//57 20//57
f 27//58 31//58 30//58
f 27//59 30//59 25//59
f 32//60 35//60 34//60
f 32//61 34//61 29//61
f 36//62 41//62 39//62
f 36//63 39//63 33//63
f 33//64 39//64 38//64
f 40//65 44//65 43//65
f 40//66 43//66 37//66
f 45//67 48//67 42//67
f 42//68 48//68 47//68
f 49//69 53//69 46//69
f 46//70 53//70 51//70
f 52//71 56//71 55//71
f 52//72 55//72 50//72
f 57//73 60//73 54//73
f 54//74 60//74 59//74
f 61//75 65//75 63//75
f 61//76 63//76 58//76
f 64//77 68//77 67//77
f 64//78 67//78 62//78
f 69//79 72//79 66//79
f 66//80 72//80 71//80
f 73//81 76//81 75//81
f 73//82 75//82 70//82
f 77//83 81//83 79//83
f 77//84 79//84 74//84
f 80//85 85//85 83//85
f 80//86 83//86 78//86
f 88//87 82//87 84//87
f 88//88 84//88 89//88
f 90//89 88//89 91//89
f 91//90 88//90 89//90
f 10//91 90//91 91//91
f 10//92 91//92 9//92
f 92//93 2//93 93//93
f 93//94 2//94 1//94
f 94//95 92//95 95//95
f 95//96 92//96 93//96
f 96//97 94//97 97//97
f 97//98 94//98 95//98
f 98//99 96//99 99//99
f 99//100 96//100 97//100
f 100//101 98//101 101//101
f 101//102 98//102 99//102
f 102//103 100//103 103//103
f 103//104 100//104 101//104
f 104//105 105//105 106//105
f 106//106 105//106 107//106
f 107//107 102//107 108//107
f 108//108 102//108 103//108
f 109//109 104//109 110//109
f 110//110 104//110 106//110
f 106//111 107//111 111//111
f 111//112 107//112 108//112
f 112//113 109//113 113//113
f 113//114 109//114 110//114
f 114//115 112//115 115//115
f 115//116 112//116 113//116
f 116//117 114//117 117//117
f 117//118 114//118 115//118
f 118//119 119//119 120//119
f 120//120 119//120 121//120
f 121//121 116//121 122//121
f 122//122 116//122 117//122
f 120//123 121//123 123//123
f 123//124 121//124 122//124
f 124//125 118//125 125//125
f 125//126 118//126 120//126
f 126//127 124//127 127//127
f 127//128 124//128 125//128
f 125//129 120//129 128//129
f 128//130 120//130 123//130
f 129//131 126//131 130//131
f 130//132 126//132 127//132
f 131//133 129//133 132//133
f 132//134 129//134 130//134
f 133//135 134//135 135//135
f 135//136 134//136 131//136
f 135//137 131//137 136//137
f 136//138 131//138 132//138
f 137//139 133//139 138//139
f 138//140 133//140 135//140
f 139//141 140//141 141//141
f 141//142 140//142 142//142
f 142//143 137//143 143//143
f 143//144 137//144 138//144
f 141//145 142//145 144//145
f 144//146 142//146 143//146
f 145//147 139//147 146//147
f 146//148 139//148 141//148
f 147//149 145//149 148//149
f 148//150 145//150 146//150
f 149//151 150//151 151//151
f 151//152 150//152 152//152
f 152//153 147//153 153//153
f 153//154 147//154 148//154
f 4//155 149//155 87//155
f 87//156 149//156 151//156
f 151//157 152//157 154//157
f 154//158 152//158 153//158
f 155//159 82//159 156//159
f 156//160 82//160 88//160
f 156//161 88//161 157//161
f 157//162 88//162 90//162
f 157//163 90//163 158//163
f 158//164 90//164 10//164
f 158//165 10//165 8//165
f 158//166 8//166 159//166
f 159//167 8//167 160//167
f 160//168 8//168 3//168
f 160//169 3//169 161//169
f 161//170 3//170 2//170
f 161//171 2//171 162//171
f 162//172 2//172 92//172
f 162//173 92//173 163//173
f 163//174 92//174 94//174
f 163//175 94//175 164//175
f 164//176 94//176 96//176
f 164//177 96//177 98//177
f 164//178 98//178 165//178
f 165//179 98//179 166//179
f 166//180 98//180 100//180
f 166//181 100//181 167//181
f 167//182 100//182 102//182
f 167//183 102//183 107//183
f 167//184 107//184 168//184
f 168//185 107//185 169//185
f 169//186 107//186 105//186
f 169//187 105//187 170//187
f 170//188 105//188 104//188
f 170//189 104//189 171//189
f 171//190 104//190 109//190
f 171//191 109//191 172//191
f 172//192 109//192 112//192
f 172//193 112//193 173//193
f 173//194 112//194 114//194
f 173//195 114//195 174//195
f 174//196 114//196 116//196
f 174//197 116//197 175//197
f 175//198 116//198 121//198
f 175//199 121//199 176//199
f 176//200 121//200 119//200
f 176//201 119//201 177//201
f 177//202 119//202 118//202
f 177//203 118//203 124//203
f 177//204 124//204 178//204
f 178//205 124//205 126//205
f 178//206 126//206 179//206
f 179//207 126//207 180//207
f 180//208 126//208 129//208
f 180//209 129//209 181//209
f 181//210 129//210 131//210
f 181//211 131//211 182//211
f 182//212 131//212 134//212
f 182//213 134//213 183//213
f 183//214 134//214 133//214
f 183//215 133//215 184//215
f 184//216 133//216 137//216
f 184//217 137//217 142//217
f 184//218 142//218 185//218
f 185//219 142//219 186//219
f 186//220 142//220 140//220
f 186//221 140//221 187//221
f 187//222 140//222 139//222
f 187//223 139//223 188//223
f 188//224 139//224 145//224
f 188//225 145//225 189//225
f 189//226 145//226 147//226
f 189//227 147//227 190//227
f 190//228 147//228 152//228
f 190//229 152//229 191//229
f 191//230 152//230 150//230
f 191//231 150//231 192//231
f 192//232 150//232 149//232
f 192//233 149//233 193//233
f 193//234 149//234 4//234
f 193//235 4//235 194//235
f 194//236 4//236 6//236
f 194//237 6//237 195//237
f 195//238 6//238 12//238
f 195//239 12//239 196//239
f 196//240 12//240 11//240
f 196//241 11//241 197//241
f 197//242 11//242 17//242
f 197//243 17//243 198//243
f 198//244 17//244 16//244
f 198//245 16//245 199//245
f 199//246 16//246 21//246
f 199//247 21//247 200//247
f 200//248 21//248 20//248
f 200//249 20//249 201//249
f 201//250 20//250 26//250
f 201//251 26//251 25//251
f 201//252 25//252 202//252
f 202//253 25//253 30//253
f 202//254 30//254 203//254
f 203//255 30//255 204//255
f 204//256 30//256 29//256
f 204//257 29//257 205//257
f 205//258 29//258 34//258
f 205//259 34//259 33//259
f 205//260 33//260 206//260
f 206//261 33//261 207//261
f 207//262 33//262 38//262
f 207//263 38//263 208//263
f 208//264 38//264 37//264
f 208//265 37//265 43//265
f 208//266 43//266 209//266
f 209//267 43//267 210//267
f 210//268 43//268 42//268
f 210//269 42//269 211//269
f 211//270 42//270 47//270
f 211//271 47//271 212//271
f 212//272 47//272 46//272
f 212//273 46//273 213//273
f 213//274 46//274 51//274
f 213//275 51//275 214//275
f 214//276 51//276 50//276
f 214//277 50//277 215//277
f 215//278 50//278 55//278
f 215//279 55//279 216//279
f 216//280 55//280 54//280
f 216//281 54//281 217//281
f 217//282 54//282 59//282
f 217//283 59//283 218//283
f 218//284 59//284 58//284
f 218//285 58//285 219//285
f 219//286 58//286 63//286
f 219//287 63//287 62//287
f 219//288 62//288 220//288
f 220//289 62//289 221//289
f 221//290 62//290 67//290
f 221//291 67//291 222//291
f 222//292 67//292 66//292
f 222//293 66//293 223//293
f 223//294 66//294 71//294
f 223//295 71//295 224//295
f 224//296 71//296 70//296
f 224//297 70//297 225//297
f 225//298 70//298 75//298
f 225//299 75//299 226//299
f 226//300 75//300 74//300
f 226//301 74//301 227//301
f 227//302 74//302 79//302
f 227//303 79//303 228//303
f 228//304 79//304 78//304
f 228//305 78//305 229//305
f 229//306 78//306 83//306
f 229//307 83//307 155//307
f 155//308 83//308 82//308
f 230//309 231//309 232//309
f 233//310 234//310 235//310
f 236//311 237//311 238//311
f 239//312 240//312 241//312
f 242//313 243//313 244//313
f 245//314 242//314 246//314
f 247//315 248//315 245//315
f 249//316 250//316 248//316
f 251//317 252//317 250//317
f 253//318 254//318 255//318
f 255//319 254//319 252//319
f 256//320 257//320 253//320
f 258//321 259//321 260//321
f 261//322 262//322 263//322
f 264//323 265//323 266//323
f 266//324 265//324 267//324
f 268//325 264//325 269//325
f 269//326 264//326 266//326
f 269//327 266//327 270//327
f 270//328 266//328 267//328
f 240//329 268//329 241//329
f 241//330 268//330 269//330
f 241//331 269//331 271//331
f 271//332 269//332 270//332
f 272//333 239//333 241//333
f 272//334 241//334 273//334
f 273//335 241//335 271//335
f 274//336 239//336 275//336
f 275//337 239//337 272//337
f 275//338 272//338 276//338
f 276//339 272//339 273//339
f 276//340 273//340 277//340
f 237//341 274//341 238//341
f 238//342 274//342 275//342
f 238//343 275//343 278//343
f 278//344 275//344 276//344
f 278//345 276//345 279//345
f 279//346 276//346 277//346
f 280//347 236//347 238//347
f 280//348 238//348 281//348
f 281//349 238//349 278//349
f 281//350 278//350 279//350
f 281//351 279//351 184//351
f 234//352 236//352 235//352
f 235//353 236//353 280//353
f 235//354 280//354 282//354
f 282//355 280//355 281//355
f 282//356 281//356 283//356
f 283//357 281//357 184//357
f 233//358 235//358 284//358
f 284//359 235//359 282//359
f 284//360 282//360 285//360
f 285//361 282//361 283//361
f 285//362 283//362 186//362
f 231//363 233//363 232//363
f 232//364 233//364 286//364
f 286//365 233//365 284//365
f 286//366 284//366 287//366
f 287//367 284//367 285//367
f 287//368 285//368 187//368
f 187//369 285//369 186//369
f 230//370 232//370 288//370
f 288//371 232//371 286//371
f 288//372 286//372 289//372
f 289//373 286//373 287//373
f 289//374 287//374 188//374
f 188//375 287//375 187//375
f 290//376 190//376 291//376
f 292//377 290//377 291//377
f 292//378 291//378 293//378
f 293//379 291//379 192//379
f 293//380 192//380 294//380
f 295//381 293//381 294//381
f 295//382 294//382 296//382
f 296//383 294//383 194//383
f 296//384 194//384 297//384
f 244//385 298//385 293//385
f 244//386 293//386 295//386
f 299//387 300//387 200//387
f 299//388 200//388 201//388
f 301//389 302//389 298//389
f 246//390 244//390 295//390
f 246//391 295//391 296//391
f 247//392 296//392 297//392
f 247//393 297//393 303//393
f 242//394 244//394 246//394
f 251//395 303//395 304//395
f 251//396 304//396 305//396
f 306//397 305//397 300//397
f 306//398 300//398 299//398
f 307//399 308//399 203//399
f 307//400 203//400 204//400
f 248//401 247//401 249//401
f 255//402 251//402 305//402
f 255//403 305//403 306//403
f 309//404 310//404 308//404
f 309//405 308//405 307//405
f 253//406 255//406 311//406
f 260//407 256//407 310//407
f 260//408 310//408 309//408
f 312//409 313//409 314//409
f 312//410 314//410 315//410
f 315//411 314//411 206//411
f 315//412 206//412 207//412
f 258//413 260//413 316//413
f 317//414 318//414 313//414
f 317//415 313//415 312//415
f 319//416 211//416 212//416
f 319//417 212//417 213//417
f 320//418 321//418 315//418
f 320//419 315//419 322//419
f 323//420 324//420 325//420
f 323//421 325//421 326//421
f 326//422 325//422 211//422
f 326//423 211//423 319//423
f 327//424 320//424 322//424
f 327//425 322//425 328//425
f 329//426 328//426 324//426
f 329//427 324//427 323//427
f 330//428 326//428 319//428
f 330//429 319//429 331//429
f 331//430 319//430 332//430
f 331//431 332//431 333//431
f 334//432 335//432 216//432
f 334//433 216//433 336//433
f 336//434 216//434 217//434
f 336//435 217//435 218//435
f 337//436 329//436 323//436
f 337//437 323//437 326//437
f 338//438 336//438 218//438
f 338//439 218//439 219//439
f 339//440 331//440 333//440
f 339//441 333//441 335//441
f 340//442 338//442 219//442
f 340//443 219//443 220//443
f 341//444 342//444 222//444
f 341//445 222//445 223//445
f 343//446 344//446 345//446
f 343//447 345//447 346//447
f 347//448 348//448 349//448
f 347//449 349//449 342//449
f 350//450 351//450 348//450
f 350//451 348//451 347//451
f 352//452 353//452 354//452
f 352//453 354//453 355//453
f 356//454 357//454 358//454
f 356//455 358//455 353//455
f 359//456 360//456 229//456
f 359//457 229//457 361//457
f 362//458 356//458 353//458
f 362//459 353//459 352//459
f 363//460 364//460 365//460
f 363//461 365//461 366//461
f 367//462 156//462 157//462
f 367//463 157//463 158//463
f 368//464 369//464 370//464
f 368//465 370//465 364//465
f 371//466 359//466 361//466
f 371//467 361//467 372//467
f 373//468 368//468 364//468
f 373//469 364//469 363//469
f 374//470 375//470 359//470
f 374//471 359//471 371//471
f 376//472 377//472 159//472
f 376//473 159//473 378//473
f 378//474 159//474 160//474
f 378//475 160//475 161//475
f 379//476 380//476 381//476
f 379//477 381//477 375//477
f 382//478 371//478 372//478
f 382//479 372//479 383//479
f 384//480 161//480 162//480
f 384//481 162//481 163//481
f 385//482 386//482 371//482
f 385//483 371//483 382//483
f 387//484 388//484 376//484
f 387//485 376//485 378//485
f 389//486 390//486 388//486
f 389//487 388//487 387//487
f 391//488 392//488 166//488
f 391//489 166//489 167//489
f 393//490 394//490 395//490
f 393//491 395//491 396//491
f 397//492 398//492 391//492
f 397//493 391//493 399//493
f 400//494 401//494 398//494
f 400//495 398//495 397//495
f 402//496 403//496 404//496
f 402//497 404//497 405//497
f 406//498 407//498 173//498
f 406//499 173//499 408//499
f 409//500 408//500 175//500
f 409//501 175//501 176//501
f 410//502 411//502 403//502
f 410//503 403//503 402//503
f 412//504 413//504 407//504
f 412//505 407//505 406//505
f 414//506 406//506 408//506
f 414//507 408//507 409//507
f 415//508 416//508 417//508
f 415//509 417//509 413//509
f 418//510 419//510 420//510
f 418//511 420//511 421//511
f 421//512 420//512 177//512
f 421//513 177//513 178//513
f 422//514 415//514 413//514
f 422//515 413//515 412//515
f 267//516 421//516 178//516
f 267//517 178//517 179//517
f 423//518 424//518 181//518
f 423//519 181//519 182//519
f 425//520 426//520 427//520
f 425//521 427//521 414//521
f 428//522 414//522 419//522
f 428//523 419//523 418//523
f 279//524 277//524 183//524
f 279//525 183//525 184//525
f 429//526 425//526 414//526
f 429//527 414//527 428//527
f 430//528 428//528 418//528
f 430//529 418//529 421//529
f 271//530 270//530 424//530
f 271//531 424//531 423//531
f 291//532 190//532 191//532
f 291//533 191//533 192//533
f 294//534 192//534 193//534
f 294//535 193//535 194//535
f 302//536 290//536 292//536
f 297//537 194//537 195//537
f 297//538 195//538 196//538
f 298//539 302//539 292//539
f 298//540 292//540 293//540
f 303//541 297//541 196//541
f 303//542 196//542 304//542
f 304//543 196//543 197//543
f 304//544 197//544 305//544
f 305//545 197//545 198//545
f 305//546 198//546 300//546
f 300//547 198//547 199//547
f 300//548 199//548 200//548
f 202//549 203//549 308//549
f 202//550 308//550 201//550
f 296//551 247//551 431//551
f 296//552 431//552 246//552
f 298//553 244//553 243//553
f 298//554 243//554 301//554
f 245//555 246//555 431//555
f 249//556 247//556 303//556
f 249//557 303//557 251//557
f 432//558 306//558 299//558
f 432//559 299//559 310//559
f 310//560 299//560 201//560
f 310//561 201//561 308//561
f 433//562 307//562 204//562
f 433//563 204//563 205//563
f 205//564 206//564 314//564
f 205//565 314//565 433//565
f 431//566 247//566 245//566
f 250//567 249//567 251//567
f 311//568 255//568 306//568
f 311//569 306//569 432//569
f 434//570 309//570 307//570
f 434//571 307//571 433//571
f 433//572 314//572 313//572
f 433//573 313//573 434//573
f 432//574 310//574 256//574
f 432//575 256//575 311//575
f 251//576 255//576 252//576
f 253//577 311//577 256//577
f 316//578 260//578 309//578
f 316//579 309//579 434//579
f 322//580 315//580 207//580
f 322//581 207//581 208//581
f 325//582 209//582 210//582
f 325//583 210//583 211//583
f 209//584 325//584 324//584
f 209//585 324//585 208//585
f 208//586 324//586 328//586
f 208//587 328//587 322//587
f 434//588 313//588 318//588
f 434//589 318//589 316//589
f 256//590 260//590 259//590
f 256//591 259//591 257//591
f 213//592 214//592 332//592
f 213//593 332//593 319//593
f 312//594 315//594 321//594
f 312//595 321//595 317//595
f 316//596 318//596 258//596
f 215//597 216//597 335//597
f 215//598 335//598 214//598
f 214//599 335//599 333//599
f 214//600 333//600 332//600
f 328//601 329//601 435//601
f 328//602 435//602 327//602
f 326//603 330//603 436//603
f 326//604 436//604 337//604
f 437//605 330//605 331//605
f 437//606 331//606 339//606
f 438//607 339//607 335//607
f 438//608 335//608 334//608
f 346//609 334//609 336//609
f 346//610 336//610 338//610
f 349//611 340//611 220//611
f 349//612 220//612 221//612
f 221//613 222//613 342//613
f 221//614 342//614 349//614
f 338//615 340//615 439//615
f 338//616 439//616 346//616
f 334//617 346//617 345//617
f 334//618 345//618 438//618
f 440//619 437//619 339//619
f 440//620 339//620 438//620
f 348//621 439//621 340//621
f 348//622 340//622 349//622
f 354//623 341//623 223//623
f 354//624 223//624 224//624
f 225//625 226//625 441//625
f 225//626 441//626 224//626
f 224//627 441//627 355//627
f 224//628 355//628 354//628
f 438//629 345//629 344//629
f 438//630 344//630 440//630
f 442//631 343//631 346//631
f 442//632 346//632 439//632
f 358//633 347//633 342//633
f 358//634 342//634 341//634
f 366//635 226//635 227//635
f 366//636 227//636 228//636
f 228//637 229//637 360//637
f 228//638 360//638 366//638
f 226//639 366//639 365//639
f 226//640 365//640 441//640
f 341//641 354//641 353//641
f 341//642 353//642 358//642
f 439//643 348//643 351//643
f 439//644 351//644 442//644
f 155//645 156//645 361//645
f 155//646 361//646 229//646
f 441//647 365//647 364//647
f 441//648 364//648 355//648
f 355//649 364//649 370//649
f 355//650 370//650 352//650
f 347//651 358//651 357//651
f 347//652 357//652 350//652
f 158//653 159//653 377//653
f 158//654 377//654 367//654
f 156//655 367//655 372//655
f 156//656 372//656 361//656
f 360//657 359//657 375//657
f 360//658 375//658 366//658
f 366//659 375//659 381//659
f 366//660 381//660 363//660
f 352//661 370//661 369//661
f 352//662 369//662 362//662
f 367//663 377//663 383//663
f 367//664 383//664 372//664
f 363//665 381//665 380//665
f 363//666 380//666 373//666
f 443//667 379//667 375//667
f 443//668 375//668 374//668
f 444//669 378//669 161//669
f 444//670 161//670 384//670
f 445//671 384//671 163//671
f 445//672 163//672 164//672
f 377//673 376//673 388//673
f 377//674 388//674 383//674
f 374//675 371//675 386//675
f 374//676 386//676 443//676
f 446//677 385//677 382//677
f 446//678 382//678 383//678
f 447//679 387//679 378//679
f 447//680 378//680 444//680
f 395//681 444//681 384//681
f 395//682 384//682 445//682
f 448//683 445//683 164//683
f 448//684 164//684 392//684
f 392//685 164//685 165//685
f 392//686 165//686 166//686
f 445//687 448//687 396//687
f 445//688 396//688 395//688
f 444//689 395//689 449//689
f 444//690 449//690 447//690
f 383//691 388//691 390//691
f 383//692 390//692 446//692
f 450//693 389//693 387//693
f 450//694 387//694 447//694
f 399//695 391//695 167//695
f 399//696 167//696 168//696
f 451//697 450//697 447//697
f 451//698 447//698 449//698
f 452//699 396//699 448//699
f 452//700 448//700 392//700
f 453//701 399//701 168//701
f 453//702 168//702 169//702
f 405//703 169//703 170//703
f 405//704 170//704 171//704
f 169//705 405//705 404//705
f 169//706 404//706 453//706
f 392//707 391//707 398//707
f 392//708 398//708 452//708
f 449//709 395//709 394//709
f 449//710 394//710 451//710
f 454//711 393//711 396//711
f 454//712 396//712 452//712
f 455//713 397//713 399//713
f 455//714 399//714 453//714
f 456//715 405//715 171//715
f 456//716 171//716 172//716
f 174//717 175//717 408//717
f 174//718 408//718 173//718
f 172//719 173//719 407//719
f 172//720 407//720 456//720
f 453//721 404//721 403//721
f 453//722 403//722 455//722
f 452//723 398//723 401//723
f 452//724 401//724 454//724
f 457//725 400//725 397//725
f 457//726 397//726 455//726
f 417//727 402//727 405//727
f 417//728 405//728 456//728
f 420//729 409//729 176//729
f 420//730 176//730 177//730
f 456//731 407//731 413//731
f 456//732 413//732 417//732
f 455//733 403//733 411//733
f 455//734 411//734 457//734
f 180//735 181//735 424//735
f 180//736 424//736 179//736
f 409//737 420//737 419//737
f 409//738 419//738 414//738
f 406//739 414//739 427//739
f 406//740 427//740 412//740
f 402//741 417//741 416//741
f 402//742 416//742 410//742
f 182//743 183//743 277//743
f 182//744 277//744 423//744
f 179//745 424//745 270//745
f 179//746 270//746 267//746
f 412//747 427//747 426//747
f 412//748 426//748 422//748
f 265//749 430//749 421//749
f 265//750 421//750 267//750
f 273//751 271//751 423//751
f 273//752 423//752 277//752
f 283//753 184//753 185//753
f 283//754 185//754 186//754
f 261//755 230//755 262//755
f 262//756 230//756 288//756
f 262//757 288//757 458//757
f 458//758 288//758 289//758
f 458//759 289//759 189//759
f 189//760 289//760 188//760
f 301//761 263//761 302//761
f 302//762 263//762 262//762
f 302//763 262//763 290//763
f 290//764 262//764 458//764
f 290//765 458//765 190//765
f 190//766 458//766 189//766
f 386//767 459//767 460//767
f 237//768 461//768 462//768
f 463//769 386//769 460//769
f 463//770 460//770 464//770
f 411//771 465//771 466//771
f 274//772 237//772 462//772
f 274//773 462//773 467//773
f 468//774 469//774 470//774
f 443//775 463//775 464//775
f 443//776 464//776 471//776
f 457//777 411//777 466//777
f 457//778 466//778 472//778
f 239//779 274//779 473//779
f 473//780 274//780 467//780
f 474//781 468//781 470//781
f 474//782 470//782 475//782
f 379//783 443//783 471//783
f 379//784 471//784 476//784
f 400//785 457//785 472//785
f 400//786 472//786 477//786
f 240//787 239//787 473//787
f 240//788 473//788 478//788
f 268//789 240//789 478//789
f 268//790 478//790 479//790
f 480//791 481//791 301//791
f 480//792 301//792 243//792
f 482//793 483//793 484//793
f 484//794 483//794 242//794
f 484//795 242//795 245//795
f 485//796 486//796 250//796
f 250//797 486//797 248//797
f 487//798 488//798 252//798
f 487//799 252//799 254//799
f 489//800 490//800 257//800
f 257//801 490//801 253//801
f 491//802 492//802 259//802
f 491//803 259//803 258//803
f 493//804 469//804 494//804
f 494//805 469//805 468//805
f 495//806 493//806 320//806
f 320//807 493//807 494//807
f 496//808 497//808 498//808
f 498//809 497//809 495//809
f 498//810 495//810 327//810
f 327//811 495//811 320//811
f 499//812 496//812 500//812
f 500//813 496//813 498//813
f 501//814 499//814 502//814
f 502//815 499//815 500//815
f 503//816 501//816 504//816
f 504//817 501//817 502//817
f 505//818 506//818 440//818
f 440//819 506//819 507//819
f 507//820 503//820 508//820
f 508//821 503//821 504//821
f 509//822 505//822 344//822
f 344//823 505//823 440//823
f 440//824 507//824 510//824
f 510//825 507//825 508//825
f 511//826 509//826 343//826
f 343//827 509//827 344//827
f 512//828 511//828 442//828
f 442//829 511//829 343//829
f 513//830 512//830 351//830
f 351//831 512//831 442//831
f 514//832 513//832 350//832
f 350//833 513//833 351//833
f 515//834 514//834 357//834
f 357//835 514//835 350//835
f 516//836 517//836 362//836
f 362//837 517//837 515//837
f 518//838 516//838 369//838
f 369//839 516//839 362//839
f 357//840 356//840 515//840
f 515//841 356//841 362//841
f 369//842 368//842 518//842
f 518//843 368//843 519//843
f 368//844 373//844 519//844
f 519//845 373//845 520//845
f 373//846 380//846 520//846
f 521//847 459//847 385//847
f 385//848 459//848 386//848
f 522//849 521//849 446//849
f 446//850 521//850 385//850
f 523//851 522//851 390//851
f 390//852 522//852 446//852
f 524//853 523//853 389//853
f 389//854 523//854 390//854
f 525//855 524//855 450//855
f 450//856 524//856 389//856
f 526//857 525//857 451//857
f 451//858 525//858 450//858
f 527//859 454//859 528//859
f 528//860 454//860 529//860
f 451//861 394//861 526//861
f 526//862 394//862 527//862
f 454//863 401//863 529//863
f 394//864 393//864 527//864
f 527//865 393//865 454//865
f 477//866 529//866 401//866
f 477//867 401//867 400//867
f 530//868 531//868 415//868
f 415//869 531//869 532//869
f 533//870 530//870 422//870
f 422//871 530//871 415//871
f 532//872 465//872 410//872
f 410//873 465//873 411//873
f 534//874 533//874 426//874
f 426//875 533//875 422//875
f 415//876 532//876 416//876
f 416//877 532//877 410//877
f 535//878 534//878 425//878
f 425//879 534//879 426//879
f 425//880 429//880 535//880
f 535//881 429//881 536//881
f 429//882 537//882 536//882
f 536//883 537//883 538//883
f 537//884 539//884 538//884
f 540//885 538//885 541//885
f 541//886 538//886 539//886
f 542//887 540//887 541//887
f 542//888 541//888 264//888
f 263//889 301//889 481//889
f 263//890 481//890 543//890
f 243//891 242//891 483//891
f 243//892 483//892 480//892
f 245//893 248//893 486//893
f 245//894 486//894 484//894
f 250//895 252//895 488//895
f 250//896 488//896 485//896
f 254//897 253//897 490//897
f 254//898 490//898 487//898
f 257//899 259//899 489//899
f 489//900 259//900 492//900
f 258//901 474//901 475//901
f 258//902 475//902 491//902
f 258//903 318//903 474//903
f 474//904 318//904 317//904
f 474//905 317//905 468//905
f 468//906 317//906 321//906
f 468//907 321//907 494//907
f 494//908 321//908 320//908
f 327//909 435//909 498//909
f 498//910 435//910 329//910
f 498//911 329//911 500//911
f 500//912 329//912 337//912
f 500//913 337//913 502//913
f 502//914 337//914 436//914
f 502//915 436//915 504//915
f 504//916 436//916 330//916
f 504//917 330//917 508//917
f 508//918 330//918 437//918
f 508//919 437//919 510//919
f 510//920 437//920 440//920
f 476//921 520//921 380//921
f 476//922 380//922 379//922
f 463//923 443//923 386//923
f 537//924 429//924 428//924
f 537//925 428//925 539//925
f 539//926 428//926 430//926
f 539//927 430//927 541//927
f 541//928 430//928 265//928
f 541//929 265//929 264//929
f 479//930 542//930 264//930
f 479//931 264//931 268//931
f 544//932 461//932 236//932
f 236//933 461//933 237//933
f 236//934 234//934 544//934
f 544//935 234//935 545//935
f 234//936 546//936 545//936
f 545//937 546//937 547//937
f 546//938 231//938 547//938
f 234//939 233//939 546//939
f 548//940 547//940 231//940
f 548//941 231//941 230//941
f 546//942 233//942 231//942
f 549//943 548//943 261//943
f 261//944 548//944 230//944
f 543//945 549//945 261//945
f 543//946 261//946 263//946
f 486//947 550//947 484//947
f 484//948 550//948 551//948
f 484//949 551//949 482//949
f 482//950 551//950 483//950
f 483//951 551//951 552//951
f 483//952 552//952 480//952
f 480//953 552//953 553//953
f 480//954 553//954 481//954
f 481//955 553//955 554//955
f 481//956 554//956 555//956
f 481//957 555//957 543//957
f 543//958 555//958 549//958
f 549//959 555//959 556//959
f 549//960 556//960 548//960
f 548//961 556//961 557//961
f 548//962 557//962 547//962
f 547//963 557//963 558//963
f 547//964 558//964 545//964
f 545//965 558//965 559//965
f 545//966 559//966 560//966
f 545//967 560//967 544//967
f 544//968 560//968 461//968
f 461//969 560//969 561//969
f 461//970 561//970 562//970
f 461//971 562//971 462//971
f 462//972 562//972 563//972
f 462//973 563//973 467//973
f 467//974 563//974 473//974
f 473//975 563//975 564//975
f 473//976 564//976 478//976
f 478//977 564//977 565//977
f 478//978 565//978 479//978
f 479//979 565//979 566//979
f 479//980 566//980 542//980
f 542//981 566//981 567//981
f 542//982 567//982 540//982
f 540//983 567//983 568//983
f 540//984 568//984 569//984
f 540//985 569//985 538//985
f 538//986 569//986 536//986
f 536//987 569//987 570//987
f 536//988 570//988 535//988
f 535//989 570//989 571//989
f 535//990 571//990 534//990
f 534//991 571//991 572//991
f 534//992 572//992 573//992
f 534//993 573//993 533//993
f 533//994 573//994 530//994
f 530//995 573//995 574//995
f 530//996 574//996 531//996
f 531//997 574//997 575//997
f 531//998 575//998 532//998
f 532//999 575//999 576//999
f 532//1000 576//1000 465//1000
f 465//1001 576//1001 577//1001
f 465//1002 577//1002 466//1002
f 466//1003 577//1003 578//1003
f 466//1004 578//1004 472//1004
f 472//1005 578//1005 579//1005
f 472//1006 579//1006 477//1006
f 477//1007 579//1007 580//1007
f 477//1008 580//1008 529//1008
f 529//1009 580//1009 581//1009
f 529//1010 581//1010 528//1010
f 528//1011 581//1011 582//1011
f 528//1012 582//1012 527//1012
f 527//1013 582//1013 583//1013
f 527//1014 583//1014 526//1014
f 526//1015 583//1015 584//1015
f 526//1016 584//1016 525//1016
f 525//1017 584//1017 585//1017
f 525//1018 585//1018 524//1018
f 524//1019 585//1019 586//1019
f 524//1020 586//1020 523//1020
f 523//1021 586//1021 587//1021
f 523//1022 587//1022 522//1022
f 522//1023 587//1023 588//1023
f 522//1024 588//1024 521//1024
f 521//1025 588//1025 589//1025
f 521//1026 589//1026 459//1026
f 459//1027 589//1027 590//1027
f 459//1028 590//1028 460//1028
f 460//1029 590//1029 591//1029
f 460//1030 591//1030 464//1030
f 464//1031 591//1031 592//1031
f 464//1032 592//1032 471//1032
f 471//1033 592//1033 593//1033
f 471//1034 593//1034 476//1034
f 476//1035 593//1035 594//1035
f 476//1036 594//1036 520//1036
f 520//1037 594//1037 595//1037
f 520//1038 595//1038 519//1038
f 519//1039 595//1039 596//1039
f 519//1040 596//1040 518//1040
f 518//1041 596//1041 597//1041
f 518//1042 597//1042 598//1042
f 518//1043 598//1043 516//1043
f 516//1044 598//1044 517//1044
f 517//1045 598//1045 599//1045
f 517//1046 599//1046 600//1046
f 517//1047 600//1047 515//1047
f 515//1048 600//1048 601//1048
f 515//1049 601//1049 514//1049
f 514//1050 601//1050 513//1050
f 513//1051 601//1051 602//1051
f 513//1052 602//1052 512//1052
f 512//1053 602//1053 603//1053
f 512//1054 603//1054 511//1054
f 511//1055 603//1055 604//1055
f 511//1056 604//1056 509//1056
f 509//1057 604//1057 605//1057
f 509//1058 605//1058 505//1058
f 505//1059 605//1059 606//1059
f 505//1060 606//1060 506//1060
f 506//1061 606//1061 607//1061
f 506//1062 607//1062 507//1062
f 507//1063 607//1063 608//1063
f 507//1064 608//1064 503//1064
f 503//1065 608//1065 609//1065
f 503//1066 609//1066 501//1066
f 501//1067 609//1067 610//1067
f 501//1068 610//1068 611//1068
f 501//1069 611//1069 499//1069
f 499//1070 611//1070 496//1070
f 496//1071 611//1071 612//1071
f 496//1072 612//1072 497//1072
f 497//1073 612//1073 613//1073
f 497//1074 613//1074 495//1074
f 495//1075 613//1075 614//1075
f 495//1076 614//1076 493//1076
f 493//1077 614//1077 615//1077
f 493//1078 615//1078 469//1078
f 469//1079 615//1079 616//1079
f 469//1080 616//1080 470//1080
f 470//1081 616//1081 617//1081
f 470//1082 617//1082 475//1082
f 475//1083 617//1083 618//1083
f 475//1084 618//1084 491//1084
f 491//1085 618//1085 619//1085
f 491//1086 619//1086 492//1086
f 492//1087 619//1087 620//1087
f 492//1088 620//1088 489//1088
f 489//1089 620//1089 621//1089
f 489//1090 621//1090 490//1090
f 490//1091 621//1091 622//1091
f 490//1092 622//1092 487//1092
f 487//1093 622//1093 623//1093
f 487//1094 623//1094 488//1094
f 488//1095 623//1095 624//1095
f 488//1096 624//1096 625//1096
f 488//1097 625//1097 485//1097
f 485//1098 625//1098 486//1098
f 486//1099 625//1099 550//1099
f 626//1100 571//1100 570//1100
f 627//1101 551//1101 550//1101
f 628//1102 626//1102 570//1102
f 628//1103 570//1103 569//1103
f 629//1104 627//1104 550//1104
f 629//1105 550//1105 625//1105
f 568//1106 628//1106 569//1106
f 630//1107 595//1107 594//1107
f 624//1108 629//1108 625//1108
f 631//1109 568//1109 567//1109
f 632//1110 630//1110 593//1110
f 593//1111 630//1111 594//1111
f 633//1112 624//1112 623//1112
f 634//1113 631//1113 567//1113
f 634//1114 567//1114 566//1114
f 635//1115 632//1115 593//1115
f 635//1116 593//1116 592//1116
f 636//1117 633//1117 623//1117
f 636//1118 623//1118 622//1118
f 637//1119 636//1119 622//1119
f 637//1120 622//1120 621//1120
f 557//1121 556//1121 638//1121
f 557//1122 638//1122 639//1122
f 559//1123 558//1123 640//1123
f 559//1124 640//1124 641//1124
f 561//1125 560//1125 642//1125
f 561//1126 642//1126 643//1126
f 563//1127 562//1127 644//1127
f 563//1128 644//1128 645//1128
f 565//1129 564//1129 646//1129
f 565//1130 646//1130 647//1130
f 572//1131 571//1131 648//1131
f 648//1132 571//1132 626//1132
f 628//1133 568//1133 649//1133
f 649//1134 568//1134 631//1134
f 573//1135 572//1135 650//1135
f 650//1136 572//1136 648//1136
f 574//1137 573//1137 651//1137
f 651//1138 573//1138 650//1138
f 575//1139 574//1139 652//1139
f 652//1140 574//1140 651//1140
f 576//1141 575//1141 653//1141
f 653//1142 575//1142 652//1142
f 577//1143 576//1143 654//1143
f 654//1144 576//1144 653//1144
f 578//1145 577//1145 655//1145
f 655//1146 577//1146 654//1146
f 579//1147 578//1147 656//1147
f 656//1148 578//1148 655//1148
f 580//1149 579//1149 657//1149
f 657//1150 579//1150 656//1150
f 581//1151 580//1151 658//1151
f 658//1152 580//1152 657//1152
f 582//1153 581//1153 659//1153
f 659//1154 581//1154 658//1154
f 583//1155 582//1155 660//1155
f 660//1156 582//1156 659//1156
f 584//1157 583//1157 661//1157
f 661//1158 583//1158 660//1158
f 585//1159 584//1159 662//1159
f 662//1160 584//1160 661//1160
f 586//1161 585//1161 663//1161
f 663//1162 585//1162 662//1162
f 587//1163 586//1163 664//1163
f 664//1164 586//1164 663//1164
f 588//1165 587//1165 665//1165
f 665//1166 587//1166 664//1166
f 589//1167 588//1167 666//1167
f 666//1168 588//1168 665//1168
f 666//1169 667//1169 589//1169
f 589//1170 667//1170 590//1170
f 590//1171 668//1171 591//1171
f 667//1172 669//1172 590//1172
f 590//1173 669//1173 668//1173
f 596//1174 595//1174 670//1174
f 670//1175 595//1175 630//1175
f 597//1176 596//1176 671//1176
f 671//1177 596//1177 670//1177
f 598//1178 597//1178 672//1178
f 672//1179 597//1179 671//1179
f 599//1180 598//1180 673//1180
f 673//1181 598//1181 672//1181
f 600//1182 599//1182 674//1182
f 674//1183 599//1183 673//1183
f 601//1184 600//1184 675//1184
f 675//1185 600//1185 674//1185
f 602//1186 601//1186 676//1186
f 676//1187 601//1187 675//1187
f 603//1188 602//1188 677//1188
f 677//1189 602//1189 676//1189
f 608//1190 607//1190 678//1190
f 678//1191 607//1191 606//1191
f 604//1192 603//1192 679//1192
f 679//1193 603//1193 677//1193
f 605//1194 604//1194 680//1194
f 680//1195 604//1195 679//1195
f 610//1196 609//1196 681//1196
f 681//1197 609//1197 608//1197
f 606//1198 605//1198 682//1198
f 682//1199 605//1199 680//1199
f 678//1200 606//1200 683//1200
f 683//1201 606//1201 682//1201
f 612//1202 611//1202 684//1202
f 684//1203 611//1203 610//1203
f 613//1204 612//1204 685//1204
f 685//1205 612//1205 684//1205
f 681//1206 608//1206 686//1206
f 686//1207 608//1207 678//1207
f 615//1208 614//1208 687//1208
f 687//1209 614//1209 613//1209
f 684//1210 610//1210 688//1210
f 688//1211 610//1211 681//1211
f 616//1212 615//1212 689//1212
f 689//1213 615//1213 687//1213
f 685//1214 690//1214 613//1214
f 613//1215 690//1215 687//1215
f 689//1216 691//1216 616//1216
f 616//1217 691//1217 617//1217
f 618//1218 692//1218 619//1218
f 691//1219 693//1219 617//1219
f 617//1220 693//1220 618//1220
f 693//1221 694//1221 618//1221
f 618//1222 694//1222 692//1222
f 620//1223 619//1223 692//1223
f 620//1224 692//1224 695//1224
f 696//1225 638//1225 556//1225
f 696//1226 556//1226 555//1226
f 639//1227 640//1227 558//1227
f 639//1228 558//1228 557//1228
f 641//1229 642//1229 560//1229
f 641//1230 560//1230 559//1230
f 643//1231 644//1231 562//1231
f 643//1232 562//1232 561//1232
f 645//1233 646//1233 564//1233
f 645//1234 564//1234 563//1234
f 647//1235 634//1235 566//1235
f 647//1236 566//1236 565//1236
f 647//1237 697//1237 634//1237
f 634//1238 697//1238 698//1238
f 634//1239 698//1239 631//1239
f 631//1240 698//1240 699//1240
f 631//1241 699//1241 649//1241
f 649//1242 699//1242 700//1242
f 649//1243 700//1243 628//1243
f 628//1244 700//1244 701//1244
f 628//1245 701//1245 626//1245
f 626//1246 701//1246 702//1246
f 626//1247 702//1247 648//1247
f 648//1248 702//1248 703//1248
f 648//1249 703//1249 650//1249
f 650//1250 703//1250 704//1250
f 650//1251 704//1251 651//1251
f 651//1252 704//1252 705//1252
f 651//1253 705//1253 652//1253
f 652//1254 705//1254 706//1254
f 652//1255 706//1255 653//1255
f 653//1256 706//1256 707//1256
f 653//1257 707//1257 654//1257
f 654//1258 707//1258 655//1258
f 655//1259 708//1259 656//1259
f 656//1260 708//1260 657//1260
f 592//1261 591//1261 668//1261
f 592//1262 668//1262 635//1262
f 635//1263 668//1263 709//1263
f 635//1264 709//1264 632//1264
f 630//1265 632//1265 670//1265
f 689//1266 687//1266 710//1266
f 689//1267 710//1267 691//1267
f 693//1268 691//1268 711//1268
f 693//1269 711//1269 694//1269
f 694//1270 711//1270 712//1270
f 694//1271 712//1271 692//1271
f 695//1272 692//1272 713//1272
f 695//1273 713//1273 637//1273
f 621//1274 620//1274 695//1274
f 621//1275 695//1275 637//1275
f 633//1276 714//1276 624//1276
f 624//1277 714//1277 629//1277
f 627//1278 715//1278 551//1278
f 551//1279 715//1279 552//1279
f 715//1280 716//1280 552//1280
f 553//1281 552//1281 716//1281
f 553//1282 716//1282 717//1282
f 554//1283 553//1283 717//1283
f 554//1284 717//1284 718//1284
f 555//1285 554//1285 718//1285
f 555//1286 718//1286 696//1286
f 639//1287 638//1287 719//1287
f 641//1288 640//1288 720//1288
f 720//1289 640//1289 639//1289
f 721//1290 642//1290 641//1290
f 645//1291 644//1291 722//1291
f 722//1292 644//1292 643//1292
f 697//1293 647//1293 723//1293
f 665//1294 664//1294 724//1294
f 718//1295 725//1295 696//1295
f 692//1296 712//1296 726//1296
f 713//1297 692//1297 726//1297
f 637//1298 713//1298 727//1298
f 727//1299 713//1299 728//1299
f 636//1300 637//1300 729//1300
f 729//1301 637//1301 727//1301
f 729//1302 727//1302 728//1302
f 729//1303 728//1303 730//1303
f 633//1304 636//1304 731//1304
f 731//1305 636//1305 729//1305
f 731//1306 729//1306 732//1306
f 732//1307 729//1307 730//1307
f 714//1308 633//1308 733//1308
f 733//1309 633//1309 731//1309
f 733//1310 731//1310 734//1310
f 734//1311 731//1311 732//1311
f 629//1312 714//1312 735//1312
f 735//1313 714//1313 733//1313
f 735//1314 733//1314 736//1314
f 736//1315 733//1315 734//1315
f 736//1316 734//1316 737//1316
f 627//1317 629//1317 735//1317
f 627//1318 735//1318 738//1318
f 738//1319 735//1319 736//1319
f 738//1320 736//1320 739//1320
f 739//1321 736//1321 737//1321
f 715//1322 627//1322 740//1322
f 740//1323 627//1323 738//1323
f 740//1324 738//1324 741//1324
f 741//1325 738//1325 742//1325
f 742//1326 738//1326 739//1326
f 716//1327 715//1327 743//1327
f 743//1328 715//1328 740//1328
f 743//1329 740//1329 741//1329
f 743//1330 741//1330 744//1330
f 744//1331 741//1331 742//1331
f 744//1332 742//1332 745//1332
f 717//1333 716//1333 746//1333
f 746//1334 716//1334 743//1334
f 746//1335 743//1335 747//1335
f 747//1336 743//1336 744//1336
f 747//1337 744//1337 748//1337
f 748//1338 744//1338 745//1338
f 718//1339 717//1339 725//1339
f 725//1340 717//1340 746//1340
f 725//1341 746//1341 749//1341
f 749//1342 746//1342 747//1342
f 749//1343 747//1343 750//1343
f 750//1344 747//1344 748//1344
f 751//1345 752//1345 753//1345
f 751//1346 753//1346 754//1346
f 755//1347 752//1347 751//1347
f 756//1348 757//1348 758//1348
f 756//1349 758//1349 759//1349
f 760//1350 761//1350 757//1350
f 760//1351 757//1351 756//1351
f 762//1352 763//1352 764//1352
f 762//1353 764//1353 765//1353
f 638//1354 755//1354 719//1354
f 720//1355 766//1355 761//1355
f 720//1356 761//1356 760//1356
f 721//1357 760//1357 756//1357
f 721//1358 756//1358 767//1358
f 768//1359 767//1359 769//1359
f 768//1360 769//1360 770//1360
f 770//1361 769//1361 763//1361
f 770//1362 763//1362 762//1362
f 771//1363 762//1363 765//1363
f 771//1364 765//1364 772//1364
f 639//1365 719//1365 766//1365
f 773//1366 721//1366 767//1366
f 773//1367 767//1367 768//1367
f 641//1368 720//1368 760//1368
f 774//1369 770//1369 762//1369
f 774//1370 762//1370 771//1370
f 775//1371 776//1371 777//1371
f 775//1372 777//1372 778//1372
f 641//1373 760//1373 721//1373
f 722//1374 773//1374 768//1374
f 722//1375 768//1375 770//1375
f 779//1376 775//1376 778//1376
f 779//1377 778//1377 780//1377
f 697//1378 723//1378 776//1378
f 697//1379 776//1379 775//1379
f 781//1380 779//1380 780//1380
f 781//1381 780//1381 782//1381
f 647//1382 646//1382 723//1382
f 783//1383 784//1383 785//1383
f 783//1384 785//1384 786//1384
f 701//1385 700//1385 787//1385
f 701//1386 787//1386 788//1386
f 789//1387 790//1387 791//1387
f 789//1388 791//1388 792//1388
f 705//1389 704//1389 793//1389
f 705//1390 793//1390 706//1390
f 794//1391 707//1391 790//1391
f 794//1392 790//1392 789//1392
f 795//1393 796//1393 797//1393
f 795//1394 797//1394 798//1394
f 798//1395 797//1395 799//1395
f 798//1396 799//1396 800//1396
f 801//1397 708//1397 796//1397
f 801//1398 796//1398 795//1398
f 802//1399 798//1399 800//1399
f 802//1400 800//1400 803//1400
f 658//1401 657//1401 804//1401
f 658//1402 804//1402 805//1402
f 806//1403 802//1403 803//1403
f 806//1404 803//1404 807//1404
f 808//1405 809//1405 810//1405
f 808//1406 810//1406 811//1406
f 811//1407 810//1407 812//1407
f 811//1408 812//1408 813//1408
f 659//1409 658//1409 805//1409
f 659//1410 805//1410 802//1410
f 814//1411 807//1411 815//1411
f 814//1412 815//1412 816//1412
f 817//1413 811//1413 813//1413
f 817//1414 813//1414 818//1414
f 661//1415 660//1415 806//1415
f 661//1416 806//1416 807//1416
f 819//1417 724//1417 820//1417
f 819//1418 820//1418 809//1418
f 821//1419 817//1419 818//1419
f 821//1420 818//1420 822//1420
f 822//1421 818//1421 823//1421
f 822//1422 823//1422 824//1422
f 662//1423 661//1423 807//1423
f 662//1424 807//1424 814//1424
f 825//1425 819//1425 809//1425
f 825//1426 809//1426 808//1426
f 664//1427 663//1427 724//1427
f 826//1428 827//1428 817//1428
f 826//1429 817//1429 821//1429
f 828//1430 822//1430 824//1430
f 828//1431 824//1431 829//1431
f 830//1432 829//1432 831//1432
f 830//1433 831//1433 832//1433
f 667//1434 666//1434 833//1434
f 667//1435 833//1435 827//1435
f 834//1436 709//1436 822//1436
f 834//1437 822//1437 828//1437
f 835//1438 828//1438 829//1438
f 835//1439 829//1439 830//1439
f 668//1440 826//1440 709//1440
f 836//1441 837//1441 838//1441
f 836//1442 838//1442 839//1442
f 671//1443 670//1443 835//1443
f 671//1444 835//1444 840//1444
f 841//1445 842//1445 843//1445
f 841//1446 843//1446 844//1446
f 845//1447 846//1447 847//1447
f 845//1448 847//1448 848//1448
f 673//1449 672//1449 849//1449
f 673//1450 849//1450 842//1450
f 850//1451 851//1451 852//1451
f 850//1452 852//1452 836//1452
f 853//1453 854//1453 855//1453
f 853//1454 855//1454 856//1454
f 674//1455 673//1455 842//1455
f 674//1456 842//1456 841//1456
f 857//1457 850//1457 836//1457
f 857//1458 836//1458 846//1458
f 858//1459 856//1459 859//1459
f 858//1460 859//1460 860//1460
f 676//1461 675//1461 851//1461
f 676//1462 851//1462 850//1462
f 861//1463 862//1463 845//1463
f 861//1464 845//1464 854//1464
f 863//1465 853//1465 856//1465
f 863//1466 856//1466 858//1466
f 677//1467 676//1467 850//1467
f 677//1468 850//1468 857//1468
f 864//1469 861//1469 854//1469
f 864//1470 854//1470 853//1470
f 865//1471 866//1471 867//1471
f 865//1472 867//1472 868//1472
f 680//1473 679//1473 862//1473
f 680//1474 862//1474 861//1474
f 869//1475 870//1475 871//1475
f 869//1476 871//1476 872//1476
f 873//1477 868//1477 874//1477
f 873//1478 874//1478 875//1478
f 678//1479 683//1479 876//1479
f 678//1480 876//1480 863//1480
f 877//1481 869//1481 872//1481
f 877//1482 872//1482 865//1482
f 688//1483 681//1483 869//1483
f 688//1484 869//1484 877//1484
f 878//1485 879//1485 873//1485
f 878//1486 873//1486 880//1486
f 881//1487 882//1487 883//1487
f 881//1488 883//1488 884//1488
f 885//1489 884//1489 886//1489
f 885//1490 886//1490 887//1490
f 690//1491 685//1491 879//1491
f 690//1492 879//1492 878//1492
f 712//1493 881//1493 884//1493
f 712//1494 884//1494 885//1494
f 728//1495 888//1495 889//1495
f 728//1496 889//1496 890//1496
f 711//1497 891//1497 881//1497
f 711//1498 881//1498 712//1498
f 726//1499 712//1499 885//1499
f 726//1500 885//1500 888//1500
f 732//1501 730//1501 892//1501
f 732//1502 892//1502 893//1502
f 691//1503 710//1503 891//1503
f 691//1504 891//1504 711//1504
f 713//1505 726//1505 888//1505
f 713//1506 888//1506 728//1506
f 734//1507 732//1507 893//1507
f 734//1508 893//1508 737//1508
f 894//1509 753//1509 752//1509
f 895//1510 751//1510 754//1510
f 895//1511 754//1511 761//1511
f 761//1512 754//1512 896//1512
f 761//1513 896//1513 757//1513
f 757//1514 896//1514 897//1514
f 757//1515 897//1515 758//1515
f 719//1516 755//1516 751//1516
f 719//1517 751//1517 895//1517
f 767//1518 756//1518 759//1518
f 767//1519 759//1519 769//1519
f 769//1520 759//1520 898//1520
f 769//1521 898//1521 763//1521
f 766//1522 719//1522 895//1522
f 766//1523 895//1523 761//1523
f 772//1524 777//1524 776//1524
f 772//1525 776//1525 771//1525
f 766//1526 720//1526 639//1526
f 771//1527 776//1527 723//1527
f 771//1528 723//1528 774//1528
f 770//1529 774//1529 899//1529
f 770//1530 899//1530 722//1530
f 773//1531 722//1531 643//1531
f 773//1532 643//1532 721//1532
f 721//1533 643//1533 642//1533
f 645//1534 722//1534 899//1534
f 698//1535 697//1535 775//1535
f 698//1536 775//1536 779//1536
f 787//1537 781//1537 782//1537
f 787//1538 782//1538 900//1538
f 784//1539 900//1539 901//1539
f 784//1540 901//1540 785//1540
f 900//1541 784//1541 788//1541
f 900//1542 788//1542 787//1542
f 779//1543 781//1543 699//1543
f 779//1544 699//1544 698//1544
f 774//1545 723//1545 646//1545
f 774//1546 646//1546 899//1546
f 899//1547 646//1547 645//1547
f 902//1548 791//1548 790//1548
f 902//1549 790//1549 903//1549
f 903//1550 790//1550 904//1550
f 903//1551 904//1551 905//1551
f 905//1552 904//1552 906//1552
f 905//1553 906//1553 786//1553
f 786//1554 906//1554 793//1554
f 786//1555 793//1555 783//1555
f 781//1556 787//1556 700//1556
f 781//1557 700//1557 699//1557
f 702//1558 701//1558 788//1558
f 702//1559 788//1559 784//1559
f 704//1560 784//1560 783//1560
f 704//1561 783//1561 793//1561
f 703//1562 702//1562 784//1562
f 703//1563 784//1563 704//1563
f 796//1564 789//1564 792//1564
f 796//1565 792//1565 797//1565
f 904//1566 790//1566 707//1566
f 904//1567 707//1567 906//1567
f 906//1568 707//1568 706//1568
f 906//1569 706//1569 793//1569
f 708//1570 794//1570 789//1570
f 708//1571 789//1571 796//1571
f 907//1572 908//1572 803//1572
f 907//1573 803//1573 800//1573
f 804//1574 801//1574 795//1574
f 804//1575 795//1575 798//1575
f 815//1576 908//1576 909//1576
f 815//1577 909//1577 910//1577
f 910//1578 911//1578 816//1578
f 910//1579 816//1579 815//1579
f 908//1580 815//1580 807//1580
f 908//1581 807//1581 803//1581
f 798//1582 802//1582 805//1582
f 798//1583 805//1583 804//1583
f 794//1584 708//1584 655//1584
f 794//1585 655//1585 707//1585
f 912//1586 810//1586 809//1586
f 912//1587 809//1587 911//1587
f 911//1588 809//1588 820//1588
f 911//1589 820//1589 816//1589
f 801//1590 804//1590 657//1590
f 801//1591 657//1591 708//1591
f 816//1592 820//1592 724//1592
f 816//1593 724//1593 814//1593
f 802//1594 806//1594 660//1594
f 802//1595 660//1595 659//1595
f 913//1596 831//1596 829//1596
f 913//1597 829//1597 824//1597
f 811//1598 817//1598 827//1598
f 811//1599 827//1599 808//1599
f 808//1600 827//1600 833//1600
f 808//1601 833//1601 825//1601
f 814//1602 724//1602 663//1602
f 814//1603 663//1603 662//1603
f 665//1604 724//1604 819//1604
f 709//1605 826//1605 821//1605
f 709//1606 821//1606 822//1606
f 914//1607 830//1607 832//1607
f 914//1608 832//1608 915//1608
f 825//1609 833//1609 666//1609
f 825//1610 666//1610 819//1610
f 819//1611 666//1611 665//1611
f 669//1612 667//1612 827//1612
f 669//1613 827//1613 826//1613
f 916//1614 834//1614 828//1614
f 916//1615 828//1615 835//1615
f 917//1616 914//1616 915//1616
f 917//1617 915//1617 918//1617
f 844//1618 918//1618 919//1618
f 844//1619 919//1619 837//1619
f 918//1620 844//1620 843//1620
f 918//1621 843//1621 917//1621
f 914//1622 917//1622 849//1622
f 914//1623 849//1623 830//1623
f 830//1624 849//1624 840//1624
f 830//1625 840//1625 835//1625
f 669//1626 826//1626 668//1626
f 632//1627 709//1627 834//1627
f 632//1628 834//1628 916//1628
f 852//1629 844//1629 837//1629
f 852//1630 837//1630 836//1630
f 839//1631 847//1631 846//1631
f 839//1632 846//1632 836//1632
f 917//1633 843//1633 842//1633
f 917//1634 842//1634 849//1634
f 916//1635 835//1635 670//1635
f 916//1636 670//1636 632//1636
f 848//1637 855//1637 854//1637
f 848//1638 854//1638 845//1638
f 844//1639 852//1639 851//1639
f 844//1640 851//1640 841//1640
f 840//1641 849//1641 672//1641
f 840//1642 672//1642 671//1642
f 860//1643 866//1643 871//1643
f 860//1644 871//1644 858//1644
f 846//1645 845//1645 862//1645
f 846//1646 862//1646 857//1646
f 841//1647 851//1647 675//1647
f 841//1648 675//1648 674//1648
f 866//1649 865//1649 872//1649
f 866//1650 872//1650 871//1650
f 858//1651 871//1651 870//1651
f 858//1652 870//1652 863//1652
f 853//1653 863//1653 876//1653
f 853//1654 876//1654 864//1654
f 857//1655 862//1655 679//1655
f 857//1656 679//1656 677//1656
f 682//1657 680//1657 861//1657
f 682//1658 861//1658 864//1658
f 920//1659 865//1659 868//1659
f 920//1660 868//1660 873//1660
f 921//1661 873//1661 875//1661
f 921//1662 875//1662 922//1662
f 922//1663 883//1663 882//1663
f 922//1664 882//1664 921//1664
f 864//1665 876//1665 683//1665
f 864//1666 683//1666 682//1666
f 686//1667 678//1667 863//1667
f 686//1668 863//1668 870//1668
f 923//1669 877//1669 865//1669
f 923//1670 865//1670 920//1670
f 884//1671 883//1671 924//1671
f 884//1672 924//1672 886//1672
f 921//1673 882//1673 880//1673
f 921//1674 880//1674 873//1674
f 920//1675 873//1675 879//1675
f 920//1676 879//1676 923//1676
f 870//1677 869//1677 681//1677
f 870//1678 681//1678 686//1678
f 684//1679 688//1679 877//1679
f 684//1680 877//1680 923//1680
f 887//1681 889//1681 888//1681
f 887//1682 888//1682 885//1682
f 882//1683 881//1683 891//1683
f 882//1684 891//1684 880//1684
f 923//1685 879//1685 685//1685
f 923//1686 685//1686 684//1686
f 890//1687 892//1687 730//1687
f 890//1688 730//1688 728//1688
f 880//1689 891//1689 710//1689
f 880//1690 710//1690 878//1690
f 878//1691 710//1691 687//1691
f 878//1692 687//1692 690//1692
f 638//1693 696//1693 755//1693
f 755//1694 696//1694 725//1694
f 755//1695 725//1695 749//1695
f 755//1696 749//1696 752//1696
f 752//1697 749//1697 750//1697
f 752//1698 750//1698 894//1698
f 780//1699 925//1699 782//1699
f 782//1700 925//1700 926//1700
f 782//1701 926//1701 900//1701
f 900//1702 926//1702 927//1702
f 900//1703 927//1703 901//1703
f 901//1704 927//1704 928//1704
f 901//1705 928//1705 785//1705
f 785//1706 928//1706 929//1706
f 785//1707 929//1707 786//1707
f 786//1708 929//1708 930//1708
f 786//1709 930//1709 931//1709
f 786//1710 931//1710 905//1710
f 905//1711 931//1711 903//1711
f 903//1712 931//1712 932//1712
f 903//1713 932//1713 902//1713
f 902//1714 932//1714 933//1714
f 902//1715 933//1715 791//1715
f 791//1716 933//1716 934//1716
f 791//1717 934//1717 935//1717
f 791//1718 935//1718 792//1718
f 792//1719 935//1719 797//1719
f 797//1720 935//1720 936//1720
f 797//1721 936//1721 799//1721
f 799//1722 936//1722 937//1722
f 799//1723 937//1723 938//1723
f 799//1724 938//1724 800//1724
f 800//1725 938//1725 907//1725
f 907//1726 938//1726 939//1726
f 907//1727 939//1727 908//1727
f 908//1728 939//1728 940//1728
f 908//1729 940//1729 909//1729
f 909//1730 940//1730 941//1730
f 909//1731 941//1731 910//1731
f 910//1732 941//1732 942//1732
f 910//1733 942//1733 911//1733
f 911//1734 942//1734 943//1734
f 911//1735 943//1735 944//1735
f 911//1736 944//1736 912//1736
f 912//1737 944//1737 945//1737
f 912//1738 945//1738 810//1738
f 810//1739 945//1739 812//1739
f 812//1740 945//1740 946//1740
f 812//1741 946//1741 813//1741
f 813//1742 946//1742 947//1742
f 813//1743 947//1743 818//1743
f 818//1744 947//1744 948//1744
f 818//1745 948//1745 823//1745
f 823//1746 948//1746 949//1746
f 823//1747 949//1747 824//1747
f 824//1748 949//1748 950//1748
f 824//1749 950//1749 951//1749
f 824//1750 951//1750 913//1750
f 913//1751 951//1751 831//1751
f 831//1752 951//1752 952//1752
f 831//1753 952//1753 832//1753
f 832//1754 952//1754 953//1754
f 832//1755 953//1755 915//1755
f 915//1756 953//1756 954//1756
f 915//1757 954//1757 918//1757
f 918//1758 954//1758 955//1758
f 918//1759 955//1759 919//1759
f 919//1760 955//1760 956//1760
f 919//1761 956//1761 837//1761
f 837//1762 956//1762 957//1762
f 837//1763 957//1763 838//1763
f 838//1764 957//1764 958//1764
f 838//1765 958//1765 839//1765
f 839//1766 958//1766 959//1766
f 839//1767 959//1767 847//1767
f 847//1768 959//1768 960//1768
f 847//1769 960//1769 848//1769
f 848//1770 960//1770 961//1770
f 848//1771 961//1771 855//1771
f 855//1772 961//1772 962//1772
f 855//1773 962//1773 856//1773
f 856//1774 962//1774 963//1774
f 856//1775 963//1775 859//1775
f 859//1776 963//1776 964//1776
f 859//1777 964//1777 965//1777
f 859//1778 965//1778 860//1778
f 860//1779 965//1779 966//1779
f 860//1780 966//1780 866//1780
f 866//1781 966//1781 867//1781
f 867//1782 966//1782 967//1782
f 867//1783 967//1783 868//1783
f 868//1784 967//1784 968//1784
f 868//1785 968//1785 874//1785
f 874//1786 968//1786 969//1786
f 874//1787 969//1787 875//1787
f 875//1788 969//1788 970//1788
f 875//1789 970//1789 922//1789
f 922//1790 970//1790 971//1790
f 922//1791 971//1791 883//1791
f 883//1792 971//1792 972//1792
f 883//1793 972//1793 924//1793
f 924//1794 972//1794 973//1794
f 924//1795 973//1795 886//1795
f 886//1796 973//1796 974//1796
f 886//1797 974//1797 887//1797
f 887//1798 974//1798 975//1798
f 887//1799 975//1799 889//1799
f 889//1800 975//1800 976//1800
f 889//1801 976//1801 890//1801
f 890//1802 976//1802 977//1802
f 890//1803 977//1803 892//1803
f 892//1804 977//1804 978//1804
f 892//1805 978//1805 893//1805
f 893//1806 978//1806 979//1806
f 893//1807 979//1807 737//1807
f 737//1808 979//1808 980//1808
f 737//1809 980//1809 739//1809
f 739//1810 980//1810 981//1810
f 739//1811 981//1811 742//1811
f 742//1812 981//1812 982//1812
f 742//1813 982//1813 745//1813
f 745//1814 982//1814 983//1814
f 745//1815 983//1815 748//1815
f 748//1816 983//1816 984//1816
f 748//1817 984//1817 750//1817
f 750//1818 984//1818 985//1818
f 750//1819 985//1819 894//1819
f 894//1820 985//1820 986//1820
f 894//1821 986//1821 753//1821
f 753//1822 986//1822 987//1822
f 753//1823 987//1823 988//1823
f 753//1824 988//1824 754//1824
f 754//1825 988//1825 896//1825
f 896//1826 988//1826 989//1826
f 896//1827 989//1827 897//1827
f 897//1828 989//1828 990//1828
f 897//1829 990//1829 758//1829
f 758//1830 990//1830 991//1830
f 758//1831 991//1831 992//1831
f 758//1832 992//1832 759//1832
f 759//1833 992//1833 993//1833
f 759//1834 993//1834 898//1834
f 898//1835 993//1835 763//1835
f 763//1836 993//1836 994//1836
f 763//1837 994//1837 764//1837
f 764//1838 994//1838 995//1838
f 764//1839 995//1839 765//1839
f 765//1840 995//1840 996//1840
f 765//1841 996//1841 772//1841
f 772//1842 996//1842 997//1842
f 772//1843 997//1843 777//1843
f 777//1844 997//1844 998//1844
f 777//1845 998//1845 778//1845
f 778//1846 998//1846 999//1846
f 778//1847 999//1847 780//1847
f 780//1848 999//1848 925//1848
f 986//1849 1000//1849 987//1849
f 987//1850 1000//1850 1001//1850
f 987//1851 1001//1851 988//1851
f 988//1852 1001//1852 1002//1852
f 988//1853 1002//1853 989//1853
f 989//1854 1002//1854 1003//1854
f 989//1855 1003//1855 990//1855
f 990//1856 1003//1856 1004//1856
f 990//1857 1004//1857 991//1857
f 994//1858 993//1858 1005//1858
f 994//1859 1005//1859 995//1859
f 995//1860 1005//1860 1006//1860
f 995//1861 1006//1861 996//1861
f 996//1862 1006//1862 1007//1862
f 996//1863 1007//1863 997//1863
f 997//1864 1007//1864 1008//1864
f 997//1865 1008//1865 998//1865
f 998//1866 1008//1866 1009//1866
f 998//1867 1009//1867 999//1867
f 999//1868 1009//1868 1010//1868
f 999//1869 1010//1869 925//1869
f 925//1870 1010//1870 1011//1870
f 925//1871 1011//1871 926//1871
f 926//1872 1011//1872 1012//1872
f 926//1873 1012//1873 927//1873
f 927//1874 1012//1874 1013//1874
f 927//1875 1013//1875 928//1875
f 928//1876 1013//1876 1014//1876
f 928//1877 1014//1877 929//1877
f 929//1878 1014//1878 1015//1878
f 929//1879 1015//1879 930//1879
f 930//1880 1015//1880 1016//1880
f 930//1881 1016//1881 931//1881
f 931//1882 1016//1882 1017//1882
f 931//1883 1017//1883 932//1883
f 932//1884 1017//1884 1018//1884
f 932//1885 1018//1885 933//1885
f 933//1886 1018//1886 1019//1886
f 933//1887 1019//1887 934//1887
f 934//1888 1019//1888 1020//1888
f 934//1889 1020//1889 935//1889
f 935//1890 1020//1890 1021//1890
f 935//1891 1021//1891 936//1891
f 936//1892 1021//1892 1022//1892
f 936//1893 1022//1893 937//1893
f 938//1894 937//1894 1023//1894
f 938//1895 1023//1895 939//1895
f 941//1896 940//1896 1024//1896
f 941//1897 1024//1897 942//1897
f 942//1898 1024//1898 1025//1898
f 942//1899 1025//1899 943//1899
f 943//1900 1025//1900 1026//1900
f 943//1901 1026//1901 944//1901
f 944//1902 1026//1902 1027//1902
f 944//1903 1027//1903 945//1903
f 946//1904 945//1904 1028//1904
f 946//1905 1028//1905 947//1905
f 947//1906 1028//1906 1029//1906
f 947//1907 1029//1907 948//1907
f 949//1908 948//1908 1030//1908
f 949//1909 1030//1909 950//1909
f 950//1910 1030//1910 1031//1910
f 950//1911 1031//1911 951//1911
f 951//1912 1031//1912 1032//1912
f 951//1913 1032//1913 952//1913
f 954//1914 953//1914 1033//1914
f 954//1915 1033//1915 955//1915
f 955//1916 1033//1916 1034//1916
f 955//1917 1034//1917 956//1917
f 956//1918 1034//1918 1035//1918
f 956//1919 1035//1919 957//1919
f 959//1920 958//1920 1036//1920
f 959//1921 1036//1921 960//1921
f 960//1922 1036//1922 1037//1922
f 960//1923 1037//1923 961//1923
f 961//1924 1037//1924 1038//1924
f 961//1925 1038//1925 962//1925
f 962//1926 1038//1926 1039//1926
f 962//1927 1039//1927 963//1927
f 963//1928 1039//1928 1040//1928
f 963//1929 1040//1929 964//1929
f 967//1930 966//1930 1041//1930
f 967//1931 1041//1931 968//1931
f 968//1932 1041//1932 1042//1932
f 968//1933 1042//1933 969//1933
f 971//1934 970//1934 1043//1934
f 971//1935 1043//1935 972//1935
f 972//1936 1043//1936 1044//1936
f 972//1937 1044//1937 973//1937
f 973//1938 1044//1938 1045//1938
f 973//1939 1045//1939 974//1939
f 974//1940 1045//1940 1046//1940
f 974//1941 1046//1941 975//1941
f 975//1942 1046//1942 1047//1942
f 975//1943 1047//1943 976//1943
f 976//1944 1047//1944 1048//1944
f 976//1945 1048//1945 977//1945
f 979//1946 978//1946 1049//1946
f 979//1947 1049//1947 980//1947
f 980//1948 1049//1948 1050//1948
f 980//1949 1050//1949 981//1949
f 981//1950 1050//1950 1051//1950
f 981//1951 1051//1951 982//1951
f 985//1952 984//1952 1052//1952
f 985//1953 1052//1953 986//1953
f 986//1954 1052//1954 1000//1954
f 945//1955 1027//1955 1053//1955
f 945//1956 1053//1956 1028//1956
f 948//1957 1029//1957 1054//1957
f 948//1958 1054//1958 1030//1958
f 966//1959 965//1959 1055//1959
f 966//1960 1055//1960 1041//1960
f 969//1961 1042//1961 1056//1961
f 969//1962 1056//1962 970//1962
f 970//1963 1056//1963 1057//1963
f 970//1964 1057//1964 1043//1964
f 977//1965 1048//1965 1058//1965
f 977//1966 1058//1966 978//1966
f 984//1967 983//1967 1059//1967
f 984//1968 1059//1968 1052//1968
f 957//1969 1035//1969 1060//1969
f 957//1970 1060//1970 958//1970
f 982//1971 1051//1971 1061//1971
f 982//1972 1061//1972 983//1972
f 983//1973 1061//1973 1062//1973
f 983//1974 1062//1974 1059//1974
f 991//1975 1004//1975 1063//1975
f 991//1976 1063//1976 992//1976
f 992//1977 1063//1977 1064//1977
f 992//1978 1064//1978 993//1978
f 993//1979 1064//1979 1065//1979
f 993//1980 1065//1980 1005//1980
f 937//1981 1022//1981 1066//1981
f 937//1982 1066//1982 1023//1982
f 939//1983 1023//1983 1067//1983
f 939//1984 1067//1984 940//1984
f 940//1985 1067//1985 1068//1985
f 940//1986 1068//1986 1024//1986
f 952//1987 1032//1987 1069//1987
f 952//1988 1069//1988 953//1988
f 953//1989 1069//1989 1070//1989
f 953//1990 1070//1990 1033//1990
f 958//1991 1060//1991 1071//1991
f 958//1992 1071//1992 1036//1992
f 964//1993 1040//1993 1072//1993
f 964//1994 1072//1994 965//1994
f 965//1995 1072//1995 1073//1995
f 965//1996 1073//1996 1055//1996
f 978//1997 1058//1997 1074//1997
f 978//1998 1074//1998 1049//1998
f 1000//1999 1052//1999 1075//1999
f 1000//2000 1075//2000 1001//2000
f 1003//2001 1002//2001 1076//2001
f 1003//2002 1076//2002 1004//2002
f 1004//2003 1076//2003 1077//2003
f 1004//2004 1077//2004 1063//2004
f 1005//2005 1065//2005 1078//2005
f 1005//2006 1078//2006 1006//2006
f 1008//2007 1007//2007 1079//2007
f 1008//2008 1079//2008 1009//2008
f 1011//2009 1010//2009 1080//2009
f 1011//2010 1080//2010 1012//2010
f 1012//2011 1080//2011 1081//2011
f 1012//2012 1081//2012 1013//2012
f 1015//2013 1014//2013 1082//2013
f 1015//2014 1082//2014 1016//2014
f 1018//2015 1017//2015 1083//2015
f 1018//2016 1083//2016 1019//2016
f 1019//2017 1083//2017 1084//2017
f 1019//2018 1084//2018 1020//2018
f 1022//2019 1021//2019 1085//2019
f 1022//2020 1085//2020 1066//2020
f 1026//2021 1025//2021 1086//2021
f 1026//2022 1086//2022 1027//2022
f 1027//2023 1086//2023 1087//2023
f 1027//2024 1087//2024 1053//2024
f 1029//2025 1028//2025 1088//2025
f 1029//2026 1088//2026 1054//2026
f 1031//2027 1030//2027 1089//2027
f 1031//2028 1089//2028 1032//2028
f 1032//2029 1089//2029 1090//2029
f 1032//2030 1090//2030 1069//2030
f 1033//2031 1070//2031 1091//2031
f 1033//2032 1091//2032 1034//2032
f 1038//2033 1037//2033 1092//2033
f 1038//2034 1092//2034 1039//2034
f 1039//2035 1092//2035 1093//2035
f 1039//2036 1093//2036 1040//2036
f 1042//2037 1041//2037 1094//2037
f 1042//2038 1094//2038 1056//2038
f 1044//2039 1043//2039 1095//2039
f 1044//2040 1095//2040 1045//2040
f 1047//2041 1046//2041 1096//2041
f 1047//2042 1096//2042 1048//2042
f 1048//2043 1096//2043 1097//2043
f 1048//2044 1097//2044 1058//2044
f 1049//2045 1074//2045 1098//2045
f 1049//2046 1098//2046 1050//2046
f 1099//2047 1009//2047 1100//2047
f 1100//2048 1009//2048 1079//2048
f 1100//2049 1079//2049 1101//2049
f 1101//2050 1079//2050 1007//2050
f 1101//2051 1007//2051 1102//2051
f 1103//2052 1054//2052 1104//2052
f 1104//2053 1054//2053 1088//2053
f 1104//2054 1088//2054 1105//2054
f 1105//2055 1088//2055 1028//2055
f 1105//2056 1028//2056 1106//2056
f 1028//2057 1053//2057 1106//2057
f 1106//2058 1053//2058 1087//2058
f 1106//2059 1087//2059 1107//2059
f 1107//2054 1087//2054 1086//2054
f 1107//2060 1086//2060 1108//2060
f 1108//2061 1086//2061 1025//2061
f 1108//2062 1025//2062 1109//2062
f 1025//2063 1024//2063 1109//2063
f 1109//2064 1024//2064 1068//2064
f 1109//2065 1068//2065 1110//2065
f 1110//2066 1068//2066 1067//2066
f 1110//2067 1067//2067 1111//2067
f 1007//2068 1006//2068 1102//2068
f 1102//2069 1006//2069 1078//2069
f 1102//2054 1078//2054 1112//2054
f 1112//2070 1078//2070 1065//2070
f 1112//2071 1065//2071 1113//2071
f 1113//2072 1065//2072 1064//2072
f 1113//2073 1064//2073 1114//2073
f 1064//2074 1063//2074 1114//2074
f 1114//2075 1063//2075 1077//2075
f 1114//2054 1077//2054 1115//2054
f 1115//2076 1077//2076 1076//2076
f 1115//2077 1076//2077 1116//2077
f 1076//2078 1002//2078 1116//2078
f 1116//2079 1002//2079 1001//2079
f 1116//2080 1001//2080 1117//2080
f 1117//2081 1001//2081 1075//2081
f 1117//2082 1075//2082 1118//2082
f 1118//2083 1075//2083 1052//2083
f 1118//2084 1052//2084 1119//2084
f 1120//2085 1050//2085 1121//2085
f 1121//2086 1050//2086 1098//2086
f 1121//2087 1098//2087 1122//2087
f 1122//2088 1098//2088 1074//2088
f 1122//2089 1074//2089 1123//2089
f 1124//2090 1034//2090 1125//2090
f 1125//2091 1034//2091 1091//2091
f 1125//2054 1091//2054 1126//2054
f 1126//2092 1091//2092 1070//2092
f 1126//2093 1070//2093 1127//2093
f 1128//2094 1061//2094 1120//2094
f 1120//2095 1061//2095 1051//2095
f 1120//2096 1051//2096 1050//2096
f 1129//2097 1056//2097 1130//2097
f 1130//2098 1056//2098 1094//2098
f 1130//2099 1094//2099 1131//2099
f 1131//2100 1094//2100 1041//2100
f 1131//2101 1041//2101 1132//2101
f 1070//2102 1069//2102 1127//2102
f 1127//2103 1069//2103 1090//2103
f 1127//2104 1090//2104 1133//2104
f 1133//2054 1090//2054 1089//2054
f 1133//2105 1089//2105 1103//2105
f 1103//2106 1089//2106 1030//2106
f 1103//2107 1030//2107 1054//2107
f 1067//2108 1023//2108 1111//2108
f 1111//2109 1023//2109 1066//2109
f 1111//2110 1066//2110 1134//2110
f 1134//2111 1066//2111 1085//2111
f 1134//2112 1085//2112 1135//2112
f 1135//2113 1085//2113 1021//2113
f 1135//2114 1021//2114 1136//2114
f 1137//2115 1016//2115 1138//2115
f 1138//2116 1016//2116 1082//2116
f 1138//2117 1082//2117 1139//2117
f 1139//2118 1082//2118 1014//2118
f 1139//2119 1014//2119 1140//2119
f 1014//2120 1013//2120 1140//2120
f 1140//2121 1013//2121 1081//2121
f 1140//2054 1081//2054 1141//2054
f 1141//2054 1081//2054 1080//2054
f 1141//2054 1080//2054 1099//2054
f 1099//2122 1080//2122 1010//2122
f 1099//2123 1010//2123 1009//2123
f 1052//2124 1059//2124 1119//2124
f 1119//2125 1059//2125 1062//2125
f 1119//2126 1062//2126 1128//2126
f 1128//2127 1062//2127 1061//2127
f 1074//2128 1058//2128 1123//2128
f 1123//2129 1058//2129 1097//2129
f 1123//2130 1097//2130 1142//2130
f 1142//2054 1097//2054 1096//2054
f 1142//2131 1096//2131 1143//2131
f 1096//2132 1046//2132 1143//2132
f 1143//2133 1046//2133 1045//2133
f 1143//2134 1045//2134 1144//2134
f 1144//2135 1045//2135 1095//2135
f 1144//2136 1095//2136 1145//2136
f 1145//2137 1095//2137 1043//2137
f 1145//2138 1043//2138 1129//2138
f 1129//2139 1043//2139 1057//2139
f 1129//2140 1057//2140 1056//2140
f 1041//2141 1055//2141 1132//2141
f 1132//2142 1055//2142 1073//2142
f 1132//2143 1073//2143 1146//2143
f 1146//2144 1073//2144 1072//2144
f 1146//2145 1072//2145 1147//2145
f 1021//2146 1020//2146 1136//2146
f 1136//2147 1020//2147 1084//2147
f 1136//2148 1084//2148 1148//2148
f 1148//2054 1084//2054 1083//2054
f 1148//2149 1083//2149 1137//2149
f 1137//2150 1083//2150 1017//2150
f 1137//2151 1017//2151 1016//2151
f 1072//2152 1040//2152 1147//2152
f 1147//2153 1040//2153 1093//2153
f 1147//2054 1093//2054 1149//2054
f 1149//2054 1093//2054 1092//2054
f 1149//2154 1092//2154 1150//2154
f 1150//2155 1092//2155 1037//2155
f 1150//2156 1037//2156 1151//2156
f 1037//2157 1036//2157 1151//2157
f 1151//2158 1036//2158 1071//2158
f 1151//2159 1071//2159 1152//2159
f 1152//2160 1071//2160 1060//2160
f 1152//2161 1060//2161 1124//2161
f 1124//2162 1060//2162 1035//2162
f 1124//2163 1035//2163 1034//2163
f 1106//2164 1153//2164 1105//2164
f 1105//2165 1153//2165 1154//2165
f 1105//2166 1154//2166 1104//2166
f 1104//2167 1154//2167 1155//2167
f 1104//2168 1155//2168 1103//2168
f 1103//2169 1155//2169 1156//2169
f 1103//2170 1156//2170 1133//2170
f 1133//2171 1156//2171 1157//2171
f 1133//2172 1157//2172 1127//2172
f 1127//2173 1157//2173 1158//2173
f 1127//2174 1158//2174 1126//2174
f 1126//2175 1158//2175 1159//2175
f 1126//2176 1159//2176 1125//2176
f 1125//2177 1159//2177 1160//2177
f 1125//2178 1160//2178 1124//2178
f 1124//2179 1160//2179 1161//2179
f 1124//2180 1161//2180 1152//2180
f 1152//2181 1161//2181 1162//2181
f 1152//2182 1162//2182 1151//2182
f 1151//2183 1162//2183 1163//2183
f 1151//2184 1163//2184 1150//2184
f 1150//2185 1163//2185 1164//2185
f 1150//2186 1164//2186 1149//2186
f 1149//2187 1164//2187 1165//2187
f 1149//2188 1165//2188 1147//2188
f 1147//2189 1165//2189 1166//2189
f 1147//2190 1166//2190 1146//2190
f 1146//2191 1166//2191 1167//2191
f 1146//2192 1167//2192 1132//2192
f 1132//2193 1167//2193 1168//2193
f 1132//2194 1168//2194 1131//2194
f 1131//2195 1168//2195 1169//2195
f 1131//2196 1169//2196 1130//2196
f 1130//2197 1169//2197 1170//2197
f 1130//2198 1170//2198 1129//2198
f 1129//2199 1170//2199 1171//2199
f 1129//2200 1171//2200 1145//2200
f 1145//2201 1171//2201 1172//2201
f 1145//2202 1172//2202 1144//2202
f 1144//2203 1172//2203 1173//2203
f 1144//2204 1173//2204 1143//2204
f 1143//2205 1173//2205 1174//2205
f 1143//2206 1174//2206 1142//2206
f 1142//2207 1174//2207 1175//2207
f 1142//2208 1175//2208 1123//2208
f 1123//2209 1175//2209 1176//2209
f 1123//2210 1176//2210 1122//2210
f 1122//2211 1176//2211 1177//2211
f 1122//2212 1177//2212 1121//2212
f 1121//2213 1177//2213 1178//2213
f 1121//2214 1178//2214 1120//2214
f 1120//2215 1178//2215 1179//2215
f 1120//2216 1179//2216 1128//2216
f 1128//2217 1179//2217 1180//2217
f 1128//2218 1180//2218 1119//2218
f 1119//2219 1180//2219 1181//2219
f 1119//2220 1181//2220 1118//2220
f 1118//2221 1181//2221 1182//2221
f 1118//2222 1182//2222 1117//2222
f 1117//2223 1182//2223 1183//2223
f 1117//2224 1183//2224 1116//2224
f 1116//2225 1183//2225 1184//2225
f 1116//2226 1184//2226 1115//2226
f 1115//2227 1184//2227 1185//2227
f 1115//2228 1185//2228 1114//2228
f 1114//2229 1185//2229 1186//2229
f 1114//2230 1186//2230 1113//2230
f 1113//2231 1186//2231 1187//2231
f 1113//2232 1187//2232 1112//2232
f 1112//2233 1187//2233 1188//2233
f 1112//2234 1188//2234 1102//2234
f 1102//2235 1188//2235 1189//2235
f 1102//2236 1189//2236 1101//2236
f 1101//2237 1189//2237 1190//2237
f 1101//2238 1190//2238 1100//2238
f 1100//2239 1190//2239 1191//2239
f 1100//2240 1191//2240 1099//2240
f 1099//2241 1191//2241 1192//2241
f 1099//2242 1192//2242 1141//2242
f 1141//2243 1192//2243 1193//2243
f 1141//2244 1193//2244 1140//2244
f 1140//2245 1193//2245 1194//2245
f 1140//2246 1194//2246 1139//2246
f 1139//2247 1194//2247 1195//2247
f 1139//2248 1195//2248 1138//2248
f 1138//2249 1195//2249 1196//2249
f 1138//2250 1196//2250 1137//2250
f 1137//2251 1196//2251 1197//2251
f 1137//2252 1197//2252 1148//2252
f 1148//2253 1197//2253 1198//2253
f 1148//2254 1198//2254 1136//2254
f 1136//2255 1198//2255 1199//2255
f 1136//2256 1199//2256 1135//2256
f 1135//2257 1199//2257 1200//2257
f 1135//2258 1200//2258 1134//2258
f 1134//2259 1200//2259 1201//2259
f 1134//2260 1201//2260 1111//2260
f 1111//2261 1201//2261 1202//2261
f 1111//2262 1202//2262 1110//2262
f 1110//2263 1202//2263 1203//2263
f 1110//2264 1203//2264 1109//2264
f 1109//2265 1203//2265 1204//2265
f 1109//2266 1204//2266 1108//2266
f 1108//2267 1204//2267 1205//2267
f 1108//2268 1205//2268 1107//2268
f 1107//2269 1205//2269 1206//2269
f 1107//2270 1206//2270 1106//2270
f 1106//2271 1206//2271 1153//2271
f 1154//2272 1153//2272 1170//2272
f 1170//2273 1153//2273 1206//2273
f 1170//2274 1206//2274 1205//2274
f 1157//2272 1156//2272 1170//2272
f 1170//2275 1156//2275 1155//2275
f 1170//2276 1155//2276 1154//2276
f 1160//2272 1159//2272 1170//2272
f 1170//2277 1159//2277 1158//2277
f 1170//2272 1158//2272 1157//2272
f 1163//2278 1162//2278 1170//2278
f 1170//2279 1162//2279 1161//2279
f 1170//2280 1161//2280 1160//2280
f 1166//2281 1165//2281 1170//2281
f 1170//2282 1165//2282 1164//2282
f 1170//2283 1164//2283 1163//2283
f 1169//2284 1168//2284 1170//2284
f 1170//2285 1168//2285 1167//2285
f 1170//2286 1167//2286 1166//2286
f 1172//2287 1171//2287 1170//2287
f 1175//2288 1174//2288 1170//2288
f 1170//2289 1174//2289 1173//2289
f 1170//2290 1173//2290 1172//2290
f 1178//2272 1177//2272 1170//2272
f 1170//2291 1177//2291 1176//2291
f 1170//2292 1176//2292 1175//2292
f 1181//2272 1180//2272 1170//2272
f 1170//2293 1180//2293 1179//2293
f 1170//2294 1179//2294 1178//2294
f 1184//2295 1183//2295 1170//2295
f 1170//2296 1183//2296 1182//2296
f 1170//2297 1182//2297 1181//2297
f 1187//2272 1186//2272 1170//2272
f 1170//2298 1186//2298 1185//2298
f 1170//2299 1185//2299 1184//2299
f 1190//2300 1189//2300 1170//2300
f 1170//2301 1189//2301 1188//2301
f 1170//2302 1188//2302 1187//2302
f 1193//2272 1192//2272 1170//2272
f 1170//2303 1192//2303 1191//2303
f 1170//2272 1191//2272 1190//2272
f 1196//2304 1195//2304 1170//2304
f 1170//2272 1195//2272 1194//2272
f 1170//2305 1194//2305 1193//2305
f 1199//2272 1198//2272 1170//2272
f 1170//2306 1198//2306 1197//2306
f 1170//2307 1197//2307 1196//2307
f 1202//2308 1201//2308 1170//2308
f 1170//2309 1201//2309 1200//2309
f 1170//2310 1200//2310 1199//2310
f 1205//2272 1204//2272 1170//2272
f 1170//2272 1204//2272 1203//2272
f 1170//2272 1203//2272 1202//2272
